tile_name,split,row_start,col_start,tell_count,left,bottom,right,top
train_0000_r0_c0,train,0,0,2,499960.0,3596810.0,503160.0,3600010.0
train_0001_r0_c240,train,0,240,2,502360.0,3596810.0,505560.0,3600010.0
train_0002_r0_c480,train,0,480,1,504760.0,3596810.0,507960.0,3600010.0
train_0003_r0_c720,train,0,720,1,507160.0,3596810.0,510360.0,3600010.0
train_0004_r0_c960,train,0,960,1,509560.0,3596810.0,512760.0,3600010.0
train_0005_r0_c1200,train,0,1200,4,511960.0,3596810.0,515160.0,3600010.0
train_0006_r0_c1440,train,0,1440,7,514360.0,3596810.0,517560.0,3600010.0
train_0007_r0_c1680,train,0,1680,4,516760.0,3596810.0,519960.0,3600010.0
train_0008_r0_c1920,train,0,1920,2,519160.0,3596810.0,522360.0,3600010.0
train_0009_r0_c2160,train,0,2160,3,521560.0,3596810.0,524760.0,3600010.0
train_0010_r0_c2400,train,0,2400,4,523960.0,3596810.0,527160.0,3600010.0
train_0011_r0_c2640,train,0,2640,6,526360.0,3596810.0,529560.0,3600010.0
train_0012_r0_c2880,train,0,2880,8,528760.0,3596810.0,531960.0,3600010.0
train_0013_r0_c3120,train,0,3120,2,531160.0,3596810.0,534360.0,3600010.0
train_0014_r0_c3360,train,0,3360,1,533560.0,3596810.0,536760.0,3600010.0
train_0015_r0_c3600,train,0,3600,1,535960.0,3596810.0,539160.0,3600010.0
train_0016_r0_c3840,train,0,3840,1,538360.0,3596810.0,541560.0,3600010.0
train_0017_r0_c4080,train,0,4080,0,540760.0,3596810.0,543960.0,3600010.0
train_0018_r0_c4320,train,0,4320,1,543160.0,3596810.0,546360.0,3600010.0
train_0019_r0_c4560,train,0,4560,0,545560.0,3596810.0,548760.0,3600010.0
train_0020_r0_c4800,train,0,4800,0,547960.0,3596810.0,551160.0,3600010.0
train_0021_r0_c5040,train,0,5040,0,550360.0,3596810.0,553560.0,3600010.0
train_0022_r0_c5280,train,0,5280,0,552760.0,3596810.0,555960.0,3600010.0
train_0023_r0_c5520,train,0,5520,1,555160.0,3596810.0,558360.0,3600010.0
train_0024_r0_c5760,train,0,5760,0,557560.0,3596810.0,560760.0,3600010.0
train_0025_r0_c5902,train,0,5902,0,558980.0,3596810.0,562180.0,3600010.0
train_0026_r240_c0,train,240,0,2,499960.0,3594410.0,503160.0,3597610.0
train_0027_r240_c240,train,240,240,2,502360.0,3594410.0,505560.0,3597610.0
train_0028_r240_c480,train,240,480,0,504760.0,3594410.0,507960.0,3597610.0
train_0029_r240_c720,train,240,720,1,507160.0,3594410.0,510360.0,3597610.0
train_0030_r240_c960,train,240,960,1,509560.0,3594410.0,512760.0,3597610.0
train_0031_r240_c1200,train,240,1200,0,511960.0,3594410.0,515160.0,3597610.0
train_0032_r240_c1440,train,240,1440,3,514360.0,3594410.0,517560.0,3597610.0
train_0033_r240_c1680,train,240,1680,4,516760.0,3594410.0,519960.0,3597610.0
train_0034_r240_c1920,train,240,1920,3,519160.0,3594410.0,522360.0,3597610.0
train_0035_r240_c2160,train,240,2160,4,521560.0,3594410.0,524760.0,3597610.0
train_0036_r240_c2400,train,240,2400,3,523960.0,3594410.0,527160.0,3597610.0
train_0037_r240_c2640,train,240,2640,2,526360.0,3594410.0,529560.0,3597610.0
train_0038_r240_c2880,train,240,2880,1,528760.0,3594410.0,531960.0,3597610.0
train_0039_r240_c3120,train,240,3120,3,531160.0,3594410.0,534360.0,3597610.0
train_0040_r240_c3360,train,240,3360,3,533560.0,3594410.0,536760.0,3597610.0
train_0041_r240_c3600,train,240,3600,5,535960.0,3594410.0,539160.0,3597610.0
train_0042_r240_c3840,train,240,3840,3,538360.0,3594410.0,541560.0,3597610.0
train_0043_r240_c4080,train,240,4080,2,540760.0,3594410.0,543960.0,3597610.0
train_0044_r240_c4320,train,240,4320,1,543160.0,3594410.0,546360.0,3597610.0
train_0045_r240_c4560,train,240,4560,1,545560.0,3594410.0,548760.0,3597610.0
train_0046_r240_c4800,train,240,4800,3,547960.0,3594410.0,551160.0,3597610.0
train_0047_r240_c5040,train,240,5040,2,550360.0,3594410.0,553560.0,3597610.0
train_0048_r240_c5280,train,240,5280,0,552760.0,3594410.0,555960.0,3597610.0
train_0049_r240_c5520,train,240,5520,0,555160.0,3594410.0,558360.0,3597610.0
train_0050_r240_c5760,train,240,5760,0,557560.0,3594410.0,560760.0,3597610.0
train_0051_r240_c5902,train,240,5902,0,558980.0,3594410.0,562180.0,3597610.0
train_0052_r480_c0,train,480,0,2,499960.0,3592010.0,503160.0,3595210.0
train_0053_r480_c240,train,480,240,4,502360.0,3592010.0,505560.0,3595210.0
train_0054_r480_c480,train,480,480,0,504760.0,3592010.0,507960.0,3595210.0
train_0055_r480_c720,train,480,720,3,507160.0,3592010.0,510360.0,3595210.0
train_0056_r480_c960,train,480,960,2,509560.0,3592010.0,512760.0,3595210.0
train_0057_r480_c1200,train,480,1200,2,511960.0,3592010.0,515160.0,3595210.0
train_0058_r480_c1440,train,480,1440,4,514360.0,3592010.0,517560.0,3595210.0
train_0059_r480_c1680,train,480,1680,1,516760.0,3592010.0,519960.0,3595210.0
train_0060_r480_c1920,train,480,1920,1,519160.0,3592010.0,522360.0,3595210.0
train_0061_r480_c2160,train,480,2160,7,521560.0,3592010.0,524760.0,3595210.0
train_0062_r480_c2400,train,480,2400,3,523960.0,3592010.0,527160.0,3595210.0
train_0063_r480_c2640,train,480,2640,0,526360.0,3592010.0,529560.0,3595210.0
train_0064_r480_c2880,train,480,2880,1,528760.0,3592010.0,531960.0,3595210.0
train_0065_r480_c3120,train,480,3120,0,531160.0,3592010.0,534360.0,3595210.0
train_0066_r480_c3360,train,480,3360,0,533560.0,3592010.0,536760.0,3595210.0
train_0067_r480_c3600,train,480,3600,2,535960.0,3592010.0,539160.0,3595210.0
train_0068_r480_c3840,train,480,3840,5,538360.0,3592010.0,541560.0,3595210.0
train_0069_r480_c4080,train,480,4080,5,540760.0,3592010.0,543960.0,3595210.0
train_0070_r480_c4320,train,480,4320,6,543160.0,3592010.0,546360.0,3595210.0
train_0071_r480_c4560,train,480,4560,2,545560.0,3592010.0,548760.0,3595210.0
train_0072_r480_c4800,train,480,4800,3,547960.0,3592010.0,551160.0,3595210.0
train_0073_r480_c5040,train,480,5040,3,550360.0,3592010.0,553560.0,3595210.0
train_0074_r480_c5280,train,480,5280,1,552760.0,3592010.0,555960.0,3595210.0
train_0075_r480_c5520,train,480,5520,0,555160.0,3592010.0,558360.0,3595210.0
train_0076_r480_c5760,train,480,5760,0,557560.0,3592010.0,560760.0,3595210.0
train_0077_r480_c5902,train,480,5902,0,558980.0,3592010.0,562180.0,3595210.0
train_0078_r720_c0,train,720,0,2,499960.0,3589610.0,503160.0,3592810.0
train_0079_r720_c240,train,720,240,2,502360.0,3589610.0,505560.0,3592810.0
train_0080_r720_c480,train,720,480,1,504760.0,3589610.0,507960.0,3592810.0
train_0081_r720_c720,train,720,720,0,507160.0,3589610.0,510360.0,3592810.0
train_0082_r720_c960,train,720,960,0,509560.0,3589610.0,512760.0,3592810.0
train_0083_r720_c1200,train,720,1200,1,511960.0,3589610.0,515160.0,3592810.0
train_0084_r720_c1440,train,720,1440,3,514360.0,3589610.0,517560.0,3592810.0
train_0085_r720_c1680,train,720,1680,1,516760.0,3589610.0,519960.0,3592810.0
train_0086_r720_c1920,train,720,1920,0,519160.0,3589610.0,522360.0,3592810.0
train_0087_r720_c2160,train,720,2160,1,521560.0,3589610.0,524760.0,3592810.0
train_0088_r720_c2400,train,720,2400,0,523960.0,3589610.0,527160.0,3592810.0
train_0089_r720_c2640,train,720,2640,0,526360.0,3589610.0,529560.0,3592810.0
train_0090_r720_c2880,train,720,2880,3,528760.0,3589610.0,531960.0,3592810.0
train_0091_r720_c3120,train,720,3120,0,531160.0,3589610.0,534360.0,3592810.0
train_0092_r720_c3360,train,720,3360,0,533560.0,3589610.0,536760.0,3592810.0
train_0093_r720_c3600,train,720,3600,1,535960.0,3589610.0,539160.0,3592810.0
train_0094_r720_c3840,train,720,3840,0,538360.0,3589610.0,541560.0,3592810.0
train_0095_r720_c4080,train,720,4080,0,540760.0,3589610.0,543960.0,3592810.0
train_0096_r720_c4320,train,720,4320,2,543160.0,3589610.0,546360.0,3592810.0
train_0097_r720_c4560,train,720,4560,2,545560.0,3589610.0,548760.0,3592810.0
train_0098_r720_c4800,train,720,4800,1,547960.0,3589610.0,551160.0,3592810.0
train_0099_r720_c5040,train,720,5040,0,550360.0,3589610.0,553560.0,3592810.0
train_0100_r720_c5280,train,720,5280,0,552760.0,3589610.0,555960.0,3592810.0
train_0101_r720_c5520,train,720,5520,1,555160.0,3589610.0,558360.0,3592810.0
train_0102_r720_c5760,train,720,5760,1,557560.0,3589610.0,560760.0,3592810.0
train_0103_r720_c5902,train,720,5902,0,558980.0,3589610.0,562180.0,3592810.0
train_0104_r960_c0,train,960,0,0,499960.0,3587210.0,503160.0,3590410.0
train_0105_r960_c240,train,960,240,6,502360.0,3587210.0,505560.0,3590410.0
train_0106_r960_c480,train,960,480,2,504760.0,3587210.0,507960.0,3590410.0
train_0107_r960_c720,train,960,720,0,507160.0,3587210.0,510360.0,3590410.0
train_0108_r960_c960,train,960,960,1,509560.0,3587210.0,512760.0,3590410.0
train_0109_r960_c1200,train,960,1200,1,511960.0,3587210.0,515160.0,3590410.0
train_0110_r960_c1440,train,960,1440,0,514360.0,3587210.0,517560.0,3590410.0
train_0111_r960_c1680,train,960,1680,6,516760.0,3587210.0,519960.0,3590410.0
train_0112_r960_c1920,train,960,1920,4,519160.0,3587210.0,522360.0,3590410.0
train_0113_r960_c2160,train,960,2160,4,521560.0,3587210.0,524760.0,3590410.0
train_0114_r960_c2400,train,960,2400,0,523960.0,3587210.0,527160.0,3590410.0
train_0115_r960_c2640,train,960,2640,3,526360.0,3587210.0,529560.0,3590410.0
train_0116_r960_c2880,train,960,2880,4,528760.0,3587210.0,531960.0,3590410.0
train_0117_r960_c3120,train,960,3120,6,531160.0,3587210.0,534360.0,3590410.0
train_0118_r960_c3360,train,960,3360,0,533560.0,3587210.0,536760.0,3590410.0
train_0119_r960_c3600,train,960,3600,2,535960.0,3587210.0,539160.0,3590410.0
train_0120_r960_c3840,train,960,3840,0,538360.0,3587210.0,541560.0,3590410.0
train_0121_r960_c4080,train,960,4080,0,540760.0,3587210.0,543960.0,3590410.0
train_0122_r960_c4320,train,960,4320,0,543160.0,3587210.0,546360.0,3590410.0
train_0123_r960_c4560,train,960,4560,1,545560.0,3587210.0,548760.0,3590410.0
train_0124_r960_c4800,train,960,4800,0,547960.0,3587210.0,551160.0,3590410.0
train_0125_r960_c5040,train,960,5040,2,550360.0,3587210.0,553560.0,3590410.0
train_0126_r960_c5280,train,960,5280,4,552760.0,3587210.0,555960.0,3590410.0
train_0127_r960_c5520,train,960,5520,2,555160.0,3587210.0,558360.0,3590410.0
train_0128_r960_c5760,train,960,5760,1,557560.0,3587210.0,560760.0,3590410.0
train_0129_r960_c5902,train,960,5902,0,558980.0,3587210.0,562180.0,3590410.0
train_0130_r1200_c0,train,1200,0,0,499960.0,3584810.0,503160.0,3588010.0
train_0131_r1200_c240,train,1200,240,5,502360.0,3584810.0,505560.0,3588010.0
train_0132_r1200_c480,train,1200,480,5,504760.0,3584810.0,507960.0,3588010.0
train_0133_r1200_c720,train,1200,720,2,507160.0,3584810.0,510360.0,3588010.0
train_0134_r1200_c960,train,1200,960,1,509560.0,3584810.0,512760.0,3588010.0
train_0135_r1200_c1200,train,1200,1200,1,511960.0,3584810.0,515160.0,3588010.0
train_0136_r1200_c1440,train,1200,1440,2,514360.0,3584810.0,517560.0,3588010.0
train_0137_r1200_c1680,train,1200,1680,3,516760.0,3584810.0,519960.0,3588010.0
train_0138_r1200_c1920,train,1200,1920,7,519160.0,3584810.0,522360.0,3588010.0
train_0139_r1200_c2160,train,1200,2160,2,521560.0,3584810.0,524760.0,3588010.0
train_0140_r1200_c2400,train,1200,2400,1,523960.0,3584810.0,527160.0,3588010.0
train_0141_r1200_c2640,train,1200,2640,3,526360.0,3584810.0,529560.0,3588010.0
train_0142_r1200_c2880,train,1200,2880,8,528760.0,3584810.0,531960.0,3588010.0
train_0143_r1200_c3120,train,1200,3120,7,531160.0,3584810.0,534360.0,3588010.0
train_0144_r1200_c3360,train,1200,3360,3,533560.0,3584810.0,536760.0,3588010.0
train_0145_r1200_c3600,train,1200,3600,7,535960.0,3584810.0,539160.0,3588010.0
train_0146_r1200_c3840,train,1200,3840,1,538360.0,3584810.0,541560.0,3588010.0
train_0147_r1200_c4080,train,1200,4080,4,540760.0,3584810.0,543960.0,3588010.0
train_0148_r1200_c4320,train,1200,4320,4,543160.0,3584810.0,546360.0,3588010.0
train_0149_r1200_c4560,train,1200,4560,0,545560.0,3584810.0,548760.0,3588010.0
train_0150_r1200_c4800,train,1200,4800,1,547960.0,3584810.0,551160.0,3588010.0
train_0151_r1200_c5040,train,1200,5040,2,550360.0,3584810.0,553560.0,3588010.0
train_0152_r1200_c5280,train,1200,5280,4,552760.0,3584810.0,555960.0,3588010.0
train_0153_r1200_c5520,train,1200,5520,4,555160.0,3584810.0,558360.0,3588010.0
train_0154_r1200_c5760,train,1200,5760,4,557560.0,3584810.0,560760.0,3588010.0
train_0155_r1200_c5902,train,1200,5902,2,558980.0,3584810.0,562180.0,3588010.0
train_0156_r1440_c0,train,1440,0,3,499960.0,3582410.0,503160.0,3585610.0
train_0157_r1440_c240,train,1440,240,4,502360.0,3582410.0,505560.0,3585610.0
train_0158_r1440_c480,train,1440,480,5,504760.0,3582410.0,507960.0,3585610.0
train_0159_r1440_c720,train,1440,720,3,507160.0,3582410.0,510360.0,3585610.0
train_0160_r1440_c960,train,1440,960,7,509560.0,3582410.0,512760.0,3585610.0
train_0161_r1440_c1200,train,1440,1200,3,511960.0,3582410.0,515160.0,3585610.0
train_0162_r1440_c1440,train,1440,1440,1,514360.0,3582410.0,517560.0,3585610.0
train_0163_r1440_c1680,train,1440,1680,3,516760.0,3582410.0,519960.0,3585610.0
train_0164_r1440_c1920,train,1440,1920,4,519160.0,3582410.0,522360.0,3585610.0
train_0165_r1440_c2160,train,1440,2160,0,521560.0,3582410.0,524760.0,3585610.0
train_0166_r1440_c2400,train,1440,2400,0,523960.0,3582410.0,527160.0,3585610.0
train_0167_r1440_c2640,train,1440,2640,0,526360.0,3582410.0,529560.0,3585610.0
train_0168_r1440_c2880,train,1440,2880,1,528760.0,3582410.0,531960.0,3585610.0
train_0169_r1440_c3120,train,1440,3120,1,531160.0,3582410.0,534360.0,3585610.0
train_0170_r1440_c3360,train,1440,3360,1,533560.0,3582410.0,536760.0,3585610.0
train_0171_r1440_c3600,train,1440,3600,3,535960.0,3582410.0,539160.0,3585610.0
train_0172_r1440_c3840,train,1440,3840,2,538360.0,3582410.0,541560.0,3585610.0
train_0173_r1440_c4080,train,1440,4080,5,540760.0,3582410.0,543960.0,3585610.0
train_0174_r1440_c4320,train,1440,4320,9,543160.0,3582410.0,546360.0,3585610.0
train_0175_r1440_c4560,train,1440,4560,4,545560.0,3582410.0,548760.0,3585610.0
train_0176_r1440_c4800,train,1440,4800,0,547960.0,3582410.0,551160.0,3585610.0
train_0177_r1440_c5040,train,1440,5040,1,550360.0,3582410.0,553560.0,3585610.0
train_0178_r1440_c5280,train,1440,5280,0,552760.0,3582410.0,555960.0,3585610.0
train_0179_r1440_c5520,train,1440,5520,2,555160.0,3582410.0,558360.0,3585610.0
train_0180_r1440_c5760,train,1440,5760,5,557560.0,3582410.0,560760.0,3585610.0
train_0181_r1440_c5902,train,1440,5902,3,558980.0,3582410.0,562180.0,3585610.0
train_0182_r1680_c0,train,1680,0,2,499960.0,3580010.0,503160.0,3583210.0
train_0183_r1680_c240,train,1680,240,3,502360.0,3580010.0,505560.0,3583210.0
train_0184_r1680_c480,train,1680,480,2,504760.0,3580010.0,507960.0,3583210.0
train_0185_r1680_c720,train,1680,720,2,507160.0,3580010.0,510360.0,3583210.0
train_0186_r1680_c960,train,1680,960,3,509560.0,3580010.0,512760.0,3583210.0
train_0187_r1680_c1200,train,1680,1200,0,511960.0,3580010.0,515160.0,3583210.0
train_0188_r1680_c1440,train,1680,1440,2,514360.0,3580010.0,517560.0,3583210.0
train_0189_r1680_c1680,train,1680,1680,2,516760.0,3580010.0,519960.0,3583210.0
train_0190_r1680_c1920,train,1680,1920,3,519160.0,3580010.0,522360.0,3583210.0
train_0191_r1680_c2160,train,1680,2160,2,521560.0,3580010.0,524760.0,3583210.0
train_0192_r1680_c2400,train,1680,2400,1,523960.0,3580010.0,527160.0,3583210.0
train_0193_r1680_c2640,train,1680,2640,0,526360.0,3580010.0,529560.0,3583210.0
train_0194_r1680_c2880,train,1680,2880,3,528760.0,3580010.0,531960.0,3583210.0
train_0195_r1680_c3120,train,1680,3120,4,531160.0,3580010.0,534360.0,3583210.0
train_0196_r1680_c3360,train,1680,3360,3,533560.0,3580010.0,536760.0,3583210.0
train_0197_r1680_c3600,train,1680,3600,5,535960.0,3580010.0,539160.0,3583210.0
train_0198_r1680_c3840,train,1680,3840,1,538360.0,3580010.0,541560.0,3583210.0
train_0199_r1680_c4080,train,1680,4080,0,540760.0,3580010.0,543960.0,3583210.0
train_0200_r1680_c4320,train,1680,4320,2,543160.0,3580010.0,546360.0,3583210.0
train_0201_r1680_c4560,train,1680,4560,1,545560.0,3580010.0,548760.0,3583210.0
train_0202_r1680_c4800,train,1680,4800,1,547960.0,3580010.0,551160.0,3583210.0
train_0203_r1680_c5040,train,1680,5040,2,550360.0,3580010.0,553560.0,3583210.0
train_0204_r1680_c5280,train,1680,5280,1,552760.0,3580010.0,555960.0,3583210.0
train_0205_r1680_c5520,train,1680,5520,0,555160.0,3580010.0,558360.0,3583210.0
train_0206_r1680_c5760,train,1680,5760,4,557560.0,3580010.0,560760.0,3583210.0
train_0207_r1680_c5902,train,1680,5902,4,558980.0,3580010.0,562180.0,3583210.0
train_0208_r1920_c0,train,1920,0,3,499960.0,3577610.0,503160.0,3580810.0
train_0209_r1920_c240,train,1920,240,3,502360.0,3577610.0,505560.0,3580810.0
train_0210_r1920_c480,train,1920,480,1,504760.0,3577610.0,507960.0,3580810.0
train_0211_r1920_c720,train,1920,720,5,507160.0,3577610.0,510360.0,3580810.0
train_0212_r1920_c960,train,1920,960,2,509560.0,3577610.0,512760.0,3580810.0
train_0213_r1920_c1200,train,1920,1200,6,511960.0,3577610.0,515160.0,3580810.0
train_0214_r1920_c1440,train,1920,1440,8,514360.0,3577610.0,517560.0,3580810.0
train_0215_r1920_c1680,train,1920,1680,0,516760.0,3577610.0,519960.0,3580810.0
train_0216_r1920_c1920,train,1920,1920,1,519160.0,3577610.0,522360.0,3580810.0
train_0217_r1920_c2160,train,1920,2160,1,521560.0,3577610.0,524760.0,3580810.0
train_0218_r1920_c2400,train,1920,2400,0,523960.0,3577610.0,527160.0,3580810.0
train_0219_r1920_c2640,train,1920,2640,0,526360.0,3577610.0,529560.0,3580810.0
train_0220_r1920_c2880,train,1920,2880,0,528760.0,3577610.0,531960.0,3580810.0
train_0221_r1920_c3120,train,1920,3120,0,531160.0,3577610.0,534360.0,3580810.0
train_0222_r1920_c3360,train,1920,3360,0,533560.0,3577610.0,536760.0,3580810.0
train_0223_r1920_c3600,train,1920,3600,3,535960.0,3577610.0,539160.0,3580810.0
train_0224_r1920_c3840,train,1920,3840,2,538360.0,3577610.0,541560.0,3580810.0
train_0225_r1920_c4080,train,1920,4080,0,540760.0,3577610.0,543960.0,3580810.0
train_0226_r1920_c4320,train,1920,4320,1,543160.0,3577610.0,546360.0,3580810.0
train_0227_r1920_c4560,train,1920,4560,1,545560.0,3577610.0,548760.0,3580810.0
train_0228_r1920_c4800,train,1920,4800,1,547960.0,3577610.0,551160.0,3580810.0
train_0229_r1920_c5040,train,1920,5040,1,550360.0,3577610.0,553560.0,3580810.0
train_0230_r1920_c5280,train,1920,5280,1,552760.0,3577610.0,555960.0,3580810.0
train_0231_r1920_c5520,train,1920,5520,0,555160.0,3577610.0,558360.0,3580810.0
train_0232_r1920_c5760,train,1920,5760,3,557560.0,3577610.0,560760.0,3580810.0
train_0233_r1920_c5902,train,1920,5902,3,558980.0,3577610.0,562180.0,3580810.0
train_0234_r2160_c0,train,2160,0,0,499960.0,3575210.0,503160.0,3578410.0
train_0235_r2160_c240,train,2160,240,1,502360.0,3575210.0,505560.0,3578410.0
train_0236_r2160_c480,train,2160,480,4,504760.0,3575210.0,507960.0,3578410.0
train_0237_r2160_c720,train,2160,720,4,507160.0,3575210.0,510360.0,3578410.0
train_0238_r2160_c960,train,2160,960,7,509560.0,3575210.0,512760.0,3578410.0
train_0239_r2160_c1200,train,2160,1200,9,511960.0,3575210.0,515160.0,3578410.0
train_0240_r2160_c1440,train,2160,1440,2,514360.0,3575210.0,517560.0,3578410.0
train_0241_r2160_c1680,train,2160,1680,0,516760.0,3575210.0,519960.0,3578410.0
train_0242_r2160_c1920,train,2160,1920,2,519160.0,3575210.0,522360.0,3578410.0
train_0243_r2160_c2160,train,2160,2160,1,521560.0,3575210.0,524760.0,3578410.0
train_0244_r2160_c2400,train,2160,2400,0,523960.0,3575210.0,527160.0,3578410.0
train_0245_r2160_c2640,train,2160,2640,0,526360.0,3575210.0,529560.0,3578410.0
train_0246_r2160_c2880,train,2160,2880,1,528760.0,3575210.0,531960.0,3578410.0
train_0247_r2160_c3120,train,2160,3120,2,531160.0,3575210.0,534360.0,3578410.0
train_0248_r2160_c3360,train,2160,3360,0,533560.0,3575210.0,536760.0,3578410.0
train_0249_r2160_c3600,train,2160,3600,0,535960.0,3575210.0,539160.0,3578410.0
train_0250_r2160_c3840,train,2160,3840,0,538360.0,3575210.0,541560.0,3578410.0
train_0251_r2160_c4080,train,2160,4080,0,540760.0,3575210.0,543960.0,3578410.0
train_0252_r2160_c4320,train,2160,4320,0,543160.0,3575210.0,546360.0,3578410.0
train_0253_r2160_c4560,train,2160,4560,0,545560.0,3575210.0,548760.0,3578410.0
train_0254_r2160_c4800,train,2160,4800,0,547960.0,3575210.0,551160.0,3578410.0
train_0255_r2160_c5040,train,2160,5040,0,550360.0,3575210.0,553560.0,3578410.0
train_0256_r2160_c5280,train,2160,5280,0,552760.0,3575210.0,555960.0,3578410.0
train_0257_r2160_c5520,train,2160,5520,2,555160.0,3575210.0,558360.0,3578410.0
train_0258_r2160_c5760,train,2160,5760,0,557560.0,3575210.0,560760.0,3578410.0
train_0259_r2160_c5902,train,2160,5902,1,558980.0,3575210.0,562180.0,3578410.0
train_0260_r2400_c0,train,2400,0,1,499960.0,3572810.0,503160.0,3576010.0
train_0261_r2400_c240,train,2400,240,2,502360.0,3572810.0,505560.0,3576010.0
train_0262_r2400_c480,train,2400,480,3,504760.0,3572810.0,507960.0,3576010.0
train_0263_r2400_c720,train,2400,720,7,507160.0,3572810.0,510360.0,3576010.0
train_0264_r2400_c960,train,2400,960,2,509560.0,3572810.0,512760.0,3576010.0
train_0265_r2400_c1200,train,2400,1200,7,511960.0,3572810.0,515160.0,3576010.0
train_0266_r2400_c1440,train,2400,1440,1,514360.0,3572810.0,517560.0,3576010.0
train_0267_r2400_c1680,train,2400,1680,0,516760.0,3572810.0,519960.0,3576010.0
train_0268_r2400_c1920,train,2400,1920,4,519160.0,3572810.0,522360.0,3576010.0
train_0269_r2400_c2160,train,2400,2160,0,521560.0,3572810.0,524760.0,3576010.0
train_0270_r2400_c2400,train,2400,2400,4,523960.0,3572810.0,527160.0,3576010.0
train_0271_r2400_c2640,train,2400,2640,0,526360.0,3572810.0,529560.0,3576010.0
train_0272_r2400_c2880,train,2400,2880,1,528760.0,3572810.0,531960.0,3576010.0
train_0273_r2400_c3120,train,2400,3120,1,531160.0,3572810.0,534360.0,3576010.0
train_0274_r2400_c3360,train,2400,3360,4,533560.0,3572810.0,536760.0,3576010.0
train_0275_r2400_c3600,train,2400,3600,1,535960.0,3572810.0,539160.0,3576010.0
train_0276_r2400_c3840,train,2400,3840,0,538360.0,3572810.0,541560.0,3576010.0
train_0277_r2400_c4080,train,2400,4080,0,540760.0,3572810.0,543960.0,3576010.0
train_0278_r2400_c4320,train,2400,4320,0,543160.0,3572810.0,546360.0,3576010.0
train_0279_r2400_c4560,train,2400,4560,3,545560.0,3572810.0,548760.0,3576010.0
train_0280_r2400_c4800,train,2400,4800,3,547960.0,3572810.0,551160.0,3576010.0
train_0281_r2400_c5040,train,2400,5040,0,550360.0,3572810.0,553560.0,3576010.0
train_0282_r2400_c5280,train,2400,5280,0,552760.0,3572810.0,555960.0,3576010.0
train_0283_r2400_c5520,train,2400,5520,1,555160.0,3572810.0,558360.0,3576010.0
train_0284_r2400_c5760,train,2400,5760,2,557560.0,3572810.0,560760.0,3576010.0
train_0285_r2400_c5902,train,2400,5902,3,558980.0,3572810.0,562180.0,3576010.0
train_0286_r2640_c0,train,2640,0,0,499960.0,3570410.0,503160.0,3573610.0
train_0287_r2640_c240,train,2640,240,0,502360.0,3570410.0,505560.0,3573610.0
train_0288_r2640_c480,train,2640,480,3,504760.0,3570410.0,507960.0,3573610.0
train_0289_r2640_c720,train,2640,720,2,507160.0,3570410.0,510360.0,3573610.0
train_0290_r2640_c960,train,2640,960,5,509560.0,3570410.0,512760.0,3573610.0
train_0291_r2640_c1200,train,2640,1200,0,511960.0,3570410.0,515160.0,3573610.0
train_0292_r2640_c1440,train,2640,1440,0,514360.0,3570410.0,517560.0,3573610.0
train_0293_r2640_c1680,train,2640,1680,6,516760.0,3570410.0,519960.0,3573610.0
train_0294_r2640_c1920,train,2640,1920,12,519160.0,3570410.0,522360.0,3573610.0
train_0295_r2640_c2160,train,2640,2160,3,521560.0,3570410.0,524760.0,3573610.0
train_0296_r2640_c2400,train,2640,2400,2,523960.0,3570410.0,527160.0,3573610.0
train_0297_r2640_c2640,train,2640,2640,2,526360.0,3570410.0,529560.0,3573610.0
train_0298_r2640_c2880,train,2640,2880,1,528760.0,3570410.0,531960.0,3573610.0
train_0299_r2640_c3120,train,2640,3120,1,531160.0,3570410.0,534360.0,3573610.0
train_0300_r2640_c3360,train,2640,3360,3,533560.0,3570410.0,536760.0,3573610.0
train_0301_r2640_c3600,train,2640,3600,3,535960.0,3570410.0,539160.0,3573610.0
train_0302_r2640_c3840,train,2640,3840,1,538360.0,3570410.0,541560.0,3573610.0
train_0303_r2640_c4080,train,2640,4080,0,540760.0,3570410.0,543960.0,3573610.0
train_0304_r2640_c4320,train,2640,4320,1,543160.0,3570410.0,546360.0,3573610.0
train_0305_r2640_c4560,train,2640,4560,3,545560.0,3570410.0,548760.0,3573610.0
train_0306_r2640_c4800,train,2640,4800,5,547960.0,3570410.0,551160.0,3573610.0
train_0307_r2640_c5040,train,2640,5040,0,550360.0,3570410.0,553560.0,3573610.0
train_0308_r2640_c5280,train,2640,5280,1,552760.0,3570410.0,555960.0,3573610.0
train_0309_r2640_c5520,train,2640,5520,1,555160.0,3570410.0,558360.0,3573610.0
train_0310_r2640_c5760,train,2640,5760,2,557560.0,3570410.0,560760.0,3573610.0
train_0311_r2640_c5902,train,2640,5902,3,558980.0,3570410.0,562180.0,3573610.0
train_0312_r2880_c0,train,2880,0,0,499960.0,3568010.0,503160.0,3571210.0
train_0313_r2880_c240,train,2880,240,5,502360.0,3568010.0,505560.0,3571210.0
train_0314_r2880_c480,train,2880,480,5,504760.0,3568010.0,507960.0,3571210.0
train_0315_r2880_c720,train,2880,720,3,507160.0,3568010.0,510360.0,3571210.0
train_0316_r2880_c960,train,2880,960,2,509560.0,3568010.0,512760.0,3571210.0
train_0317_r2880_c1200,train,2880,1200,1,511960.0,3568010.0,515160.0,3571210.0
train_0318_r2880_c1440,train,2880,1440,0,514360.0,3568010.0,517560.0,3571210.0
train_0319_r2880_c1680,train,2880,1680,6,516760.0,3568010.0,519960.0,3571210.0
train_0320_r2880_c1920,train,2880,1920,13,519160.0,3568010.0,522360.0,3571210.0
train_0321_r2880_c2160,train,2880,2160,9,521560.0,3568010.0,524760.0,3571210.0
train_0322_r2880_c2400,train,2880,2400,1,523960.0,3568010.0,527160.0,3571210.0
train_0323_r2880_c2640,train,2880,2640,2,526360.0,3568010.0,529560.0,3571210.0
train_0324_r2880_c2880,train,2880,2880,2,528760.0,3568010.0,531960.0,3571210.0
train_0325_r2880_c3120,train,2880,3120,5,531160.0,3568010.0,534360.0,3571210.0
train_0326_r2880_c3360,train,2880,3360,1,533560.0,3568010.0,536760.0,3571210.0
train_0327_r2880_c3600,train,2880,3600,2,535960.0,3568010.0,539160.0,3571210.0
train_0328_r2880_c3840,train,2880,3840,1,538360.0,3568010.0,541560.0,3571210.0
train_0329_r2880_c4080,train,2880,4080,0,540760.0,3568010.0,543960.0,3571210.0
train_0330_r2880_c4320,train,2880,4320,3,543160.0,3568010.0,546360.0,3571210.0
train_0331_r2880_c4560,train,2880,4560,0,545560.0,3568010.0,548760.0,3571210.0
train_0332_r2880_c4800,train,2880,4800,0,547960.0,3568010.0,551160.0,3571210.0
train_0333_r2880_c5040,train,2880,5040,0,550360.0,3568010.0,553560.0,3571210.0
train_0334_r2880_c5280,train,2880,5280,0,552760.0,3568010.0,555960.0,3571210.0
train_0335_r2880_c5520,train,2880,5520,1,555160.0,3568010.0,558360.0,3571210.0
train_0336_r2880_c5760,train,2880,5760,1,557560.0,3568010.0,560760.0,3571210.0
train_0337_r2880_c5902,train,2880,5902,2,558980.0,3568010.0,562180.0,3571210.0
train_0338_r3120_c0,train,3120,0,2,499960.0,3565610.0,503160.0,3568810.0
train_0339_r3120_c240,train,3120,240,4,502360.0,3565610.0,505560.0,3568810.0
train_0340_r3120_c480,train,3120,480,3,504760.0,3565610.0,507960.0,3568810.0
train_0341_r3120_c720,train,3120,720,3,507160.0,3565610.0,510360.0,3568810.0
train_0342_r3120_c960,train,3120,960,1,509560.0,3565610.0,512760.0,3568810.0
train_0343_r3120_c1200,train,3120,1200,2,511960.0,3565610.0,515160.0,3568810.0
train_0344_r3120_c1440,train,3120,1440,0,514360.0,3565610.0,517560.0,3568810.0
train_0345_r3120_c1680,train,3120,1680,1,516760.0,3565610.0,519960.0,3568810.0
train_0346_r3120_c1920,train,3120,1920,11,519160.0,3565610.0,522360.0,3568810.0
train_0347_r3120_c2160,train,3120,2160,1,521560.0,3565610.0,524760.0,3568810.0
train_0348_r3120_c2400,train,3120,2400,2,523960.0,3565610.0,527160.0,3568810.0
train_0349_r3120_c2640,train,3120,2640,6,526360.0,3565610.0,529560.0,3568810.0
train_0350_r3120_c2880,train,3120,2880,3,528760.0,3565610.0,531960.0,3568810.0
train_0351_r3120_c3120,train,3120,3120,5,531160.0,3565610.0,534360.0,3568810.0
train_0352_r3120_c3360,train,3120,3360,2,533560.0,3565610.0,536760.0,3568810.0
train_0353_r3120_c3600,train,3120,3600,1,535960.0,3565610.0,539160.0,3568810.0
train_0354_r3120_c3840,train,3120,3840,0,538360.0,3565610.0,541560.0,3568810.0
train_0355_r3120_c4080,train,3120,4080,0,540760.0,3565610.0,543960.0,3568810.0
train_0356_r3120_c4320,train,3120,4320,1,543160.0,3565610.0,546360.0,3568810.0
train_0357_r3120_c4560,train,3120,4560,1,545560.0,3565610.0,548760.0,3568810.0
train_0358_r3120_c4800,train,3120,4800,0,547960.0,3565610.0,551160.0,3568810.0
train_0359_r3120_c5040,train,3120,5040,1,550360.0,3565610.0,553560.0,3568810.0
train_0360_r3120_c5280,train,3120,5280,1,552760.0,3565610.0,555960.0,3568810.0
train_0361_r3120_c5520,train,3120,5520,0,555160.0,3565610.0,558360.0,3568810.0
train_0362_r3120_c5760,train,3120,5760,0,557560.0,3565610.0,560760.0,3568810.0
train_0363_r3120_c5902,train,3120,5902,0,558980.0,3565610.0,562180.0,3568810.0
train_0364_r3360_c0,train,3360,0,3,499960.0,3563210.0,503160.0,3566410.0
train_0365_r3360_c240,train,3360,240,0,502360.0,3563210.0,505560.0,3566410.0
train_0366_r3360_c480,train,3360,480,1,504760.0,3563210.0,507960.0,3566410.0
train_0367_r3360_c720,train,3360,720,0,507160.0,3563210.0,510360.0,3566410.0
train_0368_r3360_c960,train,3360,960,0,509560.0,3563210.0,512760.0,3566410.0
train_0369_r3360_c1200,train,3360,1200,1,511960.0,3563210.0,515160.0,3566410.0
train_0370_r3360_c1440,train,3360,1440,0,514360.0,3563210.0,517560.0,3566410.0
train_0371_r3360_c1680,train,3360,1680,0,516760.0,3563210.0,519960.0,3566410.0
train_0372_r3360_c1920,train,3360,1920,7,519160.0,3563210.0,522360.0,3566410.0
train_0373_r3360_c2160,train,3360,2160,4,521560.0,3563210.0,524760.0,3566410.0
train_0374_r3360_c2400,train,3360,2400,2,523960.0,3563210.0,527160.0,3566410.0
train_0375_r3360_c2640,train,3360,2640,5,526360.0,3563210.0,529560.0,3566410.0
train_0376_r3360_c2880,train,3360,2880,3,528760.0,3563210.0,531960.0,3566410.0
train_0377_r3360_c3120,train,3360,3120,3,531160.0,3563210.0,534360.0,3566410.0
train_0378_r3360_c3360,train,3360,3360,1,533560.0,3563210.0,536760.0,3566410.0
train_0379_r3360_c3600,train,3360,3600,2,535960.0,3563210.0,539160.0,3566410.0
train_0380_r3360_c3840,train,3360,3840,3,538360.0,3563210.0,541560.0,3566410.0
train_0381_r3360_c4080,train,3360,4080,0,540760.0,3563210.0,543960.0,3566410.0
train_0382_r3360_c4320,train,3360,4320,0,543160.0,3563210.0,546360.0,3566410.0
train_0383_r3360_c4560,train,3360,4560,1,545560.0,3563210.0,548760.0,3566410.0
train_0384_r3360_c4800,train,3360,4800,2,547960.0,3563210.0,551160.0,3566410.0
train_0385_r3360_c5040,train,3360,5040,0,550360.0,3563210.0,553560.0,3566410.0
train_0386_r3360_c5280,train,3360,5280,0,552760.0,3563210.0,555960.0,3566410.0
train_0387_r3360_c5520,train,3360,5520,0,555160.0,3563210.0,558360.0,3566410.0
train_0388_r3360_c5760,train,3360,5760,0,557560.0,3563210.0,560760.0,3566410.0
train_0389_r3360_c5902,train,3360,5902,0,558980.0,3563210.0,562180.0,3566410.0
train_0390_r3600_c0,train,3600,0,1,499960.0,3560810.0,503160.0,3564010.0
train_0391_r3600_c240,train,3600,240,0,502360.0,3560810.0,505560.0,3564010.0
train_0392_r3600_c480,train,3600,480,3,504760.0,3560810.0,507960.0,3564010.0
train_0393_r3600_c720,train,3600,720,3,507160.0,3560810.0,510360.0,3564010.0
train_0394_r3600_c960,train,3600,960,3,509560.0,3560810.0,512760.0,3564010.0
train_0395_r3600_c1200,train,3600,1200,1,511960.0,3560810.0,515160.0,3564010.0
train_0396_r3600_c1440,train,3600,1440,1,514360.0,3560810.0,517560.0,3564010.0
train_0397_r3600_c1680,train,3600,1680,0,516760.0,3560810.0,519960.0,3564010.0
train_0398_r3600_c1920,train,3600,1920,6,519160.0,3560810.0,522360.0,3564010.0
train_0399_r3600_c2160,train,3600,2160,2,521560.0,3560810.0,524760.0,3564010.0
train_0400_r3600_c2400,train,3600,2400,4,523960.0,3560810.0,527160.0,3564010.0
train_0401_r3600_c2640,train,3600,2640,1,526360.0,3560810.0,529560.0,3564010.0
train_0402_r3600_c2880,train,3600,2880,1,528760.0,3560810.0,531960.0,3564010.0
train_0403_r3600_c3120,train,3600,3120,2,531160.0,3560810.0,534360.0,3564010.0
train_0404_r3600_c3360,train,3600,3360,0,533560.0,3560810.0,536760.0,3564010.0
train_0405_r3600_c3600,train,3600,3600,0,535960.0,3560810.0,539160.0,3564010.0
train_0406_r3600_c3840,train,3600,3840,0,538360.0,3560810.0,541560.0,3564010.0
train_0407_r3600_c4080,train,3600,4080,0,540760.0,3560810.0,543960.0,3564010.0
train_0408_r3600_c4320,train,3600,4320,0,543160.0,3560810.0,546360.0,3564010.0
train_0409_r3600_c4560,train,3600,4560,3,545560.0,3560810.0,548760.0,3564010.0
train_0410_r3600_c4800,train,3600,4800,3,547960.0,3560810.0,551160.0,3564010.0
train_0411_r3600_c5040,train,3600,5040,0,550360.0,3560810.0,553560.0,3564010.0
train_0412_r3600_c5280,train,3600,5280,0,552760.0,3560810.0,555960.0,3564010.0
train_0413_r3600_c5520,train,3600,5520,0,555160.0,3560810.0,558360.0,3564010.0
train_0414_r3600_c5760,train,3600,5760,0,557560.0,3560810.0,560760.0,3564010.0
train_0415_r3600_c5902,train,3600,5902,0,558980.0,3560810.0,562180.0,3564010.0
train_0416_r3840_c0,train,3840,0,0,499960.0,3558410.0,503160.0,3561610.0
train_0417_r3840_c240,train,3840,240,1,502360.0,3558410.0,505560.0,3561610.0
train_0418_r3840_c480,train,3840,480,0,504760.0,3558410.0,507960.0,3561610.0
train_0419_r3840_c720,train,3840,720,0,507160.0,3558410.0,510360.0,3561610.0
train_0420_r3840_c960,train,3840,960,3,509560.0,3558410.0,512760.0,3561610.0
train_0421_r3840_c1200,train,3840,1200,1,511960.0,3558410.0,515160.0,3561610.0
train_0422_r3840_c1440,train,3840,1440,4,514360.0,3558410.0,517560.0,3561610.0
train_0423_r3840_c1680,train,3840,1680,1,516760.0,3558410.0,519960.0,3561610.0
train_0424_r3840_c1920,train,3840,1920,0,519160.0,3558410.0,522360.0,3561610.0
train_0425_r3840_c2160,train,3840,2160,0,521560.0,3558410.0,524760.0,3561610.0
train_0426_r3840_c2400,train,3840,2400,0,523960.0,3558410.0,527160.0,3561610.0
train_0427_r3840_c2640,train,3840,2640,0,526360.0,3558410.0,529560.0,3561610.0
train_0428_r3840_c2880,train,3840,2880,3,528760.0,3558410.0,531960.0,3561610.0
train_0429_r3840_c3120,train,3840,3120,4,531160.0,3558410.0,534360.0,3561610.0
train_0430_r3840_c3360,train,3840,3360,3,533560.0,3558410.0,536760.0,3561610.0
train_0431_r3840_c3600,train,3840,3600,1,535960.0,3558410.0,539160.0,3561610.0
train_0432_r3840_c3840,train,3840,3840,2,538360.0,3558410.0,541560.0,3561610.0
train_0433_r3840_c4080,train,3840,4080,0,540760.0,3558410.0,543960.0,3561610.0
train_0434_r3840_c4320,train,3840,4320,0,543160.0,3558410.0,546360.0,3561610.0
train_0435_r3840_c4560,train,3840,4560,2,545560.0,3558410.0,548760.0,3561610.0
train_0436_r3840_c4800,train,3840,4800,3,547960.0,3558410.0,551160.0,3561610.0
train_0437_r3840_c5040,train,3840,5040,3,550360.0,3558410.0,553560.0,3561610.0
train_0438_r3840_c5280,train,3840,5280,0,552760.0,3558410.0,555960.0,3561610.0
train_0439_r3840_c5520,train,3840,5520,0,555160.0,3558410.0,558360.0,3561610.0
train_0440_r3840_c5760,train,3840,5760,0,557560.0,3558410.0,560760.0,3561610.0
train_0441_r3840_c5902,train,3840,5902,0,558980.0,3558410.0,562180.0,3561610.0
train_0442_r4080_c0,train,4080,0,2,499960.0,3556010.0,503160.0,3559210.0
train_0443_r4080_c240,train,4080,240,0,502360.0,3556010.0,505560.0,3559210.0
train_0444_r4080_c480,train,4080,480,0,504760.0,3556010.0,507960.0,3559210.0
train_0445_r4080_c720,train,4080,720,0,507160.0,3556010.0,510360.0,3559210.0
train_0446_r4080_c960,train,4080,960,0,509560.0,3556010.0,512760.0,3559210.0
train_0447_r4080_c1200,train,4080,1200,0,511960.0,3556010.0,515160.0,3559210.0
train_0448_r4080_c1440,train,4080,1440,0,514360.0,3556010.0,517560.0,3559210.0
train_0449_r4080_c1680,train,4080,1680,2,516760.0,3556010.0,519960.0,3559210.0
train_0450_r4080_c1920,train,4080,1920,5,519160.0,3556010.0,522360.0,3559210.0
train_0451_r4080_c2160,train,4080,2160,3,521560.0,3556010.0,524760.0,3559210.0
train_0452_r4080_c2400,train,4080,2400,3,523960.0,3556010.0,527160.0,3559210.0
train_0453_r4080_c2640,train,4080,2640,1,526360.0,3556010.0,529560.0,3559210.0
train_0454_r4080_c2880,train,4080,2880,4,528760.0,3556010.0,531960.0,3559210.0
train_0455_r4080_c3120,train,4080,3120,1,531160.0,3556010.0,534360.0,3559210.0
train_0456_r4080_c3360,train,4080,3360,2,533560.0,3556010.0,536760.0,3559210.0
train_0457_r4080_c3600,train,4080,3600,1,535960.0,3556010.0,539160.0,3559210.0
train_0458_r4080_c3840,train,4080,3840,1,538360.0,3556010.0,541560.0,3559210.0
train_0459_r4080_c4080,train,4080,4080,2,540760.0,3556010.0,543960.0,3559210.0
train_0460_r4080_c4320,train,4080,4320,2,543160.0,3556010.0,546360.0,3559210.0
train_0461_r4080_c4560,train,4080,4560,1,545560.0,3556010.0,548760.0,3559210.0
train_0462_r4080_c4800,train,4080,4800,0,547960.0,3556010.0,551160.0,3559210.0
train_0463_r4080_c5040,train,4080,5040,3,550360.0,3556010.0,553560.0,3559210.0
train_0464_r4080_c5280,train,4080,5280,0,552760.0,3556010.0,555960.0,3559210.0
train_0465_r4080_c5520,train,4080,5520,0,555160.0,3556010.0,558360.0,3559210.0
train_0466_r4080_c5760,train,4080,5760,0,557560.0,3556010.0,560760.0,3559210.0
train_0467_r4080_c5902,train,4080,5902,0,558980.0,3556010.0,562180.0,3559210.0
train_0468_r4320_c0,train,4320,0,1,499960.0,3553610.0,503160.0,3556810.0
train_0469_r4320_c240,train,4320,240,1,502360.0,3553610.0,505560.0,3556810.0
train_0470_r4320_c480,train,4320,480,1,504760.0,3553610.0,507960.0,3556810.0
train_0471_r4320_c720,train,4320,720,0,507160.0,3553610.0,510360.0,3556810.0
train_0472_r4320_c960,train,4320,960,0,509560.0,3553610.0,512760.0,3556810.0
train_0473_r4320_c1200,train,4320,1200,1,511960.0,3553610.0,515160.0,3556810.0
train_0474_r4320_c1440,train,4320,1440,0,514360.0,3553610.0,517560.0,3556810.0
train_0475_r4320_c1680,train,4320,1680,1,516760.0,3553610.0,519960.0,3556810.0
train_0476_r4320_c1920,train,4320,1920,8,519160.0,3553610.0,522360.0,3556810.0
train_0477_r4320_c2160,train,4320,2160,3,521560.0,3553610.0,524760.0,3556810.0
train_0478_r4320_c2400,train,4320,2400,2,523960.0,3553610.0,527160.0,3556810.0
train_0479_r4320_c2640,train,4320,2640,3,526360.0,3553610.0,529560.0,3556810.0
train_0480_r4320_c2880,train,4320,2880,1,528760.0,3553610.0,531960.0,3556810.0
train_0481_r4320_c3120,train,4320,3120,0,531160.0,3553610.0,534360.0,3556810.0
train_0482_r4320_c3360,train,4320,3360,1,533560.0,3553610.0,536760.0,3556810.0
train_0483_r4320_c3600,train,4320,3600,3,535960.0,3553610.0,539160.0,3556810.0
train_0484_r4320_c3840,train,4320,3840,6,538360.0,3553610.0,541560.0,3556810.0
train_0485_r4320_c4080,train,4320,4080,4,540760.0,3553610.0,543960.0,3556810.0
train_0486_r4320_c4320,train,4320,4320,3,543160.0,3553610.0,546360.0,3556810.0
train_0487_r4320_c4560,train,4320,4560,2,545560.0,3553610.0,548760.0,3556810.0
train_0488_r4320_c4800,train,4320,4800,2,547960.0,3553610.0,551160.0,3556810.0
train_0489_r4320_c5040,train,4320,5040,6,550360.0,3553610.0,553560.0,3556810.0
train_0490_r4320_c5280,train,4320,5280,1,552760.0,3553610.0,555960.0,3556810.0
train_0491_r4320_c5520,train,4320,5520,1,555160.0,3553610.0,558360.0,3556810.0
train_0492_r4320_c5760,train,4320,5760,0,557560.0,3553610.0,560760.0,3556810.0
train_0493_r4320_c5902,train,4320,5902,0,558980.0,3553610.0,562180.0,3556810.0
train_0494_r4560_c0,train,4560,0,1,499960.0,3551210.0,503160.0,3554410.0
train_0495_r4560_c240,train,4560,240,0,502360.0,3551210.0,505560.0,3554410.0
train_0496_r4560_c480,train,4560,480,0,504760.0,3551210.0,507960.0,3554410.0
train_0497_r4560_c720,train,4560,720,1,507160.0,3551210.0,510360.0,3554410.0
train_0498_r4560_c960,train,4560,960,3,509560.0,3551210.0,512760.0,3554410.0
train_0499_r4560_c1200,train,4560,1200,3,511960.0,3551210.0,515160.0,3554410.0
train_0500_r4560_c1440,train,4560,1440,2,514360.0,3551210.0,517560.0,3554410.0
train_0501_r4560_c1680,train,4560,1680,0,516760.0,3551210.0,519960.0,3554410.0
train_0502_r4560_c1920,train,4560,1920,5,519160.0,3551210.0,522360.0,3554410.0
train_0503_r4560_c2160,train,4560,2160,0,521560.0,3551210.0,524760.0,3554410.0
train_0504_r4560_c2400,train,4560,2400,1,523960.0,3551210.0,527160.0,3554410.0
train_0505_r4560_c2640,train,4560,2640,0,526360.0,3551210.0,529560.0,3554410.0
train_0506_r4560_c2880,train,4560,2880,2,528760.0,3551210.0,531960.0,3554410.0
train_0507_r4560_c3120,train,4560,3120,1,531160.0,3551210.0,534360.0,3554410.0
train_0508_r4560_c3360,train,4560,3360,0,533560.0,3551210.0,536760.0,3554410.0
train_0509_r4560_c3600,train,4560,3600,3,535960.0,3551210.0,539160.0,3554410.0
train_0510_r4560_c3840,train,4560,3840,1,538360.0,3551210.0,541560.0,3554410.0
train_0511_r4560_c4080,train,4560,4080,4,540760.0,3551210.0,543960.0,3554410.0
train_0512_r4560_c4320,train,4560,4320,3,543160.0,3551210.0,546360.0,3554410.0
train_0513_r4560_c4560,train,4560,4560,2,545560.0,3551210.0,548760.0,3554410.0
train_0514_r4560_c4800,train,4560,4800,2,547960.0,3551210.0,551160.0,3554410.0
train_0515_r4560_c5040,train,4560,5040,3,550360.0,3551210.0,553560.0,3554410.0
train_0516_r4560_c5280,train,4560,5280,2,552760.0,3551210.0,555960.0,3554410.0
train_0517_r4560_c5520,train,4560,5520,1,555160.0,3551210.0,558360.0,3554410.0
train_0518_r4560_c5760,train,4560,5760,0,557560.0,3551210.0,560760.0,3554410.0
train_0519_r4560_c5902,train,4560,5902,1,558980.0,3551210.0,562180.0,3554410.0
train_0520_r4800_c0,train,4800,0,0,499960.0,3548810.0,503160.0,3552010.0
train_0521_r4800_c240,train,4800,240,0,502360.0,3548810.0,505560.0,3552010.0
train_0522_r4800_c480,train,4800,480,0,504760.0,3548810.0,507960.0,3552010.0
train_0523_r4800_c720,train,4800,720,0,507160.0,3548810.0,510360.0,3552010.0
train_0524_r4800_c960,train,4800,960,1,509560.0,3548810.0,512760.0,3552010.0
train_0525_r4800_c1200,train,4800,1200,1,511960.0,3548810.0,515160.0,3552010.0
train_0526_r4800_c1440,train,4800,1440,0,514360.0,3548810.0,517560.0,3552010.0
train_0527_r4800_c1680,train,4800,1680,0,516760.0,3548810.0,519960.0,3552010.0
train_0528_r4800_c1920,train,4800,1920,0,519160.0,3548810.0,522360.0,3552010.0
train_0529_r4800_c2160,train,4800,2160,2,521560.0,3548810.0,524760.0,3552010.0
train_0530_r4800_c2400,train,4800,2400,3,523960.0,3548810.0,527160.0,3552010.0
train_0531_r4800_c2640,train,4800,2640,0,526360.0,3548810.0,529560.0,3552010.0
train_0532_r4800_c2880,train,4800,2880,1,528760.0,3548810.0,531960.0,3552010.0
train_0533_r4800_c3120,train,4800,3120,2,531160.0,3548810.0,534360.0,3552010.0
train_0534_r4800_c3360,train,4800,3360,2,533560.0,3548810.0,536760.0,3552010.0
train_0535_r4800_c3600,train,4800,3600,1,535960.0,3548810.0,539160.0,3552010.0
train_0536_r4800_c3840,train,4800,3840,0,538360.0,3548810.0,541560.0,3552010.0
train_0537_r4800_c4080,train,4800,4080,3,540760.0,3548810.0,543960.0,3552010.0
train_0538_r4800_c4320,train,4800,4320,6,543160.0,3548810.0,546360.0,3552010.0
train_0539_r4800_c4560,train,4800,4560,4,545560.0,3548810.0,548760.0,3552010.0
train_0540_r4800_c4800,train,4800,4800,2,547960.0,3548810.0,551160.0,3552010.0
train_0541_r4800_c5040,train,4800,5040,1,550360.0,3548810.0,553560.0,3552010.0
train_0542_r4800_c5280,train,4800,5280,1,552760.0,3548810.0,555960.0,3552010.0
train_0543_r4800_c5520,train,4800,5520,0,555160.0,3548810.0,558360.0,3552010.0
train_0544_r4800_c5760,train,4800,5760,9,557560.0,3548810.0,560760.0,3552010.0
train_0545_r4800_c5902,train,4800,5902,9,558980.0,3548810.0,562180.0,3552010.0
train_0546_r5040_c0,train,5040,0,2,499960.0,3546410.0,503160.0,3549610.0
train_0547_r5040_c240,train,5040,240,0,502360.0,3546410.0,505560.0,3549610.0
train_0548_r5040_c480,train,5040,480,0,504760.0,3546410.0,507960.0,3549610.0
train_0549_r5040_c720,train,5040,720,0,507160.0,3546410.0,510360.0,3549610.0
train_0550_r5040_c960,train,5040,960,0,509560.0,3546410.0,512760.0,3549610.0
train_0551_r5040_c1200,train,5040,1200,0,511960.0,3546410.0,515160.0,3549610.0
train_0552_r5040_c1440,train,5040,1440,0,514360.0,3546410.0,517560.0,3549610.0
train_0553_r5040_c1680,train,5040,1680,0,516760.0,3546410.0,519960.0,3549610.0
train_0554_r5040_c1920,train,5040,1920,0,519160.0,3546410.0,522360.0,3549610.0
train_0555_r5040_c2160,train,5040,2160,1,521560.0,3546410.0,524760.0,3549610.0
train_0556_r5040_c2400,train,5040,2400,4,523960.0,3546410.0,527160.0,3549610.0
train_0557_r5040_c2640,train,5040,2640,4,526360.0,3546410.0,529560.0,3549610.0
train_0558_r5040_c2880,train,5040,2880,0,528760.0,3546410.0,531960.0,3549610.0
train_0559_r5040_c3120,train,5040,3120,0,531160.0,3546410.0,534360.0,3549610.0
train_0560_r5040_c3360,train,5040,3360,3,533560.0,3546410.0,536760.0,3549610.0
train_0561_r5040_c3600,train,5040,3600,3,535960.0,3546410.0,539160.0,3549610.0
train_0562_r5040_c3840,train,5040,3840,5,538360.0,3546410.0,541560.0,3549610.0
train_0563_r5040_c4080,train,5040,4080,2,540760.0,3546410.0,543960.0,3549610.0
train_0564_r5040_c4320,train,5040,4320,3,543160.0,3546410.0,546360.0,3549610.0
train_0565_r5040_c4560,train,5040,4560,6,545560.0,3546410.0,548760.0,3549610.0
train_0566_r5040_c4800,train,5040,4800,6,547960.0,3546410.0,551160.0,3549610.0
train_0567_r5040_c5040,train,5040,5040,2,550360.0,3546410.0,553560.0,3549610.0
train_0568_r5040_c5280,train,5040,5280,2,552760.0,3546410.0,555960.0,3549610.0
train_0569_r5040_c5520,train,5040,5520,1,555160.0,3546410.0,558360.0,3549610.0
train_0570_r5040_c5760,train,5040,5760,2,557560.0,3546410.0,560760.0,3549610.0
train_0571_r5040_c5902,train,5040,5902,0,558980.0,3546410.0,562180.0,3549610.0
train_0572_r5280_c0,train,5280,0,2,499960.0,3544010.0,503160.0,3547210.0
train_0573_r5280_c240,train,5280,240,0,502360.0,3544010.0,505560.0,3547210.0
train_0574_r5280_c480,train,5280,480,0,504760.0,3544010.0,507960.0,3547210.0
train_0575_r5280_c720,train,5280,720,0,507160.0,3544010.0,510360.0,3547210.0
train_0576_r5280_c960,train,5280,960,0,509560.0,3544010.0,512760.0,3547210.0
train_0577_r5280_c1200,train,5280,1200,0,511960.0,3544010.0,515160.0,3547210.0
train_0578_r5280_c1440,train,5280,1440,1,514360.0,3544010.0,517560.0,3547210.0
train_0579_r5280_c1680,train,5280,1680,0,516760.0,3544010.0,519960.0,3547210.0
train_0580_r5280_c1920,train,5280,1920,1,519160.0,3544010.0,522360.0,3547210.0
train_0581_r5280_c2160,train,5280,2160,2,521560.0,3544010.0,524760.0,3547210.0
train_0582_r5280_c2400,train,5280,2400,1,523960.0,3544010.0,527160.0,3547210.0
train_0583_r5280_c2640,train,5280,2640,2,526360.0,3544010.0,529560.0,3547210.0
train_0584_r5280_c2880,train,5280,2880,0,528760.0,3544010.0,531960.0,3547210.0
train_0585_r5280_c3120,train,5280,3120,1,531160.0,3544010.0,534360.0,3547210.0
train_0586_r5280_c3360,train,5280,3360,0,533560.0,3544010.0,536760.0,3547210.0
train_0587_r5280_c3600,train,5280,3600,3,535960.0,3544010.0,539160.0,3547210.0
train_0588_r5280_c3840,train,5280,3840,3,538360.0,3544010.0,541560.0,3547210.0
train_0589_r5280_c4080,train,5280,4080,4,540760.0,3544010.0,543960.0,3547210.0
train_0590_r5280_c4320,train,5280,4320,2,543160.0,3544010.0,546360.0,3547210.0
train_0591_r5280_c4560,train,5280,4560,2,545560.0,3544010.0,548760.0,3547210.0
train_0592_r5280_c4800,train,5280,4800,5,547960.0,3544010.0,551160.0,3547210.0
train_0593_r5280_c5040,train,5280,5040,4,550360.0,3544010.0,553560.0,3547210.0
train_0594_r5280_c5280,train,5280,5280,7,552760.0,3544010.0,555960.0,3547210.0
train_0595_r5280_c5520,train,5280,5520,4,555160.0,3544010.0,558360.0,3547210.0
train_0596_r5280_c5760,train,5280,5760,1,557560.0,3544010.0,560760.0,3547210.0
train_0597_r5280_c5902,train,5280,5902,0,558980.0,3544010.0,562180.0,3547210.0
train_0598_r5520_c0,train,5520,0,0,499960.0,3541610.0,503160.0,3544810.0
train_0599_r5520_c240,train,5520,240,1,502360.0,3541610.0,505560.0,3544810.0
train_0600_r5520_c480,train,5520,480,1,504760.0,3541610.0,507960.0,3544810.0
train_0601_r5520_c720,train,5520,720,0,507160.0,3541610.0,510360.0,3544810.0
train_0602_r5520_c960,train,5520,960,0,509560.0,3541610.0,512760.0,3544810.0
train_0603_r5520_c1200,train,5520,1200,0,511960.0,3541610.0,515160.0,3544810.0
train_0604_r5520_c1440,train,5520,1440,0,514360.0,3541610.0,517560.0,3544810.0
train_0605_r5520_c1680,train,5520,1680,0,516760.0,3541610.0,519960.0,3544810.0
train_0606_r5520_c1920,train,5520,1920,0,519160.0,3541610.0,522360.0,3544810.0
train_0607_r5520_c2160,train,5520,2160,0,521560.0,3541610.0,524760.0,3544810.0
train_0608_r5520_c2400,train,5520,2400,3,523960.0,3541610.0,527160.0,3544810.0
train_0609_r5520_c2640,train,5520,2640,3,526360.0,3541610.0,529560.0,3544810.0
train_0610_r5520_c2880,train,5520,2880,1,528760.0,3541610.0,531960.0,3544810.0
train_0611_r5520_c3120,train,5520,3120,3,531160.0,3541610.0,534360.0,3544810.0
train_0612_r5520_c3360,train,5520,3360,1,533560.0,3541610.0,536760.0,3544810.0
train_0613_r5520_c3600,train,5520,3600,0,535960.0,3541610.0,539160.0,3544810.0
train_0614_r5520_c3840,train,5520,3840,0,538360.0,3541610.0,541560.0,3544810.0
train_0615_r5520_c4080,train,5520,4080,2,540760.0,3541610.0,543960.0,3544810.0
train_0616_r5520_c4320,train,5520,4320,3,543160.0,3541610.0,546360.0,3544810.0
train_0617_r5520_c4560,train,5520,4560,4,545560.0,3541610.0,548760.0,3544810.0
train_0618_r5520_c4800,train,5520,4800,0,547960.0,3541610.0,551160.0,3544810.0
train_0619_r5520_c5040,train,5520,5040,2,550360.0,3541610.0,553560.0,3544810.0
train_0620_r5520_c5280,train,5520,5280,7,552760.0,3541610.0,555960.0,3544810.0
train_0621_r5520_c5520,train,5520,5520,4,555160.0,3541610.0,558360.0,3544810.0
train_0622_r5520_c5760,train,5520,5760,0,557560.0,3541610.0,560760.0,3544810.0
train_0623_r5520_c5902,train,5520,5902,1,558980.0,3541610.0,562180.0,3544810.0
train_0624_r5760_c0,train,5760,0,1,499960.0,3539210.0,503160.0,3542410.0
train_0625_r5760_c240,train,5760,240,1,502360.0,3539210.0,505560.0,3542410.0
train_0626_r5760_c480,train,5760,480,1,504760.0,3539210.0,507960.0,3542410.0
train_0627_r5760_c720,train,5760,720,0,507160.0,3539210.0,510360.0,3542410.0
train_0628_r5760_c960,train,5760,960,0,509560.0,3539210.0,512760.0,3542410.0
train_0629_r5760_c1200,train,5760,1200,0,511960.0,3539210.0,515160.0,3542410.0
train_0630_r5760_c1440,train,5760,1440,0,514360.0,3539210.0,517560.0,3542410.0
train_0631_r5760_c1680,train,5760,1680,0,516760.0,3539210.0,519960.0,3542410.0
train_0632_r5760_c1920,train,5760,1920,0,519160.0,3539210.0,522360.0,3542410.0
train_0633_r5760_c2160,train,5760,2160,1,521560.0,3539210.0,524760.0,3542410.0
train_0634_r5760_c2400,train,5760,2400,0,523960.0,3539210.0,527160.0,3542410.0
train_0635_r5760_c2640,train,5760,2640,0,526360.0,3539210.0,529560.0,3542410.0
train_0636_r5760_c2880,train,5760,2880,1,528760.0,3539210.0,531960.0,3542410.0
train_0637_r5760_c3120,train,5760,3120,1,531160.0,3539210.0,534360.0,3542410.0
train_0638_r5760_c3360,train,5760,3360,0,533560.0,3539210.0,536760.0,3542410.0
train_0639_r5760_c3600,train,5760,3600,1,535960.0,3539210.0,539160.0,3542410.0
train_0640_r5760_c3840,train,5760,3840,1,538360.0,3539210.0,541560.0,3542410.0
train_0641_r5760_c4080,train,5760,4080,0,540760.0,3539210.0,543960.0,3542410.0
train_0642_r5760_c4320,train,5760,4320,0,543160.0,3539210.0,546360.0,3542410.0
train_0643_r5760_c4560,train,5760,4560,1,545560.0,3539210.0,548760.0,3542410.0
train_0644_r5760_c4800,train,5760,4800,1,547960.0,3539210.0,551160.0,3542410.0
train_0645_r5760_c5040,train,5760,5040,3,550360.0,3539210.0,553560.0,3542410.0
train_0646_r5760_c5280,train,5760,5280,3,552760.0,3539210.0,555960.0,3542410.0
train_0647_r5760_c5520,train,5760,5520,1,555160.0,3539210.0,558360.0,3542410.0
train_0648_r5760_c5760,train,5760,5760,1,557560.0,3539210.0,560760.0,3542410.0
train_0649_r5760_c5902,train,5760,5902,3,558980.0,3539210.0,562180.0,3542410.0
train_0650_r6000_c0,train,6000,0,3,499960.0,3536810.0,503160.0,3540010.0
train_0651_r6000_c240,train,6000,240,0,502360.0,3536810.0,505560.0,3540010.0
train_0652_r6000_c480,train,6000,480,0,504760.0,3536810.0,507960.0,3540010.0
train_0653_r6000_c720,train,6000,720,0,507160.0,3536810.0,510360.0,3540010.0
train_0654_r6000_c960,train,6000,960,0,509560.0,3536810.0,512760.0,3540010.0
train_0655_r6000_c1200,train,6000,1200,1,511960.0,3536810.0,515160.0,3540010.0
train_0656_r6000_c1440,train,6000,1440,0,514360.0,3536810.0,517560.0,3540010.0
train_0657_r6000_c1680,train,6000,1680,0,516760.0,3536810.0,519960.0,3540010.0
train_0658_r6000_c1920,train,6000,1920,0,519160.0,3536810.0,522360.0,3540010.0
train_0659_r6000_c2160,train,6000,2160,0,521560.0,3536810.0,524760.0,3540010.0
train_0660_r6000_c2400,train,6000,2400,2,523960.0,3536810.0,527160.0,3540010.0
train_0661_r6000_c2640,train,6000,2640,0,526360.0,3536810.0,529560.0,3540010.0
train_0662_r6000_c2880,train,6000,2880,3,528760.0,3536810.0,531960.0,3540010.0
train_0663_r6000_c3120,train,6000,3120,2,531160.0,3536810.0,534360.0,3540010.0
train_0664_r6000_c3360,train,6000,3360,4,533560.0,3536810.0,536760.0,3540010.0
train_0665_r6000_c3600,train,6000,3600,0,535960.0,3536810.0,539160.0,3540010.0
train_0666_r6000_c3840,train,6000,3840,0,538360.0,3536810.0,541560.0,3540010.0
train_0667_r6000_c4080,train,6000,4080,0,540760.0,3536810.0,543960.0,3540010.0
train_0668_r6000_c4320,train,6000,4320,0,543160.0,3536810.0,546360.0,3540010.0
train_0669_r6000_c4560,train,6000,4560,0,545560.0,3536810.0,548760.0,3540010.0
train_0670_r6000_c4800,train,6000,4800,2,547960.0,3536810.0,551160.0,3540010.0
train_0671_r6000_c5040,train,6000,5040,2,550360.0,3536810.0,553560.0,3540010.0
train_0672_r6000_c5280,train,6000,5280,0,552760.0,3536810.0,555960.0,3540010.0
train_0673_r6000_c5520,train,6000,5520,1,555160.0,3536810.0,558360.0,3540010.0
train_0674_r6000_c5760,train,6000,5760,1,557560.0,3536810.0,560760.0,3540010.0
train_0675_r6000_c5902,train,6000,5902,0,558980.0,3536810.0,562180.0,3540010.0
train_0676_r6240_c0,train,6240,0,0,499960.0,3534410.0,503160.0,3537610.0
train_0677_r6240_c240,train,6240,240,0,502360.0,3534410.0,505560.0,3537610.0
train_0678_r6240_c480,train,6240,480,0,504760.0,3534410.0,507960.0,3537610.0
train_0679_r6240_c720,train,6240,720,0,507160.0,3534410.0,510360.0,3537610.0
train_0680_r6240_c960,train,6240,960,0,509560.0,3534410.0,512760.0,3537610.0
train_0681_r6240_c1200,train,6240,1200,0,511960.0,3534410.0,515160.0,3537610.0
train_0682_r6240_c1440,train,6240,1440,0,514360.0,3534410.0,517560.0,3537610.0
train_0683_r6240_c1680,train,6240,1680,0,516760.0,3534410.0,519960.0,3537610.0
train_0684_r6240_c1920,train,6240,1920,0,519160.0,3534410.0,522360.0,3537610.0
train_0685_r6240_c2160,train,6240,2160,0,521560.0,3534410.0,524760.0,3537610.0
train_0686_r6240_c2400,train,6240,2400,13,523960.0,3534410.0,527160.0,3537610.0
train_0687_r6240_c2640,train,6240,2640,7,526360.0,3534410.0,529560.0,3537610.0
train_0688_r6240_c2880,train,6240,2880,1,528760.0,3534410.0,531960.0,3537610.0
train_0689_r6240_c3120,train,6240,3120,1,531160.0,3534410.0,534360.0,3537610.0
train_0690_r6240_c3360,train,6240,3360,2,533560.0,3534410.0,536760.0,3537610.0
train_0691_r6240_c3600,train,6240,3600,0,535960.0,3534410.0,539160.0,3537610.0
train_0692_r6240_c3840,train,6240,3840,0,538360.0,3534410.0,541560.0,3537610.0
train_0693_r6240_c4080,train,6240,4080,0,540760.0,3534410.0,543960.0,3537610.0
train_0694_r6240_c4320,train,6240,4320,0,543160.0,3534410.0,546360.0,3537610.0
train_0695_r6240_c4560,train,6240,4560,1,545560.0,3534410.0,548760.0,3537610.0
train_0696_r6240_c4800,train,6240,4800,2,547960.0,3534410.0,551160.0,3537610.0
train_0697_r6240_c5040,train,6240,5040,1,550360.0,3534410.0,553560.0,3537610.0
train_0698_r6240_c5280,train,6240,5280,0,552760.0,3534410.0,555960.0,3537610.0
train_0699_r6240_c5520,train,6240,5520,5,555160.0,3534410.0,558360.0,3537610.0
train_0700_r6240_c5760,train,6240,5760,8,557560.0,3534410.0,560760.0,3537610.0
train_0701_r6240_c5902,train,6240,5902,5,558980.0,3534410.0,562180.0,3537610.0
train_0702_r6480_c0,train,6480,0,0,499960.0,3532010.0,503160.0,3535210.0
train_0703_r6480_c240,train,6480,240,0,502360.0,3532010.0,505560.0,3535210.0
train_0704_r6480_c480,train,6480,480,0,504760.0,3532010.0,507960.0,3535210.0
train_0705_r6480_c720,train,6480,720,0,507160.0,3532010.0,510360.0,3535210.0
train_0706_r6480_c960,train,6480,960,0,509560.0,3532010.0,512760.0,3535210.0
train_0707_r6480_c1200,train,6480,1200,0,511960.0,3532010.0,515160.0,3535210.0
train_0708_r6480_c1440,train,6480,1440,0,514360.0,3532010.0,517560.0,3535210.0
train_0709_r6480_c1680,train,6480,1680,0,516760.0,3532010.0,519960.0,3535210.0
train_0710_r6480_c1920,train,6480,1920,0,519160.0,3532010.0,522360.0,3535210.0
train_0711_r6480_c2160,train,6480,2160,0,521560.0,3532010.0,524760.0,3535210.0
train_0712_r6480_c2400,train,6480,2400,3,523960.0,3532010.0,527160.0,3535210.0
train_0713_r6480_c2640,train,6480,2640,6,526360.0,3532010.0,529560.0,3535210.0
train_0714_r6480_c2880,train,6480,2880,1,528760.0,3532010.0,531960.0,3535210.0
train_0715_r6480_c3120,train,6480,3120,0,531160.0,3532010.0,534360.0,3535210.0
train_0716_r6480_c3360,train,6480,3360,0,533560.0,3532010.0,536760.0,3535210.0
train_0717_r6480_c3600,train,6480,3600,0,535960.0,3532010.0,539160.0,3535210.0
train_0718_r6480_c3840,train,6480,3840,1,538360.0,3532010.0,541560.0,3535210.0
train_0719_r6480_c4080,train,6480,4080,0,540760.0,3532010.0,543960.0,3535210.0
train_0720_r6480_c4320,train,6480,4320,0,543160.0,3532010.0,546360.0,3535210.0
train_0721_r6480_c4560,train,6480,4560,0,545560.0,3532010.0,548760.0,3535210.0
train_0722_r6480_c4800,train,6480,4800,1,547960.0,3532010.0,551160.0,3535210.0
train_0723_r6480_c5040,train,6480,5040,3,550360.0,3532010.0,553560.0,3535210.0
train_0724_r6480_c5280,train,6480,5280,1,552760.0,3532010.0,555960.0,3535210.0
train_0725_r6480_c5520,train,6480,5520,5,555160.0,3532010.0,558360.0,3535210.0
train_0726_r6480_c5760,train,6480,5760,7,557560.0,3532010.0,560760.0,3535210.0
train_0727_r6480_c5902,train,6480,5902,9,558980.0,3532010.0,562180.0,3535210.0
train_0728_r6720_c0,train,6720,0,0,499960.0,3529610.0,503160.0,3532810.0
train_0729_r6720_c240,train,6720,240,1,502360.0,3529610.0,505560.0,3532810.0
train_0730_r6720_c480,train,6720,480,0,504760.0,3529610.0,507960.0,3532810.0
train_0731_r6720_c720,train,6720,720,0,507160.0,3529610.0,510360.0,3532810.0
train_0732_r6720_c960,train,6720,960,0,509560.0,3529610.0,512760.0,3532810.0
train_0733_r6720_c1200,train,6720,1200,0,511960.0,3529610.0,515160.0,3532810.0
train_0734_r6720_c1440,train,6720,1440,0,514360.0,3529610.0,517560.0,3532810.0
train_0735_r6720_c1680,train,6720,1680,1,516760.0,3529610.0,519960.0,3532810.0
train_0736_r6720_c1920,train,6720,1920,2,519160.0,3529610.0,522360.0,3532810.0
train_0737_r6720_c2160,train,6720,2160,0,521560.0,3529610.0,524760.0,3532810.0
train_0738_r6720_c2400,train,6720,2400,0,523960.0,3529610.0,527160.0,3532810.0
train_0739_r6720_c2640,train,6720,2640,0,526360.0,3529610.0,529560.0,3532810.0
train_0740_r6720_c2880,train,6720,2880,0,528760.0,3529610.0,531960.0,3532810.0
train_0741_r6720_c3120,train,6720,3120,0,531160.0,3529610.0,534360.0,3532810.0
train_0742_r6720_c3360,train,6720,3360,2,533560.0,3529610.0,536760.0,3532810.0
train_0743_r6720_c3600,train,6720,3600,2,535960.0,3529610.0,539160.0,3532810.0
train_0744_r6720_c3840,train,6720,3840,4,538360.0,3529610.0,541560.0,3532810.0
train_0745_r6720_c4080,train,6720,4080,2,540760.0,3529610.0,543960.0,3532810.0
train_0746_r6720_c4320,train,6720,4320,0,543160.0,3529610.0,546360.0,3532810.0
train_0747_r6720_c4560,train,6720,4560,0,545560.0,3529610.0,548760.0,3532810.0
train_0748_r6720_c4800,train,6720,4800,0,547960.0,3529610.0,551160.0,3532810.0
train_0749_r6720_c5040,train,6720,5040,2,550360.0,3529610.0,553560.0,3532810.0
train_0750_r6720_c5280,train,6720,5280,0,552760.0,3529610.0,555960.0,3532810.0
train_0751_r6720_c5520,train,6720,5520,4,555160.0,3529610.0,558360.0,3532810.0
train_0752_r6720_c5760,train,6720,5760,1,557560.0,3529610.0,560760.0,3532810.0
train_0753_r6720_c5902,train,6720,5902,4,558980.0,3529610.0,562180.0,3532810.0
train_0754_r6960_c0,train,6960,0,0,499960.0,3527210.0,503160.0,3530410.0
train_0755_r6960_c240,train,6960,240,3,502360.0,3527210.0,505560.0,3530410.0
train_0756_r6960_c480,train,6960,480,4,504760.0,3527210.0,507960.0,3530410.0
train_0757_r6960_c720,train,6960,720,0,507160.0,3527210.0,510360.0,3530410.0
train_0758_r6960_c960,train,6960,960,0,509560.0,3527210.0,512760.0,3530410.0
train_0759_r6960_c1200,train,6960,1200,0,511960.0,3527210.0,515160.0,3530410.0
train_0760_r6960_c1440,train,6960,1440,0,514360.0,3527210.0,517560.0,3530410.0
train_0761_r6960_c1680,train,6960,1680,0,516760.0,3527210.0,519960.0,3530410.0
train_0762_r6960_c1920,train,6960,1920,2,519160.0,3527210.0,522360.0,3530410.0
train_0763_r6960_c2160,train,6960,2160,2,521560.0,3527210.0,524760.0,3530410.0
train_0764_r6960_c2400,train,6960,2400,5,523960.0,3527210.0,527160.0,3530410.0
train_0765_r6960_c2640,train,6960,2640,0,526360.0,3527210.0,529560.0,3530410.0
train_0766_r6960_c2880,train,6960,2880,0,528760.0,3527210.0,531960.0,3530410.0
train_0767_r6960_c3120,train,6960,3120,0,531160.0,3527210.0,534360.0,3530410.0
train_0768_r6960_c3360,train,6960,3360,0,533560.0,3527210.0,536760.0,3530410.0
train_0769_r6960_c3600,train,6960,3600,0,535960.0,3527210.0,539160.0,3530410.0
train_0770_r6960_c3840,train,6960,3840,0,538360.0,3527210.0,541560.0,3530410.0
train_0771_r6960_c4080,train,6960,4080,0,540760.0,3527210.0,543960.0,3530410.0
train_0772_r6960_c4320,train,6960,4320,0,543160.0,3527210.0,546360.0,3530410.0
train_0773_r6960_c4560,train,6960,4560,0,545560.0,3527210.0,548760.0,3530410.0
train_0774_r6960_c4800,train,6960,4800,0,547960.0,3527210.0,551160.0,3530410.0
train_0775_r6960_c5040,train,6960,5040,1,550360.0,3527210.0,553560.0,3530410.0
train_0776_r6960_c5280,train,6960,5280,0,552760.0,3527210.0,555960.0,3530410.0
train_0777_r6960_c5520,train,6960,5520,1,555160.0,3527210.0,558360.0,3530410.0
train_0778_r6960_c5760,train,6960,5760,2,557560.0,3527210.0,560760.0,3530410.0
train_0779_r6960_c5902,train,6960,5902,2,558980.0,3527210.0,562180.0,3530410.0
train_0780_r7200_c0,train,7200,0,0,499960.0,3524810.0,503160.0,3528010.0
train_0781_r7200_c240,train,7200,240,0,502360.0,3524810.0,505560.0,3528010.0
train_0782_r7200_c480,train,7200,480,1,504760.0,3524810.0,507960.0,3528010.0
train_0783_r7200_c720,train,7200,720,0,507160.0,3524810.0,510360.0,3528010.0
train_0784_r7200_c960,train,7200,960,0,509560.0,3524810.0,512760.0,3528010.0
train_0785_r7200_c1200,train,7200,1200,0,511960.0,3524810.0,515160.0,3528010.0
train_0786_r7200_c1440,train,7200,1440,0,514360.0,3524810.0,517560.0,3528010.0
train_0787_r7200_c1680,train,7200,1680,0,516760.0,3524810.0,519960.0,3528010.0
train_0788_r7200_c1920,train,7200,1920,0,519160.0,3524810.0,522360.0,3528010.0
train_0789_r7200_c2160,train,7200,2160,2,521560.0,3524810.0,524760.0,3528010.0
train_0790_r7200_c2400,train,7200,2400,5,523960.0,3524810.0,527160.0,3528010.0
train_0791_r7200_c2640,train,7200,2640,0,526360.0,3524810.0,529560.0,3528010.0
train_0792_r7200_c2880,train,7200,2880,0,528760.0,3524810.0,531960.0,3528010.0
train_0793_r7200_c3120,train,7200,3120,0,531160.0,3524810.0,534360.0,3528010.0
train_0794_r7200_c3360,train,7200,3360,0,533560.0,3524810.0,536760.0,3528010.0
train_0795_r7200_c3600,train,7200,3600,0,535960.0,3524810.0,539160.0,3528010.0
train_0796_r7200_c3840,train,7200,3840,0,538360.0,3524810.0,541560.0,3528010.0
train_0797_r7200_c4080,train,7200,4080,0,540760.0,3524810.0,543960.0,3528010.0
train_0798_r7200_c4320,train,7200,4320,1,543160.0,3524810.0,546360.0,3528010.0
train_0799_r7200_c4560,train,7200,4560,0,545560.0,3524810.0,548760.0,3528010.0
train_0800_r7200_c4800,train,7200,4800,1,547960.0,3524810.0,551160.0,3528010.0
train_0801_r7200_c5040,train,7200,5040,0,550360.0,3524810.0,553560.0,3528010.0
train_0802_r7200_c5280,train,7200,5280,0,552760.0,3524810.0,555960.0,3528010.0
train_0803_r7200_c5520,train,7200,5520,0,555160.0,3524810.0,558360.0,3528010.0
train_0804_r7200_c5760,train,7200,5760,0,557560.0,3524810.0,560760.0,3528010.0
train_0805_r7200_c5902,train,7200,5902,1,558980.0,3524810.0,562180.0,3528010.0
train_0806_r7440_c0,train,7440,0,0,499960.0,3522410.0,503160.0,3525610.0
train_0807_r7440_c240,train,7440,240,0,502360.0,3522410.0,505560.0,3525610.0
train_0808_r7440_c480,train,7440,480,3,504760.0,3522410.0,507960.0,3525610.0
train_0809_r7440_c720,train,7440,720,1,507160.0,3522410.0,510360.0,3525610.0
train_0810_r7440_c960,train,7440,960,0,509560.0,3522410.0,512760.0,3525610.0
train_0811_r7440_c1200,train,7440,1200,1,511960.0,3522410.0,515160.0,3525610.0
train_0812_r7440_c1440,train,7440,1440,1,514360.0,3522410.0,517560.0,3525610.0
train_0813_r7440_c1680,train,7440,1680,0,516760.0,3522410.0,519960.0,3525610.0
train_0814_r7440_c1920,train,7440,1920,1,519160.0,3522410.0,522360.0,3525610.0
train_0815_r7440_c2160,train,7440,2160,0,521560.0,3522410.0,524760.0,3525610.0
train_0816_r7440_c2400,train,7440,2400,0,523960.0,3522410.0,527160.0,3525610.0
train_0817_r7440_c2640,train,7440,2640,1,526360.0,3522410.0,529560.0,3525610.0
train_0818_r7440_c2880,train,7440,2880,1,528760.0,3522410.0,531960.0,3525610.0
train_0819_r7440_c3120,train,7440,3120,0,531160.0,3522410.0,534360.0,3525610.0
train_0820_r7440_c3360,train,7440,3360,0,533560.0,3522410.0,536760.0,3525610.0
train_0821_r7440_c3600,train,7440,3600,0,535960.0,3522410.0,539160.0,3525610.0
train_0822_r7440_c3840,train,7440,3840,0,538360.0,3522410.0,541560.0,3525610.0
train_0823_r7440_c4080,train,7440,4080,0,540760.0,3522410.0,543960.0,3525610.0
train_0824_r7440_c4320,train,7440,4320,2,543160.0,3522410.0,546360.0,3525610.0
train_0825_r7440_c4560,train,7440,4560,1,545560.0,3522410.0,548760.0,3525610.0
train_0826_r7440_c4800,train,7440,4800,1,547960.0,3522410.0,551160.0,3525610.0
train_0827_r7440_c5040,train,7440,5040,0,550360.0,3522410.0,553560.0,3525610.0
train_0828_r7440_c5280,train,7440,5280,0,552760.0,3522410.0,555960.0,3525610.0
train_0829_r7440_c5520,train,7440,5520,0,555160.0,3522410.0,558360.0,3525610.0
train_0830_r7440_c5760,train,7440,5760,0,557560.0,3522410.0,560760.0,3525610.0
train_0831_r7440_c5902,train,7440,5902,1,558980.0,3522410.0,562180.0,3525610.0
train_0832_r7680_c0,train,7680,0,1,499960.0,3520010.0,503160.0,3523210.0
train_0833_r7680_c240,train,7680,240,1,502360.0,3520010.0,505560.0,3523210.0
train_0834_r7680_c480,train,7680,480,0,504760.0,3520010.0,507960.0,3523210.0
train_0835_r7680_c720,train,7680,720,0,507160.0,3520010.0,510360.0,3523210.0
train_0836_r7680_c960,train,7680,960,0,509560.0,3520010.0,512760.0,3523210.0
train_0837_r7680_c1200,train,7680,1200,0,511960.0,3520010.0,515160.0,3523210.0
train_0838_r7680_c1440,train,7680,1440,2,514360.0,3520010.0,517560.0,3523210.0
train_0839_r7680_c1680,train,7680,1680,0,516760.0,3520010.0,519960.0,3523210.0
train_0840_r7680_c1920,train,7680,1920,0,519160.0,3520010.0,522360.0,3523210.0
train_0841_r7680_c2160,train,7680,2160,0,521560.0,3520010.0,524760.0,3523210.0
train_0842_r7680_c2400,train,7680,2400,0,523960.0,3520010.0,527160.0,3523210.0
train_0843_r7680_c2640,train,7680,2640,0,526360.0,3520010.0,529560.0,3523210.0
train_0844_r7680_c2880,train,7680,2880,3,528760.0,3520010.0,531960.0,3523210.0
train_0845_r7680_c3120,train,7680,3120,3,531160.0,3520010.0,534360.0,3523210.0
train_0846_r7680_c3360,train,7680,3360,1,533560.0,3520010.0,536760.0,3523210.0
train_0847_r7680_c3600,train,7680,3600,0,535960.0,3520010.0,539160.0,3523210.0
train_0848_r7680_c3840,train,7680,3840,0,538360.0,3520010.0,541560.0,3523210.0
train_0849_r7680_c4080,train,7680,4080,1,540760.0,3520010.0,543960.0,3523210.0
train_0850_r7680_c4320,train,7680,4320,1,543160.0,3520010.0,546360.0,3523210.0
train_0851_r7680_c4560,train,7680,4560,0,545560.0,3520010.0,548760.0,3523210.0
train_0852_r7680_c4800,train,7680,4800,0,547960.0,3520010.0,551160.0,3523210.0
train_0853_r7680_c5040,train,7680,5040,0,550360.0,3520010.0,553560.0,3523210.0
train_0854_r7680_c5280,train,7680,5280,0,552760.0,3520010.0,555960.0,3523210.0
train_0855_r7680_c5520,train,7680,5520,0,555160.0,3520010.0,558360.0,3523210.0
train_0856_r7680_c5760,train,7680,5760,0,557560.0,3520010.0,560760.0,3523210.0
train_0857_r7680_c5902,train,7680,5902,0,558980.0,3520010.0,562180.0,3523210.0
train_0858_r7920_c0,train,7920,0,1,499960.0,3517610.0,503160.0,3520810.0
train_0859_r7920_c240,train,7920,240,1,502360.0,3517610.0,505560.0,3520810.0
train_0860_r7920_c480,train,7920,480,0,504760.0,3517610.0,507960.0,3520810.0
train_0861_r7920_c720,train,7920,720,0,507160.0,3517610.0,510360.0,3520810.0
train_0862_r7920_c960,train,7920,960,0,509560.0,3517610.0,512760.0,3520810.0
train_0863_r7920_c1200,train,7920,1200,1,511960.0,3517610.0,515160.0,3520810.0
train_0864_r7920_c1440,train,7920,1440,1,514360.0,3517610.0,517560.0,3520810.0
train_0865_r7920_c1680,train,7920,1680,0,516760.0,3517610.0,519960.0,3520810.0
train_0866_r7920_c1920,train,7920,1920,0,519160.0,3517610.0,522360.0,3520810.0
train_0867_r7920_c2160,train,7920,2160,1,521560.0,3517610.0,524760.0,3520810.0
train_0868_r7920_c2400,train,7920,2400,0,523960.0,3517610.0,527160.0,3520810.0
train_0869_r7920_c2640,train,7920,2640,0,526360.0,3517610.0,529560.0,3520810.0
train_0870_r7920_c2880,train,7920,2880,2,528760.0,3517610.0,531960.0,3520810.0
train_0871_r7920_c3120,train,7920,3120,3,531160.0,3517610.0,534360.0,3520810.0
train_0872_r7920_c3360,train,7920,3360,2,533560.0,3517610.0,536760.0,3520810.0
train_0873_r7920_c3600,train,7920,3600,1,535960.0,3517610.0,539160.0,3520810.0
train_0874_r7920_c3840,train,7920,3840,0,538360.0,3517610.0,541560.0,3520810.0
train_0875_r7920_c4080,train,7920,4080,1,540760.0,3517610.0,543960.0,3520810.0
train_0876_r7920_c4320,train,7920,4320,0,543160.0,3517610.0,546360.0,3520810.0
train_0877_r7920_c4560,train,7920,4560,0,545560.0,3517610.0,548760.0,3520810.0
train_0878_r7920_c4800,train,7920,4800,0,547960.0,3517610.0,551160.0,3520810.0
train_0879_r7920_c5040,train,7920,5040,0,550360.0,3517610.0,553560.0,3520810.0
train_0880_r7920_c5280,train,7920,5280,0,552760.0,3517610.0,555960.0,3520810.0
train_0881_r7920_c5520,train,7920,5520,0,555160.0,3517610.0,558360.0,3520810.0
train_0882_r7920_c5760,train,7920,5760,0,557560.0,3517610.0,560760.0,3520810.0
train_0883_r7920_c5902,train,7920,5902,0,558980.0,3517610.0,562180.0,3520810.0
train_0884_r8160_c0,train,8160,0,2,499960.0,3515210.0,503160.0,3518410.0
train_0885_r8160_c240,train,8160,240,0,502360.0,3515210.0,505560.0,3518410.0
train_0886_r8160_c480,train,8160,480,0,504760.0,3515210.0,507960.0,3518410.0
train_0887_r8160_c720,train,8160,720,0,507160.0,3515210.0,510360.0,3518410.0
train_0888_r8160_c960,train,8160,960,0,509560.0,3515210.0,512760.0,3518410.0
train_0889_r8160_c1200,train,8160,1200,2,511960.0,3515210.0,515160.0,3518410.0
train_0890_r8160_c1440,train,8160,1440,0,514360.0,3515210.0,517560.0,3518410.0
train_0891_r8160_c1680,train,8160,1680,0,516760.0,3515210.0,519960.0,3518410.0
train_0892_r8160_c1920,train,8160,1920,0,519160.0,3515210.0,522360.0,3518410.0
train_0893_r8160_c2160,train,8160,2160,0,521560.0,3515210.0,524760.0,3518410.0
train_0894_r8160_c2400,train,8160,2400,0,523960.0,3515210.0,527160.0,3518410.0
train_0895_r8160_c2640,train,8160,2640,0,526360.0,3515210.0,529560.0,3518410.0
train_0896_r8160_c2880,train,8160,2880,0,528760.0,3515210.0,531960.0,3518410.0
train_0897_r8160_c3120,train,8160,3120,0,531160.0,3515210.0,534360.0,3518410.0
train_0898_r8160_c3360,train,8160,3360,4,533560.0,3515210.0,536760.0,3518410.0
train_0899_r8160_c3600,train,8160,3600,0,535960.0,3515210.0,539160.0,3518410.0
train_0900_r8160_c3840,train,8160,3840,0,538360.0,3515210.0,541560.0,3518410.0
train_0901_r8160_c4080,train,8160,4080,0,540760.0,3515210.0,543960.0,3518410.0
train_0902_r8160_c4320,train,8160,4320,0,543160.0,3515210.0,546360.0,3518410.0
train_0903_r8160_c4560,train,8160,4560,3,545560.0,3515210.0,548760.0,3518410.0
train_0904_r8160_c4800,train,8160,4800,3,547960.0,3515210.0,551160.0,3518410.0
train_0905_r8160_c5040,train,8160,5040,0,550360.0,3515210.0,553560.0,3518410.0
train_0906_r8160_c5280,train,8160,5280,3,552760.0,3515210.0,555960.0,3518410.0
train_0907_r8160_c5520,train,8160,5520,3,555160.0,3515210.0,558360.0,3518410.0
train_0908_r8160_c5760,train,8160,5760,0,557560.0,3515210.0,560760.0,3518410.0
train_0909_r8160_c5902,train,8160,5902,0,558980.0,3515210.0,562180.0,3518410.0
train_0910_r8400_c0,train,8400,0,1,499960.0,3512810.0,503160.0,3516010.0
train_0911_r8400_c240,train,8400,240,0,502360.0,3512810.0,505560.0,3516010.0
train_0912_r8400_c480,train,8400,480,0,504760.0,3512810.0,507960.0,3516010.0
train_0913_r8400_c720,train,8400,720,0,507160.0,3512810.0,510360.0,3516010.0
train_0914_r8400_c960,train,8400,960,0,509560.0,3512810.0,512760.0,3516010.0
train_0915_r8400_c1200,train,8400,1200,0,511960.0,3512810.0,515160.0,3516010.0
train_0916_r8400_c1440,train,8400,1440,0,514360.0,3512810.0,517560.0,3516010.0
train_0917_r8400_c1680,train,8400,1680,0,516760.0,3512810.0,519960.0,3516010.0
train_0918_r8400_c1920,train,8400,1920,0,519160.0,3512810.0,522360.0,3516010.0
train_0919_r8400_c2160,train,8400,2160,0,521560.0,3512810.0,524760.0,3516010.0
train_0920_r8400_c2400,train,8400,2400,0,523960.0,3512810.0,527160.0,3516010.0
train_0921_r8400_c2640,train,8400,2640,0,526360.0,3512810.0,529560.0,3516010.0
train_0922_r8400_c2880,train,8400,2880,1,528760.0,3512810.0,531960.0,3516010.0
train_0923_r8400_c3120,train,8400,3120,1,531160.0,3512810.0,534360.0,3516010.0
train_0924_r8400_c3360,train,8400,3360,4,533560.0,3512810.0,536760.0,3516010.0
train_0925_r8400_c3600,train,8400,3600,0,535960.0,3512810.0,539160.0,3516010.0
train_0926_r8400_c3840,train,8400,3840,0,538360.0,3512810.0,541560.0,3516010.0
train_0927_r8400_c4080,train,8400,4080,0,540760.0,3512810.0,543960.0,3516010.0
train_0928_r8400_c4320,train,8400,4320,0,543160.0,3512810.0,546360.0,3516010.0
train_0929_r8400_c4560,train,8400,4560,3,545560.0,3512810.0,548760.0,3516010.0
train_0930_r8400_c4800,train,8400,4800,4,547960.0,3512810.0,551160.0,3516010.0
train_0931_r8400_c5040,train,8400,5040,0,550360.0,3512810.0,553560.0,3516010.0
train_0932_r8400_c5280,train,8400,5280,7,552760.0,3512810.0,555960.0,3516010.0
train_0933_r8400_c5520,train,8400,5520,7,555160.0,3512810.0,558360.0,3516010.0
train_0934_r8400_c5760,train,8400,5760,1,557560.0,3512810.0,560760.0,3516010.0
train_0935_r8400_c5902,train,8400,5902,1,558980.0,3512810.0,562180.0,3516010.0
train_0936_r8640_c0,train,8640,0,0,499960.0,3510410.0,503160.0,3513610.0
train_0937_r8640_c240,train,8640,240,0,502360.0,3510410.0,505560.0,3513610.0
train_0938_r8640_c480,train,8640,480,0,504760.0,3510410.0,507960.0,3513610.0
train_0939_r8640_c720,train,8640,720,0,507160.0,3510410.0,510360.0,3513610.0
train_0940_r8640_c960,train,8640,960,0,509560.0,3510410.0,512760.0,3513610.0
train_0941_r8640_c1200,train,8640,1200,0,511960.0,3510410.0,515160.0,3513610.0
train_0942_r8640_c1440,train,8640,1440,0,514360.0,3510410.0,517560.0,3513610.0
train_0943_r8640_c1680,train,8640,1680,0,516760.0,3510410.0,519960.0,3513610.0
train_0944_r8640_c1920,train,8640,1920,0,519160.0,3510410.0,522360.0,3513610.0
train_0945_r8640_c2160,train,8640,2160,0,521560.0,3510410.0,524760.0,3513610.0
train_0946_r8640_c2400,train,8640,2400,0,523960.0,3510410.0,527160.0,3513610.0
train_0947_r8640_c2640,train,8640,2640,0,526360.0,3510410.0,529560.0,3513610.0
train_0948_r8640_c2880,train,8640,2880,2,528760.0,3510410.0,531960.0,3513610.0
train_0949_r8640_c3120,train,8640,3120,3,531160.0,3510410.0,534360.0,3513610.0
train_0950_r8640_c3360,train,8640,3360,3,533560.0,3510410.0,536760.0,3513610.0
train_0951_r8640_c3600,train,8640,3600,0,535960.0,3510410.0,539160.0,3513610.0
train_0952_r8640_c3840,train,8640,3840,0,538360.0,3510410.0,541560.0,3513610.0
train_0953_r8640_c4080,train,8640,4080,0,540760.0,3510410.0,543960.0,3513610.0
train_0954_r8640_c4320,train,8640,4320,0,543160.0,3510410.0,546360.0,3513610.0
train_0955_r8640_c4560,train,8640,4560,0,545560.0,3510410.0,548760.0,3513610.0
train_0956_r8640_c4800,train,8640,4800,2,547960.0,3510410.0,551160.0,3513610.0
train_0957_r8640_c5040,train,8640,5040,2,550360.0,3510410.0,553560.0,3513610.0
train_0958_r8640_c5280,train,8640,5280,1,552760.0,3510410.0,555960.0,3513610.0
train_0959_r8640_c5520,train,8640,5520,0,555160.0,3510410.0,558360.0,3513610.0
train_0960_r8640_c5760,train,8640,5760,0,557560.0,3510410.0,560760.0,3513610.0
train_0961_r8640_c5902,train,8640,5902,0,558980.0,3510410.0,562180.0,3513610.0
train_0962_r8880_c0,train,8880,0,0,499960.0,3508010.0,503160.0,3511210.0
train_0963_r8880_c240,train,8880,240,0,502360.0,3508010.0,505560.0,3511210.0
train_0964_r8880_c480,train,8880,480,0,504760.0,3508010.0,507960.0,3511210.0
train_0965_r8880_c720,train,8880,720,0,507160.0,3508010.0,510360.0,3511210.0
train_0966_r8880_c960,train,8880,960,1,509560.0,3508010.0,512760.0,3511210.0
train_0967_r8880_c1200,train,8880,1200,0,511960.0,3508010.0,515160.0,3511210.0
train_0968_r8880_c1440,train,8880,1440,0,514360.0,3508010.0,517560.0,3511210.0
train_0969_r8880_c1680,train,8880,1680,0,516760.0,3508010.0,519960.0,3511210.0
train_0970_r8880_c1920,train,8880,1920,0,519160.0,3508010.0,522360.0,3511210.0
train_0971_r8880_c2160,train,8880,2160,1,521560.0,3508010.0,524760.0,3511210.0
train_0972_r8880_c2400,train,8880,2400,0,523960.0,3508010.0,527160.0,3511210.0
train_0973_r8880_c2640,train,8880,2640,1,526360.0,3508010.0,529560.0,3511210.0
train_0974_r8880_c2880,train,8880,2880,2,528760.0,3508010.0,531960.0,3511210.0
train_0975_r8880_c3120,train,8880,3120,6,531160.0,3508010.0,534360.0,3511210.0
train_0976_r8880_c3360,train,8880,3360,1,533560.0,3508010.0,536760.0,3511210.0
train_0977_r8880_c3600,train,8880,3600,1,535960.0,3508010.0,539160.0,3511210.0
train_0978_r8880_c3840,train,8880,3840,0,538360.0,3508010.0,541560.0,3511210.0
train_0979_r8880_c4080,train,8880,4080,0,540760.0,3508010.0,543960.0,3511210.0
train_0980_r8880_c4320,train,8880,4320,0,543160.0,3508010.0,546360.0,3511210.0
train_0981_r8880_c4560,train,8880,4560,0,545560.0,3508010.0,548760.0,3511210.0
train_0982_r8880_c4800,train,8880,4800,1,547960.0,3508010.0,551160.0,3511210.0
train_0983_r8880_c5040,train,8880,5040,5,550360.0,3508010.0,553560.0,3511210.0
train_0984_r8880_c5280,train,8880,5280,1,552760.0,3508010.0,555960.0,3511210.0
train_0985_r8880_c5520,train,8880,5520,0,555160.0,3508010.0,558360.0,3511210.0
train_0986_r8880_c5760,train,8880,5760,1,557560.0,3508010.0,560760.0,3511210.0
train_0987_r8880_c5902,train,8880,5902,1,558980.0,3508010.0,562180.0,3511210.0
train_0988_r9120_c0,train,9120,0,4,499960.0,3505610.0,503160.0,3508810.0
train_0989_r9120_c240,train,9120,240,2,502360.0,3505610.0,505560.0,3508810.0
train_0990_r9120_c480,train,9120,480,3,504760.0,3505610.0,507960.0,3508810.0
train_0991_r9120_c720,train,9120,720,1,507160.0,3505610.0,510360.0,3508810.0
train_0992_r9120_c960,train,9120,960,1,509560.0,3505610.0,512760.0,3508810.0
train_0993_r9120_c1200,train,9120,1200,0,511960.0,3505610.0,515160.0,3508810.0
train_0994_r9120_c1440,train,9120,1440,0,514360.0,3505610.0,517560.0,3508810.0
train_0995_r9120_c1680,train,9120,1680,0,516760.0,3505610.0,519960.0,3508810.0
train_0996_r9120_c1920,train,9120,1920,0,519160.0,3505610.0,522360.0,3508810.0
train_0997_r9120_c2160,train,9120,2160,0,521560.0,3505610.0,524760.0,3508810.0
train_0998_r9120_c2400,train,9120,2400,0,523960.0,3505610.0,527160.0,3508810.0
train_0999_r9120_c2640,train,9120,2640,1,526360.0,3505610.0,529560.0,3508810.0
train_1000_r9120_c2880,train,9120,2880,0,528760.0,3505610.0,531960.0,3508810.0
train_1001_r9120_c3120,train,9120,3120,0,531160.0,3505610.0,534360.0,3508810.0
train_1002_r9120_c3360,train,9120,3360,0,533560.0,3505610.0,536760.0,3508810.0
train_1003_r9120_c3600,train,9120,3600,1,535960.0,3505610.0,539160.0,3508810.0
train_1004_r9120_c3840,train,9120,3840,1,538360.0,3505610.0,541560.0,3508810.0
train_1005_r9120_c4080,train,9120,4080,0,540760.0,3505610.0,543960.0,3508810.0
train_1006_r9120_c4320,train,9120,4320,0,543160.0,3505610.0,546360.0,3508810.0
train_1007_r9120_c4560,train,9120,4560,0,545560.0,3505610.0,548760.0,3508810.0
train_1008_r9120_c4800,train,9120,4800,2,547960.0,3505610.0,551160.0,3508810.0
train_1009_r9120_c5040,train,9120,5040,1,550360.0,3505610.0,553560.0,3508810.0
train_1010_r9120_c5280,train,9120,5280,1,552760.0,3505610.0,555960.0,3508810.0
train_1011_r9120_c5520,train,9120,5520,0,555160.0,3505610.0,558360.0,3508810.0
train_1012_r9120_c5760,train,9120,5760,1,557560.0,3505610.0,560760.0,3508810.0
train_1013_r9120_c5902,train,9120,5902,1,558980.0,3505610.0,562180.0,3508810.0
train_1014_r9360_c0,train,9360,0,1,499960.0,3503210.0,503160.0,3506410.0
train_1015_r9360_c240,train,9360,240,0,502360.0,3503210.0,505560.0,3506410.0
train_1016_r9360_c480,train,9360,480,3,504760.0,3503210.0,507960.0,3506410.0
train_1017_r9360_c720,train,9360,720,1,507160.0,3503210.0,510360.0,3506410.0
train_1018_r9360_c960,train,9360,960,0,509560.0,3503210.0,512760.0,3506410.0
train_1019_r9360_c1200,train,9360,1200,2,511960.0,3503210.0,515160.0,3506410.0
train_1020_r9360_c1440,train,9360,1440,2,514360.0,3503210.0,517560.0,3506410.0
train_1021_r9360_c1680,train,9360,1680,1,516760.0,3503210.0,519960.0,3506410.0
train_1022_r9360_c1920,train,9360,1920,2,519160.0,3503210.0,522360.0,3506410.0
train_1023_r9360_c2160,train,9360,2160,0,521560.0,3503210.0,524760.0,3506410.0
train_1024_r9360_c2400,train,9360,2400,1,523960.0,3503210.0,527160.0,3506410.0
train_1025_r9360_c2640,train,9360,2640,1,526360.0,3503210.0,529560.0,3506410.0
train_1026_r9360_c2880,train,9360,2880,0,528760.0,3503210.0,531960.0,3506410.0
train_1027_r9360_c3120,train,9360,3120,0,531160.0,3503210.0,534360.0,3506410.0
train_1028_r9360_c3360,train,9360,3360,1,533560.0,3503210.0,536760.0,3506410.0
train_1029_r9360_c3600,train,9360,3600,2,535960.0,3503210.0,539160.0,3506410.0
train_1030_r9360_c3840,train,9360,3840,0,538360.0,3503210.0,541560.0,3506410.0
train_1031_r9360_c4080,train,9360,4080,0,540760.0,3503210.0,543960.0,3506410.0
train_1032_r9360_c4320,train,9360,4320,4,543160.0,3503210.0,546360.0,3506410.0
train_1033_r9360_c4560,train,9360,4560,7,545560.0,3503210.0,548760.0,3506410.0
train_1034_r9360_c4800,train,9360,4800,4,547960.0,3503210.0,551160.0,3506410.0
train_1035_r9360_c5040,train,9360,5040,0,550360.0,3503210.0,553560.0,3506410.0
train_1036_r9360_c5280,train,9360,5280,1,552760.0,3503210.0,555960.0,3506410.0
train_1037_r9360_c5520,train,9360,5520,4,555160.0,3503210.0,558360.0,3506410.0
train_1038_r9360_c5760,train,9360,5760,1,557560.0,3503210.0,560760.0,3506410.0
train_1039_r9360_c5902,train,9360,5902,3,558980.0,3503210.0,562180.0,3506410.0
train_1040_r9600_c0,train,9600,0,0,499960.0,3500810.0,503160.0,3504010.0
train_1041_r9600_c240,train,9600,240,2,502360.0,3500810.0,505560.0,3504010.0
train_1042_r9600_c480,train,9600,480,1,504760.0,3500810.0,507960.0,3504010.0
train_1043_r9600_c720,train,9600,720,0,507160.0,3500810.0,510360.0,3504010.0
train_1044_r9600_c960,train,9600,960,0,509560.0,3500810.0,512760.0,3504010.0
train_1045_r9600_c1200,train,9600,1200,2,511960.0,3500810.0,515160.0,3504010.0
train_1046_r9600_c1440,train,9600,1440,2,514360.0,3500810.0,517560.0,3504010.0
train_1047_r9600_c1680,train,9600,1680,2,516760.0,3500810.0,519960.0,3504010.0
train_1048_r9600_c1920,train,9600,1920,2,519160.0,3500810.0,522360.0,3504010.0
train_1049_r9600_c2160,train,9600,2160,1,521560.0,3500810.0,524760.0,3504010.0
train_1050_r9600_c2400,train,9600,2400,1,523960.0,3500810.0,527160.0,3504010.0
train_1051_r9600_c2640,train,9600,2640,5,526360.0,3500810.0,529560.0,3504010.0
train_1052_r9600_c2880,train,9600,2880,0,528760.0,3500810.0,531960.0,3504010.0
train_1053_r9600_c3120,train,9600,3120,0,531160.0,3500810.0,534360.0,3504010.0
train_1054_r9600_c3360,train,9600,3360,3,533560.0,3500810.0,536760.0,3504010.0
train_1055_r9600_c3600,train,9600,3600,8,535960.0,3500810.0,539160.0,3504010.0
train_1056_r9600_c3840,train,9600,3840,7,538360.0,3500810.0,541560.0,3504010.0
train_1057_r9600_c4080,train,9600,4080,4,540760.0,3500810.0,543960.0,3504010.0
train_1058_r9600_c4320,train,9600,4320,0,543160.0,3500810.0,546360.0,3504010.0
train_1059_r9600_c4560,train,9600,4560,3,545560.0,3500810.0,548760.0,3504010.0
train_1060_r9600_c4800,train,9600,4800,6,547960.0,3500810.0,551160.0,3504010.0
train_1061_r9600_c5040,train,9600,5040,3,550360.0,3500810.0,553560.0,3504010.0
train_1062_r9600_c5280,train,9600,5280,0,552760.0,3500810.0,555960.0,3504010.0
train_1063_r9600_c5520,train,9600,5520,0,555160.0,3500810.0,558360.0,3504010.0
train_1064_r9600_c5760,train,9600,5760,0,557560.0,3500810.0,560760.0,3504010.0
train_1065_r9600_c5902,train,9600,5902,1,558980.0,3500810.0,562180.0,3504010.0
train_1066_r9840_c0,train,9840,0,0,499960.0,3498410.0,503160.0,3501610.0
train_1067_r9840_c240,train,9840,240,1,502360.0,3498410.0,505560.0,3501610.0
train_1068_r9840_c480,train,9840,480,1,504760.0,3498410.0,507960.0,3501610.0
train_1069_r9840_c720,train,9840,720,0,507160.0,3498410.0,510360.0,3501610.0
train_1070_r9840_c960,train,9840,960,0,509560.0,3498410.0,512760.0,3501610.0
train_1071_r9840_c1200,train,9840,1200,0,511960.0,3498410.0,515160.0,3501610.0
train_1072_r9840_c1440,train,9840,1440,0,514360.0,3498410.0,517560.0,3501610.0
train_1073_r9840_c1680,train,9840,1680,2,516760.0,3498410.0,519960.0,3501610.0
train_1074_r9840_c1920,train,9840,1920,2,519160.0,3498410.0,522360.0,3501610.0
train_1075_r9840_c2160,train,9840,2160,2,521560.0,3498410.0,524760.0,3501610.0
train_1076_r9840_c2400,train,9840,2400,4,523960.0,3498410.0,527160.0,3501610.0
train_1077_r9840_c2640,train,9840,2640,3,526360.0,3498410.0,529560.0,3501610.0
train_1078_r9840_c2880,train,9840,2880,1,528760.0,3498410.0,531960.0,3501610.0
train_1079_r9840_c3120,train,9840,3120,0,531160.0,3498410.0,534360.0,3501610.0
train_1080_r9840_c3360,train,9840,3360,1,533560.0,3498410.0,536760.0,3501610.0
train_1081_r9840_c3600,train,9840,3600,0,535960.0,3498410.0,539160.0,3501610.0
train_1082_r9840_c3840,train,9840,3840,0,538360.0,3498410.0,541560.0,3501610.0
train_1083_r9840_c4080,train,9840,4080,0,540760.0,3498410.0,543960.0,3501610.0
train_1084_r9840_c4320,train,9840,4320,0,543160.0,3498410.0,546360.0,3501610.0
train_1085_r9840_c4560,train,9840,4560,3,545560.0,3498410.0,548760.0,3501610.0
train_1086_r9840_c4800,train,9840,4800,1,547960.0,3498410.0,551160.0,3501610.0
train_1087_r9840_c5040,train,9840,5040,1,550360.0,3498410.0,553560.0,3501610.0
train_1088_r9840_c5280,train,9840,5280,0,552760.0,3498410.0,555960.0,3501610.0
train_1089_r9840_c5520,train,9840,5520,0,555160.0,3498410.0,558360.0,3501610.0
train_1090_r9840_c5760,train,9840,5760,0,557560.0,3498410.0,560760.0,3501610.0
train_1091_r9840_c5902,train,9840,5902,0,558980.0,3498410.0,562180.0,3501610.0
train_1092_r10080_c0,train,10080,0,0,499960.0,3496010.0,503160.0,3499210.0
train_1093_r10080_c240,train,10080,240,0,502360.0,3496010.0,505560.0,3499210.0
train_1094_r10080_c480,train,10080,480,2,504760.0,3496010.0,507960.0,3499210.0
train_1095_r10080_c720,train,10080,720,1,507160.0,3496010.0,510360.0,3499210.0
train_1096_r10080_c960,train,10080,960,1,509560.0,3496010.0,512760.0,3499210.0
train_1097_r10080_c1200,train,10080,1200,0,511960.0,3496010.0,515160.0,3499210.0
train_1098_r10080_c1440,train,10080,1440,0,514360.0,3496010.0,517560.0,3499210.0
train_1099_r10080_c1680,train,10080,1680,0,516760.0,3496010.0,519960.0,3499210.0
train_1100_r10080_c1920,train,10080,1920,2,519160.0,3496010.0,522360.0,3499210.0
train_1101_r10080_c2160,train,10080,2160,3,521560.0,3496010.0,524760.0,3499210.0
train_1102_r10080_c2400,train,10080,2400,1,523960.0,3496010.0,527160.0,3499210.0
train_1103_r10080_c2640,train,10080,2640,3,526360.0,3496010.0,529560.0,3499210.0
train_1104_r10080_c2880,train,10080,2880,3,528760.0,3496010.0,531960.0,3499210.0
train_1105_r10080_c3120,train,10080,3120,0,531160.0,3496010.0,534360.0,3499210.0
train_1106_r10080_c3360,train,10080,3360,1,533560.0,3496010.0,536760.0,3499210.0
train_1107_r10080_c3600,train,10080,3600,2,535960.0,3496010.0,539160.0,3499210.0
train_1108_r10080_c3840,train,10080,3840,4,538360.0,3496010.0,541560.0,3499210.0
train_1109_r10080_c4080,train,10080,4080,0,540760.0,3496010.0,543960.0,3499210.0
train_1110_r10080_c4320,train,10080,4320,0,543160.0,3496010.0,546360.0,3499210.0
train_1111_r10080_c4560,train,10080,4560,4,545560.0,3496010.0,548760.0,3499210.0
train_1112_r10080_c4800,train,10080,4800,2,547960.0,3496010.0,551160.0,3499210.0
train_1113_r10080_c5040,train,10080,5040,2,550360.0,3496010.0,553560.0,3499210.0
train_1114_r10080_c5280,train,10080,5280,0,552760.0,3496010.0,555960.0,3499210.0
train_1115_r10080_c5520,train,10080,5520,0,555160.0,3496010.0,558360.0,3499210.0
train_1116_r10080_c5760,train,10080,5760,0,557560.0,3496010.0,560760.0,3499210.0
train_1117_r10080_c5902,train,10080,5902,0,558980.0,3496010.0,562180.0,3499210.0
train_1118_r10320_c0,train,10320,0,0,499960.0,3493610.0,503160.0,3496810.0
train_1119_r10320_c240,train,10320,240,0,502360.0,3493610.0,505560.0,3496810.0
train_1120_r10320_c480,train,10320,480,0,504760.0,3493610.0,507960.0,3496810.0
train_1121_r10320_c720,train,10320,720,0,507160.0,3493610.0,510360.0,3496810.0
train_1122_r10320_c960,train,10320,960,0,509560.0,3493610.0,512760.0,3496810.0
train_1123_r10320_c1200,train,10320,1200,1,511960.0,3493610.0,515160.0,3496810.0
train_1124_r10320_c1440,train,10320,1440,0,514360.0,3493610.0,517560.0,3496810.0
train_1125_r10320_c1680,train,10320,1680,0,516760.0,3493610.0,519960.0,3496810.0
train_1126_r10320_c1920,train,10320,1920,1,519160.0,3493610.0,522360.0,3496810.0
train_1127_r10320_c2160,train,10320,2160,0,521560.0,3493610.0,524760.0,3496810.0
train_1128_r10320_c2400,train,10320,2400,0,523960.0,3493610.0,527160.0,3496810.0
train_1129_r10320_c2640,train,10320,2640,1,526360.0,3493610.0,529560.0,3496810.0
train_1130_r10320_c2880,train,10320,2880,2,528760.0,3493610.0,531960.0,3496810.0
train_1131_r10320_c3120,train,10320,3120,1,531160.0,3493610.0,534360.0,3496810.0
train_1132_r10320_c3360,train,10320,3360,1,533560.0,3493610.0,536760.0,3496810.0
train_1133_r10320_c3600,train,10320,3600,0,535960.0,3493610.0,539160.0,3496810.0
train_1134_r10320_c3840,train,10320,3840,2,538360.0,3493610.0,541560.0,3496810.0
train_1135_r10320_c4080,train,10320,4080,0,540760.0,3493610.0,543960.0,3496810.0
train_1136_r10320_c4320,train,10320,4320,0,543160.0,3493610.0,546360.0,3496810.0
train_1137_r10320_c4560,train,10320,4560,0,545560.0,3493610.0,548760.0,3496810.0
train_1138_r10320_c4800,train,10320,4800,7,547960.0,3493610.0,551160.0,3496810.0
train_1139_r10320_c5040,train,10320,5040,9,550360.0,3493610.0,553560.0,3496810.0
train_1140_r10320_c5280,train,10320,5280,3,552760.0,3493610.0,555960.0,3496810.0
train_1141_r10320_c5520,train,10320,5520,0,555160.0,3493610.0,558360.0,3496810.0
train_1142_r10320_c5760,train,10320,5760,0,557560.0,3493610.0,560760.0,3496810.0
train_1143_r10320_c5902,train,10320,5902,0,558980.0,3493610.0,562180.0,3496810.0
train_1144_r10560_c0,train,10560,0,0,499960.0,3491210.0,503160.0,3494410.0
train_1145_r10560_c240,train,10560,240,0,502360.0,3491210.0,505560.0,3494410.0
train_1146_r10560_c480,train,10560,480,0,504760.0,3491210.0,507960.0,3494410.0
train_1147_r10560_c720,train,10560,720,0,507160.0,3491210.0,510360.0,3494410.0
train_1148_r10560_c960,train,10560,960,1,509560.0,3491210.0,512760.0,3494410.0
train_1149_r10560_c1200,train,10560,1200,1,511960.0,3491210.0,515160.0,3494410.0
train_1150_r10560_c1440,train,10560,1440,2,514360.0,3491210.0,517560.0,3494410.0
train_1151_r10560_c1680,train,10560,1680,0,516760.0,3491210.0,519960.0,3494410.0
train_1152_r10560_c1920,train,10560,1920,0,519160.0,3491210.0,522360.0,3494410.0
train_1153_r10560_c2160,train,10560,2160,2,521560.0,3491210.0,524760.0,3494410.0
train_1154_r10560_c2400,train,10560,2400,2,523960.0,3491210.0,527160.0,3494410.0
train_1155_r10560_c2640,train,10560,2640,1,526360.0,3491210.0,529560.0,3494410.0
train_1156_r10560_c2880,train,10560,2880,3,528760.0,3491210.0,531960.0,3494410.0
train_1157_r10560_c3120,train,10560,3120,1,531160.0,3491210.0,534360.0,3494410.0
train_1158_r10560_c3360,train,10560,3360,0,533560.0,3491210.0,536760.0,3494410.0
train_1159_r10560_c3600,train,10560,3600,0,535960.0,3491210.0,539160.0,3494410.0
train_1160_r10560_c3840,train,10560,3840,0,538360.0,3491210.0,541560.0,3494410.0
train_1161_r10560_c4080,train,10560,4080,0,540760.0,3491210.0,543960.0,3494410.0
train_1162_r10560_c4320,train,10560,4320,0,543160.0,3491210.0,546360.0,3494410.0
train_1163_r10560_c4560,train,10560,4560,1,545560.0,3491210.0,548760.0,3494410.0
train_1164_r10560_c4800,train,10560,4800,5,547960.0,3491210.0,551160.0,3494410.0
train_1165_r10560_c5040,train,10560,5040,10,550360.0,3491210.0,553560.0,3494410.0
train_1166_r10560_c5280,train,10560,5280,3,552760.0,3491210.0,555960.0,3494410.0
train_1167_r10560_c5520,train,10560,5520,0,555160.0,3491210.0,558360.0,3494410.0
train_1168_r10560_c5760,train,10560,5760,1,557560.0,3491210.0,560760.0,3494410.0
train_1169_r10560_c5902,train,10560,5902,1,558980.0,3491210.0,562180.0,3494410.0
train_1170_r10660_c0,train,10660,0,0,499960.0,3490210.0,503160.0,3493410.0
train_1171_r10660_c240,train,10660,240,0,502360.0,3490210.0,505560.0,3493410.0
train_1172_r10660_c480,train,10660,480,0,504760.0,3490210.0,507960.0,3493410.0
train_1173_r10660_c720,train,10660,720,0,507160.0,3490210.0,510360.0,3493410.0
train_1174_r10660_c960,train,10660,960,1,509560.0,3490210.0,512760.0,3493410.0
train_1175_r10660_c1200,train,10660,1200,0,511960.0,3490210.0,515160.0,3493410.0
train_1176_r10660_c1440,train,10660,1440,3,514360.0,3490210.0,517560.0,3493410.0
train_1177_r10660_c1680,train,10660,1680,1,516760.0,3490210.0,519960.0,3493410.0
train_1178_r10660_c1920,train,10660,1920,1,519160.0,3490210.0,522360.0,3493410.0
train_1179_r10660_c2160,train,10660,2160,2,521560.0,3490210.0,524760.0,3493410.0
train_1180_r10660_c2400,train,10660,2400,1,523960.0,3490210.0,527160.0,3493410.0
train_1181_r10660_c2640,train,10660,2640,2,526360.0,3490210.0,529560.0,3493410.0
train_1182_r10660_c2880,train,10660,2880,3,528760.0,3490210.0,531960.0,3493410.0
train_1183_r10660_c3120,train,10660,3120,1,531160.0,3490210.0,534360.0,3493410.0
train_1184_r10660_c3360,train,10660,3360,2,533560.0,3490210.0,536760.0,3493410.0
train_1185_r10660_c3600,train,10660,3600,0,535960.0,3490210.0,539160.0,3493410.0
train_1186_r10660_c3840,train,10660,3840,0,538360.0,3490210.0,541560.0,3493410.0
train_1187_r10660_c4080,train,10660,4080,0,540760.0,3490210.0,543960.0,3493410.0
train_1188_r10660_c4320,train,10660,4320,0,543160.0,3490210.0,546360.0,3493410.0
train_1189_r10660_c4560,train,10660,4560,1,545560.0,3490210.0,548760.0,3493410.0
train_1190_r10660_c4800,train,10660,4800,1,547960.0,3490210.0,551160.0,3493410.0
train_1191_r10660_c5040,train,10660,5040,4,550360.0,3490210.0,553560.0,3493410.0
train_1192_r10660_c5280,train,10660,5280,0,552760.0,3490210.0,555960.0,3493410.0
train_1193_r10660_c5520,train,10660,5520,2,555160.0,3490210.0,558360.0,3493410.0
train_1194_r10660_c5760,train,10660,5760,1,557560.0,3490210.0,560760.0,3493410.0
train_1195_r10660_c5902,train,10660,5902,1,558980.0,3490210.0,562180.0,3493410.0
val_0000_r0_c6221,val,0,6221,0,562170.0,3596810.0,565370.0,3600010.0
val_0001_r0_c6461,val,0,6461,1,564570.0,3596810.0,567770.0,3600010.0
val_0002_r0_c6701,val,0,6701,0,566970.0,3596810.0,570170.0,3600010.0
val_0003_r0_c6941,val,0,6941,0,569370.0,3596810.0,572570.0,3600010.0
val_0004_r0_c7034,val,0,7034,0,570300.0,3596810.0,573500.0,3600010.0
val_0005_r240_c6221,val,240,6221,0,562170.0,3594410.0,565370.0,3597610.0
val_0006_r240_c6461,val,240,6461,0,564570.0,3594410.0,567770.0,3597610.0
val_0007_r240_c6701,val,240,6701,0,566970.0,3594410.0,570170.0,3597610.0
val_0008_r240_c6941,val,240,6941,0,569370.0,3594410.0,572570.0,3597610.0
val_0009_r240_c7034,val,240,7034,0,570300.0,3594410.0,573500.0,3597610.0
val_0010_r480_c6221,val,480,6221,0,562170.0,3592010.0,565370.0,3595210.0
val_0011_r480_c6461,val,480,6461,0,564570.0,3592010.0,567770.0,3595210.0
val_0012_r480_c6701,val,480,6701,0,566970.0,3592010.0,570170.0,3595210.0
val_0013_r480_c6941,val,480,6941,0,569370.0,3592010.0,572570.0,3595210.0
val_0014_r480_c7034,val,480,7034,0,570300.0,3592010.0,573500.0,3595210.0
val_0015_r720_c6221,val,720,6221,0,562170.0,3589610.0,565370.0,3592810.0
val_0016_r720_c6461,val,720,6461,0,564570.0,3589610.0,567770.0,3592810.0
val_0017_r720_c6701,val,720,6701,0,566970.0,3589610.0,570170.0,3592810.0
val_0018_r720_c6941,val,720,6941,0,569370.0,3589610.0,572570.0,3592810.0
val_0019_r720_c7034,val,720,7034,0,570300.0,3589610.0,573500.0,3592810.0
val_0020_r960_c6221,val,960,6221,0,562170.0,3587210.0,565370.0,3590410.0
val_0021_r960_c6461,val,960,6461,0,564570.0,3587210.0,567770.0,3590410.0
val_0022_r960_c6701,val,960,6701,0,566970.0,3587210.0,570170.0,3590410.0
val_0023_r960_c6941,val,960,6941,0,569370.0,3587210.0,572570.0,3590410.0
val_0024_r960_c7034,val,960,7034,0,570300.0,3587210.0,573500.0,3590410.0
val_0025_r1200_c6221,val,1200,6221,0,562170.0,3584810.0,565370.0,3588010.0
val_0026_r1200_c6461,val,1200,6461,0,564570.0,3584810.0,567770.0,3588010.0
val_0027_r1200_c6701,val,1200,6701,1,566970.0,3584810.0,570170.0,3588010.0
val_0028_r1200_c6941,val,1200,6941,1,569370.0,3584810.0,572570.0,3588010.0
val_0029_r1200_c7034,val,1200,7034,0,570300.0,3584810.0,573500.0,3588010.0
val_0030_r1440_c6221,val,1440,6221,4,562170.0,3582410.0,565370.0,3585610.0
val_0031_r1440_c6461,val,1440,6461,5,564570.0,3582410.0,567770.0,3585610.0
val_0032_r1440_c6701,val,1440,6701,5,566970.0,3582410.0,570170.0,3585610.0
val_0033_r1440_c6941,val,1440,6941,1,569370.0,3582410.0,572570.0,3585610.0
val_0034_r1440_c7034,val,1440,7034,0,570300.0,3582410.0,573500.0,3585610.0
val_0035_r1680_c6221,val,1680,6221,1,562170.0,3580010.0,565370.0,3583210.0
val_0036_r1680_c6461,val,1680,6461,5,564570.0,3580010.0,567770.0,3583210.0
val_0037_r1680_c6701,val,1680,6701,4,566970.0,3580010.0,570170.0,3583210.0
val_0038_r1680_c6941,val,1680,6941,5,569370.0,3580010.0,572570.0,3583210.0
val_0039_r1680_c7034,val,1680,7034,5,570300.0,3580010.0,573500.0,3583210.0
val_0040_r1920_c6221,val,1920,6221,4,562170.0,3577610.0,565370.0,3580810.0
val_0041_r1920_c6461,val,1920,6461,10,564570.0,3577610.0,567770.0,3580810.0
val_0042_r1920_c6701,val,1920,6701,6,566970.0,3577610.0,570170.0,3580810.0
val_0043_r1920_c6941,val,1920,6941,5,569370.0,3577610.0,572570.0,3580810.0
val_0044_r1920_c7034,val,1920,7034,5,570300.0,3577610.0,573500.0,3580810.0
val_0045_r2160_c6221,val,2160,6221,1,562170.0,3575210.0,565370.0,3578410.0
val_0046_r2160_c6461,val,2160,6461,1,564570.0,3575210.0,567770.0,3578410.0
val_0047_r2160_c6701,val,2160,6701,5,566970.0,3575210.0,570170.0,3578410.0
val_0048_r2160_c6941,val,2160,6941,2,569370.0,3575210.0,572570.0,3578410.0
val_0049_r2160_c7034,val,2160,7034,1,570300.0,3575210.0,573500.0,3578410.0
val_0050_r2400_c6221,val,2400,6221,4,562170.0,3572810.0,565370.0,3576010.0
val_0051_r2400_c6461,val,2400,6461,0,564570.0,3572810.0,567770.0,3576010.0
val_0052_r2400_c6701,val,2400,6701,1,566970.0,3572810.0,570170.0,3576010.0
val_0053_r2400_c6941,val,2400,6941,0,569370.0,3572810.0,572570.0,3576010.0
val_0054_r2400_c7034,val,2400,7034,0,570300.0,3572810.0,573500.0,3576010.0
val_0055_r2640_c6221,val,2640,6221,0,562170.0,3570410.0,565370.0,3573610.0
val_0056_r2640_c6461,val,2640,6461,2,564570.0,3570410.0,567770.0,3573610.0
val_0057_r2640_c6701,val,2640,6701,2,566970.0,3570410.0,570170.0,3573610.0
val_0058_r2640_c6941,val,2640,6941,0,569370.0,3570410.0,572570.0,3573610.0
val_0059_r2640_c7034,val,2640,7034,0,570300.0,3570410.0,573500.0,3573610.0
val_0060_r2880_c6221,val,2880,6221,3,562170.0,3568010.0,565370.0,3571210.0
val_0061_r2880_c6461,val,2880,6461,4,564570.0,3568010.0,567770.0,3571210.0
val_0062_r2880_c6701,val,2880,6701,3,566970.0,3568010.0,570170.0,3571210.0
val_0063_r2880_c6941,val,2880,6941,1,569370.0,3568010.0,572570.0,3571210.0
val_0064_r2880_c7034,val,2880,7034,0,570300.0,3568010.0,573500.0,3571210.0
val_0065_r3120_c6221,val,3120,6221,4,562170.0,3565610.0,565370.0,3568810.0
val_0066_r3120_c6461,val,3120,6461,0,564570.0,3565610.0,567770.0,3568810.0
val_0067_r3120_c6701,val,3120,6701,0,566970.0,3565610.0,570170.0,3568810.0
val_0068_r3120_c6941,val,3120,6941,2,569370.0,3565610.0,572570.0,3568810.0
val_0069_r3120_c7034,val,3120,7034,2,570300.0,3565610.0,573500.0,3568810.0
val_0070_r3360_c6221,val,3360,6221,3,562170.0,3563210.0,565370.0,3566410.0
val_0071_r3360_c6461,val,3360,6461,3,564570.0,3563210.0,567770.0,3566410.0
val_0072_r3360_c6701,val,3360,6701,0,566970.0,3563210.0,570170.0,3566410.0
val_0073_r3360_c6941,val,3360,6941,1,569370.0,3563210.0,572570.0,3566410.0
val_0074_r3360_c7034,val,3360,7034,4,570300.0,3563210.0,573500.0,3566410.0
val_0075_r3600_c6221,val,3600,6221,0,562170.0,3560810.0,565370.0,3564010.0
val_0076_r3600_c6461,val,3600,6461,1,564570.0,3560810.0,567770.0,3564010.0
val_0077_r3600_c6701,val,3600,6701,1,566970.0,3560810.0,570170.0,3564010.0
val_0078_r3600_c6941,val,3600,6941,0,569370.0,3560810.0,572570.0,3564010.0
val_0079_r3600_c7034,val,3600,7034,3,570300.0,3560810.0,573500.0,3564010.0
val_0080_r3840_c6221,val,3840,6221,3,562170.0,3558410.0,565370.0,3561610.0
val_0081_r3840_c6461,val,3840,6461,0,564570.0,3558410.0,567770.0,3561610.0
val_0082_r3840_c6701,val,3840,6701,0,566970.0,3558410.0,570170.0,3561610.0
val_0083_r3840_c6941,val,3840,6941,0,569370.0,3558410.0,572570.0,3561610.0
val_0084_r3840_c7034,val,3840,7034,0,570300.0,3558410.0,573500.0,3561610.0
val_0085_r4080_c6221,val,4080,6221,1,562170.0,3556010.0,565370.0,3559210.0
val_0086_r4080_c6461,val,4080,6461,0,564570.0,3556010.0,567770.0,3559210.0
val_0087_r4080_c6701,val,4080,6701,0,566970.0,3556010.0,570170.0,3559210.0
val_0088_r4080_c6941,val,4080,6941,0,569370.0,3556010.0,572570.0,3559210.0
val_0089_r4080_c7034,val,4080,7034,0,570300.0,3556010.0,573500.0,3559210.0
val_0090_r4320_c6221,val,4320,6221,0,562170.0,3553610.0,565370.0,3556810.0
val_0091_r4320_c6461,val,4320,6461,0,564570.0,3553610.0,567770.0,3556810.0
val_0092_r4320_c6701,val,4320,6701,1,566970.0,3553610.0,570170.0,3556810.0
val_0093_r4320_c6941,val,4320,6941,0,569370.0,3553610.0,572570.0,3556810.0
val_0094_r4320_c7034,val,4320,7034,0,570300.0,3553610.0,573500.0,3556810.0
val_0095_r4560_c6221,val,4560,6221,0,562170.0,3551210.0,565370.0,3554410.0
val_0096_r4560_c6461,val,4560,6461,0,564570.0,3551210.0,567770.0,3554410.0
val_0097_r4560_c6701,val,4560,6701,1,566970.0,3551210.0,570170.0,3554410.0
val_0098_r4560_c6941,val,4560,6941,0,569370.0,3551210.0,572570.0,3554410.0
val_0099_r4560_c7034,val,4560,7034,0,570300.0,3551210.0,573500.0,3554410.0
val_0100_r4800_c6221,val,4800,6221,2,562170.0,3548810.0,565370.0,3552010.0
val_0101_r4800_c6461,val,4800,6461,0,564570.0,3548810.0,567770.0,3552010.0
val_0102_r4800_c6701,val,4800,6701,1,566970.0,3548810.0,570170.0,3552010.0
val_0103_r4800_c6941,val,4800,6941,0,569370.0,3548810.0,572570.0,3552010.0
val_0104_r4800_c7034,val,4800,7034,0,570300.0,3548810.0,573500.0,3552010.0
val_0105_r5040_c6221,val,5040,6221,2,562170.0,3546410.0,565370.0,3549610.0
val_0106_r5040_c6461,val,5040,6461,3,564570.0,3546410.0,567770.0,3549610.0
val_0107_r5040_c6701,val,5040,6701,1,566970.0,3546410.0,570170.0,3549610.0
val_0108_r5040_c6941,val,5040,6941,0,569370.0,3546410.0,572570.0,3549610.0
val_0109_r5040_c7034,val,5040,7034,0,570300.0,3546410.0,573500.0,3549610.0
val_0110_r5280_c6221,val,5280,6221,0,562170.0,3544010.0,565370.0,3547210.0
val_0111_r5280_c6461,val,5280,6461,5,564570.0,3544010.0,567770.0,3547210.0
val_0112_r5280_c6701,val,5280,6701,6,566970.0,3544010.0,570170.0,3547210.0
val_0113_r5280_c6941,val,5280,6941,3,569370.0,3544010.0,572570.0,3547210.0
val_0114_r5280_c7034,val,5280,7034,0,570300.0,3544010.0,573500.0,3547210.0
val_0115_r5520_c6221,val,5520,6221,2,562170.0,3541610.0,565370.0,3544810.0
val_0116_r5520_c6461,val,5520,6461,0,564570.0,3541610.0,567770.0,3544810.0
val_0117_r5520_c6701,val,5520,6701,0,566970.0,3541610.0,570170.0,3544810.0
val_0118_r5520_c6941,val,5520,6941,0,569370.0,3541610.0,572570.0,3544810.0
val_0119_r5520_c7034,val,5520,7034,0,570300.0,3541610.0,573500.0,3544810.0
val_0120_r5760_c6221,val,5760,6221,0,562170.0,3539210.0,565370.0,3542410.0
val_0121_r5760_c6461,val,5760,6461,0,564570.0,3539210.0,567770.0,3542410.0
val_0122_r5760_c6701,val,5760,6701,0,566970.0,3539210.0,570170.0,3542410.0
val_0123_r5760_c6941,val,5760,6941,0,569370.0,3539210.0,572570.0,3542410.0
val_0124_r5760_c7034,val,5760,7034,0,570300.0,3539210.0,573500.0,3542410.0
val_0125_r6000_c6221,val,6000,6221,4,562170.0,3536810.0,565370.0,3540010.0
val_0126_r6000_c6461,val,6000,6461,0,564570.0,3536810.0,567770.0,3540010.0
val_0127_r6000_c6701,val,6000,6701,0,566970.0,3536810.0,570170.0,3540010.0
val_0128_r6000_c6941,val,6000,6941,1,569370.0,3536810.0,572570.0,3540010.0
val_0129_r6000_c7034,val,6000,7034,2,570300.0,3536810.0,573500.0,3540010.0
val_0130_r6240_c6221,val,6240,6221,4,562170.0,3534410.0,565370.0,3537610.0
val_0131_r6240_c6461,val,6240,6461,0,564570.0,3534410.0,567770.0,3537610.0
val_0132_r6240_c6701,val,6240,6701,0,566970.0,3534410.0,570170.0,3537610.0
val_0133_r6240_c6941,val,6240,6941,1,569370.0,3534410.0,572570.0,3537610.0
val_0134_r6240_c7034,val,6240,7034,2,570300.0,3534410.0,573500.0,3537610.0
val_0135_r6480_c6221,val,6480,6221,4,562170.0,3532010.0,565370.0,3535210.0
val_0136_r6480_c6461,val,6480,6461,0,564570.0,3532010.0,567770.0,3535210.0
val_0137_r6480_c6701,val,6480,6701,0,566970.0,3532010.0,570170.0,3535210.0
val_0138_r6480_c6941,val,6480,6941,0,569370.0,3532010.0,572570.0,3535210.0
val_0139_r6480_c7034,val,6480,7034,0,570300.0,3532010.0,573500.0,3535210.0
val_0140_r6720_c6221,val,6720,6221,9,562170.0,3529610.0,565370.0,3532810.0
val_0141_r6720_c6461,val,6720,6461,3,564570.0,3529610.0,567770.0,3532810.0
val_0142_r6720_c6701,val,6720,6701,2,566970.0,3529610.0,570170.0,3532810.0
val_0143_r6720_c6941,val,6720,6941,0,569370.0,3529610.0,572570.0,3532810.0
val_0144_r6720_c7034,val,6720,7034,0,570300.0,3529610.0,573500.0,3532810.0
val_0145_r6960_c6221,val,6960,6221,6,562170.0,3527210.0,565370.0,3530410.0
val_0146_r6960_c6461,val,6960,6461,3,564570.0,3527210.0,567770.0,3530410.0
val_0147_r6960_c6701,val,6960,6701,1,566970.0,3527210.0,570170.0,3530410.0
val_0148_r6960_c6941,val,6960,6941,0,569370.0,3527210.0,572570.0,3530410.0
val_0149_r6960_c7034,val,6960,7034,0,570300.0,3527210.0,573500.0,3530410.0
val_0150_r7200_c6221,val,7200,6221,4,562170.0,3524810.0,565370.0,3528010.0
val_0151_r7200_c6461,val,7200,6461,3,564570.0,3524810.0,567770.0,3528010.0
val_0152_r7200_c6701,val,7200,6701,4,566970.0,3524810.0,570170.0,3528010.0
val_0153_r7200_c6941,val,7200,6941,1,569370.0,3524810.0,572570.0,3528010.0
val_0154_r7200_c7034,val,7200,7034,1,570300.0,3524810.0,573500.0,3528010.0
val_0155_r7440_c6221,val,7440,6221,4,562170.0,3522410.0,565370.0,3525610.0
val_0156_r7440_c6461,val,7440,6461,3,564570.0,3522410.0,567770.0,3525610.0
val_0157_r7440_c6701,val,7440,6701,4,566970.0,3522410.0,570170.0,3525610.0
val_0158_r7440_c6941,val,7440,6941,1,569370.0,3522410.0,572570.0,3525610.0
val_0159_r7440_c7034,val,7440,7034,1,570300.0,3522410.0,573500.0,3525610.0
val_0160_r7680_c6221,val,7680,6221,4,562170.0,3520010.0,565370.0,3523210.0
val_0161_r7680_c6461,val,7680,6461,7,564570.0,3520010.0,567770.0,3523210.0
val_0162_r7680_c6701,val,7680,6701,6,566970.0,3520010.0,570170.0,3523210.0
val_0163_r7680_c6941,val,7680,6941,2,569370.0,3520010.0,572570.0,3523210.0
val_0164_r7680_c7034,val,7680,7034,1,570300.0,3520010.0,573500.0,3523210.0
val_0165_r7920_c6221,val,7920,6221,2,562170.0,3517610.0,565370.0,3520810.0
val_0166_r7920_c6461,val,7920,6461,4,564570.0,3517610.0,567770.0,3520810.0
val_0167_r7920_c6701,val,7920,6701,6,566970.0,3517610.0,570170.0,3520810.0
val_0168_r7920_c6941,val,7920,6941,3,569370.0,3517610.0,572570.0,3520810.0
val_0169_r7920_c7034,val,7920,7034,2,570300.0,3517610.0,573500.0,3520810.0
val_0170_r8160_c6221,val,8160,6221,0,562170.0,3515210.0,565370.0,3518410.0
val_0171_r8160_c6461,val,8160,6461,0,564570.0,3515210.0,567770.0,3518410.0
val_0172_r8160_c6701,val,8160,6701,6,566970.0,3515210.0,570170.0,3518410.0
val_0173_r8160_c6941,val,8160,6941,4,569370.0,3515210.0,572570.0,3518410.0
val_0174_r8160_c7034,val,8160,7034,3,570300.0,3515210.0,573500.0,3518410.0
val_0175_r8400_c6221,val,8400,6221,0,562170.0,3512810.0,565370.0,3516010.0
val_0176_r8400_c6461,val,8400,6461,0,564570.0,3512810.0,567770.0,3516010.0
val_0177_r8400_c6701,val,8400,6701,0,566970.0,3512810.0,570170.0,3516010.0
val_0178_r8400_c6941,val,8400,6941,3,569370.0,3512810.0,572570.0,3516010.0
val_0179_r8400_c7034,val,8400,7034,3,570300.0,3512810.0,573500.0,3516010.0
val_0180_r8640_c6221,val,8640,6221,0,562170.0,3510410.0,565370.0,3513610.0
val_0181_r8640_c6461,val,8640,6461,0,564570.0,3510410.0,567770.0,3513610.0
val_0182_r8640_c6701,val,8640,6701,1,566970.0,3510410.0,570170.0,3513610.0
val_0183_r8640_c6941,val,8640,6941,3,569370.0,3510410.0,572570.0,3513610.0
val_0184_r8640_c7034,val,8640,7034,2,570300.0,3510410.0,573500.0,3513610.0
val_0185_r8880_c6221,val,8880,6221,0,562170.0,3508010.0,565370.0,3511210.0
val_0186_r8880_c6461,val,8880,6461,0,564570.0,3508010.0,567770.0,3511210.0
val_0187_r8880_c6701,val,8880,6701,0,566970.0,3508010.0,570170.0,3511210.0
val_0188_r8880_c6941,val,8880,6941,3,569370.0,3508010.0,572570.0,3511210.0
val_0189_r8880_c7034,val,8880,7034,3,570300.0,3508010.0,573500.0,3511210.0
val_0190_r9120_c6221,val,9120,6221,1,562170.0,3505610.0,565370.0,3508810.0
val_0191_r9120_c6461,val,9120,6461,6,564570.0,3505610.0,567770.0,3508810.0
val_0192_r9120_c6701,val,9120,6701,1,566970.0,3505610.0,570170.0,3508810.0
val_0193_r9120_c6941,val,9120,6941,1,569370.0,3505610.0,572570.0,3508810.0
val_0194_r9120_c7034,val,9120,7034,1,570300.0,3505610.0,573500.0,3508810.0
val_0195_r9360_c6221,val,9360,6221,1,562170.0,3503210.0,565370.0,3506410.0
val_0196_r9360_c6461,val,9360,6461,6,564570.0,3503210.0,567770.0,3506410.0
val_0197_r9360_c6701,val,9360,6701,3,566970.0,3503210.0,570170.0,3506410.0
val_0198_r9360_c6941,val,9360,6941,0,569370.0,3503210.0,572570.0,3506410.0
val_0199_r9360_c7034,val,9360,7034,1,570300.0,3503210.0,573500.0,3506410.0
val_0200_r9600_c6221,val,9600,6221,5,562170.0,3500810.0,565370.0,3504010.0
val_0201_r9600_c6461,val,9600,6461,2,564570.0,3500810.0,567770.0,3504010.0
val_0202_r9600_c6701,val,9600,6701,0,566970.0,3500810.0,570170.0,3504010.0
val_0203_r9600_c6941,val,9600,6941,1,569370.0,3500810.0,572570.0,3504010.0
val_0204_r9600_c7034,val,9600,7034,1,570300.0,3500810.0,573500.0,3504010.0
val_0205_r9840_c6221,val,9840,6221,5,562170.0,3498410.0,565370.0,3501610.0
val_0206_r9840_c6461,val,9840,6461,7,564570.0,3498410.0,567770.0,3501610.0
val_0207_r9840_c6701,val,9840,6701,2,566970.0,3498410.0,570170.0,3501610.0
val_0208_r9840_c6941,val,9840,6941,2,569370.0,3498410.0,572570.0,3501610.0
val_0209_r9840_c7034,val,9840,7034,3,570300.0,3498410.0,573500.0,3501610.0
val_0210_r10080_c6221,val,10080,6221,0,562170.0,3496010.0,565370.0,3499210.0
val_0211_r10080_c6461,val,10080,6461,1,564570.0,3496010.0,567770.0,3499210.0
val_0212_r10080_c6701,val,10080,6701,0,566970.0,3496010.0,570170.0,3499210.0
val_0213_r10080_c6941,val,10080,6941,1,569370.0,3496010.0,572570.0,3499210.0
val_0214_r10080_c7034,val,10080,7034,3,570300.0,3496010.0,573500.0,3499210.0
val_0215_r10320_c6221,val,10320,6221,1,562170.0,3493610.0,565370.0,3496810.0
val_0216_r10320_c6461,val,10320,6461,2,564570.0,3493610.0,567770.0,3496810.0
val_0217_r10320_c6701,val,10320,6701,0,566970.0,3493610.0,570170.0,3496810.0
val_0218_r10320_c6941,val,10320,6941,1,569370.0,3493610.0,572570.0,3496810.0
val_0219_r10320_c7034,val,10320,7034,2,570300.0,3493610.0,573500.0,3496810.0
val_0220_r10560_c6221,val,10560,6221,0,562170.0,3491210.0,565370.0,3494410.0
val_0221_r10560_c6461,val,10560,6461,2,564570.0,3491210.0,567770.0,3494410.0
val_0222_r10560_c6701,val,10560,6701,1,566970.0,3491210.0,570170.0,3494410.0
val_0223_r10560_c6941,val,10560,6941,3,569370.0,3491210.0,572570.0,3494410.0
val_0224_r10560_c7034,val,10560,7034,1,570300.0,3491210.0,573500.0,3494410.0
val_0225_r10660_c6221,val,10660,6221,0,562170.0,3490210.0,565370.0,3493410.0
val_0226_r10660_c6461,val,10660,6461,2,564570.0,3490210.0,567770.0,3493410.0
val_0227_r10660_c6701,val,10660,6701,2,566970.0,3490210.0,570170.0,3493410.0
val_0228_r10660_c6941,val,10660,6941,4,569370.0,3490210.0,572570.0,3493410.0
val_0229_r10660_c7034,val,10660,7034,1,570300.0,3490210.0,573500.0,3493410.0
test_0000_r0_c7353,test,0,7353,0,573490.0,3596810.0,576690.0,3600010.0
test_0001_r0_c7593,test,0,7593,1,575890.0,3596810.0,579090.0,3600010.0
test_0002_r0_c7833,test,0,7833,0,578290.0,3596810.0,581490.0,3600010.0
test_0003_r0_c8073,test,0,8073,1,580690.0,3596810.0,583890.0,3600010.0
test_0004_r0_c8313,test,0,8313,0,583090.0,3596810.0,586290.0,3600010.0
test_0005_r0_c8553,test,0,8553,0,585490.0,3596810.0,588690.0,3600010.0
test_0006_r0_c8793,test,0,8793,0,587890.0,3596810.0,591090.0,3600010.0
test_0007_r0_c9033,test,0,9033,0,590290.0,3596810.0,593490.0,3600010.0
test_0008_r0_c9273,test,0,9273,0,592690.0,3596810.0,595890.0,3600010.0
test_0009_r0_c9513,test,0,9513,0,595090.0,3596810.0,598290.0,3600010.0
test_0010_r0_c9753,test,0,9753,0,597490.0,3596810.0,600690.0,3600010.0
test_0011_r0_c9993,test,0,9993,0,599890.0,3596810.0,603090.0,3600010.0
test_0012_r0_c10233,test,0,10233,0,602290.0,3596810.0,605490.0,3600010.0
test_0013_r0_c10473,test,0,10473,0,604690.0,3596810.0,607890.0,3600010.0
test_0014_r0_c10662,test,0,10662,0,606580.0,3596810.0,609780.0,3600010.0
test_0015_r240_c7353,test,240,7353,0,573490.0,3594410.0,576690.0,3597610.0
test_0016_r240_c7593,test,240,7593,0,575890.0,3594410.0,579090.0,3597610.0
test_0017_r240_c7833,test,240,7833,0,578290.0,3594410.0,581490.0,3597610.0
test_0018_r240_c8073,test,240,8073,1,580690.0,3594410.0,583890.0,3597610.0
test_0019_r240_c8313,test,240,8313,0,583090.0,3594410.0,586290.0,3597610.0
test_0020_r240_c8553,test,240,8553,3,585490.0,3594410.0,588690.0,3597610.0
test_0021_r240_c8793,test,240,8793,2,587890.0,3594410.0,591090.0,3597610.0
test_0022_r240_c9033,test,240,9033,1,590290.0,3594410.0,593490.0,3597610.0
test_0023_r240_c9273,test,240,9273,0,592690.0,3594410.0,595890.0,3597610.0
test_0024_r240_c9513,test,240,9513,1,595090.0,3594410.0,598290.0,3597610.0
test_0025_r240_c9753,test,240,9753,1,597490.0,3594410.0,600690.0,3597610.0
test_0026_r240_c9993,test,240,9993,0,599890.0,3594410.0,603090.0,3597610.0
test_0027_r240_c10233,test,240,10233,0,602290.0,3594410.0,605490.0,3597610.0
test_0028_r240_c10473,test,240,10473,0,604690.0,3594410.0,607890.0,3597610.0
test_0029_r240_c10662,test,240,10662,0,606580.0,3594410.0,609780.0,3597610.0
test_0030_r480_c7353,test,480,7353,0,573490.0,3592010.0,576690.0,3595210.0
test_0031_r480_c7593,test,480,7593,0,575890.0,3592010.0,579090.0,3595210.0
test_0032_r480_c7833,test,480,7833,0,578290.0,3592010.0,581490.0,3595210.0
test_0033_r480_c8073,test,480,8073,3,580690.0,3592010.0,583890.0,3595210.0
test_0034_r480_c8313,test,480,8313,0,583090.0,3592010.0,586290.0,3595210.0
test_0035_r480_c8553,test,480,8553,0,585490.0,3592010.0,588690.0,3595210.0
test_0036_r480_c8793,test,480,8793,2,587890.0,3592010.0,591090.0,3595210.0
test_0037_r480_c9033,test,480,9033,1,590290.0,3592010.0,593490.0,3595210.0
test_0038_r480_c9273,test,480,9273,0,592690.0,3592010.0,595890.0,3595210.0
test_0039_r480_c9513,test,480,9513,0,595090.0,3592010.0,598290.0,3595210.0
test_0040_r480_c9753,test,480,9753,0,597490.0,3592010.0,600690.0,3595210.0
test_0041_r480_c9993,test,480,9993,0,599890.0,3592010.0,603090.0,3595210.0
test_0042_r480_c10233,test,480,10233,0,602290.0,3592010.0,605490.0,3595210.0
test_0043_r480_c10473,test,480,10473,0,604690.0,3592010.0,607890.0,3595210.0
test_0044_r480_c10662,test,480,10662,0,606580.0,3592010.0,609780.0,3595210.0
test_0045_r720_c7353,test,720,7353,0,573490.0,3589610.0,576690.0,3592810.0
test_0046_r720_c7593,test,720,7593,0,575890.0,3589610.0,579090.0,3592810.0
test_0047_r720_c7833,test,720,7833,0,578290.0,3589610.0,581490.0,3592810.0
test_0048_r720_c8073,test,720,8073,2,580690.0,3589610.0,583890.0,3592810.0
test_0049_r720_c8313,test,720,8313,1,583090.0,3589610.0,586290.0,3592810.0
test_0050_r720_c8553,test,720,8553,0,585490.0,3589610.0,588690.0,3592810.0
test_0051_r720_c8793,test,720,8793,0,587890.0,3589610.0,591090.0,3592810.0
test_0052_r720_c9033,test,720,9033,0,590290.0,3589610.0,593490.0,3592810.0
test_0053_r720_c9273,test,720,9273,0,592690.0,3589610.0,595890.0,3592810.0
test_0054_r720_c9513,test,720,9513,0,595090.0,3589610.0,598290.0,3592810.0
test_0055_r720_c9753,test,720,9753,0,597490.0,3589610.0,600690.0,3592810.0
test_0056_r720_c9993,test,720,9993,0,599890.0,3589610.0,603090.0,3592810.0
test_0057_r720_c10233,test,720,10233,0,602290.0,3589610.0,605490.0,3592810.0
test_0058_r720_c10473,test,720,10473,0,604690.0,3589610.0,607890.0,3592810.0
test_0059_r720_c10662,test,720,10662,1,606580.0,3589610.0,609780.0,3592810.0
test_0060_r960_c7353,test,960,7353,0,573490.0,3587210.0,576690.0,3590410.0
test_0061_r960_c7593,test,960,7593,0,575890.0,3587210.0,579090.0,3590410.0
test_0062_r960_c7833,test,960,7833,0,578290.0,3587210.0,581490.0,3590410.0
test_0063_r960_c8073,test,960,8073,0,580690.0,3587210.0,583890.0,3590410.0
test_0064_r960_c8313,test,960,8313,0,583090.0,3587210.0,586290.0,3590410.0
test_0065_r960_c8553,test,960,8553,0,585490.0,3587210.0,588690.0,3590410.0
test_0066_r960_c8793,test,960,8793,0,587890.0,3587210.0,591090.0,3590410.0
test_0067_r960_c9033,test,960,9033,1,590290.0,3587210.0,593490.0,3590410.0
test_0068_r960_c9273,test,960,9273,1,592690.0,3587210.0,595890.0,3590410.0
test_0069_r960_c9513,test,960,9513,0,595090.0,3587210.0,598290.0,3590410.0
test_0070_r960_c9753,test,960,9753,0,597490.0,3587210.0,600690.0,3590410.0
test_0071_r960_c9993,test,960,9993,0,599890.0,3587210.0,603090.0,3590410.0
test_0072_r960_c10233,test,960,10233,0,602290.0,3587210.0,605490.0,3590410.0
test_0073_r960_c10473,test,960,10473,0,604690.0,3587210.0,607890.0,3590410.0
test_0074_r960_c10662,test,960,10662,0,606580.0,3587210.0,609780.0,3590410.0
test_0075_r1200_c7353,test,1200,7353,0,573490.0,3584810.0,576690.0,3588010.0
test_0076_r1200_c7593,test,1200,7593,0,575890.0,3584810.0,579090.0,3588010.0
test_0077_r1200_c7833,test,1200,7833,0,578290.0,3584810.0,581490.0,3588010.0
test_0078_r1200_c8073,test,1200,8073,0,580690.0,3584810.0,583890.0,3588010.0
test_0079_r1200_c8313,test,1200,8313,0,583090.0,3584810.0,586290.0,3588010.0
test_0080_r1200_c8553,test,1200,8553,0,585490.0,3584810.0,588690.0,3588010.0
test_0081_r1200_c8793,test,1200,8793,0,587890.0,3584810.0,591090.0,3588010.0
test_0082_r1200_c9033,test,1200,9033,0,590290.0,3584810.0,593490.0,3588010.0
test_0083_r1200_c9273,test,1200,9273,0,592690.0,3584810.0,595890.0,3588010.0
test_0084_r1200_c9513,test,1200,9513,0,595090.0,3584810.0,598290.0,3588010.0
test_0085_r1200_c9753,test,1200,9753,0,597490.0,3584810.0,600690.0,3588010.0
test_0086_r1200_c9993,test,1200,9993,0,599890.0,3584810.0,603090.0,3588010.0
test_0087_r1200_c10233,test,1200,10233,0,602290.0,3584810.0,605490.0,3588010.0
test_0088_r1200_c10473,test,1200,10473,0,604690.0,3584810.0,607890.0,3588010.0
test_0089_r1200_c10662,test,1200,10662,0,606580.0,3584810.0,609780.0,3588010.0
test_0090_r1440_c7353,test,1440,7353,0,573490.0,3582410.0,576690.0,3585610.0
test_0091_r1440_c7593,test,1440,7593,0,575890.0,3582410.0,579090.0,3585610.0
test_0092_r1440_c7833,test,1440,7833,0,578290.0,3582410.0,581490.0,3585610.0
test_0093_r1440_c8073,test,1440,8073,0,580690.0,3582410.0,583890.0,3585610.0
test_0094_r1440_c8313,test,1440,8313,0,583090.0,3582410.0,586290.0,3585610.0
test_0095_r1440_c8553,test,1440,8553,1,585490.0,3582410.0,588690.0,3585610.0
test_0096_r1440_c8793,test,1440,8793,1,587890.0,3582410.0,591090.0,3585610.0
test_0097_r1440_c9033,test,1440,9033,0,590290.0,3582410.0,593490.0,3585610.0
test_0098_r1440_c9273,test,1440,9273,0,592690.0,3582410.0,595890.0,3585610.0
test_0099_r1440_c9513,test,1440,9513,0,595090.0,3582410.0,598290.0,3585610.0
test_0100_r1440_c9753,test,1440,9753,0,597490.0,3582410.0,600690.0,3585610.0
test_0101_r1440_c9993,test,1440,9993,0,599890.0,3582410.0,603090.0,3585610.0
test_0102_r1440_c10233,test,1440,10233,0,602290.0,3582410.0,605490.0,3585610.0
test_0103_r1440_c10473,test,1440,10473,0,604690.0,3582410.0,607890.0,3585610.0
test_0104_r1440_c10662,test,1440,10662,0,606580.0,3582410.0,609780.0,3585610.0
test_0105_r1680_c7353,test,1680,7353,0,573490.0,3580010.0,576690.0,3583210.0
test_0106_r1680_c7593,test,1680,7593,0,575890.0,3580010.0,579090.0,3583210.0
test_0107_r1680_c7833,test,1680,7833,0,578290.0,3580010.0,581490.0,3583210.0
test_0108_r1680_c8073,test,1680,8073,0,580690.0,3580010.0,583890.0,3583210.0
test_0109_r1680_c8313,test,1680,8313,0,583090.0,3580010.0,586290.0,3583210.0
test_0110_r1680_c8553,test,1680,8553,0,585490.0,3580010.0,588690.0,3583210.0
test_0111_r1680_c8793,test,1680,8793,0,587890.0,3580010.0,591090.0,3583210.0
test_0112_r1680_c9033,test,1680,9033,0,590290.0,3580010.0,593490.0,3583210.0
test_0113_r1680_c9273,test,1680,9273,0,592690.0,3580010.0,595890.0,3583210.0
test_0114_r1680_c9513,test,1680,9513,0,595090.0,3580010.0,598290.0,3583210.0
test_0115_r1680_c9753,test,1680,9753,0,597490.0,3580010.0,600690.0,3583210.0
test_0116_r1680_c9993,test,1680,9993,0,599890.0,3580010.0,603090.0,3583210.0
test_0117_r1680_c10233,test,1680,10233,0,602290.0,3580010.0,605490.0,3583210.0
test_0118_r1680_c10473,test,1680,10473,0,604690.0,3580010.0,607890.0,3583210.0
test_0119_r1680_c10662,test,1680,10662,0,606580.0,3580010.0,609780.0,3583210.0
test_0120_r1920_c7353,test,1920,7353,0,573490.0,3577610.0,576690.0,3580810.0
test_0121_r1920_c7593,test,1920,7593,0,575890.0,3577610.0,579090.0,3580810.0
test_0122_r1920_c7833,test,1920,7833,0,578290.0,3577610.0,581490.0,3580810.0
test_0123_r1920_c8073,test,1920,8073,0,580690.0,3577610.0,583890.0,3580810.0
test_0124_r1920_c8313,test,1920,8313,0,583090.0,3577610.0,586290.0,3580810.0
test_0125_r1920_c8553,test,1920,8553,0,585490.0,3577610.0,588690.0,3580810.0
test_0126_r1920_c8793,test,1920,8793,0,587890.0,3577610.0,591090.0,3580810.0
test_0127_r1920_c9033,test,1920,9033,0,590290.0,3577610.0,593490.0,3580810.0
test_0128_r1920_c9273,test,1920,9273,0,592690.0,3577610.0,595890.0,3580810.0
test_0129_r1920_c9513,test,1920,9513,0,595090.0,3577610.0,598290.0,3580810.0
test_0130_r1920_c9753,test,1920,9753,0,597490.0,3577610.0,600690.0,3580810.0
test_0131_r1920_c9993,test,1920,9993,0,599890.0,3577610.0,603090.0,3580810.0
test_0132_r1920_c10233,test,1920,10233,0,602290.0,3577610.0,605490.0,3580810.0
test_0133_r1920_c10473,test,1920,10473,0,604690.0,3577610.0,607890.0,3580810.0
test_0134_r1920_c10662,test,1920,10662,0,606580.0,3577610.0,609780.0,3580810.0
test_0135_r2160_c7353,test,2160,7353,2,573490.0,3575210.0,576690.0,3578410.0
test_0136_r2160_c7593,test,2160,7593,1,575890.0,3575210.0,579090.0,3578410.0
test_0137_r2160_c7833,test,2160,7833,0,578290.0,3575210.0,581490.0,3578410.0
test_0138_r2160_c8073,test,2160,8073,0,580690.0,3575210.0,583890.0,3578410.0
test_0139_r2160_c8313,test,2160,8313,0,583090.0,3575210.0,586290.0,3578410.0
test_0140_r2160_c8553,test,2160,8553,0,585490.0,3575210.0,588690.0,3578410.0
test_0141_r2160_c8793,test,2160,8793,0,587890.0,3575210.0,591090.0,3578410.0
test_0142_r2160_c9033,test,2160,9033,0,590290.0,3575210.0,593490.0,3578410.0
test_0143_r2160_c9273,test,2160,9273,0,592690.0,3575210.0,595890.0,3578410.0
test_0144_r2160_c9513,test,2160,9513,0,595090.0,3575210.0,598290.0,3578410.0
test_0145_r2160_c9753,test,2160,9753,0,597490.0,3575210.0,600690.0,3578410.0
test_0146_r2160_c9993,test,2160,9993,0,599890.0,3575210.0,603090.0,3578410.0
test_0147_r2160_c10233,test,2160,10233,0,602290.0,3575210.0,605490.0,3578410.0
test_0148_r2160_c10473,test,2160,10473,0,604690.0,3575210.0,607890.0,3578410.0
test_0149_r2160_c10662,test,2160,10662,0,606580.0,3575210.0,609780.0,3578410.0
test_0150_r2400_c7353,test,2400,7353,2,573490.0,3572810.0,576690.0,3576010.0
test_0151_r2400_c7593,test,2400,7593,1,575890.0,3572810.0,579090.0,3576010.0
test_0152_r2400_c7833,test,2400,7833,0,578290.0,3572810.0,581490.0,3576010.0
test_0153_r2400_c8073,test,2400,8073,0,580690.0,3572810.0,583890.0,3576010.0
test_0154_r2400_c8313,test,2400,8313,0,583090.0,3572810.0,586290.0,3576010.0
test_0155_r2400_c8553,test,2400,8553,0,585490.0,3572810.0,588690.0,3576010.0
test_0156_r2400_c8793,test,2400,8793,0,587890.0,3572810.0,591090.0,3576010.0
test_0157_r2400_c9033,test,2400,9033,0,590290.0,3572810.0,593490.0,3576010.0
test_0158_r2400_c9273,test,2400,9273,0,592690.0,3572810.0,595890.0,3576010.0
test_0159_r2400_c9513,test,2400,9513,0,595090.0,3572810.0,598290.0,3576010.0
test_0160_r2400_c9753,test,2400,9753,0,597490.0,3572810.0,600690.0,3576010.0
test_0161_r2400_c9993,test,2400,9993,0,599890.0,3572810.0,603090.0,3576010.0
test_0162_r2400_c10233,test,2400,10233,1,602290.0,3572810.0,605490.0,3576010.0
test_0163_r2400_c10473,test,2400,10473,1,604690.0,3572810.0,607890.0,3576010.0
test_0164_r2400_c10662,test,2400,10662,0,606580.0,3572810.0,609780.0,3576010.0
test_0165_r2640_c7353,test,2640,7353,0,573490.0,3570410.0,576690.0,3573610.0
test_0166_r2640_c7593,test,2640,7593,0,575890.0,3570410.0,579090.0,3573610.0
test_0167_r2640_c7833,test,2640,7833,0,578290.0,3570410.0,581490.0,3573610.0
test_0168_r2640_c8073,test,2640,8073,0,580690.0,3570410.0,583890.0,3573610.0
test_0169_r2640_c8313,test,2640,8313,0,583090.0,3570410.0,586290.0,3573610.0
test_0170_r2640_c8553,test,2640,8553,0,585490.0,3570410.0,588690.0,3573610.0
test_0171_r2640_c8793,test,2640,8793,0,587890.0,3570410.0,591090.0,3573610.0
test_0172_r2640_c9033,test,2640,9033,0,590290.0,3570410.0,593490.0,3573610.0
test_0173_r2640_c9273,test,2640,9273,0,592690.0,3570410.0,595890.0,3573610.0
test_0174_r2640_c9513,test,2640,9513,0,595090.0,3570410.0,598290.0,3573610.0
test_0175_r2640_c9753,test,2640,9753,0,597490.0,3570410.0,600690.0,3573610.0
test_0176_r2640_c9993,test,2640,9993,0,599890.0,3570410.0,603090.0,3573610.0
test_0177_r2640_c10233,test,2640,10233,0,602290.0,3570410.0,605490.0,3573610.0
test_0178_r2640_c10473,test,2640,10473,0,604690.0,3570410.0,607890.0,3573610.0
test_0179_r2640_c10662,test,2640,10662,0,606580.0,3570410.0,609780.0,3573610.0
test_0180_r2880_c7353,test,2880,7353,0,573490.0,3568010.0,576690.0,3571210.0
test_0181_r2880_c7593,test,2880,7593,0,575890.0,3568010.0,579090.0,3571210.0
test_0182_r2880_c7833,test,2880,7833,1,578290.0,3568010.0,581490.0,3571210.0
test_0183_r2880_c8073,test,2880,8073,0,580690.0,3568010.0,583890.0,3571210.0
test_0184_r2880_c8313,test,2880,8313,0,583090.0,3568010.0,586290.0,3571210.0
test_0185_r2880_c8553,test,2880,8553,0,585490.0,3568010.0,588690.0,3571210.0
test_0186_r2880_c8793,test,2880,8793,0,587890.0,3568010.0,591090.0,3571210.0
test_0187_r2880_c9033,test,2880,9033,0,590290.0,3568010.0,593490.0,3571210.0
test_0188_r2880_c9273,test,2880,9273,0,592690.0,3568010.0,595890.0,3571210.0
test_0189_r2880_c9513,test,2880,9513,0,595090.0,3568010.0,598290.0,3571210.0
test_0190_r2880_c9753,test,2880,9753,0,597490.0,3568010.0,600690.0,3571210.0
test_0191_r2880_c9993,test,2880,9993,0,599890.0,3568010.0,603090.0,3571210.0
test_0192_r2880_c10233,test,2880,10233,0,602290.0,3568010.0,605490.0,3571210.0
test_0193_r2880_c10473,test,2880,10473,0,604690.0,3568010.0,607890.0,3571210.0
test_0194_r2880_c10662,test,2880,10662,0,606580.0,3568010.0,609780.0,3571210.0
test_0195_r3120_c7353,test,3120,7353,0,573490.0,3565610.0,576690.0,3568810.0
test_0196_r3120_c7593,test,3120,7593,0,575890.0,3565610.0,579090.0,3568810.0
test_0197_r3120_c7833,test,3120,7833,3,578290.0,3565610.0,581490.0,3568810.0
test_0198_r3120_c8073,test,3120,8073,0,580690.0,3565610.0,583890.0,3568810.0
test_0199_r3120_c8313,test,3120,8313,0,583090.0,3565610.0,586290.0,3568810.0
test_0200_r3120_c8553,test,3120,8553,0,585490.0,3565610.0,588690.0,3568810.0
test_0201_r3120_c8793,test,3120,8793,0,587890.0,3565610.0,591090.0,3568810.0
test_0202_r3120_c9033,test,3120,9033,0,590290.0,3565610.0,593490.0,3568810.0
test_0203_r3120_c9273,test,3120,9273,1,592690.0,3565610.0,595890.0,3568810.0
test_0204_r3120_c9513,test,3120,9513,2,595090.0,3565610.0,598290.0,3568810.0
test_0205_r3120_c9753,test,3120,9753,0,597490.0,3565610.0,600690.0,3568810.0
test_0206_r3120_c9993,test,3120,9993,0,599890.0,3565610.0,603090.0,3568810.0
test_0207_r3120_c10233,test,3120,10233,0,602290.0,3565610.0,605490.0,3568810.0
test_0208_r3120_c10473,test,3120,10473,0,604690.0,3565610.0,607890.0,3568810.0
test_0209_r3120_c10662,test,3120,10662,0,606580.0,3565610.0,609780.0,3568810.0
test_0210_r3360_c7353,test,3360,7353,0,573490.0,3563210.0,576690.0,3566410.0
test_0211_r3360_c7593,test,3360,7593,0,575890.0,3563210.0,579090.0,3566410.0
test_0212_r3360_c7833,test,3360,7833,0,578290.0,3563210.0,581490.0,3566410.0
test_0213_r3360_c8073,test,3360,8073,0,580690.0,3563210.0,583890.0,3566410.0
test_0214_r3360_c8313,test,3360,8313,0,583090.0,3563210.0,586290.0,3566410.0
test_0215_r3360_c8553,test,3360,8553,0,585490.0,3563210.0,588690.0,3566410.0
test_0216_r3360_c8793,test,3360,8793,0,587890.0,3563210.0,591090.0,3566410.0
test_0217_r3360_c9033,test,3360,9033,0,590290.0,3563210.0,593490.0,3566410.0
test_0218_r3360_c9273,test,3360,9273,0,592690.0,3563210.0,595890.0,3566410.0
test_0219_r3360_c9513,test,3360,9513,1,595090.0,3563210.0,598290.0,3566410.0
test_0220_r3360_c9753,test,3360,9753,0,597490.0,3563210.0,600690.0,3566410.0
test_0221_r3360_c9993,test,3360,9993,0,599890.0,3563210.0,603090.0,3566410.0
test_0222_r3360_c10233,test,3360,10233,0,602290.0,3563210.0,605490.0,3566410.0
test_0223_r3360_c10473,test,3360,10473,0,604690.0,3563210.0,607890.0,3566410.0
test_0224_r3360_c10662,test,3360,10662,0,606580.0,3563210.0,609780.0,3566410.0
test_0225_r3600_c7353,test,3600,7353,3,573490.0,3560810.0,576690.0,3564010.0
test_0226_r3600_c7593,test,3600,7593,1,575890.0,3560810.0,579090.0,3564010.0
test_0227_r3600_c7833,test,3600,7833,1,578290.0,3560810.0,581490.0,3564010.0
test_0228_r3600_c8073,test,3600,8073,1,580690.0,3560810.0,583890.0,3564010.0
test_0229_r3600_c8313,test,3600,8313,0,583090.0,3560810.0,586290.0,3564010.0
test_0230_r3600_c8553,test,3600,8553,0,585490.0,3560810.0,588690.0,3564010.0
test_0231_r3600_c8793,test,3600,8793,0,587890.0,3560810.0,591090.0,3564010.0
test_0232_r3600_c9033,test,3600,9033,0,590290.0,3560810.0,593490.0,3564010.0
test_0233_r3600_c9273,test,3600,9273,0,592690.0,3560810.0,595890.0,3564010.0
test_0234_r3600_c9513,test,3600,9513,0,595090.0,3560810.0,598290.0,3564010.0
test_0235_r3600_c9753,test,3600,9753,0,597490.0,3560810.0,600690.0,3564010.0
test_0236_r3600_c9993,test,3600,9993,0,599890.0,3560810.0,603090.0,3564010.0
test_0237_r3600_c10233,test,3600,10233,0,602290.0,3560810.0,605490.0,3564010.0
test_0238_r3600_c10473,test,3600,10473,0,604690.0,3560810.0,607890.0,3564010.0
test_0239_r3600_c10662,test,3600,10662,0,606580.0,3560810.0,609780.0,3564010.0
test_0240_r3840_c7353,test,3840,7353,2,573490.0,3558410.0,576690.0,3561610.0
test_0241_r3840_c7593,test,3840,7593,1,575890.0,3558410.0,579090.0,3561610.0
test_0242_r3840_c7833,test,3840,7833,0,578290.0,3558410.0,581490.0,3561610.0
test_0243_r3840_c8073,test,3840,8073,0,580690.0,3558410.0,583890.0,3561610.0
test_0244_r3840_c8313,test,3840,8313,0,583090.0,3558410.0,586290.0,3561610.0
test_0245_r3840_c8553,test,3840,8553,0,585490.0,3558410.0,588690.0,3561610.0
test_0246_r3840_c8793,test,3840,8793,0,587890.0,3558410.0,591090.0,3561610.0
test_0247_r3840_c9033,test,3840,9033,0,590290.0,3558410.0,593490.0,3561610.0
test_0248_r3840_c9273,test,3840,9273,0,592690.0,3558410.0,595890.0,3561610.0
test_0249_r3840_c9513,test,3840,9513,0,595090.0,3558410.0,598290.0,3561610.0
test_0250_r3840_c9753,test,3840,9753,2,597490.0,3558410.0,600690.0,3561610.0
test_0251_r3840_c9993,test,3840,9993,2,599890.0,3558410.0,603090.0,3561610.0
test_0252_r3840_c10233,test,3840,10233,0,602290.0,3558410.0,605490.0,3561610.0
test_0253_r3840_c10473,test,3840,10473,0,604690.0,3558410.0,607890.0,3561610.0
test_0254_r3840_c10662,test,3840,10662,0,606580.0,3558410.0,609780.0,3561610.0
test_0255_r4080_c7353,test,4080,7353,3,573490.0,3556010.0,576690.0,3559210.0
test_0256_r4080_c7593,test,4080,7593,2,575890.0,3556010.0,579090.0,3559210.0
test_0257_r4080_c7833,test,4080,7833,0,578290.0,3556010.0,581490.0,3559210.0
test_0258_r4080_c8073,test,4080,8073,0,580690.0,3556010.0,583890.0,3559210.0
test_0259_r4080_c8313,test,4080,8313,0,583090.0,3556010.0,586290.0,3559210.0
test_0260_r4080_c8553,test,4080,8553,0,585490.0,3556010.0,588690.0,3559210.0
test_0261_r4080_c8793,test,4080,8793,0,587890.0,3556010.0,591090.0,3559210.0
test_0262_r4080_c9033,test,4080,9033,0,590290.0,3556010.0,593490.0,3559210.0
test_0263_r4080_c9273,test,4080,9273,0,592690.0,3556010.0,595890.0,3559210.0
test_0264_r4080_c9513,test,4080,9513,0,595090.0,3556010.0,598290.0,3559210.0
test_0265_r4080_c9753,test,4080,9753,0,597490.0,3556010.0,600690.0,3559210.0
test_0266_r4080_c9993,test,4080,9993,0,599890.0,3556010.0,603090.0,3559210.0
test_0267_r4080_c10233,test,4080,10233,0,602290.0,3556010.0,605490.0,3559210.0
test_0268_r4080_c10473,test,4080,10473,0,604690.0,3556010.0,607890.0,3559210.0
test_0269_r4080_c10662,test,4080,10662,0,606580.0,3556010.0,609780.0,3559210.0
test_0270_r4320_c7353,test,4320,7353,2,573490.0,3553610.0,576690.0,3556810.0
test_0271_r4320_c7593,test,4320,7593,1,575890.0,3553610.0,579090.0,3556810.0
test_0272_r4320_c7833,test,4320,7833,0,578290.0,3553610.0,581490.0,3556810.0
test_0273_r4320_c8073,test,4320,8073,0,580690.0,3553610.0,583890.0,3556810.0
test_0274_r4320_c8313,test,4320,8313,0,583090.0,3553610.0,586290.0,3556810.0
test_0275_r4320_c8553,test,4320,8553,0,585490.0,3553610.0,588690.0,3556810.0
test_0276_r4320_c8793,test,4320,8793,0,587890.0,3553610.0,591090.0,3556810.0
test_0277_r4320_c9033,test,4320,9033,0,590290.0,3553610.0,593490.0,3556810.0
test_0278_r4320_c9273,test,4320,9273,0,592690.0,3553610.0,595890.0,3556810.0
test_0279_r4320_c9513,test,4320,9513,0,595090.0,3553610.0,598290.0,3556810.0
test_0280_r4320_c9753,test,4320,9753,0,597490.0,3553610.0,600690.0,3556810.0
test_0281_r4320_c9993,test,4320,9993,0,599890.0,3553610.0,603090.0,3556810.0
test_0282_r4320_c10233,test,4320,10233,0,602290.0,3553610.0,605490.0,3556810.0
test_0283_r4320_c10473,test,4320,10473,0,604690.0,3553610.0,607890.0,3556810.0
test_0284_r4320_c10662,test,4320,10662,0,606580.0,3553610.0,609780.0,3556810.0
test_0285_r4560_c7353,test,4560,7353,1,573490.0,3551210.0,576690.0,3554410.0
test_0286_r4560_c7593,test,4560,7593,1,575890.0,3551210.0,579090.0,3554410.0
test_0287_r4560_c7833,test,4560,7833,0,578290.0,3551210.0,581490.0,3554410.0
test_0288_r4560_c8073,test,4560,8073,0,580690.0,3551210.0,583890.0,3554410.0
test_0289_r4560_c8313,test,4560,8313,0,583090.0,3551210.0,586290.0,3554410.0
test_0290_r4560_c8553,test,4560,8553,0,585490.0,3551210.0,588690.0,3554410.0
test_0291_r4560_c8793,test,4560,8793,0,587890.0,3551210.0,591090.0,3554410.0
test_0292_r4560_c9033,test,4560,9033,0,590290.0,3551210.0,593490.0,3554410.0
test_0293_r4560_c9273,test,4560,9273,0,592690.0,3551210.0,595890.0,3554410.0
test_0294_r4560_c9513,test,4560,9513,0,595090.0,3551210.0,598290.0,3554410.0
test_0295_r4560_c9753,test,4560,9753,0,597490.0,3551210.0,600690.0,3554410.0
test_0296_r4560_c9993,test,4560,9993,0,599890.0,3551210.0,603090.0,3554410.0
test_0297_r4560_c10233,test,4560,10233,1,602290.0,3551210.0,605490.0,3554410.0
test_0298_r4560_c10473,test,4560,10473,0,604690.0,3551210.0,607890.0,3554410.0
test_0299_r4560_c10662,test,4560,10662,0,606580.0,3551210.0,609780.0,3554410.0
test_0300_r4800_c7353,test,4800,7353,0,573490.0,3548810.0,576690.0,3552010.0
test_0301_r4800_c7593,test,4800,7593,0,575890.0,3548810.0,579090.0,3552010.0
test_0302_r4800_c7833,test,4800,7833,0,578290.0,3548810.0,581490.0,3552010.0
test_0303_r4800_c8073,test,4800,8073,0,580690.0,3548810.0,583890.0,3552010.0
test_0304_r4800_c8313,test,4800,8313,0,583090.0,3548810.0,586290.0,3552010.0
test_0305_r4800_c8553,test,4800,8553,0,585490.0,3548810.0,588690.0,3552010.0
test_0306_r4800_c8793,test,4800,8793,0,587890.0,3548810.0,591090.0,3552010.0
test_0307_r4800_c9033,test,4800,9033,0,590290.0,3548810.0,593490.0,3552010.0
test_0308_r4800_c9273,test,4800,9273,0,592690.0,3548810.0,595890.0,3552010.0
test_0309_r4800_c9513,test,4800,9513,0,595090.0,3548810.0,598290.0,3552010.0
test_0310_r4800_c9753,test,4800,9753,0,597490.0,3548810.0,600690.0,3552010.0
test_0311_r4800_c9993,test,4800,9993,1,599890.0,3548810.0,603090.0,3552010.0
test_0312_r4800_c10233,test,4800,10233,1,602290.0,3548810.0,605490.0,3552010.0
test_0313_r4800_c10473,test,4800,10473,0,604690.0,3548810.0,607890.0,3552010.0
test_0314_r4800_c10662,test,4800,10662,0,606580.0,3548810.0,609780.0,3552010.0
test_0315_r5040_c7353,test,5040,7353,3,573490.0,3546410.0,576690.0,3549610.0
test_0316_r5040_c7593,test,5040,7593,0,575890.0,3546410.0,579090.0,3549610.0
test_0317_r5040_c7833,test,5040,7833,0,578290.0,3546410.0,581490.0,3549610.0
test_0318_r5040_c8073,test,5040,8073,0,580690.0,3546410.0,583890.0,3549610.0
test_0319_r5040_c8313,test,5040,8313,0,583090.0,3546410.0,586290.0,3549610.0
test_0320_r5040_c8553,test,5040,8553,0,585490.0,3546410.0,588690.0,3549610.0
test_0321_r5040_c8793,test,5040,8793,0,587890.0,3546410.0,591090.0,3549610.0
test_0322_r5040_c9033,test,5040,9033,0,590290.0,3546410.0,593490.0,3549610.0
test_0323_r5040_c9273,test,5040,9273,0,592690.0,3546410.0,595890.0,3549610.0
test_0324_r5040_c9513,test,5040,9513,0,595090.0,3546410.0,598290.0,3549610.0
test_0325_r5040_c9753,test,5040,9753,0,597490.0,3546410.0,600690.0,3549610.0
test_0326_r5040_c9993,test,5040,9993,0,599890.0,3546410.0,603090.0,3549610.0
test_0327_r5040_c10233,test,5040,10233,0,602290.0,3546410.0,605490.0,3549610.0
test_0328_r5040_c10473,test,5040,10473,1,604690.0,3546410.0,607890.0,3549610.0
test_0329_r5040_c10662,test,5040,10662,1,606580.0,3546410.0,609780.0,3549610.0
test_0330_r5280_c7353,test,5280,7353,1,573490.0,3544010.0,576690.0,3547210.0
test_0331_r5280_c7593,test,5280,7593,1,575890.0,3544010.0,579090.0,3547210.0
test_0332_r5280_c7833,test,5280,7833,0,578290.0,3544010.0,581490.0,3547210.0
test_0333_r5280_c8073,test,5280,8073,0,580690.0,3544010.0,583890.0,3547210.0
test_0334_r5280_c8313,test,5280,8313,0,583090.0,3544010.0,586290.0,3547210.0
test_0335_r5280_c8553,test,5280,8553,0,585490.0,3544010.0,588690.0,3547210.0
test_0336_r5280_c8793,test,5280,8793,0,587890.0,3544010.0,591090.0,3547210.0
test_0337_r5280_c9033,test,5280,9033,0,590290.0,3544010.0,593490.0,3547210.0
test_0338_r5280_c9273,test,5280,9273,0,592690.0,3544010.0,595890.0,3547210.0
test_0339_r5280_c9513,test,5280,9513,0,595090.0,3544010.0,598290.0,3547210.0
test_0340_r5280_c9753,test,5280,9753,0,597490.0,3544010.0,600690.0,3547210.0
test_0341_r5280_c9993,test,5280,9993,0,599890.0,3544010.0,603090.0,3547210.0
test_0342_r5280_c10233,test,5280,10233,0,602290.0,3544010.0,605490.0,3547210.0
test_0343_r5280_c10473,test,5280,10473,0,604690.0,3544010.0,607890.0,3547210.0
test_0344_r5280_c10662,test,5280,10662,0,606580.0,3544010.0,609780.0,3547210.0
test_0345_r5520_c7353,test,5520,7353,1,573490.0,3541610.0,576690.0,3544810.0
test_0346_r5520_c7593,test,5520,7593,2,575890.0,3541610.0,579090.0,3544810.0
test_0347_r5520_c7833,test,5520,7833,0,578290.0,3541610.0,581490.0,3544810.0
test_0348_r5520_c8073,test,5520,8073,0,580690.0,3541610.0,583890.0,3544810.0
test_0349_r5520_c8313,test,5520,8313,0,583090.0,3541610.0,586290.0,3544810.0
test_0350_r5520_c8553,test,5520,8553,0,585490.0,3541610.0,588690.0,3544810.0
test_0351_r5520_c8793,test,5520,8793,0,587890.0,3541610.0,591090.0,3544810.0
test_0352_r5520_c9033,test,5520,9033,0,590290.0,3541610.0,593490.0,3544810.0
test_0353_r5520_c9273,test,5520,9273,0,592690.0,3541610.0,595890.0,3544810.0
test_0354_r5520_c9513,test,5520,9513,0,595090.0,3541610.0,598290.0,3544810.0
test_0355_r5520_c9753,test,5520,9753,0,597490.0,3541610.0,600690.0,3544810.0
test_0356_r5520_c9993,test,5520,9993,0,599890.0,3541610.0,603090.0,3544810.0
test_0357_r5520_c10233,test,5520,10233,0,602290.0,3541610.0,605490.0,3544810.0
test_0358_r5520_c10473,test,5520,10473,0,604690.0,3541610.0,607890.0,3544810.0
test_0359_r5520_c10662,test,5520,10662,0,606580.0,3541610.0,609780.0,3544810.0
test_0360_r5760_c7353,test,5760,7353,1,573490.0,3539210.0,576690.0,3542410.0
test_0361_r5760_c7593,test,5760,7593,1,575890.0,3539210.0,579090.0,3542410.0
test_0362_r5760_c7833,test,5760,7833,2,578290.0,3539210.0,581490.0,3542410.0
test_0363_r5760_c8073,test,5760,8073,0,580690.0,3539210.0,583890.0,3542410.0
test_0364_r5760_c8313,test,5760,8313,0,583090.0,3539210.0,586290.0,3542410.0
test_0365_r5760_c8553,test,5760,8553,0,585490.0,3539210.0,588690.0,3542410.0
test_0366_r5760_c8793,test,5760,8793,0,587890.0,3539210.0,591090.0,3542410.0
test_0367_r5760_c9033,test,5760,9033,0,590290.0,3539210.0,593490.0,3542410.0
test_0368_r5760_c9273,test,5760,9273,0,592690.0,3539210.0,595890.0,3542410.0
test_0369_r5760_c9513,test,5760,9513,0,595090.0,3539210.0,598290.0,3542410.0
test_0370_r5760_c9753,test,5760,9753,0,597490.0,3539210.0,600690.0,3542410.0
test_0371_r5760_c9993,test,5760,9993,0,599890.0,3539210.0,603090.0,3542410.0
test_0372_r5760_c10233,test,5760,10233,0,602290.0,3539210.0,605490.0,3542410.0
test_0373_r5760_c10473,test,5760,10473,0,604690.0,3539210.0,607890.0,3542410.0
test_0374_r5760_c10662,test,5760,10662,0,606580.0,3539210.0,609780.0,3542410.0
test_0375_r6000_c7353,test,6000,7353,0,573490.0,3536810.0,576690.0,3540010.0
test_0376_r6000_c7593,test,6000,7593,0,575890.0,3536810.0,579090.0,3540010.0
test_0377_r6000_c7833,test,6000,7833,2,578290.0,3536810.0,581490.0,3540010.0
test_0378_r6000_c8073,test,6000,8073,0,580690.0,3536810.0,583890.0,3540010.0
test_0379_r6000_c8313,test,6000,8313,0,583090.0,3536810.0,586290.0,3540010.0
test_0380_r6000_c8553,test,6000,8553,0,585490.0,3536810.0,588690.0,3540010.0
test_0381_r6000_c8793,test,6000,8793,0,587890.0,3536810.0,591090.0,3540010.0
test_0382_r6000_c9033,test,6000,9033,0,590290.0,3536810.0,593490.0,3540010.0
test_0383_r6000_c9273,test,6000,9273,0,592690.0,3536810.0,595890.0,3540010.0
test_0384_r6000_c9513,test,6000,9513,0,595090.0,3536810.0,598290.0,3540010.0
test_0385_r6000_c9753,test,6000,9753,0,597490.0,3536810.0,600690.0,3540010.0
test_0386_r6000_c9993,test,6000,9993,0,599890.0,3536810.0,603090.0,3540010.0
test_0387_r6000_c10233,test,6000,10233,0,602290.0,3536810.0,605490.0,3540010.0
test_0388_r6000_c10473,test,6000,10473,0,604690.0,3536810.0,607890.0,3540010.0
test_0389_r6000_c10662,test,6000,10662,0,606580.0,3536810.0,609780.0,3540010.0
test_0390_r6240_c7353,test,6240,7353,0,573490.0,3534410.0,576690.0,3537610.0
test_0391_r6240_c7593,test,6240,7593,0,575890.0,3534410.0,579090.0,3537610.0
test_0392_r6240_c7833,test,6240,7833,0,578290.0,3534410.0,581490.0,3537610.0
test_0393_r6240_c8073,test,6240,8073,0,580690.0,3534410.0,583890.0,3537610.0
test_0394_r6240_c8313,test,6240,8313,0,583090.0,3534410.0,586290.0,3537610.0
test_0395_r6240_c8553,test,6240,8553,0,585490.0,3534410.0,588690.0,3537610.0
test_0396_r6240_c8793,test,6240,8793,0,587890.0,3534410.0,591090.0,3537610.0
test_0397_r6240_c9033,test,6240,9033,0,590290.0,3534410.0,593490.0,3537610.0
test_0398_r6240_c9273,test,6240,9273,0,592690.0,3534410.0,595890.0,3537610.0
test_0399_r6240_c9513,test,6240,9513,0,595090.0,3534410.0,598290.0,3537610.0
test_0400_r6240_c9753,test,6240,9753,0,597490.0,3534410.0,600690.0,3537610.0
test_0401_r6240_c9993,test,6240,9993,0,599890.0,3534410.0,603090.0,3537610.0
test_0402_r6240_c10233,test,6240,10233,0,602290.0,3534410.0,605490.0,3537610.0
test_0403_r6240_c10473,test,6240,10473,0,604690.0,3534410.0,607890.0,3537610.0
test_0404_r6240_c10662,test,6240,10662,0,606580.0,3534410.0,609780.0,3537610.0
test_0405_r6480_c7353,test,6480,7353,0,573490.0,3532010.0,576690.0,3535210.0
test_0406_r6480_c7593,test,6480,7593,0,575890.0,3532010.0,579090.0,3535210.0
test_0407_r6480_c7833,test,6480,7833,0,578290.0,3532010.0,581490.0,3535210.0
test_0408_r6480_c8073,test,6480,8073,0,580690.0,3532010.0,583890.0,3535210.0
test_0409_r6480_c8313,test,6480,8313,0,583090.0,3532010.0,586290.0,3535210.0
test_0410_r6480_c8553,test,6480,8553,0,585490.0,3532010.0,588690.0,3535210.0
test_0411_r6480_c8793,test,6480,8793,0,587890.0,3532010.0,591090.0,3535210.0
test_0412_r6480_c9033,test,6480,9033,0,590290.0,3532010.0,593490.0,3535210.0
test_0413_r6480_c9273,test,6480,9273,0,592690.0,3532010.0,595890.0,3535210.0
test_0414_r6480_c9513,test,6480,9513,0,595090.0,3532010.0,598290.0,3535210.0
test_0415_r6480_c9753,test,6480,9753,0,597490.0,3532010.0,600690.0,3535210.0
test_0416_r6480_c9993,test,6480,9993,0,599890.0,3532010.0,603090.0,3535210.0
test_0417_r6480_c10233,test,6480,10233,0,602290.0,3532010.0,605490.0,3535210.0
test_0418_r6480_c10473,test,6480,10473,0,604690.0,3532010.0,607890.0,3535210.0
test_0419_r6480_c10662,test,6480,10662,0,606580.0,3532010.0,609780.0,3535210.0
test_0420_r6720_c7353,test,6720,7353,0,573490.0,3529610.0,576690.0,3532810.0
test_0421_r6720_c7593,test,6720,7593,1,575890.0,3529610.0,579090.0,3532810.0
test_0422_r6720_c7833,test,6720,7833,0,578290.0,3529610.0,581490.0,3532810.0
test_0423_r6720_c8073,test,6720,8073,0,580690.0,3529610.0,583890.0,3532810.0
test_0424_r6720_c8313,test,6720,8313,0,583090.0,3529610.0,586290.0,3532810.0
test_0425_r6720_c8553,test,6720,8553,0,585490.0,3529610.0,588690.0,3532810.0
test_0426_r6720_c8793,test,6720,8793,0,587890.0,3529610.0,591090.0,3532810.0
test_0427_r6720_c9033,test,6720,9033,0,590290.0,3529610.0,593490.0,3532810.0
test_0428_r6720_c9273,test,6720,9273,0,592690.0,3529610.0,595890.0,3532810.0
test_0429_r6720_c9513,test,6720,9513,0,595090.0,3529610.0,598290.0,3532810.0
test_0430_r6720_c9753,test,6720,9753,0,597490.0,3529610.0,600690.0,3532810.0
test_0431_r6720_c9993,test,6720,9993,0,599890.0,3529610.0,603090.0,3532810.0
test_0432_r6720_c10233,test,6720,10233,0,602290.0,3529610.0,605490.0,3532810.0
test_0433_r6720_c10473,test,6720,10473,0,604690.0,3529610.0,607890.0,3532810.0
test_0434_r6720_c10662,test,6720,10662,0,606580.0,3529610.0,609780.0,3532810.0
test_0435_r6960_c7353,test,6960,7353,1,573490.0,3527210.0,576690.0,3530410.0
test_0436_r6960_c7593,test,6960,7593,1,575890.0,3527210.0,579090.0,3530410.0
test_0437_r6960_c7833,test,6960,7833,0,578290.0,3527210.0,581490.0,3530410.0
test_0438_r6960_c8073,test,6960,8073,0,580690.0,3527210.0,583890.0,3530410.0
test_0439_r6960_c8313,test,6960,8313,0,583090.0,3527210.0,586290.0,3530410.0
test_0440_r6960_c8553,test,6960,8553,1,585490.0,3527210.0,588690.0,3530410.0
test_0441_r6960_c8793,test,6960,8793,2,587890.0,3527210.0,591090.0,3530410.0
test_0442_r6960_c9033,test,6960,9033,0,590290.0,3527210.0,593490.0,3530410.0
test_0443_r6960_c9273,test,6960,9273,0,592690.0,3527210.0,595890.0,3530410.0
test_0444_r6960_c9513,test,6960,9513,0,595090.0,3527210.0,598290.0,3530410.0
test_0445_r6960_c9753,test,6960,9753,0,597490.0,3527210.0,600690.0,3530410.0
test_0446_r6960_c9993,test,6960,9993,0,599890.0,3527210.0,603090.0,3530410.0
test_0447_r6960_c10233,test,6960,10233,0,602290.0,3527210.0,605490.0,3530410.0
test_0448_r6960_c10473,test,6960,10473,0,604690.0,3527210.0,607890.0,3530410.0
test_0449_r6960_c10662,test,6960,10662,0,606580.0,3527210.0,609780.0,3530410.0
test_0450_r7200_c7353,test,7200,7353,1,573490.0,3524810.0,576690.0,3528010.0
test_0451_r7200_c7593,test,7200,7593,3,575890.0,3524810.0,579090.0,3528010.0
test_0452_r7200_c7833,test,7200,7833,1,578290.0,3524810.0,581490.0,3528010.0
test_0453_r7200_c8073,test,7200,8073,0,580690.0,3524810.0,583890.0,3528010.0
test_0454_r7200_c8313,test,7200,8313,0,583090.0,3524810.0,586290.0,3528010.0
test_0455_r7200_c8553,test,7200,8553,0,585490.0,3524810.0,588690.0,3528010.0
test_0456_r7200_c8793,test,7200,8793,0,587890.0,3524810.0,591090.0,3528010.0
test_0457_r7200_c9033,test,7200,9033,1,590290.0,3524810.0,593490.0,3528010.0
test_0458_r7200_c9273,test,7200,9273,0,592690.0,3524810.0,595890.0,3528010.0
test_0459_r7200_c9513,test,7200,9513,0,595090.0,3524810.0,598290.0,3528010.0
test_0460_r7200_c9753,test,7200,9753,0,597490.0,3524810.0,600690.0,3528010.0
test_0461_r7200_c9993,test,7200,9993,0,599890.0,3524810.0,603090.0,3528010.0
test_0462_r7200_c10233,test,7200,10233,0,602290.0,3524810.0,605490.0,3528010.0
test_0463_r7200_c10473,test,7200,10473,0,604690.0,3524810.0,607890.0,3528010.0
test_0464_r7200_c10662,test,7200,10662,0,606580.0,3524810.0,609780.0,3528010.0
test_0465_r7440_c7353,test,7440,7353,1,573490.0,3522410.0,576690.0,3525610.0
test_0466_r7440_c7593,test,7440,7593,1,575890.0,3522410.0,579090.0,3525610.0
test_0467_r7440_c7833,test,7440,7833,0,578290.0,3522410.0,581490.0,3525610.0
test_0468_r7440_c8073,test,7440,8073,1,580690.0,3522410.0,583890.0,3525610.0
test_0469_r7440_c8313,test,7440,8313,0,583090.0,3522410.0,586290.0,3525610.0
test_0470_r7440_c8553,test,7440,8553,0,585490.0,3522410.0,588690.0,3525610.0
test_0471_r7440_c8793,test,7440,8793,0,587890.0,3522410.0,591090.0,3525610.0
test_0472_r7440_c9033,test,7440,9033,0,590290.0,3522410.0,593490.0,3525610.0
test_0473_r7440_c9273,test,7440,9273,1,592690.0,3522410.0,595890.0,3525610.0
test_0474_r7440_c9513,test,7440,9513,3,595090.0,3522410.0,598290.0,3525610.0
test_0475_r7440_c9753,test,7440,9753,0,597490.0,3522410.0,600690.0,3525610.0
test_0476_r7440_c9993,test,7440,9993,0,599890.0,3522410.0,603090.0,3525610.0
test_0477_r7440_c10233,test,7440,10233,0,602290.0,3522410.0,605490.0,3525610.0
test_0478_r7440_c10473,test,7440,10473,0,604690.0,3522410.0,607890.0,3525610.0
test_0479_r7440_c10662,test,7440,10662,1,606580.0,3522410.0,609780.0,3525610.0
test_0480_r7680_c7353,test,7680,7353,1,573490.0,3520010.0,576690.0,3523210.0
test_0481_r7680_c7593,test,7680,7593,0,575890.0,3520010.0,579090.0,3523210.0
test_0482_r7680_c7833,test,7680,7833,2,578290.0,3520010.0,581490.0,3523210.0
test_0483_r7680_c8073,test,7680,8073,2,580690.0,3520010.0,583890.0,3523210.0
test_0484_r7680_c8313,test,7680,8313,0,583090.0,3520010.0,586290.0,3523210.0
test_0485_r7680_c8553,test,7680,8553,0,585490.0,3520010.0,588690.0,3523210.0
test_0486_r7680_c8793,test,7680,8793,0,587890.0,3520010.0,591090.0,3523210.0
test_0487_r7680_c9033,test,7680,9033,0,590290.0,3520010.0,593490.0,3523210.0
test_0488_r7680_c9273,test,7680,9273,0,592690.0,3520010.0,595890.0,3523210.0
test_0489_r7680_c9513,test,7680,9513,1,595090.0,3520010.0,598290.0,3523210.0
test_0490_r7680_c9753,test,7680,9753,3,597490.0,3520010.0,600690.0,3523210.0
test_0491_r7680_c9993,test,7680,9993,3,599890.0,3520010.0,603090.0,3523210.0
test_0492_r7680_c10233,test,7680,10233,0,602290.0,3520010.0,605490.0,3523210.0
test_0493_r7680_c10473,test,7680,10473,0,604690.0,3520010.0,607890.0,3523210.0
test_0494_r7680_c10662,test,7680,10662,1,606580.0,3520010.0,609780.0,3523210.0
test_0495_r7920_c7353,test,7920,7353,1,573490.0,3517610.0,576690.0,3520810.0
test_0496_r7920_c7593,test,7920,7593,2,575890.0,3517610.0,579090.0,3520810.0
test_0497_r7920_c7833,test,7920,7833,2,578290.0,3517610.0,581490.0,3520810.0
test_0498_r7920_c8073,test,7920,8073,0,580690.0,3517610.0,583890.0,3520810.0
test_0499_r7920_c8313,test,7920,8313,0,583090.0,3517610.0,586290.0,3520810.0
test_0500_r7920_c8553,test,7920,8553,0,585490.0,3517610.0,588690.0,3520810.0
test_0501_r7920_c8793,test,7920,8793,0,587890.0,3517610.0,591090.0,3520810.0
test_0502_r7920_c9033,test,7920,9033,0,590290.0,3517610.0,593490.0,3520810.0
test_0503_r7920_c9273,test,7920,9273,0,592690.0,3517610.0,595890.0,3520810.0
test_0504_r7920_c9513,test,7920,9513,1,595090.0,3517610.0,598290.0,3520810.0
test_0505_r7920_c9753,test,7920,9753,1,597490.0,3517610.0,600690.0,3520810.0
test_0506_r7920_c9993,test,7920,9993,1,599890.0,3517610.0,603090.0,3520810.0
test_0507_r7920_c10233,test,7920,10233,1,602290.0,3517610.0,605490.0,3520810.0
test_0508_r7920_c10473,test,7920,10473,1,604690.0,3517610.0,607890.0,3520810.0
test_0509_r7920_c10662,test,7920,10662,0,606580.0,3517610.0,609780.0,3520810.0
test_0510_r8160_c7353,test,8160,7353,2,573490.0,3515210.0,576690.0,3518410.0
test_0511_r8160_c7593,test,8160,7593,4,575890.0,3515210.0,579090.0,3518410.0
test_0512_r8160_c7833,test,8160,7833,3,578290.0,3515210.0,581490.0,3518410.0
test_0513_r8160_c8073,test,8160,8073,2,580690.0,3515210.0,583890.0,3518410.0
test_0514_r8160_c8313,test,8160,8313,1,583090.0,3515210.0,586290.0,3518410.0
test_0515_r8160_c8553,test,8160,8553,0,585490.0,3515210.0,588690.0,3518410.0
test_0516_r8160_c8793,test,8160,8793,0,587890.0,3515210.0,591090.0,3518410.0
test_0517_r8160_c9033,test,8160,9033,0,590290.0,3515210.0,593490.0,3518410.0
test_0518_r8160_c9273,test,8160,9273,4,592690.0,3515210.0,595890.0,3518410.0
test_0519_r8160_c9513,test,8160,9513,2,595090.0,3515210.0,598290.0,3518410.0
test_0520_r8160_c9753,test,8160,9753,0,597490.0,3515210.0,600690.0,3518410.0
test_0521_r8160_c9993,test,8160,9993,1,599890.0,3515210.0,603090.0,3518410.0
test_0522_r8160_c10233,test,8160,10233,2,602290.0,3515210.0,605490.0,3518410.0
test_0523_r8160_c10473,test,8160,10473,1,604690.0,3515210.0,607890.0,3518410.0
test_0524_r8160_c10662,test,8160,10662,0,606580.0,3515210.0,609780.0,3518410.0
test_0525_r8400_c7353,test,8400,7353,3,573490.0,3512810.0,576690.0,3516010.0
test_0526_r8400_c7593,test,8400,7593,2,575890.0,3512810.0,579090.0,3516010.0
test_0527_r8400_c7833,test,8400,7833,0,578290.0,3512810.0,581490.0,3516010.0
test_0528_r8400_c8073,test,8400,8073,1,580690.0,3512810.0,583890.0,3516010.0
test_0529_r8400_c8313,test,8400,8313,1,583090.0,3512810.0,586290.0,3516010.0
test_0530_r8400_c8553,test,8400,8553,0,585490.0,3512810.0,588690.0,3516010.0
test_0531_r8400_c8793,test,8400,8793,0,587890.0,3512810.0,591090.0,3516010.0
test_0532_r8400_c9033,test,8400,9033,0,590290.0,3512810.0,593490.0,3516010.0
test_0533_r8400_c9273,test,8400,9273,2,592690.0,3512810.0,595890.0,3516010.0
test_0534_r8400_c9513,test,8400,9513,0,595090.0,3512810.0,598290.0,3516010.0
test_0535_r8400_c9753,test,8400,9753,0,597490.0,3512810.0,600690.0,3516010.0
test_0536_r8400_c9993,test,8400,9993,0,599890.0,3512810.0,603090.0,3516010.0
test_0537_r8400_c10233,test,8400,10233,0,602290.0,3512810.0,605490.0,3516010.0
test_0538_r8400_c10473,test,8400,10473,0,604690.0,3512810.0,607890.0,3516010.0
test_0539_r8400_c10662,test,8400,10662,0,606580.0,3512810.0,609780.0,3516010.0
test_0540_r8640_c7353,test,8640,7353,1,573490.0,3510410.0,576690.0,3513610.0
test_0541_r8640_c7593,test,8640,7593,3,575890.0,3510410.0,579090.0,3513610.0
test_0542_r8640_c7833,test,8640,7833,2,578290.0,3510410.0,581490.0,3513610.0
test_0543_r8640_c8073,test,8640,8073,3,580690.0,3510410.0,583890.0,3513610.0
test_0544_r8640_c8313,test,8640,8313,1,583090.0,3510410.0,586290.0,3513610.0
test_0545_r8640_c8553,test,8640,8553,1,585490.0,3510410.0,588690.0,3513610.0
test_0546_r8640_c8793,test,8640,8793,1,587890.0,3510410.0,591090.0,3513610.0
test_0547_r8640_c9033,test,8640,9033,0,590290.0,3510410.0,593490.0,3513610.0
test_0548_r8640_c9273,test,8640,9273,0,592690.0,3510410.0,595890.0,3513610.0
test_0549_r8640_c9513,test,8640,9513,0,595090.0,3510410.0,598290.0,3513610.0
test_0550_r8640_c9753,test,8640,9753,0,597490.0,3510410.0,600690.0,3513610.0
test_0551_r8640_c9993,test,8640,9993,0,599890.0,3510410.0,603090.0,3513610.0
test_0552_r8640_c10233,test,8640,10233,0,602290.0,3510410.0,605490.0,3513610.0
test_0553_r8640_c10473,test,8640,10473,0,604690.0,3510410.0,607890.0,3513610.0
test_0554_r8640_c10662,test,8640,10662,0,606580.0,3510410.0,609780.0,3513610.0
test_0555_r8880_c7353,test,8880,7353,1,573490.0,3508010.0,576690.0,3511210.0
test_0556_r8880_c7593,test,8880,7593,0,575890.0,3508010.0,579090.0,3511210.0
test_0557_r8880_c7833,test,8880,7833,1,578290.0,3508010.0,581490.0,3511210.0
test_0558_r8880_c8073,test,8880,8073,0,580690.0,3508010.0,583890.0,3511210.0
test_0559_r8880_c8313,test,8880,8313,0,583090.0,3508010.0,586290.0,3511210.0
test_0560_r8880_c8553,test,8880,8553,1,585490.0,3508010.0,588690.0,3511210.0
test_0561_r8880_c8793,test,8880,8793,1,587890.0,3508010.0,591090.0,3511210.0
test_0562_r8880_c9033,test,8880,9033,0,590290.0,3508010.0,593490.0,3511210.0
test_0563_r8880_c9273,test,8880,9273,0,592690.0,3508010.0,595890.0,3511210.0
test_0564_r8880_c9513,test,8880,9513,0,595090.0,3508010.0,598290.0,3511210.0
test_0565_r8880_c9753,test,8880,9753,0,597490.0,3508010.0,600690.0,3511210.0
test_0566_r8880_c9993,test,8880,9993,1,599890.0,3508010.0,603090.0,3511210.0
test_0567_r8880_c10233,test,8880,10233,0,602290.0,3508010.0,605490.0,3511210.0
test_0568_r8880_c10473,test,8880,10473,0,604690.0,3508010.0,607890.0,3511210.0
test_0569_r8880_c10662,test,8880,10662,1,606580.0,3508010.0,609780.0,3511210.0
test_0570_r9120_c7353,test,9120,7353,7,573490.0,3505610.0,576690.0,3508810.0
test_0571_r9120_c7593,test,9120,7593,0,575890.0,3505610.0,579090.0,3508810.0
test_0572_r9120_c7833,test,9120,7833,1,578290.0,3505610.0,581490.0,3508810.0
test_0573_r9120_c8073,test,9120,8073,0,580690.0,3505610.0,583890.0,3508810.0
test_0574_r9120_c8313,test,9120,8313,0,583090.0,3505610.0,586290.0,3508810.0
test_0575_r9120_c8553,test,9120,8553,0,585490.0,3505610.0,588690.0,3508810.0
test_0576_r9120_c8793,test,9120,8793,0,587890.0,3505610.0,591090.0,3508810.0
test_0577_r9120_c9033,test,9120,9033,2,590290.0,3505610.0,593490.0,3508810.0
test_0578_r9120_c9273,test,9120,9273,3,592690.0,3505610.0,595890.0,3508810.0
test_0579_r9120_c9513,test,9120,9513,2,595090.0,3505610.0,598290.0,3508810.0
test_0580_r9120_c9753,test,9120,9753,1,597490.0,3505610.0,600690.0,3508810.0
test_0581_r9120_c9993,test,9120,9993,2,599890.0,3505610.0,603090.0,3508810.0
test_0582_r9120_c10233,test,9120,10233,1,602290.0,3505610.0,605490.0,3508810.0
test_0583_r9120_c10473,test,9120,10473,1,604690.0,3505610.0,607890.0,3508810.0
test_0584_r9120_c10662,test,9120,10662,1,606580.0,3505610.0,609780.0,3508810.0
test_0585_r9360_c7353,test,9360,7353,6,573490.0,3503210.0,576690.0,3506410.0
test_0586_r9360_c7593,test,9360,7593,0,575890.0,3503210.0,579090.0,3506410.0
test_0587_r9360_c7833,test,9360,7833,2,578290.0,3503210.0,581490.0,3506410.0
test_0588_r9360_c8073,test,9360,8073,2,580690.0,3503210.0,583890.0,3506410.0
test_0589_r9360_c8313,test,9360,8313,3,583090.0,3503210.0,586290.0,3506410.0
test_0590_r9360_c8553,test,9360,8553,0,585490.0,3503210.0,588690.0,3506410.0
test_0591_r9360_c8793,test,9360,8793,0,587890.0,3503210.0,591090.0,3506410.0
test_0592_r9360_c9033,test,9360,9033,0,590290.0,3503210.0,593490.0,3506410.0
test_0593_r9360_c9273,test,9360,9273,1,592690.0,3503210.0,595890.0,3506410.0
test_0594_r9360_c9513,test,9360,9513,1,595090.0,3503210.0,598290.0,3506410.0
test_0595_r9360_c9753,test,9360,9753,3,597490.0,3503210.0,600690.0,3506410.0
test_0596_r9360_c9993,test,9360,9993,7,599890.0,3503210.0,603090.0,3506410.0
test_0597_r9360_c10233,test,9360,10233,0,602290.0,3503210.0,605490.0,3506410.0
test_0598_r9360_c10473,test,9360,10473,0,604690.0,3503210.0,607890.0,3506410.0
test_0599_r9360_c10662,test,9360,10662,3,606580.0,3503210.0,609780.0,3506410.0
test_0600_r9600_c7353,test,9600,7353,2,573490.0,3500810.0,576690.0,3504010.0
test_0601_r9600_c7593,test,9600,7593,0,575890.0,3500810.0,579090.0,3504010.0
test_0602_r9600_c7833,test,9600,7833,0,578290.0,3500810.0,581490.0,3504010.0
test_0603_r9600_c8073,test,9600,8073,1,580690.0,3500810.0,583890.0,3504010.0
test_0604_r9600_c8313,test,9600,8313,2,583090.0,3500810.0,586290.0,3504010.0
test_0605_r9600_c8553,test,9600,8553,0,585490.0,3500810.0,588690.0,3504010.0
test_0606_r9600_c8793,test,9600,8793,0,587890.0,3500810.0,591090.0,3504010.0
test_0607_r9600_c9033,test,9600,9033,0,590290.0,3500810.0,593490.0,3504010.0
test_0608_r9600_c9273,test,9600,9273,0,592690.0,3500810.0,595890.0,3504010.0
test_0609_r9600_c9513,test,9600,9513,1,595090.0,3500810.0,598290.0,3504010.0
test_0610_r9600_c9753,test,9600,9753,1,597490.0,3500810.0,600690.0,3504010.0
test_0611_r9600_c9993,test,9600,9993,1,599890.0,3500810.0,603090.0,3504010.0
test_0612_r9600_c10233,test,9600,10233,0,602290.0,3500810.0,605490.0,3504010.0
test_0613_r9600_c10473,test,9600,10473,0,604690.0,3500810.0,607890.0,3504010.0
test_0614_r9600_c10662,test,9600,10662,1,606580.0,3500810.0,609780.0,3504010.0
test_0615_r9840_c7353,test,9840,7353,1,573490.0,3498410.0,576690.0,3501610.0
test_0616_r9840_c7593,test,9840,7593,0,575890.0,3498410.0,579090.0,3501610.0
test_0617_r9840_c7833,test,9840,7833,0,578290.0,3498410.0,581490.0,3501610.0
test_0618_r9840_c8073,test,9840,8073,2,580690.0,3498410.0,583890.0,3501610.0
test_0619_r9840_c8313,test,9840,8313,0,583090.0,3498410.0,586290.0,3501610.0
test_0620_r9840_c8553,test,9840,8553,1,585490.0,3498410.0,588690.0,3501610.0
test_0621_r9840_c8793,test,9840,8793,1,587890.0,3498410.0,591090.0,3501610.0
test_0622_r9840_c9033,test,9840,9033,0,590290.0,3498410.0,593490.0,3501610.0
test_0623_r9840_c9273,test,9840,9273,0,592690.0,3498410.0,595890.0,3501610.0
test_0624_r9840_c9513,test,9840,9513,0,595090.0,3498410.0,598290.0,3501610.0
test_0625_r9840_c9753,test,9840,9753,1,597490.0,3498410.0,600690.0,3501610.0
test_0626_r9840_c9993,test,9840,9993,1,599890.0,3498410.0,603090.0,3501610.0
test_0627_r9840_c10233,test,9840,10233,0,602290.0,3498410.0,605490.0,3501610.0
test_0628_r9840_c10473,test,9840,10473,1,604690.0,3498410.0,607890.0,3501610.0
test_0629_r9840_c10662,test,9840,10662,4,606580.0,3498410.0,609780.0,3501610.0
test_0630_r10080_c7353,test,10080,7353,4,573490.0,3496010.0,576690.0,3499210.0
test_0631_r10080_c7593,test,10080,7593,5,575890.0,3496010.0,579090.0,3499210.0
test_0632_r10080_c7833,test,10080,7833,2,578290.0,3496010.0,581490.0,3499210.0
test_0633_r10080_c8073,test,10080,8073,2,580690.0,3496010.0,583890.0,3499210.0
test_0634_r10080_c8313,test,10080,8313,1,583090.0,3496010.0,586290.0,3499210.0
test_0635_r10080_c8553,test,10080,8553,2,585490.0,3496010.0,588690.0,3499210.0
test_0636_r10080_c8793,test,10080,8793,1,587890.0,3496010.0,591090.0,3499210.0
test_0637_r10080_c9033,test,10080,9033,7,590290.0,3496010.0,593490.0,3499210.0
test_0638_r10080_c9273,test,10080,9273,6,592690.0,3496010.0,595890.0,3499210.0
test_0639_r10080_c9513,test,10080,9513,0,595090.0,3496010.0,598290.0,3499210.0
test_0640_r10080_c9753,test,10080,9753,0,597490.0,3496010.0,600690.0,3499210.0
test_0641_r10080_c9993,test,10080,9993,0,599890.0,3496010.0,603090.0,3499210.0
test_0642_r10080_c10233,test,10080,10233,0,602290.0,3496010.0,605490.0,3499210.0
test_0643_r10080_c10473,test,10080,10473,0,604690.0,3496010.0,607890.0,3499210.0
test_0644_r10080_c10662,test,10080,10662,0,606580.0,3496010.0,609780.0,3499210.0
test_0645_r10320_c7353,test,10320,7353,1,573490.0,3493610.0,576690.0,3496810.0
test_0646_r10320_c7593,test,10320,7593,5,575890.0,3493610.0,579090.0,3496810.0
test_0647_r10320_c7833,test,10320,7833,1,578290.0,3493610.0,581490.0,3496810.0
test_0648_r10320_c8073,test,10320,8073,2,580690.0,3493610.0,583890.0,3496810.0
test_0649_r10320_c8313,test,10320,8313,3,583090.0,3493610.0,586290.0,3496810.0
test_0650_r10320_c8553,test,10320,8553,1,585490.0,3493610.0,588690.0,3496810.0
test_0651_r10320_c8793,test,10320,8793,2,587890.0,3493610.0,591090.0,3496810.0
test_0652_r10320_c9033,test,10320,9033,10,590290.0,3493610.0,593490.0,3496810.0
test_0653_r10320_c9273,test,10320,9273,5,592690.0,3493610.0,595890.0,3496810.0
test_0654_r10320_c9513,test,10320,9513,0,595090.0,3493610.0,598290.0,3496810.0
test_0655_r10320_c9753,test,10320,9753,0,597490.0,3493610.0,600690.0,3496810.0
test_0656_r10320_c9993,test,10320,9993,0,599890.0,3493610.0,603090.0,3496810.0
test_0657_r10320_c10233,test,10320,10233,0,602290.0,3493610.0,605490.0,3496810.0
test_0658_r10320_c10473,test,10320,10473,0,604690.0,3493610.0,607890.0,3496810.0
test_0659_r10320_c10662,test,10320,10662,0,606580.0,3493610.0,609780.0,3496810.0
test_0660_r10560_c7353,test,10560,7353,1,573490.0,3491210.0,576690.0,3494410.0
test_0661_r10560_c7593,test,10560,7593,6,575890.0,3491210.0,579090.0,3494410.0
test_0662_r10560_c7833,test,10560,7833,10,578290.0,3491210.0,581490.0,3494410.0
test_0663_r10560_c8073,test,10560,8073,1,580690.0,3491210.0,583890.0,3494410.0
test_0664_r10560_c8313,test,10560,8313,0,583090.0,3491210.0,586290.0,3494410.0
test_0665_r10560_c8553,test,10560,8553,0,585490.0,3491210.0,588690.0,3494410.0
test_0666_r10560_c8793,test,10560,8793,0,587890.0,3491210.0,591090.0,3494410.0
test_0667_r10560_c9033,test,10560,9033,1,590290.0,3491210.0,593490.0,3494410.0
test_0668_r10560_c9273,test,10560,9273,0,592690.0,3491210.0,595890.0,3494410.0
test_0669_r10560_c9513,test,10560,9513,2,595090.0,3491210.0,598290.0,3494410.0
test_0670_r10560_c9753,test,10560,9753,0,597490.0,3491210.0,600690.0,3494410.0
test_0671_r10560_c9993,test,10560,9993,0,599890.0,3491210.0,603090.0,3494410.0
test_0672_r10560_c10233,test,10560,10233,0,602290.0,3491210.0,605490.0,3494410.0
test_0673_r10560_c10473,test,10560,10473,0,604690.0,3491210.0,607890.0,3494410.0
test_0674_r10560_c10662,test,10560,10662,3,606580.0,3491210.0,609780.0,3494410.0
test_0675_r10660_c7353,test,10660,7353,1,573490.0,3490210.0,576690.0,3493410.0
test_0676_r10660_c7593,test,10660,7593,4,575890.0,3490210.0,579090.0,3493410.0
test_0677_r10660_c7833,test,10660,7833,14,578290.0,3490210.0,581490.0,3493410.0
test_0678_r10660_c8073,test,10660,8073,4,580690.0,3490210.0,583890.0,3493410.0
test_0679_r10660_c8313,test,10660,8313,1,583090.0,3490210.0,586290.0,3493410.0
test_0680_r10660_c8553,test,10660,8553,0,585490.0,3490210.0,588690.0,3493410.0
test_0681_r10660_c8793,test,10660,8793,0,587890.0,3490210.0,591090.0,3493410.0
test_0682_r10660_c9033,test,10660,9033,0,590290.0,3490210.0,593490.0,3493410.0
test_0683_r10660_c9273,test,10660,9273,0,592690.0,3490210.0,595890.0,3493410.0
test_0684_r10660_c9513,test,10660,9513,2,595090.0,3490210.0,598290.0,3493410.0
test_0685_r10660_c9753,test,10660,9753,2,597490.0,3490210.0,600690.0,3493410.0
test_0686_r10660_c9993,test,10660,9993,0,599890.0,3490210.0,603090.0,3493410.0
test_0687_r10660_c10233,test,10660,10233,0,602290.0,3490210.0,605490.0,3493410.0
test_0688_r10660_c10473,test,10660,10473,0,604690.0,3490210.0,607890.0,3493410.0
test_0689_r10660_c10662,test,10660,10662,3,606580.0,3490210.0,609780.0,3493410.0
