tile_name,split,row_start,col_start,tell_count,polygon_ids,excluded_tell_count,left,bottom,right,top
train_0000_r0_c0,train,0,0,0,,0,499960.0,3597450.0,502520.0,3600010.0
train_0001_r0_c192,train,0,192,0,,0,501880.0,3597450.0,504440.0,3600010.0
train_0002_r0_c384,train,0,384,0,,0,503800.0,3597450.0,506360.0,3600010.0
train_0003_r0_c576,train,0,576,1,640,0,505720.0,3597450.0,508280.0,3600010.0
train_0004_r0_c768,train,0,768,0,,0,507640.0,3597450.0,510200.0,3600010.0
train_0005_r0_c960,train,0,960,1,924,0,509560.0,3597450.0,512120.0,3600010.0
train_0006_r0_c1152,train,0,1152,2,"641,921",0,511480.0,3597450.0,514040.0,3600010.0
train_0007_r0_c1344,train,0,1344,2,"922,923",0,513400.0,3597450.0,515960.0,3600010.0
train_0008_r0_c1536,train,0,1536,2,"922,979",0,515320.0,3597450.0,517880.0,3600010.0
train_0009_r0_c1728,train,0,1728,1,981,0,517240.0,3597450.0,519800.0,3600010.0
train_0010_r0_c1920,train,0,1920,2,"981,982",0,519160.0,3597450.0,521720.0,3600010.0
train_0011_r0_c2112,train,0,2112,1,980,0,521080.0,3597450.0,523640.0,3600010.0
train_0012_r0_c2304,train,0,2304,3,"735,736,980",0,523000.0,3597450.0,525560.0,3600010.0
train_0013_r0_c2496,train,0,2496,2,"977,978",0,524920.0,3597450.0,527480.0,3600010.0
train_0014_r0_c2688,train,0,2688,4,"734,739,740,1039",0,526840.0,3597450.0,529400.0,3600010.0
train_0015_r0_c2880,train,0,2880,8,"734,739,740,742,1039,1040,1041,1042",0,528760.0,3597450.0,531320.0,3600010.0
train_0016_r0_c3072,train,0,3072,2,"743,1041",0,530680.0,3597450.0,533240.0,3600010.0
train_0017_r0_c3264,train,0,3264,1,746,0,532600.0,3597450.0,535160.0,3600010.0
train_0018_r0_c3456,train,0,3456,1,746,0,534520.0,3597450.0,537080.0,3600010.0
train_0019_r0_c3648,train,0,3648,0,,0,536440.0,3597450.0,539000.0,3600010.0
train_0020_r0_c3840,train,0,3840,2,"747,748",0,538360.0,3597450.0,540920.0,3600010.0
train_0021_r0_c4032,train,0,4032,2,"747,748",0,540280.0,3597450.0,542840.0,3600010.0
train_0022_r0_c4224,train,0,4224,4,"752,756,757,758",0,542200.0,3597450.0,544760.0,3600010.0
train_0023_r0_c4416,train,0,4416,3,"756,757,758",0,544120.0,3597450.0,546680.0,3600010.0
train_0024_r0_c4608,train,0,4608,0,,0,546040.0,3597450.0,548600.0,3600010.0
train_0025_r0_c4800,train,0,4800,0,,0,547960.0,3597450.0,550520.0,3600010.0
train_0026_r0_c4992,train,0,4992,0,,0,549880.0,3597450.0,552440.0,3600010.0
train_0027_r0_c5184,train,0,5184,0,,0,551800.0,3597450.0,554360.0,3600010.0
train_0028_r0_c5376,train,0,5376,0,,0,553720.0,3597450.0,556280.0,3600010.0
train_0029_r0_c5568,train,0,5568,0,,0,555640.0,3597450.0,558200.0,3600010.0
train_0030_r0_c5760,train,0,5760,0,,0,557560.0,3597450.0,560120.0,3600010.0
train_0031_r0_c5805,train,0,5805,0,,0,558010.0,3597450.0,560570.0,3600010.0
train_0032_r192_c0,train,192,0,0,,0,499960.0,3595530.0,502520.0,3598090.0
train_0033_r192_c192,train,192,192,1,920,0,501880.0,3595530.0,504440.0,3598090.0
train_0034_r192_c384,train,192,384,1,638,0,503800.0,3595530.0,506360.0,3598090.0
train_0035_r192_c576,train,192,576,2,"638,639",0,505720.0,3595530.0,508280.0,3598090.0
train_0036_r192_c768,train,192,768,0,,0,507640.0,3595530.0,510200.0,3598090.0
train_0037_r192_c960,train,192,960,0,,0,509560.0,3595530.0,512120.0,3598090.0
train_0038_r192_c1152,train,192,1152,0,,0,511480.0,3595530.0,514040.0,3598090.0
train_0039_r192_c1344,train,192,1344,0,,0,513400.0,3595530.0,515960.0,3598090.0
train_0040_r192_c1536,train,192,1536,2,"642,976",0,515320.0,3595530.0,517880.0,3598090.0
train_0041_r192_c1728,train,192,1728,3,"637,643,644",0,517240.0,3595530.0,519800.0,3598090.0
train_0042_r192_c1920,train,192,1920,4,"637,643,644,645",0,519160.0,3595530.0,521720.0,3598090.0
train_0043_r192_c2112,train,192,2112,1,646,0,521080.0,3595530.0,523640.0,3598090.0
train_0044_r192_c2304,train,192,2304,2,"340,438",0,523000.0,3595530.0,525560.0,3598090.0
train_0045_r192_c2496,train,192,2496,2,"977,978",0,524920.0,3595530.0,527480.0,3598090.0
train_0046_r192_c2688,train,192,2688,4,"737,738,741,1039",0,526840.0,3595530.0,529400.0,3598090.0
train_0047_r192_c2880,train,192,2880,4,"398,741,742,1039",0,528760.0,3595530.0,531320.0,3598090.0
train_0048_r192_c3072,train,192,3072,2,"367,745",0,530680.0,3595530.0,533240.0,3598090.0
train_0049_r192_c3264,train,192,3264,3,"367,744,745",0,532600.0,3595530.0,535160.0,3598090.0
train_0050_r192_c3456,train,192,3456,3,"373,374,375",0,534520.0,3595530.0,537080.0,3598090.0
train_0051_r192_c3648,train,192,3648,2,"374,375",0,536440.0,3595530.0,539000.0,3598090.0
train_0052_r192_c3840,train,192,3840,0,,0,538360.0,3595530.0,540920.0,3598090.0
train_0053_r192_c4032,train,192,4032,3,"393,749,750",0,540280.0,3595530.0,542840.0,3598090.0
train_0054_r192_c4224,train,192,4224,7,"393,750,751,753,754,755,756",0,542200.0,3595530.0,544760.0,3598090.0
train_0055_r192_c4416,train,192,4416,6,"753,754,755,756,759,1101",0,544120.0,3595530.0,546680.0,3598090.0
train_0056_r192_c4608,train,192,4608,1,1101,0,546040.0,3595530.0,548600.0,3598090.0
train_0057_r192_c4800,train,192,4800,0,,0,547960.0,3595530.0,550520.0,3598090.0
train_0058_r192_c4992,train,192,4992,0,,0,549880.0,3595530.0,552440.0,3598090.0
train_0059_r192_c5184,train,192,5184,0,,0,551800.0,3595530.0,554360.0,3598090.0
train_0060_r192_c5376,train,192,5376,0,,0,553720.0,3595530.0,556280.0,3598090.0
train_0061_r192_c5568,train,192,5568,0,,0,555640.0,3595530.0,558200.0,3598090.0
train_0062_r192_c5760,train,192,5760,0,,0,557560.0,3595530.0,560120.0,3598090.0
train_0063_r192_c5805,train,192,5805,0,,0,558010.0,3595530.0,560570.0,3598090.0
train_0064_r384_c0,train,384,0,0,,0,499960.0,3593610.0,502520.0,3596170.0
train_0065_r384_c192,train,384,192,2,"917,918",0,501880.0,3593610.0,504440.0,3596170.0
train_0066_r384_c384,train,384,384,2,"638,918",0,503800.0,3593610.0,506360.0,3596170.0
train_0067_r384_c576,train,384,576,1,638,0,505720.0,3593610.0,508280.0,3596170.0
train_0068_r384_c768,train,384,768,2,"729,730",0,507640.0,3593610.0,510200.0,3596170.0
train_0069_r384_c960,train,384,960,1,714,0,509560.0,3593610.0,512120.0,3596170.0
train_0070_r384_c1152,train,384,1152,0,,0,511480.0,3593610.0,514040.0,3596170.0
train_0071_r384_c1344,train,384,1344,1,919,0,513400.0,3593610.0,515960.0,3596170.0
train_0072_r384_c1536,train,384,1536,0,,0,515320.0,3593610.0,517880.0,3596170.0
train_0073_r384_c1728,train,384,1728,2,"643,653",0,517240.0,3593610.0,519800.0,3596170.0
train_0074_r384_c1920,train,384,1920,3,"643,653,726",0,519160.0,3593610.0,521720.0,3596170.0
train_0075_r384_c2112,train,384,2112,1,436,0,521080.0,3593610.0,523640.0,3596170.0
train_0076_r384_c2304,train,384,2304,10,"337,338,339,340,341,397,436,437,438,440",0,523000.0,3593610.0,525560.0,3596170.0
train_0077_r384_c2496,train,384,2496,3,"341,397,440",0,524920.0,3593610.0,527480.0,3596170.0
train_0078_r384_c2688,train,384,2688,2,"343,344",0,526840.0,3593610.0,529400.0,3596170.0
train_0079_r384_c2880,train,384,2880,2,"344,398",0,528760.0,3593610.0,531320.0,3596170.0
train_0080_r384_c3072,train,384,3072,6,"361,362,363,365,367,443",0,530680.0,3593610.0,533240.0,3596170.0
train_0081_r384_c3264,train,384,3264,4,"365,367,368,744",0,532600.0,3593610.0,535160.0,3596170.0
train_0082_r384_c3456,train,384,3456,4,"372,373,374,375",0,534520.0,3593610.0,537080.0,3596170.0
train_0083_r384_c3648,train,384,3648,5,"373,374,375,378,379",0,536440.0,3593610.0,539000.0,3596170.0
train_0084_r384_c3840,train,384,3840,1,1100,0,538360.0,3593610.0,540920.0,3596170.0
train_0085_r384_c4032,train,384,4032,5,"322,392,393,749,750",0,540280.0,3593610.0,542840.0,3596170.0
train_0086_r384_c4224,train,384,4224,3,"322,393,750",0,542200.0,3593610.0,544760.0,3596170.0
train_0087_r384_c4416,train,384,4416,0,,0,544120.0,3593610.0,546680.0,3596170.0
train_0088_r384_c4608,train,384,4608,1,1153,0,546040.0,3593610.0,548600.0,3596170.0
train_0089_r384_c4800,train,384,4800,2,"127,1153",0,547960.0,3593610.0,550520.0,3596170.0
train_0090_r384_c4992,train,384,4992,1,1154,0,549880.0,3593610.0,552440.0,3596170.0
train_0091_r384_c5184,train,384,5184,0,,0,551800.0,3593610.0,554360.0,3596170.0
train_0092_r384_c5376,train,384,5376,0,,0,553720.0,3593610.0,556280.0,3596170.0
train_0093_r384_c5568,train,384,5568,0,,0,555640.0,3593610.0,558200.0,3596170.0
train_0094_r384_c5760,train,384,5760,0,,0,557560.0,3593610.0,560120.0,3596170.0
train_0095_r384_c5805,train,384,5805,0,,0,558010.0,3593610.0,560570.0,3596170.0
train_0096_r576_c0,train,576,0,0,,0,499960.0,3591690.0,502520.0,3594250.0
train_0097_r576_c192,train,576,192,3,"915,917,918",0,501880.0,3591690.0,504440.0,3594250.0
train_0098_r576_c384,train,576,384,1,918,0,503800.0,3591690.0,506360.0,3594250.0
train_0099_r576_c576,train,576,576,0,,0,505720.0,3591690.0,508280.0,3594250.0
train_0100_r576_c768,train,576,768,3,"729,730,733",0,507640.0,3591690.0,510200.0,3594250.0
train_0101_r576_c960,train,576,960,0,,0,509560.0,3591690.0,512120.0,3594250.0
train_0102_r576_c1152,train,576,1152,2,"654,913",0,511480.0,3591690.0,514040.0,3594250.0
train_0103_r576_c1344,train,576,1344,3,"654,914,916",0,513400.0,3591690.0,515960.0,3594250.0
train_0104_r576_c1536,train,576,1536,2,"715,914",0,515320.0,3591690.0,517880.0,3594250.0
train_0105_r576_c1728,train,576,1728,2,"715,716",0,517240.0,3591690.0,519800.0,3594250.0
train_0106_r576_c1920,train,576,1920,0,,0,519160.0,3591690.0,521720.0,3594250.0
train_0107_r576_c2112,train,576,2112,2,"727,728",0,521080.0,3591690.0,523640.0,3594250.0
train_0108_r576_c2304,train,576,2304,3,"338,439,728",0,523000.0,3591690.0,525560.0,3594250.0
train_0109_r576_c2496,train,576,2496,2,"342,439",0,524920.0,3591690.0,527480.0,3594250.0
train_0110_r576_c2688,train,576,2688,1,342,0,526840.0,3591690.0,529400.0,3594250.0
train_0111_r576_c2880,train,576,2880,1,360,0,528760.0,3591690.0,531320.0,3594250.0
train_0112_r576_c3072,train,576,3072,1,360,0,530680.0,3591690.0,533240.0,3594250.0
train_0113_r576_c3264,train,576,3264,0,,0,532600.0,3591690.0,535160.0,3594250.0
train_0114_r576_c3456,train,576,3456,4,"369,370,371,372",0,534520.0,3591690.0,537080.0,3594250.0
train_0115_r576_c3648,train,576,3648,3,"370,377,1097",0,536440.0,3591690.0,539000.0,3594250.0
train_0116_r576_c3840,train,576,3840,2,"380,381",0,538360.0,3591690.0,540920.0,3594250.0
train_0117_r576_c4032,train,576,4032,0,,0,540280.0,3591690.0,542840.0,3594250.0
train_0118_r576_c4224,train,576,4224,1,1099,0,542200.0,3591690.0,544760.0,3594250.0
train_0119_r576_c4416,train,576,4416,1,1098,0,544120.0,3591690.0,546680.0,3594250.0
train_0120_r576_c4608,train,576,4608,1,125,0,546040.0,3591690.0,548600.0,3594250.0
train_0121_r576_c4800,train,576,4800,0,,0,547960.0,3591690.0,550520.0,3594250.0
train_0122_r576_c4992,train,576,4992,0,,0,549880.0,3591690.0,552440.0,3594250.0
train_0123_r576_c5184,train,576,5184,0,,0,551800.0,3591690.0,554360.0,3594250.0
train_0124_r576_c5376,train,576,5376,0,,0,553720.0,3591690.0,556280.0,3594250.0
train_0125_r576_c5568,train,576,5568,0,,0,555640.0,3591690.0,558200.0,3594250.0
train_0126_r576_c5760,train,576,5760,0,,0,557560.0,3591690.0,560120.0,3594250.0
train_0127_r576_c5805,train,576,5805,0,,0,558010.0,3591690.0,560570.0,3594250.0
train_0128_r768_c0,train,768,0,0,,0,499960.0,3589770.0,502520.0,3592330.0
train_0129_r768_c192,train,768,192,1,699,0,501880.0,3589770.0,504440.0,3592330.0
train_0130_r768_c384,train,768,384,0,,0,503800.0,3589770.0,506360.0,3592330.0
train_0131_r768_c576,train,768,576,1,647,0,505720.0,3589770.0,508280.0,3592330.0
train_0132_r768_c768,train,768,768,0,,0,507640.0,3589770.0,510200.0,3592330.0
train_0133_r768_c960,train,768,960,0,,0,509560.0,3589770.0,512120.0,3592330.0
train_0134_r768_c1152,train,768,1152,1,913,0,511480.0,3589770.0,514040.0,3592330.0
train_0135_r768_c1344,train,768,1344,1,914,0,513400.0,3589770.0,515960.0,3592330.0
train_0136_r768_c1536,train,768,1536,2,"710,914",0,515320.0,3589770.0,517880.0,3592330.0
train_0137_r768_c1728,train,768,1728,1,717,0,517240.0,3589770.0,519800.0,3592330.0
train_0138_r768_c1920,train,768,1920,0,,0,519160.0,3589770.0,521720.0,3592330.0
train_0139_r768_c2112,train,768,2112,1,728,0,521080.0,3589770.0,523640.0,3592330.0
train_0140_r768_c2304,train,768,2304,3,"336,439,728",0,523000.0,3589770.0,525560.0,3592330.0
train_0141_r768_c2496,train,768,2496,1,439,0,524920.0,3589770.0,527480.0,3592330.0
train_0142_r768_c2688,train,768,2688,0,,0,526840.0,3589770.0,529400.0,3592330.0
train_0143_r768_c2880,train,768,2880,1,1038,0,528760.0,3589770.0,531320.0,3592330.0
train_0144_r768_c3072,train,768,3072,1,1038,0,530680.0,3589770.0,533240.0,3592330.0
train_0145_r768_c3264,train,768,3264,1,364,0,532600.0,3589770.0,535160.0,3592330.0
train_0146_r768_c3456,train,768,3456,1,370,0,534520.0,3589770.0,537080.0,3592330.0
train_0147_r768_c3648,train,768,3648,2,"370,1097",0,536440.0,3589770.0,539000.0,3592330.0
train_0148_r768_c3840,train,768,3840,0,,0,538360.0,3589770.0,540920.0,3592330.0
train_0149_r768_c4032,train,768,4032,0,,0,540280.0,3589770.0,542840.0,3592330.0
train_0150_r768_c4224,train,768,4224,1,366,0,542200.0,3589770.0,544760.0,3592330.0
train_0151_r768_c4416,train,768,4416,3,"366,395,1098",0,544120.0,3589770.0,546680.0,3592330.0
train_0152_r768_c4608,train,768,4608,1,395,0,546040.0,3589770.0,548600.0,3592330.0
train_0153_r768_c4800,train,768,4800,1,126,0,547960.0,3589770.0,550520.0,3592330.0
train_0154_r768_c4992,train,768,4992,2,"126,144",0,549880.0,3589770.0,552440.0,3592330.0
train_0155_r768_c5184,train,768,5184,1,144,0,551800.0,3589770.0,554360.0,3592330.0
train_0156_r768_c5376,train,768,5376,0,,0,553720.0,3589770.0,556280.0,3592330.0
train_0157_r768_c5568,train,768,5568,0,,0,555640.0,3589770.0,558200.0,3592330.0
train_0158_r768_c5760,train,768,5760,0,,0,557560.0,3589770.0,560120.0,3592330.0
train_0159_r768_c5805,train,768,5805,0,,0,558010.0,3589770.0,560570.0,3592330.0
train_0160_r960_c0,train,960,0,0,,0,499960.0,3587850.0,502520.0,3590410.0
train_0161_r960_c192,train,960,192,1,691,0,501880.0,3587850.0,504440.0,3590410.0
train_0162_r960_c384,train,960,384,3,"691,693,694",0,503800.0,3587850.0,506360.0,3590410.0
train_0163_r960_c576,train,960,576,2,"647,695",0,505720.0,3587850.0,508280.0,3590410.0
train_0164_r960_c768,train,960,768,1,649,0,507640.0,3587850.0,510200.0,3590410.0
train_0165_r960_c960,train,960,960,2,"649,652",0,509560.0,3587850.0,512120.0,3590410.0
train_0166_r960_c1152,train,960,1152,2,"652,705",0,511480.0,3587850.0,514040.0,3590410.0
train_0167_r960_c1344,train,960,1344,1,705,0,513400.0,3587850.0,515960.0,3590410.0
train_0168_r960_c1536,train,960,1536,2,"710,975",0,515320.0,3587850.0,517880.0,3590410.0
train_0169_r960_c1728,train,960,1728,2,"974,975",0,517240.0,3587850.0,519800.0,3590410.0
train_0170_r960_c1920,train,960,1920,1,973,0,519160.0,3587850.0,521720.0,3590410.0
train_0171_r960_c2112,train,960,2112,2,"971,972",0,521080.0,3587850.0,523640.0,3590410.0
train_0172_r960_c2304,train,960,2304,1,432,0,523000.0,3587850.0,525560.0,3590410.0
train_0173_r960_c2496,train,960,2496,1,432,0,524920.0,3587850.0,527480.0,3590410.0
train_0174_r960_c2688,train,960,2688,1,1037,0,526840.0,3587850.0,529400.0,3590410.0
train_0175_r960_c2880,train,960,2880,0,,0,528760.0,3587850.0,531320.0,3590410.0
train_0176_r960_c3072,train,960,3072,2,"358,1036",0,530680.0,3587850.0,533240.0,3590410.0
train_0177_r960_c3264,train,960,3264,1,358,0,532600.0,3587850.0,535160.0,3590410.0
train_0178_r960_c3456,train,960,3456,0,,0,534520.0,3587850.0,537080.0,3590410.0
train_0179_r960_c3648,train,960,3648,0,,0,536440.0,3587850.0,539000.0,3590410.0
train_0180_r960_c3840,train,960,3840,0,,0,538360.0,3587850.0,540920.0,3590410.0
train_0181_r960_c4032,train,960,4032,0,,0,540280.0,3587850.0,542840.0,3590410.0
train_0182_r960_c4224,train,960,4224,0,,0,542200.0,3587850.0,544760.0,3590410.0
train_0183_r960_c4416,train,960,4416,1,395,0,544120.0,3587850.0,546680.0,3590410.0
train_0184_r960_c4608,train,960,4608,1,395,0,546040.0,3587850.0,548600.0,3590410.0
train_0185_r960_c4800,train,960,4800,0,,0,547960.0,3587850.0,550520.0,3590410.0
train_0186_r960_c4992,train,960,4992,0,,0,549880.0,3587850.0,552440.0,3590410.0
train_0187_r960_c5184,train,960,5184,1,1152,0,551800.0,3587850.0,554360.0,3590410.0
train_0188_r960_c5376,train,960,5376,1,113,0,553720.0,3587850.0,556280.0,3590410.0
train_0189_r960_c5568,train,960,5568,3,"113,141,142",0,555640.0,3587850.0,558200.0,3590410.0
train_0190_r960_c5760,train,960,5760,1,143,0,557560.0,3587850.0,560120.0,3590410.0
train_0191_r960_c5805,train,960,5805,1,143,0,558010.0,3587850.0,560570.0,3590410.0
train_0192_r1152_c0,train,1152,0,0,,0,499960.0,3585930.0,502520.0,3588490.0
train_0193_r1152_c192,train,1152,192,1,911,0,501880.0,3585930.0,504440.0,3588490.0
train_0194_r1152_c384,train,1152,384,4,"665,693,694,911",0,503800.0,3585930.0,506360.0,3588490.0
train_0195_r1152_c576,train,1152,576,0,,0,505720.0,3585930.0,508280.0,3588490.0
train_0196_r1152_c768,train,1152,768,1,649,0,507640.0,3585930.0,510200.0,3588490.0
train_0197_r1152_c960,train,1152,960,2,"649,652",0,509560.0,3585930.0,512120.0,3588490.0
train_0198_r1152_c1152,train,1152,1152,3,"652,705,912",0,511480.0,3585930.0,514040.0,3588490.0
train_0199_r1152_c1344,train,1152,1344,3,"705,707,709",0,513400.0,3585930.0,515960.0,3588490.0
train_0200_r1152_c1536,train,1152,1536,2,"655,709",0,515320.0,3585930.0,517880.0,3588490.0
train_0201_r1152_c1728,train,1152,1728,0,,0,517240.0,3585930.0,519800.0,3588490.0
train_0202_r1152_c1920,train,1152,1920,2,"723,970",0,519160.0,3585930.0,521720.0,3588490.0
train_0203_r1152_c2112,train,1152,2112,5,"723,724,969,971,972",0,521080.0,3585930.0,523640.0,3588490.0
train_0204_r1152_c2304,train,1152,2304,1,971,0,523000.0,3585930.0,525560.0,3588490.0
train_0205_r1152_c2496,train,1152,2496,2,"433,968",0,524920.0,3585930.0,527480.0,3588490.0
train_0206_r1152_c2688,train,1152,2688,3,"434,435,1037",0,526840.0,3585930.0,529400.0,3588490.0
train_0207_r1152_c2880,train,1152,2880,1,1034,0,528760.0,3585930.0,531320.0,3588490.0
train_0208_r1152_c3072,train,1152,3072,3,"1033,1034,1036",0,530680.0,3585930.0,533240.0,3588490.0
train_0209_r1152_c3264,train,1152,3264,1,1035,0,532600.0,3585930.0,535160.0,3588490.0
train_0210_r1152_c3456,train,1152,3456,1,1032,0,534520.0,3585930.0,537080.0,3588490.0
train_0211_r1152_c3648,train,1152,3648,3,"350,1095,1096",0,536440.0,3585930.0,539000.0,3588490.0
train_0212_r1152_c3840,train,1152,3840,1,1095,0,538360.0,3585930.0,540920.0,3588490.0
train_0213_r1152_c4032,train,1152,4032,0,,0,540280.0,3585930.0,542840.0,3588490.0
train_0214_r1152_c4224,train,1152,4224,0,,0,542200.0,3585930.0,544760.0,3588490.0
train_0215_r1152_c4416,train,1152,4416,0,,0,544120.0,3585930.0,546680.0,3588490.0
train_0216_r1152_c4608,train,1152,4608,0,,0,546040.0,3585930.0,548600.0,3588490.0
train_0217_r1152_c4800,train,1152,4800,3,"124,1150,1151",0,547960.0,3585930.0,550520.0,3588490.0
train_0218_r1152_c4992,train,1152,4992,2,"135,1150",0,549880.0,3585930.0,552440.0,3588490.0
train_0219_r1152_c5184,train,1152,5184,2,"137,138",0,551800.0,3585930.0,554360.0,3588490.0
train_0220_r1152_c5376,train,1152,5376,3,"138,139,140",0,553720.0,3585930.0,556280.0,3588490.0
train_0221_r1152_c5568,train,1152,5568,1,139,0,555640.0,3585930.0,558200.0,3588490.0
train_0222_r1152_c5760,train,1152,5760,0,,0,557560.0,3585930.0,560120.0,3588490.0
train_0223_r1152_c5805,train,1152,5805,1,1183,0,558010.0,3585930.0,560570.0,3588490.0
train_0224_r1344_c0,train,1344,0,3,"685,686,687",0,499960.0,3584010.0,502520.0,3586570.0
train_0225_r1344_c192,train,1344,192,0,,0,501880.0,3584010.0,504440.0,3586570.0
train_0226_r1344_c384,train,1344,384,1,910,0,503800.0,3584010.0,506360.0,3586570.0
train_0227_r1344_c576,train,1344,576,0,,0,505720.0,3584010.0,508280.0,3586570.0
train_0228_r1344_c768,train,1344,768,1,909,0,507640.0,3584010.0,510200.0,3586570.0
train_0229_r1344_c960,train,1344,960,3,"702,703,909",0,509560.0,3584010.0,512120.0,3586570.0
train_0230_r1344_c1152,train,1344,1152,4,"702,703,704,908",0,511480.0,3584010.0,514040.0,3586570.0
train_0231_r1344_c1344,train,1344,1344,4,"706,708,709,908",0,513400.0,3584010.0,515960.0,3586570.0
train_0232_r1344_c1536,train,1344,1536,3,"655,708,709",0,515320.0,3584010.0,517880.0,3586570.0
train_0233_r1344_c1728,train,1344,1728,1,713,0,517240.0,3584010.0,519800.0,3586570.0
train_0234_r1344_c1920,train,1344,1920,4,"713,722,723,967",0,519160.0,3584010.0,521720.0,3586570.0
train_0235_r1344_c2112,train,1344,2112,3,"723,724,969",0,521080.0,3584010.0,523640.0,3586570.0
train_0236_r1344_c2304,train,1344,2304,1,320,0,523000.0,3584010.0,525560.0,3586570.0
train_0237_r1344_c2496,train,1344,2496,1,968,0,524920.0,3584010.0,527480.0,3586570.0
train_0238_r1344_c2688,train,1344,2688,3,"434,435,1031",0,526840.0,3584010.0,529400.0,3586570.0
train_0239_r1344_c2880,train,1344,2880,0,,0,528760.0,3584010.0,531320.0,3586570.0
train_0240_r1344_c3072,train,1344,3072,1,1030,0,530680.0,3584010.0,533240.0,3586570.0
train_0241_r1344_c3264,train,1344,3264,0,,0,532600.0,3584010.0,535160.0,3586570.0
train_0242_r1344_c3456,train,1344,3456,1,1093,0,534520.0,3584010.0,537080.0,3586570.0
train_0243_r1344_c3648,train,1344,3648,4,"1092,1093,1094,1095",0,536440.0,3584010.0,539000.0,3586570.0
train_0244_r1344_c3840,train,1344,3840,1,1095,0,538360.0,3584010.0,540920.0,3586570.0
train_0245_r1344_c4032,train,1344,4032,0,,0,540280.0,3584010.0,542840.0,3586570.0
train_0246_r1344_c4224,train,1344,4224,1,446,0,542200.0,3584010.0,544760.0,3586570.0
train_0247_r1344_c4416,train,1344,4416,1,390,0,544120.0,3584010.0,546680.0,3586570.0
train_0248_r1344_c4608,train,1344,4608,0,,0,546040.0,3584010.0,548600.0,3586570.0
train_0249_r1344_c4800,train,1344,4800,3,"124,1150,1151",0,547960.0,3584010.0,550520.0,3586570.0
train_0250_r1344_c4992,train,1344,4992,1,1150,0,549880.0,3584010.0,552440.0,3586570.0
train_0251_r1344_c5184,train,1344,5184,1,137,0,551800.0,3584010.0,554360.0,3586570.0
train_0252_r1344_c5376,train,1344,5376,1,139,0,553720.0,3584010.0,556280.0,3586570.0
train_0253_r1344_c5568,train,1344,5568,2,"139,1148",0,555640.0,3584010.0,558200.0,3586570.0
train_0254_r1344_c5760,train,1344,5760,3,"182,1149,1181",0,557560.0,3584010.0,560120.0,3586570.0
train_0255_r1344_c5805,train,1344,5805,4,"182,1149,1181,1183",0,558010.0,3584010.0,560570.0,3586570.0
train_0256_r1536_c0,train,1536,0,4,"684,685,686,687",0,499960.0,3582090.0,502520.0,3584650.0
train_0257_r1536_c192,train,1536,192,3,"688,689,690",0,501880.0,3582090.0,504440.0,3584650.0
train_0258_r1536_c384,train,1536,384,0,,0,503800.0,3582090.0,506360.0,3584650.0
train_0259_r1536_c576,train,1536,576,1,651,0,505720.0,3582090.0,508280.0,3584650.0
train_0260_r1536_c768,train,1536,768,1,907,0,507640.0,3582090.0,510200.0,3584650.0
train_0261_r1536_c960,train,1536,960,3,"650,701,907",0,509560.0,3582090.0,512120.0,3584650.0
train_0262_r1536_c1152,train,1536,1152,1,701,0,511480.0,3582090.0,514040.0,3584650.0
train_0263_r1536_c1344,train,1536,1344,2,"706,906",0,513400.0,3582090.0,515960.0,3584650.0
train_0264_r1536_c1536,train,1536,1536,2,"659,906",0,515320.0,3582090.0,517880.0,3584650.0
train_0265_r1536_c1728,train,1536,1728,3,"659,711,712",0,517240.0,3582090.0,519800.0,3584650.0
train_0266_r1536_c1920,train,1536,1920,0,,0,519160.0,3582090.0,521720.0,3584650.0
train_0267_r1536_c2112,train,1536,2112,0,,0,521080.0,3582090.0,523640.0,3584650.0
train_0268_r1536_c2304,train,1536,2304,0,,0,523000.0,3582090.0,525560.0,3584650.0
train_0269_r1536_c2496,train,1536,2496,1,334,0,524920.0,3582090.0,527480.0,3584650.0
train_0270_r1536_c2688,train,1536,2688,2,"334,396",0,526840.0,3582090.0,529400.0,3584650.0
train_0271_r1536_c2880,train,1536,2880,2,"396,1029",0,528760.0,3582090.0,531320.0,3584650.0
train_0272_r1536_c3072,train,1536,3072,1,357,0,530680.0,3582090.0,533240.0,3584650.0
train_0273_r1536_c3264,train,1536,3264,0,,0,532600.0,3582090.0,535160.0,3584650.0
train_0274_r1536_c3456,train,1536,3456,0,,0,534520.0,3582090.0,537080.0,3584650.0
train_0275_r1536_c3648,train,1536,3648,0,,0,536440.0,3582090.0,539000.0,3584650.0
train_0276_r1536_c3840,train,1536,3840,0,,0,538360.0,3582090.0,540920.0,3584650.0
train_0277_r1536_c4032,train,1536,4032,1,388,0,540280.0,3582090.0,542840.0,3584650.0
train_0278_r1536_c4224,train,1536,4224,1,446,0,542200.0,3582090.0,544760.0,3584650.0
train_0279_r1536_c4416,train,1536,4416,3,"390,391,447",0,544120.0,3582090.0,546680.0,3584650.0
train_0280_r1536_c4608,train,1536,4608,1,391,0,546040.0,3582090.0,548600.0,3584650.0
train_0281_r1536_c4800,train,1536,4800,1,123,0,547960.0,3582090.0,550520.0,3584650.0
train_0282_r1536_c4992,train,1536,4992,1,1147,0,549880.0,3582090.0,552440.0,3584650.0
train_0283_r1536_c5184,train,1536,5184,0,,0,551800.0,3582090.0,554360.0,3584650.0
train_0284_r1536_c5376,train,1536,5376,0,,0,553720.0,3582090.0,556280.0,3584650.0
train_0285_r1536_c5568,train,1536,5568,2,"185,1148",0,555640.0,3582090.0,558200.0,3584650.0
train_0286_r1536_c5760,train,1536,5760,1,1181,0,557560.0,3582090.0,560120.0,3584650.0
train_0287_r1536_c5805,train,1536,5805,2,"115,1181",0,558010.0,3582090.0,560570.0,3584650.0
train_0288_r1728_c0,train,1728,0,1,905,0,499960.0,3580170.0,502520.0,3582730.0
train_0289_r1728_c192,train,1728,192,0,,0,501880.0,3580170.0,504440.0,3582730.0
train_0290_r1728_c384,train,1728,384,1,692,0,503800.0,3580170.0,506360.0,3582730.0
train_0291_r1728_c576,train,1728,576,2,"656,657",0,505720.0,3580170.0,508280.0,3582730.0
train_0292_r1728_c768,train,1728,768,1,698,0,507640.0,3580170.0,510200.0,3582730.0
train_0293_r1728_c960,train,1728,960,0,,0,509560.0,3580170.0,512120.0,3582730.0
train_0294_r1728_c1152,train,1728,1152,0,,0,511480.0,3580170.0,514040.0,3582730.0
train_0295_r1728_c1344,train,1728,1344,0,,0,513400.0,3580170.0,515960.0,3582730.0
train_0296_r1728_c1536,train,1728,1536,2,"659,660",0,515320.0,3580170.0,517880.0,3582730.0
train_0297_r1728_c1728,train,1728,1728,2,"659,711",0,517240.0,3580170.0,519800.0,3582730.0
train_0298_r1728_c1920,train,1728,1920,2,"965,966",0,519160.0,3580170.0,521720.0,3582730.0
train_0299_r1728_c2112,train,1728,2112,2,"725,965",0,521080.0,3580170.0,523640.0,3582730.0
train_0300_r1728_c2304,train,1728,2304,2,"321,725",0,523000.0,3580170.0,525560.0,3582730.0
train_0301_r1728_c2496,train,1728,2496,2,"333,334",0,524920.0,3580170.0,527480.0,3582730.0
train_0302_r1728_c2688,train,1728,2688,2,"333,334",0,526840.0,3580170.0,529400.0,3582730.0
train_0303_r1728_c2880,train,1728,2880,1,335,0,528760.0,3580170.0,531320.0,3582730.0
train_0304_r1728_c3072,train,1728,3072,3,"355,356,442",0,530680.0,3580170.0,533240.0,3582730.0
train_0305_r1728_c3264,train,1728,3264,3,"355,356,359",0,532600.0,3580170.0,535160.0,3582730.0
train_0306_r1728_c3456,train,1728,3456,2,"1090,1091",0,534520.0,3580170.0,537080.0,3582730.0
train_0307_r1728_c3648,train,1728,3648,3,"1089,1090,1091",0,536440.0,3580170.0,539000.0,3582730.0
train_0308_r1728_c3840,train,1728,3840,1,1089,0,538360.0,3580170.0,540920.0,3582730.0
train_0309_r1728_c4032,train,1728,4032,0,,0,540280.0,3580170.0,542840.0,3582730.0
train_0310_r1728_c4224,train,1728,4224,2,"389,445",0,542200.0,3580170.0,544760.0,3582730.0
train_0311_r1728_c4416,train,1728,4416,1,445,0,544120.0,3580170.0,546680.0,3582730.0
train_0312_r1728_c4608,train,1728,4608,2,"121,122",0,546040.0,3580170.0,548600.0,3582730.0
train_0313_r1728_c4800,train,1728,4800,0,,0,547960.0,3580170.0,550520.0,3582730.0
train_0314_r1728_c4992,train,1728,4992,1,134,0,549880.0,3580170.0,552440.0,3582730.0
train_0315_r1728_c5184,train,1728,5184,1,136,0,551800.0,3580170.0,554360.0,3582730.0
train_0316_r1728_c5376,train,1728,5376,0,,0,553720.0,3580170.0,556280.0,3582730.0
train_0317_r1728_c5568,train,1728,5568,0,,0,555640.0,3580170.0,558200.0,3582730.0
train_0318_r1728_c5760,train,1728,5760,0,,0,557560.0,3580170.0,560120.0,3582730.0
train_0319_r1728_c5805,train,1728,5805,2,"115,1178",0,558010.0,3580170.0,560570.0,3582730.0
train_0320_r1920_c0,train,1920,0,1,905,0,499960.0,3578250.0,502520.0,3580810.0
train_0321_r1920_c192,train,1920,192,0,,0,501880.0,3578250.0,504440.0,3580810.0
train_0322_r1920_c384,train,1920,384,1,904,0,503800.0,3578250.0,506360.0,3580810.0
train_0323_r1920_c576,train,1920,576,2,"332,429",0,505720.0,3578250.0,508280.0,3580810.0
train_0324_r1920_c768,train,1920,768,5,"332,429,696,697,698",0,507640.0,3578250.0,510200.0,3580810.0
train_0325_r1920_c960,train,1920,960,0,,0,509560.0,3578250.0,512120.0,3580810.0
train_0326_r1920_c1152,train,1920,1152,1,658,0,511480.0,3578250.0,514040.0,3580810.0
train_0327_r1920_c1344,train,1920,1344,1,658,0,513400.0,3578250.0,515960.0,3580810.0
train_0328_r1920_c1536,train,1920,1536,2,"902,903",0,515320.0,3578250.0,517880.0,3580810.0
train_0329_r1920_c1728,train,1920,1728,0,,0,517240.0,3578250.0,519800.0,3580810.0
train_0330_r1920_c1920,train,1920,1920,1,965,0,519160.0,3578250.0,521720.0,3580810.0
train_0331_r1920_c2112,train,1920,2112,2,"725,965",0,521080.0,3578250.0,523640.0,3580810.0
train_0332_r1920_c2304,train,1920,2304,1,725,0,523000.0,3578250.0,525560.0,3580810.0
train_0333_r1920_c2496,train,1920,2496,0,,0,524920.0,3578250.0,527480.0,3580810.0
train_0334_r1920_c2688,train,1920,2688,0,,0,526840.0,3578250.0,529400.0,3580810.0
train_0335_r1920_c2880,train,1920,2880,0,,0,528760.0,3578250.0,531320.0,3580810.0
train_0336_r1920_c3072,train,1920,3072,0,,0,530680.0,3578250.0,533240.0,3580810.0
train_0337_r1920_c3264,train,1920,3264,0,,0,532600.0,3578250.0,535160.0,3580810.0
train_0338_r1920_c3456,train,1920,3456,1,1088,0,534520.0,3578250.0,537080.0,3580810.0
train_0339_r1920_c3648,train,1920,3648,2,"1088,1089",0,536440.0,3578250.0,539000.0,3580810.0
train_0340_r1920_c3840,train,1920,3840,2,"1087,1089",0,538360.0,3578250.0,540920.0,3580810.0
train_0341_r1920_c4032,train,1920,4032,0,,0,540280.0,3578250.0,542840.0,3580810.0
train_0342_r1920_c4224,train,1920,4224,2,"389,445",0,542200.0,3578250.0,544760.0,3580810.0
train_0343_r1920_c4416,train,1920,4416,2,"389,445",0,544120.0,3578250.0,546680.0,3580810.0
train_0344_r1920_c4608,train,1920,4608,1,121,0,546040.0,3578250.0,548600.0,3580810.0
train_0345_r1920_c4800,train,1920,4800,1,1146,0,547960.0,3578250.0,550520.0,3580810.0
train_0346_r1920_c4992,train,1920,4992,0,,0,549880.0,3578250.0,552440.0,3580810.0
train_0347_r1920_c5184,train,1920,5184,1,136,0,551800.0,3578250.0,554360.0,3580810.0
train_0348_r1920_c5376,train,1920,5376,0,,0,553720.0,3578250.0,556280.0,3580810.0
train_0349_r1920_c5568,train,1920,5568,0,,0,555640.0,3578250.0,558200.0,3580810.0
train_0350_r1920_c5760,train,1920,5760,0,,0,557560.0,3578250.0,560120.0,3580810.0
train_0351_r1920_c5805,train,1920,5805,1,1178,0,558010.0,3578250.0,560570.0,3580810.0
train_0352_r2112_c0,train,2112,0,0,,0,499960.0,3576330.0,502520.0,3578890.0
train_0353_r2112_c192,train,2112,192,0,,0,501880.0,3576330.0,504440.0,3578890.0
train_0354_r2112_c384,train,2112,384,1,680,0,503800.0,3576330.0,506360.0,3578890.0
train_0355_r2112_c576,train,2112,576,1,661,0,505720.0,3576330.0,508280.0,3578890.0
train_0356_r2112_c768,train,2112,768,2,"661,662",0,507640.0,3576330.0,510200.0,3578890.0
train_0357_r2112_c960,train,2112,960,2,"900,901",0,509560.0,3576330.0,512120.0,3578890.0
train_0358_r2112_c1152,train,2112,1152,1,658,0,511480.0,3576330.0,514040.0,3578890.0
train_0359_r2112_c1344,train,2112,1344,1,658,0,513400.0,3576330.0,515960.0,3578890.0
train_0360_r2112_c1536,train,2112,1536,1,902,0,515320.0,3576330.0,517880.0,3578890.0
train_0361_r2112_c1728,train,2112,1728,0,,0,517240.0,3576330.0,519800.0,3578890.0
train_0362_r2112_c1920,train,2112,1920,1,667,0,519160.0,3576330.0,521720.0,3578890.0
train_0363_r2112_c2112,train,2112,2112,1,667,0,521080.0,3576330.0,523640.0,3578890.0
train_0364_r2112_c2304,train,2112,2304,0,,0,523000.0,3576330.0,525560.0,3578890.0
train_0365_r2112_c2496,train,2112,2496,1,964,0,524920.0,3576330.0,527480.0,3578890.0
train_0366_r2112_c2688,train,2112,2688,1,331,0,526840.0,3576330.0,529400.0,3578890.0
train_0367_r2112_c2880,train,2112,2880,0,,0,528760.0,3576330.0,531320.0,3578890.0
train_0368_r2112_c3072,train,2112,3072,2,"345,347",0,530680.0,3576330.0,533240.0,3578890.0
train_0369_r2112_c3264,train,2112,3264,1,347,0,532600.0,3576330.0,535160.0,3578890.0
train_0370_r2112_c3456,train,2112,3456,0,,0,534520.0,3576330.0,537080.0,3578890.0
train_0371_r2112_c3648,train,2112,3648,0,,0,536440.0,3576330.0,539000.0,3578890.0
train_0372_r2112_c3840,train,2112,3840,0,,0,538360.0,3576330.0,540920.0,3578890.0
train_0373_r2112_c4032,train,2112,4032,0,,0,540280.0,3576330.0,542840.0,3578890.0
train_0374_r2112_c4224,train,2112,4224,0,,0,542200.0,3576330.0,544760.0,3578890.0
train_0375_r2112_c4416,train,2112,4416,0,,0,544120.0,3576330.0,546680.0,3578890.0
train_0376_r2112_c4608,train,2112,4608,0,,0,546040.0,3576330.0,548600.0,3578890.0
train_0377_r2112_c4800,train,2112,4800,1,120,0,547960.0,3576330.0,550520.0,3578890.0
train_0378_r2112_c4992,train,2112,4992,2,"114,120",0,549880.0,3576330.0,552440.0,3578890.0
train_0379_r2112_c5184,train,2112,5184,0,,0,551800.0,3576330.0,554360.0,3578890.0
train_0380_r2112_c5376,train,2112,5376,0,,0,553720.0,3576330.0,556280.0,3578890.0
train_0381_r2112_c5568,train,2112,5568,1,1145,0,555640.0,3576330.0,558200.0,3578890.0
train_0382_r2112_c5760,train,2112,5760,0,,0,557560.0,3576330.0,560120.0,3578890.0
train_0383_r2112_c5805,train,2112,5805,1,186,0,558010.0,3576330.0,560570.0,3578890.0
train_0384_r2304_c0,train,2304,0,1,677,0,499960.0,3574410.0,502520.0,3576970.0
train_0385_r2304_c192,train,2304,192,1,898,0,501880.0,3574410.0,504440.0,3576970.0
train_0386_r2304_c384,train,2304,384,2,"678,679",0,503800.0,3574410.0,506360.0,3576970.0
train_0387_r2304_c576,train,2304,576,1,899,0,505720.0,3574410.0,508280.0,3576970.0
train_0388_r2304_c768,train,2304,768,2,"663,664",0,507640.0,3574410.0,510200.0,3576970.0
train_0389_r2304_c960,train,2304,960,3,"700,900,901",0,509560.0,3574410.0,512120.0,3576970.0
train_0390_r2304_c1152,train,2304,1152,3,"700,731,732",0,511480.0,3574410.0,514040.0,3576970.0
train_0391_r2304_c1344,train,2304,1344,1,732,0,513400.0,3574410.0,515960.0,3576970.0
train_0392_r2304_c1536,train,2304,1536,0,,0,515320.0,3574410.0,517880.0,3576970.0
train_0393_r2304_c1728,train,2304,1728,0,,0,517240.0,3574410.0,519800.0,3576970.0
train_0394_r2304_c1920,train,2304,1920,1,667,0,519160.0,3574410.0,521720.0,3576970.0
train_0395_r2304_c2112,train,2304,2112,3,"667,668,721",0,521080.0,3574410.0,523640.0,3576970.0
train_0396_r2304_c2304,train,2304,2304,1,668,0,523000.0,3574410.0,525560.0,3576970.0
train_0397_r2304_c2496,train,2304,2496,0,,0,524920.0,3574410.0,527480.0,3576970.0
train_0398_r2304_c2688,train,2304,2688,0,,0,526840.0,3574410.0,529400.0,3576970.0
train_0399_r2304_c2880,train,2304,2880,0,,0,528760.0,3574410.0,531320.0,3576970.0
train_0400_r2304_c3072,train,2304,3072,5,"325,346,347,441,1028",0,530680.0,3574410.0,533240.0,3576970.0
train_0401_r2304_c3264,train,2304,3264,4,"347,348,349,351",0,532600.0,3574410.0,535160.0,3576970.0
train_0402_r2304_c3456,train,2304,3456,2,"349,353",0,534520.0,3574410.0,537080.0,3576970.0
train_0403_r2304_c3648,train,2304,3648,0,,0,536440.0,3574410.0,539000.0,3576970.0
train_0404_r2304_c3840,train,2304,3840,0,,0,538360.0,3574410.0,540920.0,3576970.0
train_0405_r2304_c4032,train,2304,4032,0,,0,540280.0,3574410.0,542840.0,3576970.0
train_0406_r2304_c4224,train,2304,4224,0,,0,542200.0,3574410.0,544760.0,3576970.0
train_0407_r2304_c4416,train,2304,4416,0,,0,544120.0,3574410.0,546680.0,3576970.0
train_0408_r2304_c4608,train,2304,4608,1,181,0,546040.0,3574410.0,548600.0,3576970.0
train_0409_r2304_c4800,train,2304,4800,2,"181,183",0,547960.0,3574410.0,550520.0,3576970.0
train_0410_r2304_c4992,train,2304,4992,0,,0,549880.0,3574410.0,552440.0,3576970.0
train_0411_r2304_c5184,train,2304,5184,0,,0,551800.0,3574410.0,554360.0,3576970.0
train_0412_r2304_c5376,train,2304,5376,0,,0,553720.0,3574410.0,556280.0,3576970.0
train_0413_r2304_c5568,train,2304,5568,1,1144,0,555640.0,3574410.0,558200.0,3576970.0
train_0414_r2304_c5760,train,2304,5760,0,,0,557560.0,3574410.0,560120.0,3576970.0
train_0415_r2304_c5805,train,2304,5805,1,149,0,558010.0,3574410.0,560570.0,3576970.0
train_0416_r2496_c0,train,2496,0,0,,0,499960.0,3572490.0,502520.0,3575050.0
train_0417_r2496_c192,train,2496,192,0,,0,501880.0,3572490.0,504440.0,3575050.0
train_0418_r2496_c384,train,2496,384,2,"678,679",0,503800.0,3572490.0,506360.0,3575050.0
train_0419_r2496_c576,train,2496,576,1,664,0,505720.0,3572490.0,508280.0,3575050.0
train_0420_r2496_c768,train,2496,768,3,"664,896,897",0,507640.0,3572490.0,510200.0,3575050.0
train_0421_r2496_c960,train,2496,960,1,897,0,509560.0,3572490.0,512120.0,3575050.0
train_0422_r2496_c1152,train,2496,1152,0,,0,511480.0,3572490.0,514040.0,3575050.0
train_0423_r2496_c1344,train,2496,1344,0,,0,513400.0,3572490.0,515960.0,3575050.0
train_0424_r2496_c1536,train,2496,1536,0,,0,515320.0,3572490.0,517880.0,3575050.0
train_0425_r2496_c1728,train,2496,1728,0,,0,517240.0,3572490.0,519800.0,3575050.0
train_0426_r2496_c1920,train,2496,1920,1,962,0,519160.0,3572490.0,521720.0,3575050.0
train_0427_r2496_c2112,train,2496,2112,1,719,0,521080.0,3572490.0,523640.0,3575050.0
train_0428_r2496_c2304,train,2496,2304,0,,0,523000.0,3572490.0,525560.0,3575050.0
train_0429_r2496_c2496,train,2496,2496,2,"961,963",0,524920.0,3572490.0,527480.0,3575050.0
train_0430_r2496_c2688,train,2496,2688,1,961,0,526840.0,3572490.0,529400.0,3575050.0
train_0431_r2496_c2880,train,2496,2880,0,,0,528760.0,3572490.0,531320.0,3575050.0
train_0432_r2496_c3072,train,2496,3072,2,"346,1028",0,530680.0,3572490.0,533240.0,3575050.0
train_0433_r2496_c3264,train,2496,3264,3,"349,351,1027",0,532600.0,3572490.0,535160.0,3575050.0
train_0434_r2496_c3456,train,2496,3456,3,"349,353,1027",0,534520.0,3572490.0,537080.0,3575050.0
train_0435_r2496_c3648,train,2496,3648,2,"327,354",0,536440.0,3572490.0,539000.0,3575050.0
train_0436_r2496_c3840,train,2496,3840,2,"384,760",0,538360.0,3572490.0,540920.0,3575050.0
train_0437_r2496_c4032,train,2496,4032,1,387,0,540280.0,3572490.0,542840.0,3575050.0
train_0438_r2496_c4224,train,2496,4224,1,387,0,542200.0,3572490.0,544760.0,3575050.0
train_0439_r2496_c4416,train,2496,4416,0,,0,544120.0,3572490.0,546680.0,3575050.0
train_0440_r2496_c4608,train,2496,4608,2,"118,181",0,546040.0,3572490.0,548600.0,3575050.0
train_0441_r2496_c4800,train,2496,4800,3,"118,119,181",0,547960.0,3572490.0,550520.0,3575050.0
train_0442_r2496_c4992,train,2496,4992,0,,0,549880.0,3572490.0,552440.0,3575050.0
train_0443_r2496_c5184,train,2496,5184,0,,0,551800.0,3572490.0,554360.0,3575050.0
train_0444_r2496_c5376,train,2496,5376,0,,0,553720.0,3572490.0,556280.0,3575050.0
train_0445_r2496_c5568,train,2496,5568,0,,0,555640.0,3572490.0,558200.0,3575050.0
train_0446_r2496_c5760,train,2496,5760,1,1176,0,557560.0,3572490.0,560120.0,3575050.0
train_0447_r2496_c5805,train,2496,5805,2,"149,1176",0,558010.0,3572490.0,560570.0,3575050.0
train_0448_r2688_c0,train,2688,0,1,676,0,499960.0,3570570.0,502520.0,3573130.0
train_0449_r2688_c192,train,2688,192,0,,0,501880.0,3570570.0,504440.0,3573130.0
train_0450_r2688_c384,train,2688,384,5,"56,648,681,682,894",0,503800.0,3570570.0,506360.0,3573130.0
train_0451_r2688_c576,train,2688,576,7,"56,58,94,184,188,894,895",0,505720.0,3570570.0,508280.0,3573130.0
train_0452_r2688_c768,train,2688,768,1,683,0,507640.0,3570570.0,510200.0,3573130.0
train_0453_r2688_c960,train,2688,960,1,683,0,509560.0,3570570.0,512120.0,3573130.0
train_0454_r2688_c1152,train,2688,1152,0,,0,511480.0,3570570.0,514040.0,3573130.0
train_0455_r2688_c1344,train,2688,1344,0,,0,513400.0,3570570.0,515960.0,3573130.0
train_0456_r2688_c1536,train,2688,1536,1,669,0,515320.0,3570570.0,517880.0,3573130.0
train_0457_r2688_c1728,train,2688,1728,1,669,0,517240.0,3570570.0,519800.0,3573130.0
train_0458_r2688_c1920,train,2688,1920,3,"718,960,962",0,519160.0,3570570.0,521720.0,3573130.0
train_0459_r2688_c2112,train,2688,2112,5,"670,671,718,719,720",0,521080.0,3570570.0,523640.0,3573130.0
train_0460_r2688_c2304,train,2688,2304,2,"330,670",0,523000.0,3570570.0,525560.0,3573130.0
train_0461_r2688_c2496,train,2688,2496,2,"959,961",0,524920.0,3570570.0,527480.0,3573130.0
train_0462_r2688_c2688,train,2688,2688,1,961,0,526840.0,3570570.0,529400.0,3573130.0
train_0463_r2688_c2880,train,2688,2880,0,,0,528760.0,3570570.0,531320.0,3573130.0
train_0464_r2688_c3072,train,2688,3072,0,,0,530680.0,3570570.0,533240.0,3573130.0
train_0465_r2688_c3264,train,2688,3264,0,,0,532600.0,3570570.0,535160.0,3573130.0
train_0466_r2688_c3456,train,2688,3456,1,352,0,534520.0,3570570.0,537080.0,3573130.0
train_0467_r2688_c3648,train,2688,3648,3,"327,1084,1085",0,536440.0,3570570.0,539000.0,3573130.0
train_0468_r2688_c3840,train,2688,3840,1,383,0,538360.0,3570570.0,540920.0,3573130.0
train_0469_r2688_c4032,train,2688,4032,4,"383,385,386,387",0,540280.0,3570570.0,542840.0,3573130.0
train_0470_r2688_c4224,train,2688,4224,4,"385,386,387,444",0,542200.0,3570570.0,544760.0,3573130.0
train_0471_r2688_c4416,train,2688,4416,3,"329,430,1086",0,544120.0,3570570.0,546680.0,3573130.0
train_0472_r2688_c4608,train,2688,4608,2,"117,430",0,546040.0,3570570.0,548600.0,3573130.0
train_0473_r2688_c4800,train,2688,4800,3,"119,130,1142",0,547960.0,3570570.0,550520.0,3573130.0
train_0474_r2688_c4992,train,2688,4992,2,"130,131",0,549880.0,3570570.0,552440.0,3573130.0
train_0475_r2688_c5184,train,2688,5184,2,"132,1143",0,551800.0,3570570.0,554360.0,3573130.0
train_0476_r2688_c5376,train,2688,5376,0,,0,553720.0,3570570.0,556280.0,3573130.0
train_0477_r2688_c5568,train,2688,5568,2,"133,1141",0,555640.0,3570570.0,558200.0,3573130.0
train_0478_r2688_c5760,train,2688,5760,2,"133,1176",0,557560.0,3570570.0,560120.0,3573130.0
train_0479_r2688_c5805,train,2688,5805,1,1176,1,558010.0,3570570.0,560570.0,3573130.0
train_0480_r2880_c0,train,2880,0,2,"675,676",0,499960.0,3568650.0,502520.0,3571210.0
train_0481_r2880_c192,train,2880,192,0,,0,501880.0,3568650.0,504440.0,3571210.0
train_0482_r2880_c384,train,2880,384,5,"648,672,673,892,894",0,503800.0,3568650.0,506360.0,3571210.0
train_0483_r2880_c576,train,2880,576,4,"184,188,893,894",0,505720.0,3568650.0,508280.0,3571210.0
train_0484_r2880_c768,train,2880,768,3,"666,674,683",0,507640.0,3568650.0,510200.0,3571210.0
train_0485_r2880_c960,train,2880,960,1,683,0,509560.0,3568650.0,512120.0,3571210.0
train_0486_r2880_c1152,train,2880,1152,0,,0,511480.0,3568650.0,514040.0,3571210.0
train_0487_r2880_c1344,train,2880,1344,0,,0,513400.0,3568650.0,515960.0,3571210.0
train_0488_r2880_c1536,train,2880,1536,0,,0,515320.0,3568650.0,517880.0,3571210.0
train_0489_r2880_c1728,train,2880,1728,1,957,0,517240.0,3568650.0,519800.0,3571210.0
train_0490_r2880_c1920,train,2880,1920,1,958,0,519160.0,3568650.0,521720.0,3571210.0
train_0491_r2880_c2112,train,2880,2112,2,"956,958",0,521080.0,3568650.0,523640.0,3571210.0
train_0492_r2880_c2304,train,2880,2304,0,,0,523000.0,3568650.0,525560.0,3571210.0
train_0493_r2880_c2496,train,2880,2496,0,,0,524920.0,3568650.0,527480.0,3571210.0
train_0494_r2880_c2688,train,2880,2688,1,431,0,526840.0,3568650.0,529400.0,3571210.0
train_0495_r2880_c2880,train,2880,2880,1,323,0,528760.0,3568650.0,531320.0,3571210.0
train_0496_r2880_c3072,train,2880,3072,1,1026,0,530680.0,3568650.0,533240.0,3571210.0
train_0497_r2880_c3264,train,2880,3264,0,,0,532600.0,3568650.0,535160.0,3571210.0
train_0498_r2880_c3456,train,2880,3456,0,,0,534520.0,3568650.0,537080.0,3571210.0
train_0499_r2880_c3648,train,2880,3648,2,"1084,1085",0,536440.0,3568650.0,539000.0,3571210.0
train_0500_r2880_c3840,train,2880,3840,1,383,0,538360.0,3568650.0,540920.0,3571210.0
train_0501_r2880_c4032,train,2880,4032,2,"383,385",0,540280.0,3568650.0,542840.0,3571210.0
train_0502_r2880_c4224,train,2880,4224,2,"385,444",0,542200.0,3568650.0,544760.0,3571210.0
train_0503_r2880_c4416,train,2880,4416,2,"382,1083",0,544120.0,3568650.0,546680.0,3571210.0
train_0504_r2880_c4608,train,2880,4608,1,430,0,546040.0,3568650.0,548600.0,3571210.0
train_0505_r2880_c4800,train,2880,4800,1,130,0,547960.0,3568650.0,550520.0,3571210.0
train_0506_r2880_c4992,train,2880,4992,2,"130,131",0,549880.0,3568650.0,552440.0,3571210.0
train_0507_r2880_c5184,train,2880,5184,0,,0,551800.0,3568650.0,554360.0,3571210.0
train_0508_r2880_c5376,train,2880,5376,2,"128,129",0,553720.0,3568650.0,556280.0,3571210.0
train_0509_r2880_c5568,train,2880,5568,4,"128,129,133,1141",0,555640.0,3568650.0,558200.0,3571210.0
train_0510_r2880_c5760,train,2880,5760,1,133,0,557560.0,3568650.0,560120.0,3571210.0
train_0511_r2880_c5805,train,2880,5805,0,,2,558010.0,3568650.0,560570.0,3571210.0
train_0512_r3072_c0,train,3072,0,0,,0,499960.0,3566730.0,502520.0,3569290.0
train_0513_r3072_c192,train,3072,192,0,,0,501880.0,3566730.0,504440.0,3569290.0
train_0514_r3072_c384,train,3072,384,4,"672,673,888,889",0,503800.0,3566730.0,506360.0,3569290.0
train_0515_r3072_c576,train,3072,576,0,,0,505720.0,3566730.0,508280.0,3569290.0
train_0516_r3072_c768,train,3072,768,5,"198,666,674,890,891",0,507640.0,3566730.0,510200.0,3569290.0
train_0517_r3072_c960,train,3072,960,2,"198,890",0,509560.0,3566730.0,512120.0,3569290.0
train_0518_r3072_c1152,train,3072,1152,0,,0,511480.0,3566730.0,514040.0,3569290.0
train_0519_r3072_c1344,train,3072,1344,0,,0,513400.0,3566730.0,515960.0,3569290.0
train_0520_r3072_c1536,train,3072,1536,0,,0,515320.0,3566730.0,517880.0,3569290.0
train_0521_r3072_c1728,train,3072,1728,1,957,0,517240.0,3566730.0,519800.0,3569290.0
train_0522_r3072_c1920,train,3072,1920,7,"215,216,217,952,953,954,955",0,519160.0,3566730.0,521720.0,3569290.0
train_0523_r3072_c2112,train,3072,2112,2,"953,956",0,521080.0,3566730.0,523640.0,3569290.0
train_0524_r3072_c2304,train,3072,2304,0,,0,523000.0,3566730.0,525560.0,3569290.0
train_0525_r3072_c2496,train,3072,2496,0,,0,524920.0,3566730.0,527480.0,3569290.0
train_0526_r3072_c2688,train,3072,2688,1,326,0,526840.0,3566730.0,529400.0,3569290.0
train_0527_r3072_c2880,train,3072,2880,2,"324,1025",0,528760.0,3566730.0,531320.0,3569290.0
train_0528_r3072_c3072,train,3072,3072,2,"324,1026",0,530680.0,3566730.0,533240.0,3569290.0
train_0529_r3072_c3264,train,3072,3264,1,633,0,532600.0,3566730.0,535160.0,3569290.0
train_0530_r3072_c3456,train,3072,3456,1,633,0,534520.0,3566730.0,537080.0,3569290.0
train_0531_r3072_c3648,train,3072,3648,0,,0,536440.0,3566730.0,539000.0,3569290.0
train_0532_r3072_c3840,train,3072,3840,1,560,0,538360.0,3566730.0,540920.0,3569290.0
train_0533_r3072_c4032,train,3072,4032,1,560,0,540280.0,3566730.0,542840.0,3569290.0
train_0534_r3072_c4224,train,3072,4224,0,,0,542200.0,3566730.0,544760.0,3569290.0
train_0535_r3072_c4416,train,3072,4416,1,382,0,544120.0,3566730.0,546680.0,3569290.0
train_0536_r3072_c4608,train,3072,4608,0,,0,546040.0,3566730.0,548600.0,3569290.0
train_0537_r3072_c4800,train,3072,4800,0,,0,547960.0,3566730.0,550520.0,3569290.0
train_0538_r3072_c4992,train,3072,4992,0,,0,549880.0,3566730.0,552440.0,3569290.0
train_0539_r3072_c5184,train,3072,5184,2,"4,842",0,551800.0,3566730.0,554360.0,3569290.0
train_0540_r3072_c5376,train,3072,5376,1,4,0,553720.0,3566730.0,556280.0,3569290.0
train_0541_r3072_c5568,train,3072,5568,0,,0,555640.0,3566730.0,558200.0,3569290.0
train_0542_r3072_c5760,train,3072,5760,0,,0,557560.0,3566730.0,560120.0,3569290.0
train_0543_r3072_c5805,train,3072,5805,0,,0,558010.0,3566730.0,560570.0,3569290.0
train_0544_r3264_c0,train,3264,0,1,192,0,499960.0,3564810.0,502520.0,3567370.0
train_0545_r3264_c192,train,3264,192,0,,0,501880.0,3564810.0,504440.0,3567370.0
train_0546_r3264_c384,train,3264,384,0,,0,503800.0,3564810.0,506360.0,3567370.0
train_0547_r3264_c576,train,3264,576,0,,0,505720.0,3564810.0,508280.0,3567370.0
train_0548_r3264_c768,train,3264,768,0,,0,507640.0,3564810.0,510200.0,3567370.0
train_0549_r3264_c960,train,3264,960,0,,0,509560.0,3564810.0,512120.0,3567370.0
train_0550_r3264_c1152,train,3264,1152,0,,0,511480.0,3564810.0,514040.0,3567370.0
train_0551_r3264_c1344,train,3264,1344,1,208,0,513400.0,3564810.0,515960.0,3567370.0
train_0552_r3264_c1536,train,3264,1536,0,,0,515320.0,3564810.0,517880.0,3567370.0
train_0553_r3264_c1728,train,3264,1728,0,,0,517240.0,3564810.0,519800.0,3567370.0
train_0554_r3264_c1920,train,3264,1920,5,"214,217,218,219,951",0,519160.0,3564810.0,521720.0,3567370.0
train_0555_r3264_c2112,train,3264,2112,2,"219,951",0,521080.0,3564810.0,523640.0,3567370.0
train_0556_r3264_c2304,train,3264,2304,0,,0,523000.0,3564810.0,525560.0,3567370.0
train_0557_r3264_c2496,train,3264,2496,0,,0,524920.0,3564810.0,527480.0,3567370.0
train_0558_r3264_c2688,train,3264,2688,2,"575,594",0,526840.0,3564810.0,529400.0,3567370.0
train_0559_r3264_c2880,train,3264,2880,2,"558,575",0,528760.0,3564810.0,531320.0,3567370.0
train_0560_r3264_c3072,train,3264,3072,1,623,0,530680.0,3564810.0,533240.0,3567370.0
train_0561_r3264_c3264,train,3264,3264,4,"616,633,1023,1024",0,532600.0,3564810.0,535160.0,3567370.0
train_0562_r3264_c3456,train,3264,3456,4,"616,633,1023,1082",0,534520.0,3564810.0,537080.0,3567370.0
train_0563_r3264_c3648,train,3264,3648,1,1082,0,536440.0,3564810.0,539000.0,3567370.0
train_0564_r3264_c3840,train,3264,3840,0,,0,538360.0,3564810.0,540920.0,3567370.0
train_0565_r3264_c4032,train,3264,4032,1,607,0,540280.0,3564810.0,542840.0,3567370.0
train_0566_r3264_c4224,train,3264,4224,0,,0,542200.0,3564810.0,544760.0,3567370.0
train_0567_r3264_c4416,train,3264,4416,0,,0,544120.0,3564810.0,546680.0,3567370.0
train_0568_r3264_c4608,train,3264,4608,0,,0,546040.0,3564810.0,548600.0,3567370.0
train_0569_r3264_c4800,train,3264,4800,0,,0,547960.0,3564810.0,550520.0,3567370.0
train_0570_r3264_c4992,train,3264,4992,0,,0,549880.0,3564810.0,552440.0,3567370.0
train_0571_r3264_c5184,train,3264,5184,0,,0,551800.0,3564810.0,554360.0,3567370.0
train_0572_r3264_c5376,train,3264,5376,0,,0,553720.0,3564810.0,556280.0,3567370.0
train_0573_r3264_c5568,train,3264,5568,0,,0,555640.0,3564810.0,558200.0,3567370.0
train_0574_r3264_c5760,train,3264,5760,1,101,0,557560.0,3564810.0,560120.0,3567370.0
train_0575_r3264_c5805,train,3264,5805,2,"12,101",0,558010.0,3564810.0,560570.0,3567370.0
train_0576_r3456_c0,train,3456,0,0,,0,499960.0,3562890.0,502520.0,3565450.0
train_0577_r3456_c192,train,3456,192,0,,0,501880.0,3562890.0,504440.0,3565450.0
train_0578_r3456_c384,train,3456,384,1,887,0,503800.0,3562890.0,506360.0,3565450.0
train_0579_r3456_c576,train,3456,576,2,"886,887",0,505720.0,3562890.0,508280.0,3565450.0
train_0580_r3456_c768,train,3456,768,0,,0,507640.0,3562890.0,510200.0,3565450.0
train_0581_r3456_c960,train,3456,960,0,,0,509560.0,3562890.0,512120.0,3565450.0
train_0582_r3456_c1152,train,3456,1152,0,,0,511480.0,3562890.0,514040.0,3565450.0
train_0583_r3456_c1344,train,3456,1344,0,,0,513400.0,3562890.0,515960.0,3565450.0
train_0584_r3456_c1536,train,3456,1536,0,,0,515320.0,3562890.0,517880.0,3565450.0
train_0585_r3456_c1728,train,3456,1728,0,,0,517240.0,3562890.0,519800.0,3565450.0
train_0586_r3456_c1920,train,3456,1920,2,"194,951",0,519160.0,3562890.0,521720.0,3565450.0
train_0587_r3456_c2112,train,3456,2112,1,951,0,521080.0,3562890.0,523640.0,3565450.0
train_0588_r3456_c2304,train,3456,2304,1,618,0,523000.0,3562890.0,525560.0,3565450.0
train_0589_r3456_c2496,train,3456,2496,2,"561,618",0,524920.0,3562890.0,527480.0,3565450.0
train_0590_r3456_c2688,train,3456,2688,0,,0,526840.0,3562890.0,529400.0,3565450.0
train_0591_r3456_c2880,train,3456,2880,3,"563,624,635",0,528760.0,3562890.0,531320.0,3565450.0
train_0592_r3456_c3072,train,3456,3072,3,"564,623,635",0,530680.0,3562890.0,533240.0,3565450.0
train_0593_r3456_c3264,train,3456,3264,1,564,0,532600.0,3562890.0,535160.0,3565450.0
train_0594_r3456_c3456,train,3456,3456,1,598,0,534520.0,3562890.0,537080.0,3565450.0
train_0595_r3456_c3648,train,3456,3648,1,1080,0,536440.0,3562890.0,539000.0,3565450.0
train_0596_r3456_c3840,train,3456,3840,2,"1080,1081",0,538360.0,3562890.0,540920.0,3565450.0
train_0597_r3456_c4032,train,3456,4032,0,,0,540280.0,3562890.0,542840.0,3565450.0
train_0598_r3456_c4224,train,3456,4224,0,,0,542200.0,3562890.0,544760.0,3565450.0
train_0599_r3456_c4416,train,3456,4416,0,,0,544120.0,3562890.0,546680.0,3565450.0
train_0600_r3456_c4608,train,3456,4608,1,818,0,546040.0,3562890.0,548600.0,3565450.0
train_0601_r3456_c4800,train,3456,4800,2,"833,1140",0,547960.0,3562890.0,550520.0,3565450.0
train_0602_r3456_c4992,train,3456,4992,0,,0,549880.0,3562890.0,552440.0,3565450.0
train_0603_r3456_c5184,train,3456,5184,0,,0,551800.0,3562890.0,554360.0,3565450.0
train_0604_r3456_c5376,train,3456,5376,0,,0,553720.0,3562890.0,556280.0,3565450.0
train_0605_r3456_c5568,train,3456,5568,1,3,0,555640.0,3562890.0,558200.0,3565450.0
train_0606_r3456_c5760,train,3456,5760,2,"3,101",0,557560.0,3562890.0,560120.0,3565450.0
train_0607_r3456_c5805,train,3456,5805,1,101,0,558010.0,3562890.0,560570.0,3565450.0
train_0608_r3648_c0,train,3648,0,0,,0,499960.0,3560970.0,502520.0,3563530.0
train_0609_r3648_c192,train,3648,192,0,,0,501880.0,3560970.0,504440.0,3563530.0
train_0610_r3648_c384,train,3648,384,1,885,0,503800.0,3560970.0,506360.0,3563530.0
train_0611_r3648_c576,train,3648,576,2,"885,886",0,505720.0,3560970.0,508280.0,3563530.0
train_0612_r3648_c768,train,3648,768,0,,0,507640.0,3560970.0,510200.0,3563530.0
train_0613_r3648_c960,train,3648,960,0,,0,509560.0,3560970.0,512120.0,3563530.0
train_0614_r3648_c1152,train,3648,1152,0,,0,511480.0,3560970.0,514040.0,3563530.0
train_0615_r3648_c1344,train,3648,1344,1,884,0,513400.0,3560970.0,515960.0,3563530.0
train_0616_r3648_c1536,train,3648,1536,0,,0,515320.0,3560970.0,517880.0,3563530.0
train_0617_r3648_c1728,train,3648,1728,0,,0,517240.0,3560970.0,519800.0,3563530.0
train_0618_r3648_c1920,train,3648,1920,2,"194,950",0,519160.0,3560970.0,521720.0,3563530.0
train_0619_r3648_c2112,train,3648,2112,1,220,0,521080.0,3560970.0,523640.0,3563530.0
train_0620_r3648_c2304,train,3648,2304,2,"562,618",0,523000.0,3560970.0,525560.0,3563530.0
train_0621_r3648_c2496,train,3648,2496,2,"562,618",0,524920.0,3560970.0,527480.0,3563530.0
train_0622_r3648_c2688,train,3648,2688,0,,0,526840.0,3560970.0,529400.0,3563530.0
train_0623_r3648_c2880,train,3648,2880,0,,0,528760.0,3560970.0,531320.0,3563530.0
train_0624_r3648_c3072,train,3648,3072,0,,0,530680.0,3560970.0,533240.0,3563530.0
train_0625_r3648_c3264,train,3648,3264,2,"596,1022",0,532600.0,3560970.0,535160.0,3563530.0
train_0626_r3648_c3456,train,3648,3456,0,,0,534520.0,3560970.0,537080.0,3563530.0
train_0627_r3648_c3648,train,3648,3648,0,,0,536440.0,3560970.0,539000.0,3563530.0
train_0628_r3648_c3840,train,3648,3840,0,,0,538360.0,3560970.0,540920.0,3563530.0
train_0629_r3648_c4032,train,3648,4032,1,609,0,540280.0,3560970.0,542840.0,3563530.0
train_0630_r3648_c4224,train,3648,4224,0,,0,542200.0,3560970.0,544760.0,3563530.0
train_0631_r3648_c4416,train,3648,4416,0,,0,544120.0,3560970.0,546680.0,3563530.0
train_0632_r3648_c4608,train,3648,4608,3,"1,818,1140",0,546040.0,3560970.0,548600.0,3563530.0
train_0633_r3648_c4800,train,3648,4800,1,1140,0,547960.0,3560970.0,550520.0,3563530.0
train_0634_r3648_c4992,train,3648,4992,0,,0,549880.0,3560970.0,552440.0,3563530.0
train_0635_r3648_c5184,train,3648,5184,0,,0,551800.0,3560970.0,554360.0,3563530.0
train_0636_r3648_c5376,train,3648,5376,0,,0,553720.0,3560970.0,556280.0,3563530.0
train_0637_r3648_c5568,train,3648,5568,0,,0,555640.0,3560970.0,558200.0,3563530.0
train_0638_r3648_c5760,train,3648,5760,0,,0,557560.0,3560970.0,560120.0,3563530.0
train_0639_r3648_c5805,train,3648,5805,0,,0,558010.0,3560970.0,560570.0,3563530.0
train_0640_r3840_c0,train,3840,0,0,,0,499960.0,3559050.0,502520.0,3561610.0
train_0641_r3840_c192,train,3840,192,0,,0,501880.0,3559050.0,504440.0,3561610.0
train_0642_r3840_c384,train,3840,384,0,,0,503800.0,3559050.0,506360.0,3561610.0
train_0643_r3840_c576,train,3840,576,0,,0,505720.0,3559050.0,508280.0,3561610.0
train_0644_r3840_c768,train,3840,768,0,,0,507640.0,3559050.0,510200.0,3561610.0
train_0645_r3840_c960,train,3840,960,1,207,0,509560.0,3559050.0,512120.0,3561610.0
train_0646_r3840_c1152,train,3840,1152,1,207,0,511480.0,3559050.0,514040.0,3561610.0
train_0647_r3840_c1344,train,3840,1344,1,884,0,513400.0,3559050.0,515960.0,3561610.0
train_0648_r3840_c1536,train,3840,1536,3,"209,210,949",0,515320.0,3559050.0,517880.0,3561610.0
train_0649_r3840_c1728,train,3840,1728,1,949,0,517240.0,3559050.0,519800.0,3561610.0
train_0650_r3840_c1920,train,3840,1920,0,,0,519160.0,3559050.0,521720.0,3561610.0
train_0651_r3840_c2112,train,3840,2112,0,,0,521080.0,3559050.0,523640.0,3561610.0
train_0652_r3840_c2304,train,3840,2304,0,,0,523000.0,3559050.0,525560.0,3561610.0
train_0653_r3840_c2496,train,3840,2496,0,,0,524920.0,3559050.0,527480.0,3561610.0
train_0654_r3840_c2688,train,3840,2688,0,,0,526840.0,3559050.0,529400.0,3561610.0
train_0655_r3840_c2880,train,3840,2880,0,,0,528760.0,3559050.0,531320.0,3561610.0
train_0656_r3840_c3072,train,3840,3072,2,"566,611",0,530680.0,3559050.0,533240.0,3561610.0
train_0657_r3840_c3264,train,3840,3264,5,"565,610,611,1020,1021",0,532600.0,3559050.0,535160.0,3561610.0
train_0658_r3840_c3456,train,3840,3456,1,597,0,534520.0,3559050.0,537080.0,3561610.0
train_0659_r3840_c3648,train,3840,3648,0,,0,536440.0,3559050.0,539000.0,3561610.0
train_0660_r3840_c3840,train,3840,3840,0,,0,538360.0,3559050.0,540920.0,3561610.0
train_0661_r3840_c4032,train,3840,4032,0,,0,540280.0,3559050.0,542840.0,3561610.0
train_0662_r3840_c4224,train,3840,4224,1,608,0,542200.0,3559050.0,544760.0,3561610.0
train_0663_r3840_c4416,train,3840,4416,0,,0,544120.0,3559050.0,546680.0,3561610.0
train_0664_r3840_c4608,train,3840,4608,1,830,0,546040.0,3559050.0,548600.0,3561610.0
train_0665_r3840_c4800,train,3840,4800,4,"830,831,832,1139",0,547960.0,3559050.0,550520.0,3561610.0
train_0666_r3840_c4992,train,3840,4992,1,1139,0,549880.0,3559050.0,552440.0,3561610.0
train_0667_r3840_c5184,train,3840,5184,0,,0,551800.0,3559050.0,554360.0,3561610.0
train_0668_r3840_c5376,train,3840,5376,0,,0,553720.0,3559050.0,556280.0,3561610.0
train_0669_r3840_c5568,train,3840,5568,0,,0,555640.0,3559050.0,558200.0,3561610.0
train_0670_r3840_c5760,train,3840,5760,0,,0,557560.0,3559050.0,560120.0,3561610.0
train_0671_r3840_c5805,train,3840,5805,0,,0,558010.0,3559050.0,560570.0,3561610.0
train_0672_r4032_c0,train,4032,0,0,,0,499960.0,3557130.0,502520.0,3559690.0
train_0673_r4032_c192,train,4032,192,0,,0,501880.0,3557130.0,504440.0,3559690.0
train_0674_r4032_c384,train,4032,384,0,,0,503800.0,3557130.0,506360.0,3559690.0
train_0675_r4032_c576,train,4032,576,0,,0,505720.0,3557130.0,508280.0,3559690.0
train_0676_r4032_c768,train,4032,768,0,,0,507640.0,3557130.0,510200.0,3559690.0
train_0677_r4032_c960,train,4032,960,0,,0,509560.0,3557130.0,512120.0,3559690.0
train_0678_r4032_c1152,train,4032,1152,2,"193,205",0,511480.0,3557130.0,514040.0,3559690.0
train_0679_r4032_c1344,train,4032,1344,0,,0,513400.0,3557130.0,515960.0,3559690.0
train_0680_r4032_c1536,train,4032,1536,1,949,0,515320.0,3557130.0,517880.0,3559690.0
train_0681_r4032_c1728,train,4032,1728,2,"195,949",0,517240.0,3557130.0,519800.0,3559690.0
train_0682_r4032_c1920,train,4032,1920,4,"195,211,212,221",0,519160.0,3557130.0,521720.0,3559690.0
train_0683_r4032_c2112,train,4032,2112,3,"211,212,221",0,521080.0,3557130.0,523640.0,3559690.0
train_0684_r4032_c2304,train,4032,2304,0,,0,523000.0,3557130.0,525560.0,3559690.0
train_0685_r4032_c2496,train,4032,2496,0,,0,524920.0,3557130.0,527480.0,3559690.0
train_0686_r4032_c2688,train,4032,2688,0,,0,526840.0,3557130.0,529400.0,3559690.0
train_0687_r4032_c2880,train,4032,2880,2,"620,1019",0,528760.0,3557130.0,531320.0,3559690.0
train_0688_r4032_c3072,train,4032,3072,3,"566,567,568",0,530680.0,3557130.0,533240.0,3559690.0
train_0689_r4032_c3264,train,4032,3264,3,"565,569,1020",0,532600.0,3557130.0,535160.0,3559690.0
train_0690_r4032_c3456,train,4032,3456,1,570,0,534520.0,3557130.0,537080.0,3559690.0
train_0691_r4032_c3648,train,4032,3648,0,,0,536440.0,3557130.0,539000.0,3559690.0
train_0692_r4032_c3840,train,4032,3840,0,,0,538360.0,3557130.0,540920.0,3559690.0
train_0693_r4032_c4032,train,4032,4032,2,"604,1079",0,540280.0,3557130.0,542840.0,3559690.0
train_0694_r4032_c4224,train,4032,4224,0,,0,542200.0,3557130.0,544760.0,3559690.0
train_0695_r4032_c4416,train,4032,4416,1,579,0,544120.0,3557130.0,546680.0,3559690.0
train_0696_r4032_c4608,train,4032,4608,1,394,0,546040.0,3557130.0,548600.0,3559690.0
train_0697_r4032_c4800,train,4032,4800,3,"394,831,832",0,547960.0,3557130.0,550520.0,3559690.0
train_0698_r4032_c4992,train,4032,4992,0,,0,549880.0,3557130.0,552440.0,3559690.0
train_0699_r4032_c5184,train,4032,5184,0,,0,551800.0,3557130.0,554360.0,3559690.0
train_0700_r4032_c5376,train,4032,5376,0,,0,553720.0,3557130.0,556280.0,3559690.0
train_0701_r4032_c5568,train,4032,5568,0,,0,555640.0,3557130.0,558200.0,3559690.0
train_0702_r4032_c5760,train,4032,5760,0,,0,557560.0,3557130.0,560120.0,3559690.0
train_0703_r4032_c5805,train,4032,5805,0,,0,558010.0,3557130.0,560570.0,3559690.0
train_0704_r4224_c0,train,4224,0,0,,0,499960.0,3555210.0,502520.0,3557770.0
train_0705_r4224_c192,train,4224,192,0,,0,501880.0,3555210.0,504440.0,3557770.0
train_0706_r4224_c384,train,4224,384,0,,0,503800.0,3555210.0,506360.0,3557770.0
train_0707_r4224_c576,train,4224,576,0,,0,505720.0,3555210.0,508280.0,3557770.0
train_0708_r4224_c768,train,4224,768,0,,0,507640.0,3555210.0,510200.0,3557770.0
train_0709_r4224_c960,train,4224,960,1,204,0,509560.0,3555210.0,512120.0,3557770.0
train_0710_r4224_c1152,train,4224,1152,1,204,0,511480.0,3555210.0,514040.0,3557770.0
train_0711_r4224_c1344,train,4224,1344,0,,0,513400.0,3555210.0,515960.0,3557770.0
train_0712_r4224_c1536,train,4224,1536,0,,0,515320.0,3555210.0,517880.0,3557770.0
train_0713_r4224_c1728,train,4224,1728,1,189,0,517240.0,3555210.0,519800.0,3557770.0
train_0714_r4224_c1920,train,4224,1920,2,"189,221",0,519160.0,3555210.0,521720.0,3557770.0
train_0715_r4224_c2112,train,4224,2112,2,"221,222",0,521080.0,3555210.0,523640.0,3557770.0
train_0716_r4224_c2304,train,4224,2304,0,,0,523000.0,3555210.0,525560.0,3557770.0
train_0717_r4224_c2496,train,4224,2496,1,948,0,524920.0,3555210.0,527480.0,3557770.0
train_0718_r4224_c2688,train,4224,2688,1,1018,0,526840.0,3555210.0,529400.0,3557770.0
train_0719_r4224_c2880,train,4224,2880,0,,0,528760.0,3555210.0,531320.0,3557770.0
train_0720_r4224_c3072,train,4224,3072,1,568,0,530680.0,3555210.0,533240.0,3557770.0
train_0721_r4224_c3264,train,4224,3264,1,625,0,532600.0,3555210.0,535160.0,3557770.0
train_0722_r4224_c3456,train,4224,3456,1,570,0,534520.0,3555210.0,537080.0,3557770.0
train_0723_r4224_c3648,train,4224,3648,1,1076,0,536440.0,3555210.0,539000.0,3557770.0
train_0724_r4224_c3840,train,4224,3840,5,"603,627,1075,1077,1078",0,538360.0,3555210.0,540920.0,3557770.0
train_0725_r4224_c4032,train,4224,4032,3,"603,1075,1079",0,540280.0,3555210.0,542840.0,3557770.0
train_0726_r4224_c4224,train,4224,4224,1,580,0,542200.0,3555210.0,544760.0,3557770.0
train_0727_r4224_c4416,train,4224,4416,3,"579,581,582",0,544120.0,3555210.0,546680.0,3557770.0
train_0728_r4224_c4608,train,4224,4608,1,582,0,546040.0,3555210.0,548600.0,3557770.0
train_0729_r4224_c4800,train,4224,4800,1,829,0,547960.0,3555210.0,550520.0,3557770.0
train_0730_r4224_c4992,train,4224,4992,0,,0,549880.0,3555210.0,552440.0,3557770.0
train_0731_r4224_c5184,train,4224,5184,0,,0,551800.0,3555210.0,554360.0,3557770.0
train_0732_r4224_c5376,train,4224,5376,1,98,0,553720.0,3555210.0,556280.0,3557770.0
train_0733_r4224_c5568,train,4224,5568,0,,0,555640.0,3555210.0,558200.0,3557770.0
train_0734_r4224_c5760,train,4224,5760,0,,0,557560.0,3555210.0,560120.0,3557770.0
train_0735_r4224_c5805,train,4224,5805,0,,0,558010.0,3555210.0,560570.0,3557770.0
train_0736_r4416_c0,train,4416,0,1,883,0,499960.0,3553290.0,502520.0,3555850.0
train_0737_r4416_c192,train,4416,192,0,,0,501880.0,3553290.0,504440.0,3555850.0
train_0738_r4416_c384,train,4416,384,0,,0,503800.0,3553290.0,506360.0,3555850.0
train_0739_r4416_c576,train,4416,576,0,,0,505720.0,3553290.0,508280.0,3555850.0
train_0740_r4416_c768,train,4416,768,0,,0,507640.0,3553290.0,510200.0,3555850.0
train_0741_r4416_c960,train,4416,960,2,"200,201",0,509560.0,3553290.0,512120.0,3555850.0
train_0742_r4416_c1152,train,4416,1152,1,206,0,511480.0,3553290.0,514040.0,3555850.0
train_0743_r4416_c1344,train,4416,1344,0,,0,513400.0,3553290.0,515960.0,3555850.0
train_0744_r4416_c1536,train,4416,1536,0,,0,515320.0,3553290.0,517880.0,3555850.0
train_0745_r4416_c1728,train,4416,1728,0,,0,517240.0,3553290.0,519800.0,3555850.0
train_0746_r4416_c1920,train,4416,1920,1,1242,0,519160.0,3553290.0,521720.0,3555850.0
train_0747_r4416_c2112,train,4416,2112,2,"213,1242",0,521080.0,3553290.0,523640.0,3555850.0
train_0748_r4416_c2304,train,4416,2304,1,213,0,523000.0,3553290.0,525560.0,3555850.0
train_0749_r4416_c2496,train,4416,2496,0,,0,524920.0,3553290.0,527480.0,3555850.0
train_0750_r4416_c2688,train,4416,2688,2,"1017,1018",0,526840.0,3553290.0,529400.0,3555850.0
train_0751_r4416_c2880,train,4416,2880,1,1017,0,528760.0,3553290.0,531320.0,3555850.0
train_0752_r4416_c3072,train,4416,3072,0,,0,530680.0,3553290.0,533240.0,3555850.0
train_0753_r4416_c3264,train,4416,3264,0,,0,532600.0,3553290.0,535160.0,3555850.0
train_0754_r4416_c3456,train,4416,3456,0,,0,534520.0,3553290.0,537080.0,3555850.0
train_0755_r4416_c3648,train,4416,3648,1,1076,0,536440.0,3553290.0,539000.0,3555850.0
train_0756_r4416_c3840,train,4416,3840,4,"578,627,1075,1077",0,538360.0,3553290.0,540920.0,3555850.0
train_0757_r4416_c4032,train,4416,4032,2,"628,1075",0,540280.0,3553290.0,542840.0,3555850.0
train_0758_r4416_c4224,train,4416,4224,1,1074,0,542200.0,3553290.0,544760.0,3555850.0
train_0759_r4416_c4416,train,4416,4416,0,,0,544120.0,3553290.0,546680.0,3555850.0
train_0760_r4416_c4608,train,4416,4608,2,"97,606",0,546040.0,3553290.0,548600.0,3555850.0
train_0761_r4416_c4800,train,4416,4800,2,"97,839",0,547960.0,3553290.0,550520.0,3555850.0
train_0762_r4416_c4992,train,4416,4992,2,"839,1138",0,549880.0,3553290.0,552440.0,3555850.0
train_0763_r4416_c5184,train,4416,5184,1,1138,0,551800.0,3553290.0,554360.0,3555850.0
train_0764_r4416_c5376,train,4416,5376,1,98,0,553720.0,3553290.0,556280.0,3555850.0
train_0765_r4416_c5568,train,4416,5568,1,819,0,555640.0,3553290.0,558200.0,3555850.0
train_0766_r4416_c5760,train,4416,5760,0,,0,557560.0,3553290.0,560120.0,3555850.0
train_0767_r4416_c5805,train,4416,5805,0,,0,558010.0,3553290.0,560570.0,3555850.0
train_0768_r4608_c0,train,4608,0,1,883,0,499960.0,3551370.0,502520.0,3553930.0
train_0769_r4608_c192,train,4608,192,0,,0,501880.0,3551370.0,504440.0,3553930.0
train_0770_r4608_c384,train,4608,384,0,,0,503800.0,3551370.0,506360.0,3553930.0
train_0771_r4608_c576,train,4608,576,0,,0,505720.0,3551370.0,508280.0,3553930.0
train_0772_r4608_c768,train,4608,768,0,,0,507640.0,3551370.0,510200.0,3553930.0
train_0773_r4608_c960,train,4608,960,2,"203,882",0,509560.0,3551370.0,512120.0,3553930.0
train_0774_r4608_c1152,train,4608,1152,1,203,0,511480.0,3551370.0,514040.0,3553930.0
train_0775_r4608_c1344,train,4608,1344,0,,0,513400.0,3551370.0,515960.0,3553930.0
train_0776_r4608_c1536,train,4608,1536,0,,0,515320.0,3551370.0,517880.0,3553930.0
train_0777_r4608_c1728,train,4608,1728,0,,0,517240.0,3551370.0,519800.0,3553930.0
train_0778_r4608_c1920,train,4608,1920,1,196,0,519160.0,3551370.0,521720.0,3553930.0
train_0779_r4608_c2112,train,4608,2112,1,196,0,521080.0,3551370.0,523640.0,3553930.0
train_0780_r4608_c2304,train,4608,2304,1,592,0,523000.0,3551370.0,525560.0,3553930.0
train_0781_r4608_c2496,train,4608,2496,2,"591,592",0,524920.0,3551370.0,527480.0,3553930.0
train_0782_r4608_c2688,train,4608,2688,0,,0,526840.0,3551370.0,529400.0,3553930.0
train_0783_r4608_c2880,train,4608,2880,0,,0,528760.0,3551370.0,531320.0,3553930.0
train_0784_r4608_c3072,train,4608,3072,1,631,0,530680.0,3551370.0,533240.0,3553930.0
train_0785_r4608_c3264,train,4608,3264,0,,0,532600.0,3551370.0,535160.0,3553930.0
train_0786_r4608_c3456,train,4608,3456,0,,0,534520.0,3551370.0,537080.0,3553930.0
train_0787_r4608_c3648,train,4608,3648,2,"1070,1073",0,536440.0,3551370.0,539000.0,3553930.0
train_0788_r4608_c3840,train,4608,3840,0,,0,538360.0,3551370.0,540920.0,3553930.0
train_0789_r4608_c4032,train,4608,4032,2,"629,1072",0,540280.0,3551370.0,542840.0,3553930.0
train_0790_r4608_c4224,train,4608,4224,2,"1071,1072",0,542200.0,3551370.0,544760.0,3553930.0
train_0791_r4608_c4416,train,4608,4416,0,,0,544120.0,3551370.0,546680.0,3553930.0
train_0792_r4608_c4608,train,4608,4608,0,,0,546040.0,3551370.0,548600.0,3553930.0
train_0793_r4608_c4800,train,4608,4800,0,,0,547960.0,3551370.0,550520.0,3553930.0
train_0794_r4608_c4992,train,4608,4992,0,,0,549880.0,3551370.0,552440.0,3553930.0
train_0795_r4608_c5184,train,4608,5184,2,"557,840",0,551800.0,3551370.0,554360.0,3553930.0
train_0796_r4608_c5376,train,4608,5376,1,840,0,553720.0,3551370.0,556280.0,3553930.0
train_0797_r4608_c5568,train,4608,5568,0,,0,555640.0,3551370.0,558200.0,3553930.0
train_0798_r4608_c5760,train,4608,5760,2,"841,844",0,557560.0,3551370.0,560120.0,3553930.0
train_0799_r4608_c5805,train,4608,5805,2,"841,844",0,558010.0,3551370.0,560570.0,3553930.0
train_0800_r4800_c0,train,4800,0,0,,0,499960.0,3549450.0,502520.0,3552010.0
train_0801_r4800_c192,train,4800,192,0,,0,501880.0,3549450.0,504440.0,3552010.0
train_0802_r4800_c384,train,4800,384,0,,0,503800.0,3549450.0,506360.0,3552010.0
train_0803_r4800_c576,train,4800,576,0,,0,505720.0,3549450.0,508280.0,3552010.0
train_0804_r4800_c768,train,4800,768,1,197,0,507640.0,3549450.0,510200.0,3552010.0
train_0805_r4800_c960,train,4800,960,2,"202,881",0,509560.0,3549450.0,512120.0,3552010.0
train_0806_r4800_c1152,train,4800,1152,1,202,0,511480.0,3549450.0,514040.0,3552010.0
train_0807_r4800_c1344,train,4800,1344,0,,0,513400.0,3549450.0,515960.0,3552010.0
train_0808_r4800_c1536,train,4800,1536,0,,0,515320.0,3549450.0,517880.0,3552010.0
train_0809_r4800_c1728,train,4800,1728,0,,0,517240.0,3549450.0,519800.0,3552010.0
train_0810_r4800_c1920,train,4800,1920,0,,0,519160.0,3549450.0,521720.0,3552010.0
train_0811_r4800_c2112,train,4800,2112,0,,0,521080.0,3549450.0,523640.0,3552010.0
train_0812_r4800_c2304,train,4800,2304,1,619,0,523000.0,3549450.0,525560.0,3552010.0
train_0813_r4800_c2496,train,4800,2496,5,"590,591,593,621,634",0,524920.0,3549450.0,527480.0,3552010.0
train_0814_r4800_c2688,train,4800,2688,1,621,0,526840.0,3549450.0,529400.0,3552010.0
train_0815_r4800_c2880,train,4800,2880,0,,0,528760.0,3549450.0,531320.0,3552010.0
train_0816_r4800_c3072,train,4800,3072,1,631,0,530680.0,3549450.0,533240.0,3552010.0
train_0817_r4800_c3264,train,4800,3264,2,"571,572",0,532600.0,3549450.0,535160.0,3552010.0
train_0818_r4800_c3456,train,4800,3456,2,"573,626",0,534520.0,3549450.0,537080.0,3552010.0
train_0819_r4800_c3648,train,4800,3648,1,1070,0,536440.0,3549450.0,539000.0,3552010.0
train_0820_r4800_c3840,train,4800,3840,1,595,0,538360.0,3549450.0,540920.0,3552010.0
train_0821_r4800_c4032,train,4800,4032,2,"599,1072",0,540280.0,3549450.0,542840.0,3552010.0
train_0822_r4800_c4224,train,4800,4224,4,"1068,1069,1071,1072",0,542200.0,3549450.0,544760.0,3552010.0
train_0823_r4800_c4416,train,4800,4416,2,"605,1068",0,544120.0,3549450.0,546680.0,3552010.0
train_0824_r4800_c4608,train,4800,4608,1,584,0,546040.0,3549450.0,548600.0,3552010.0
train_0825_r4800_c4800,train,4800,4800,0,,0,547960.0,3549450.0,550520.0,3552010.0
train_0826_r4800_c4992,train,4800,4992,2,"822,835",0,549880.0,3549450.0,552440.0,3552010.0
train_0827_r4800_c5184,train,4800,5184,4,"835,840,861,862",0,551800.0,3549450.0,554360.0,3552010.0
train_0828_r4800_c5376,train,4800,5376,1,840,0,553720.0,3549450.0,556280.0,3552010.0
train_0829_r4800_c5568,train,4800,5568,0,,0,555640.0,3549450.0,558200.0,3552010.0
train_0830_r4800_c5760,train,4800,5760,3,"841,844,1169",1,557560.0,3549450.0,560120.0,3552010.0
train_0831_r4800_c5805,train,4800,5805,3,"841,844,1169",1,558010.0,3549450.0,560570.0,3552010.0
train_0832_r4992_c0,train,4992,0,0,,0,499960.0,3547530.0,502520.0,3550090.0
train_0833_r4992_c192,train,4992,192,0,,0,501880.0,3547530.0,504440.0,3550090.0
train_0834_r4992_c384,train,4992,384,0,,0,503800.0,3547530.0,506360.0,3550090.0
train_0835_r4992_c576,train,4992,576,0,,0,505720.0,3547530.0,508280.0,3550090.0
train_0836_r4992_c768,train,4992,768,0,,0,507640.0,3547530.0,510200.0,3550090.0
train_0837_r4992_c960,train,4992,960,1,881,0,509560.0,3547530.0,512120.0,3550090.0
train_0838_r4992_c1152,train,4992,1152,0,,0,511480.0,3547530.0,514040.0,3550090.0
train_0839_r4992_c1344,train,4992,1344,0,,0,513400.0,3547530.0,515960.0,3550090.0
train_0840_r4992_c1536,train,4992,1536,0,,0,515320.0,3547530.0,517880.0,3550090.0
train_0841_r4992_c1728,train,4992,1728,0,,0,517240.0,3547530.0,519800.0,3550090.0
train_0842_r4992_c1920,train,4992,1920,0,,0,519160.0,3547530.0,521720.0,3550090.0
train_0843_r4992_c2112,train,4992,2112,0,,0,521080.0,3547530.0,523640.0,3550090.0
train_0844_r4992_c2304,train,4992,2304,1,619,0,523000.0,3547530.0,525560.0,3550090.0
train_0845_r4992_c2496,train,4992,2496,1,947,0,524920.0,3547530.0,527480.0,3550090.0
train_0846_r4992_c2688,train,4992,2688,1,615,0,526840.0,3547530.0,529400.0,3550090.0
train_0847_r4992_c2880,train,4992,2880,1,589,0,528760.0,3547530.0,531320.0,3550090.0
train_0848_r4992_c3072,train,4992,3072,0,,0,530680.0,3547530.0,533240.0,3550090.0
train_0849_r4992_c3264,train,4992,3264,3,"571,572,1016",0,532600.0,3547530.0,535160.0,3550090.0
train_0850_r4992_c3456,train,4992,3456,4,"626,1015,1016,1066",0,534520.0,3547530.0,537080.0,3550090.0
train_0851_r4992_c3648,train,4992,3648,1,1066,0,536440.0,3547530.0,539000.0,3550090.0
train_0852_r4992_c3840,train,4992,3840,1,595,0,538360.0,3547530.0,540920.0,3550090.0
train_0853_r4992_c4032,train,4992,4032,2,"599,630",0,540280.0,3547530.0,542840.0,3550090.0
train_0854_r4992_c4224,train,4992,4224,0,,0,542200.0,3547530.0,544760.0,3550090.0
train_0855_r4992_c4416,train,4992,4416,2,"583,1067",0,544120.0,3547530.0,546680.0,3550090.0
train_0856_r4992_c4608,train,4992,4608,2,"612,821",0,546040.0,3547530.0,548600.0,3550090.0
train_0857_r4992_c4800,train,4992,4800,1,89,0,547960.0,3547530.0,550520.0,3550090.0
train_0858_r4992_c4992,train,4992,4992,4,"90,822,835,1137",0,549880.0,3547530.0,552440.0,3550090.0
train_0859_r4992_c5184,train,4992,5184,2,"90,835",0,551800.0,3547530.0,554360.0,3550090.0
train_0860_r4992_c5376,train,4992,5376,0,,0,553720.0,3547530.0,556280.0,3550090.0
train_0861_r4992_c5568,train,4992,5568,0,,0,555640.0,3547530.0,558200.0,3550090.0
train_0862_r4992_c5760,train,4992,5760,2,"768,1169",0,557560.0,3547530.0,560120.0,3550090.0
train_0863_r4992_c5805,train,4992,5805,2,"768,1169",0,558010.0,3547530.0,560570.0,3550090.0
train_0864_r5184_c0,train,5184,0,0,,0,499960.0,3545610.0,502520.0,3548170.0
train_0865_r5184_c192,train,5184,192,0,,0,501880.0,3545610.0,504440.0,3548170.0
train_0866_r5184_c384,train,5184,384,0,,0,503800.0,3545610.0,506360.0,3548170.0
train_0867_r5184_c576,train,5184,576,0,,0,505720.0,3545610.0,508280.0,3548170.0
train_0868_r5184_c768,train,5184,768,0,,0,507640.0,3545610.0,510200.0,3548170.0
train_0869_r5184_c960,train,5184,960,0,,0,509560.0,3545610.0,512120.0,3548170.0
train_0870_r5184_c1152,train,5184,1152,0,,0,511480.0,3545610.0,514040.0,3548170.0
train_0871_r5184_c1344,train,5184,1344,1,199,0,513400.0,3545610.0,515960.0,3548170.0
train_0872_r5184_c1536,train,5184,1536,0,,0,515320.0,3545610.0,517880.0,3548170.0
train_0873_r5184_c1728,train,5184,1728,0,,0,517240.0,3545610.0,519800.0,3548170.0
train_0874_r5184_c1920,train,5184,1920,0,,0,519160.0,3545610.0,521720.0,3548170.0
train_0875_r5184_c2112,train,5184,2112,0,,0,521080.0,3545610.0,523640.0,3548170.0
train_0876_r5184_c2304,train,5184,2304,0,,0,523000.0,3545610.0,525560.0,3548170.0
train_0877_r5184_c2496,train,5184,2496,1,946,0,524920.0,3545610.0,527480.0,3548170.0
train_0878_r5184_c2688,train,5184,2688,4,"615,622,945,946",0,526840.0,3545610.0,529400.0,3548170.0
train_0879_r5184_c2880,train,5184,2880,0,,0,528760.0,3545610.0,531320.0,3548170.0
train_0880_r5184_c3072,train,5184,3072,0,,0,530680.0,3545610.0,533240.0,3548170.0
train_0881_r5184_c3264,train,5184,3264,0,,0,532600.0,3545610.0,535160.0,3548170.0
train_0882_r5184_c3456,train,5184,3456,1,1015,0,534520.0,3545610.0,537080.0,3548170.0
train_0883_r5184_c3648,train,5184,3648,2,"614,1063",0,536440.0,3545610.0,539000.0,3548170.0
train_0884_r5184_c3840,train,5184,3840,3,"614,1063,1064",0,538360.0,3545610.0,540920.0,3548170.0
train_0885_r5184_c4032,train,5184,4032,1,600,0,540280.0,3545610.0,542840.0,3548170.0
train_0886_r5184_c4224,train,5184,4224,0,,0,542200.0,3545610.0,544760.0,3548170.0
train_0887_r5184_c4416,train,5184,4416,0,,0,544120.0,3545610.0,546680.0,3548170.0
train_0888_r5184_c4608,train,5184,4608,2,"612,1065",0,546040.0,3545610.0,548600.0,3548170.0
train_0889_r5184_c4800,train,5184,4800,1,1065,0,547960.0,3545610.0,550520.0,3548170.0
train_0890_r5184_c4992,train,5184,4992,4,"90,824,1135,1136",0,549880.0,3545610.0,552440.0,3548170.0
train_0891_r5184_c5184,train,5184,5184,5,"90,91,92,824,837",0,551800.0,3545610.0,554360.0,3548170.0
train_0892_r5184_c5376,train,5184,5376,2,"93,837",0,553720.0,3545610.0,556280.0,3548170.0
train_0893_r5184_c5568,train,5184,5568,0,,0,555640.0,3545610.0,558200.0,3548170.0
train_0894_r5184_c5760,train,5184,5760,0,,0,557560.0,3545610.0,560120.0,3548170.0
train_0895_r5184_c5805,train,5184,5805,0,,0,558010.0,3545610.0,560570.0,3548170.0
train_0896_r5376_c0,train,5376,0,0,,0,499960.0,3543690.0,502520.0,3546250.0
train_0897_r5376_c192,train,5376,192,0,,0,501880.0,3543690.0,504440.0,3546250.0
train_0898_r5376_c384,train,5376,384,0,,0,503800.0,3543690.0,506360.0,3546250.0
train_0899_r5376_c576,train,5376,576,0,,0,505720.0,3543690.0,508280.0,3546250.0
train_0900_r5376_c768,train,5376,768,0,,0,507640.0,3543690.0,510200.0,3546250.0
train_0901_r5376_c960,train,5376,960,0,,0,509560.0,3543690.0,512120.0,3546250.0
train_0902_r5376_c1152,train,5376,1152,0,,0,511480.0,3543690.0,514040.0,3546250.0
train_0903_r5376_c1344,train,5376,1344,0,,0,513400.0,3543690.0,515960.0,3546250.0
train_0904_r5376_c1536,train,5376,1536,0,,0,515320.0,3543690.0,517880.0,3546250.0
train_0905_r5376_c1728,train,5376,1728,0,,0,517240.0,3543690.0,519800.0,3546250.0
train_0906_r5376_c1920,train,5376,1920,0,,0,519160.0,3543690.0,521720.0,3546250.0
train_0907_r5376_c2112,train,5376,2112,0,,0,521080.0,3543690.0,523640.0,3546250.0
train_0908_r5376_c2304,train,5376,2304,0,,0,523000.0,3543690.0,525560.0,3546250.0
train_0909_r5376_c2496,train,5376,2496,0,,0,524920.0,3543690.0,527480.0,3546250.0
train_0910_r5376_c2688,train,5376,2688,1,622,0,526840.0,3543690.0,529400.0,3546250.0
train_0911_r5376_c2880,train,5376,2880,2,"559,574",0,528760.0,3543690.0,531320.0,3546250.0
train_0912_r5376_c3072,train,5376,3072,2,"559,577",0,530680.0,3543690.0,533240.0,3546250.0
train_0913_r5376_c3264,train,5376,3264,1,617,0,532600.0,3543690.0,535160.0,3546250.0
train_0914_r5376_c3456,train,5376,3456,1,617,0,534520.0,3543690.0,537080.0,3546250.0
train_0915_r5376_c3648,train,5376,3648,1,614,0,536440.0,3543690.0,539000.0,3546250.0
train_0916_r5376_c3840,train,5376,3840,0,,0,538360.0,3543690.0,540920.0,3546250.0
train_0917_r5376_c4032,train,5376,4032,1,600,0,540280.0,3543690.0,542840.0,3546250.0
train_0918_r5376_c4224,train,5376,4224,2,"585,586",0,542200.0,3543690.0,544760.0,3546250.0
train_0919_r5376_c4416,train,5376,4416,2,"602,1062",0,544120.0,3543690.0,546680.0,3546250.0
train_0920_r5376_c4608,train,5376,4608,0,,0,546040.0,3543690.0,548600.0,3546250.0
train_0921_r5376_c4800,train,5376,4800,0,,0,547960.0,3543690.0,550520.0,3546250.0
train_0922_r5376_c4992,train,5376,4992,2,"824,1135",0,549880.0,3543690.0,552440.0,3546250.0
train_0923_r5376_c5184,train,5376,5184,2,"824,836",0,551800.0,3543690.0,554360.0,3546250.0
train_0924_r5376_c5376,train,5376,5376,3,"836,1133,1134",0,553720.0,3543690.0,556280.0,3546250.0
train_0925_r5376_c5568,train,5376,5568,1,1133,0,555640.0,3543690.0,558200.0,3546250.0
train_0926_r5376_c5760,train,5376,5760,2,"838,1167",0,557560.0,3543690.0,560120.0,3546250.0
train_0927_r5376_c5805,train,5376,5805,2,"838,1167",0,558010.0,3543690.0,560570.0,3546250.0
train_0928_r5568_c0,train,5568,0,0,,0,499960.0,3541770.0,502520.0,3544330.0
train_0929_r5568_c192,train,5568,192,0,,0,501880.0,3541770.0,504440.0,3544330.0
train_0930_r5568_c384,train,5568,384,0,,0,503800.0,3541770.0,506360.0,3544330.0
train_0931_r5568_c576,train,5568,576,0,,0,505720.0,3541770.0,508280.0,3544330.0
train_0932_r5568_c768,train,5568,768,0,,0,507640.0,3541770.0,510200.0,3544330.0
train_0933_r5568_c960,train,5568,960,0,,0,509560.0,3541770.0,512120.0,3544330.0
train_0934_r5568_c1152,train,5568,1152,0,,0,511480.0,3541770.0,514040.0,3544330.0
train_0935_r5568_c1344,train,5568,1344,1,191,0,513400.0,3541770.0,515960.0,3544330.0
train_0936_r5568_c1536,train,5568,1536,0,,0,515320.0,3541770.0,517880.0,3544330.0
train_0937_r5568_c1728,train,5568,1728,1,190,0,517240.0,3541770.0,519800.0,3544330.0
train_0938_r5568_c1920,train,5568,1920,1,190,0,519160.0,3541770.0,521720.0,3544330.0
train_0939_r5568_c2112,train,5568,2112,0,,0,521080.0,3541770.0,523640.0,3544330.0
train_0940_r5568_c2304,train,5568,2304,0,,0,523000.0,3541770.0,525560.0,3544330.0
train_0941_r5568_c2496,train,5568,2496,1,944,0,524920.0,3541770.0,527480.0,3544330.0
train_0942_r5568_c2688,train,5568,2688,1,944,0,526840.0,3541770.0,529400.0,3544330.0
train_0943_r5568_c2880,train,5568,2880,1,574,0,528760.0,3541770.0,531320.0,3544330.0
train_0944_r5568_c3072,train,5568,3072,3,"576,577,613",0,530680.0,3541770.0,533240.0,3544330.0
train_0945_r5568_c3264,train,5568,3264,1,632,0,532600.0,3541770.0,535160.0,3544330.0
train_0946_r5568_c3456,train,5568,3456,0,,0,534520.0,3541770.0,537080.0,3544330.0
train_0947_r5568_c3648,train,5568,3648,0,,0,536440.0,3541770.0,539000.0,3544330.0
train_0948_r5568_c3840,train,5568,3840,0,,0,538360.0,3541770.0,540920.0,3544330.0
train_0949_r5568_c4032,train,5568,4032,0,,0,540280.0,3541770.0,542840.0,3544330.0
train_0950_r5568_c4224,train,5568,4224,2,"585,601",0,542200.0,3541770.0,544760.0,3544330.0
train_0951_r5568_c4416,train,5568,4416,4,"587,588,601,1062",0,544120.0,3541770.0,546680.0,3544330.0
train_0952_r5568_c4608,train,5568,4608,2,"588,823",0,546040.0,3541770.0,548600.0,3544330.0
train_0953_r5568_c4800,train,5568,4800,0,,0,547960.0,3541770.0,550520.0,3544330.0
train_0954_r5568_c4992,train,5568,4992,0,,0,549880.0,3541770.0,552440.0,3544330.0
train_0955_r5568_c5184,train,5568,5184,2,"834,1132",0,551800.0,3541770.0,554360.0,3544330.0
train_0956_r5568_c5376,train,5568,5376,0,,0,553720.0,3541770.0,556280.0,3544330.0
train_0957_r5568_c5568,train,5568,5568,0,,0,555640.0,3541770.0,558200.0,3544330.0
train_0958_r5568_c5760,train,5568,5760,1,838,0,557560.0,3541770.0,560120.0,3544330.0
train_0959_r5568_c5805,train,5568,5805,1,838,0,558010.0,3541770.0,560570.0,3544330.0
train_0960_r5760_c0,train,5760,0,0,,0,499960.0,3539850.0,502520.0,3542410.0
train_0961_r5760_c192,train,5760,192,0,,0,501880.0,3539850.0,504440.0,3542410.0
train_0962_r5760_c384,train,5760,384,1,880,0,503800.0,3539850.0,506360.0,3542410.0
train_0963_r5760_c576,train,5760,576,0,,0,505720.0,3539850.0,508280.0,3542410.0
train_0964_r5760_c768,train,5760,768,0,,0,507640.0,3539850.0,510200.0,3542410.0
train_0965_r5760_c960,train,5760,960,0,,0,509560.0,3539850.0,512120.0,3542410.0
train_0966_r5760_c1152,train,5760,1152,0,,0,511480.0,3539850.0,514040.0,3542410.0
train_0967_r5760_c1344,train,5760,1344,1,191,0,513400.0,3539850.0,515960.0,3542410.0
train_0968_r5760_c1536,train,5760,1536,0,,0,515320.0,3539850.0,517880.0,3542410.0
train_0969_r5760_c1728,train,5760,1728,1,190,0,517240.0,3539850.0,519800.0,3542410.0
train_0970_r5760_c1920,train,5760,1920,1,190,0,519160.0,3539850.0,521720.0,3542410.0
train_0971_r5760_c2112,train,5760,2112,2,"772,943",0,521080.0,3539850.0,523640.0,3542410.0
train_0972_r5760_c2304,train,5760,2304,1,772,0,523000.0,3539850.0,525560.0,3542410.0
train_0973_r5760_c2496,train,5760,2496,0,,0,524920.0,3539850.0,527480.0,3542410.0
train_0974_r5760_c2688,train,5760,2688,0,,0,526840.0,3539850.0,529400.0,3542410.0
train_0975_r5760_c2880,train,5760,2880,0,,0,528760.0,3539850.0,531320.0,3542410.0
train_0976_r5760_c3072,train,5760,3072,0,,0,530680.0,3539850.0,533240.0,3542410.0
train_0977_r5760_c3264,train,5760,3264,2,"527,528",0,532600.0,3539850.0,535160.0,3542410.0
train_0978_r5760_c3456,train,5760,3456,1,527,0,534520.0,3539850.0,537080.0,3542410.0
train_0979_r5760_c3648,train,5760,3648,1,1061,0,536440.0,3539850.0,539000.0,3542410.0
train_0980_r5760_c3840,train,5760,3840,1,1061,0,538360.0,3539850.0,540920.0,3542410.0
train_0981_r5760_c4032,train,5760,4032,0,,0,540280.0,3539850.0,542840.0,3542410.0
train_0982_r5760_c4224,train,5760,4224,0,,0,542200.0,3539850.0,544760.0,3542410.0
train_0983_r5760_c4416,train,5760,4416,0,,0,544120.0,3539850.0,546680.0,3542410.0
train_0984_r5760_c4608,train,5760,4608,1,823,0,546040.0,3539850.0,548600.0,3542410.0
train_0985_r5760_c4800,train,5760,4800,0,,0,547960.0,3539850.0,550520.0,3542410.0
train_0986_r5760_c4992,train,5760,4992,0,,0,549880.0,3539850.0,552440.0,3542410.0
train_0987_r5760_c5184,train,5760,5184,3,"1130,1131,1132",0,551800.0,3539850.0,554360.0,3542410.0
train_0988_r5760_c5376,train,5760,5376,1,1131,0,553720.0,3539850.0,556280.0,3542410.0
train_0989_r5760_c5568,train,5760,5568,0,,0,555640.0,3539850.0,558200.0,3542410.0
train_0990_r5760_c5760,train,5760,5760,0,,0,557560.0,3539850.0,560120.0,3542410.0
train_0991_r5760_c5805,train,5760,5805,0,,0,558010.0,3539850.0,560570.0,3542410.0
train_0992_r5952_c0,train,5952,0,1,879,0,499960.0,3537930.0,502520.0,3540490.0
train_0993_r5952_c192,train,5952,192,1,879,0,501880.0,3537930.0,504440.0,3540490.0
train_0994_r5952_c384,train,5952,384,0,,0,503800.0,3537930.0,506360.0,3540490.0
train_0995_r5952_c576,train,5952,576,0,,0,505720.0,3537930.0,508280.0,3540490.0
train_0996_r5952_c768,train,5952,768,1,800,0,507640.0,3537930.0,510200.0,3540490.0
train_0997_r5952_c960,train,5952,960,0,,0,509560.0,3537930.0,512120.0,3540490.0
train_0998_r5952_c1152,train,5952,1152,0,,0,511480.0,3537930.0,514040.0,3540490.0
train_0999_r5952_c1344,train,5952,1344,1,878,0,513400.0,3537930.0,515960.0,3540490.0
train_1000_r5952_c1536,train,5952,1536,0,,0,515320.0,3537930.0,517880.0,3540490.0
train_1001_r5952_c1728,train,5952,1728,0,,0,517240.0,3537930.0,519800.0,3540490.0
train_1002_r5952_c1920,train,5952,1920,0,,0,519160.0,3537930.0,521720.0,3540490.0
train_1003_r5952_c2112,train,5952,2112,1,772,0,521080.0,3537930.0,523640.0,3540490.0
train_1004_r5952_c2304,train,5952,2304,1,772,0,523000.0,3537930.0,525560.0,3540490.0
train_1005_r5952_c2496,train,5952,2496,0,,0,524920.0,3537930.0,527480.0,3540490.0
train_1006_r5952_c2688,train,5952,2688,0,,0,526840.0,3537930.0,529400.0,3540490.0
train_1007_r5952_c2880,train,5952,2880,1,1014,0,528760.0,3537930.0,531320.0,3540490.0
train_1008_r5952_c3072,train,5952,3072,0,,0,530680.0,3537930.0,533240.0,3540490.0
train_1009_r5952_c3264,train,5952,3264,3,"527,528,1013",0,532600.0,3537930.0,535160.0,3540490.0
train_1010_r5952_c3456,train,5952,3456,2,"527,1013",0,534520.0,3537930.0,537080.0,3540490.0
train_1011_r5952_c3648,train,5952,3648,1,1061,0,536440.0,3537930.0,539000.0,3540490.0
train_1012_r5952_c3840,train,5952,3840,1,1061,0,538360.0,3537930.0,540920.0,3540490.0
train_1013_r5952_c4032,train,5952,4032,0,,0,540280.0,3537930.0,542840.0,3540490.0
train_1014_r5952_c4224,train,5952,4224,1,521,0,542200.0,3537930.0,544760.0,3540490.0
train_1015_r5952_c4416,train,5952,4416,1,521,0,544120.0,3537930.0,546680.0,3540490.0
train_1016_r5952_c4608,train,5952,4608,0,,0,546040.0,3537930.0,548600.0,3540490.0
train_1017_r5952_c4800,train,5952,4800,0,,0,547960.0,3537930.0,550520.0,3540490.0
train_1018_r5952_c4992,train,5952,4992,0,,0,549880.0,3537930.0,552440.0,3540490.0
train_1019_r5952_c5184,train,5952,5184,0,,0,551800.0,3537930.0,554360.0,3540490.0
train_1020_r5952_c5376,train,5952,5376,1,48,0,553720.0,3537930.0,556280.0,3540490.0
train_1021_r5952_c5568,train,5952,5568,1,49,0,555640.0,3537930.0,558200.0,3540490.0
train_1022_r5952_c5760,train,5952,5760,1,1166,0,557560.0,3537930.0,560120.0,3540490.0
train_1023_r5952_c5805,train,5952,5805,1,1166,0,558010.0,3537930.0,560570.0,3540490.0
train_1024_r6144_c0,train,6144,0,0,,0,499960.0,3536010.0,502520.0,3538570.0
train_1025_r6144_c192,train,6144,192,0,,0,501880.0,3536010.0,504440.0,3538570.0
train_1026_r6144_c384,train,6144,384,0,,0,503800.0,3536010.0,506360.0,3538570.0
train_1027_r6144_c576,train,6144,576,0,,0,505720.0,3536010.0,508280.0,3538570.0
train_1028_r6144_c768,train,6144,768,0,,0,507640.0,3536010.0,510200.0,3538570.0
train_1029_r6144_c960,train,6144,960,0,,0,509560.0,3536010.0,512120.0,3538570.0
train_1030_r6144_c1152,train,6144,1152,0,,0,511480.0,3536010.0,514040.0,3538570.0
train_1031_r6144_c1344,train,6144,1344,2,"802,878",0,513400.0,3536010.0,515960.0,3538570.0
train_1032_r6144_c1536,train,6144,1536,0,,0,515320.0,3536010.0,517880.0,3538570.0
train_1033_r6144_c1728,train,6144,1728,0,,0,517240.0,3536010.0,519800.0,3538570.0
train_1034_r6144_c1920,train,6144,1920,0,,0,519160.0,3536010.0,521720.0,3538570.0
train_1035_r6144_c2112,train,6144,2112,0,,0,521080.0,3536010.0,523640.0,3538570.0
train_1036_r6144_c2304,train,6144,2304,0,,0,523000.0,3536010.0,525560.0,3538570.0
train_1037_r6144_c2496,train,6144,2496,1,942,0,524920.0,3536010.0,527480.0,3538570.0
train_1038_r6144_c2688,train,6144,2688,0,,0,526840.0,3536010.0,529400.0,3538570.0
train_1039_r6144_c2880,train,6144,2880,0,,0,528760.0,3536010.0,531320.0,3538570.0
train_1040_r6144_c3072,train,6144,3072,2,"520,1011",0,530680.0,3536010.0,533240.0,3538570.0
train_1041_r6144_c3264,train,6144,3264,1,1010,0,532600.0,3536010.0,535160.0,3538570.0
train_1042_r6144_c3456,train,6144,3456,3,"544,1010,1012",0,534520.0,3536010.0,537080.0,3538570.0
train_1043_r6144_c3648,train,6144,3648,0,,0,536440.0,3536010.0,539000.0,3538570.0
train_1044_r6144_c3840,train,6144,3840,0,,0,538360.0,3536010.0,540920.0,3538570.0
train_1045_r6144_c4032,train,6144,4032,0,,0,540280.0,3536010.0,542840.0,3538570.0
train_1046_r6144_c4224,train,6144,4224,1,521,0,542200.0,3536010.0,544760.0,3538570.0
train_1047_r6144_c4416,train,6144,4416,1,521,0,544120.0,3536010.0,546680.0,3538570.0
train_1048_r6144_c4608,train,6144,4608,0,,0,546040.0,3536010.0,548600.0,3538570.0
train_1049_r6144_c4800,train,6144,4800,1,1129,0,547960.0,3536010.0,550520.0,3538570.0
train_1050_r6144_c4992,train,6144,4992,1,29,0,549880.0,3536010.0,552440.0,3538570.0
train_1051_r6144_c5184,train,6144,5184,1,29,0,551800.0,3536010.0,554360.0,3538570.0
train_1052_r6144_c5376,train,6144,5376,0,,0,553720.0,3536010.0,556280.0,3538570.0
train_1053_r6144_c5568,train,6144,5568,0,,0,555640.0,3536010.0,558200.0,3538570.0
train_1054_r6144_c5760,train,6144,5760,0,,0,557560.0,3536010.0,560120.0,3538570.0
train_1055_r6144_c5805,train,6144,5805,0,,0,558010.0,3536010.0,560570.0,3538570.0
train_1056_r6336_c0,train,6336,0,0,,0,499960.0,3534090.0,502520.0,3536650.0
train_1057_r6336_c192,train,6336,192,0,,0,501880.0,3534090.0,504440.0,3536650.0
train_1058_r6336_c384,train,6336,384,0,,0,503800.0,3534090.0,506360.0,3536650.0
train_1059_r6336_c576,train,6336,576,0,,0,505720.0,3534090.0,508280.0,3536650.0
train_1060_r6336_c768,train,6336,768,0,,0,507640.0,3534090.0,510200.0,3536650.0
train_1061_r6336_c960,train,6336,960,0,,0,509560.0,3534090.0,512120.0,3536650.0
train_1062_r6336_c1152,train,6336,1152,0,,0,511480.0,3534090.0,514040.0,3536650.0
train_1063_r6336_c1344,train,6336,1344,0,,0,513400.0,3534090.0,515960.0,3536650.0
train_1064_r6336_c1536,train,6336,1536,0,,0,515320.0,3534090.0,517880.0,3536650.0
train_1065_r6336_c1728,train,6336,1728,0,,0,517240.0,3534090.0,519800.0,3536650.0
train_1066_r6336_c1920,train,6336,1920,0,,0,519160.0,3534090.0,521720.0,3536650.0
train_1067_r6336_c2112,train,6336,2112,0,,0,521080.0,3534090.0,523640.0,3536650.0
train_1068_r6336_c2304,train,6336,2304,0,,0,523000.0,3534090.0,525560.0,3536650.0
train_1069_r6336_c2496,train,6336,2496,2,"941,942",0,524920.0,3534090.0,527480.0,3536650.0
train_1070_r6336_c2688,train,6336,2688,1,1009,0,526840.0,3534090.0,529400.0,3536650.0
train_1071_r6336_c2880,train,6336,2880,0,,0,528760.0,3534090.0,531320.0,3536650.0
train_1072_r6336_c3072,train,6336,3072,0,,0,530680.0,3534090.0,533240.0,3536650.0
train_1073_r6336_c3264,train,6336,3264,0,,0,532600.0,3534090.0,535160.0,3536650.0
train_1074_r6336_c3456,train,6336,3456,1,544,0,534520.0,3534090.0,537080.0,3536650.0
train_1075_r6336_c3648,train,6336,3648,0,,0,536440.0,3534090.0,539000.0,3536650.0
train_1076_r6336_c3840,train,6336,3840,0,,0,538360.0,3534090.0,540920.0,3536650.0
train_1077_r6336_c4032,train,6336,4032,0,,0,540280.0,3534090.0,542840.0,3536650.0
train_1078_r6336_c4224,train,6336,4224,0,,0,542200.0,3534090.0,544760.0,3536650.0
train_1079_r6336_c4416,train,6336,4416,0,,0,544120.0,3534090.0,546680.0,3536650.0
train_1080_r6336_c4608,train,6336,4608,0,,0,546040.0,3534090.0,548600.0,3536650.0
train_1081_r6336_c4800,train,6336,4800,1,1129,0,547960.0,3534090.0,550520.0,3536650.0
train_1082_r6336_c4992,train,6336,4992,0,,0,549880.0,3534090.0,552440.0,3536650.0
train_1083_r6336_c5184,train,6336,5184,0,,0,551800.0,3534090.0,554360.0,3536650.0
train_1084_r6336_c5376,train,6336,5376,0,,0,553720.0,3534090.0,556280.0,3536650.0
train_1085_r6336_c5568,train,6336,5568,0,,0,555640.0,3534090.0,558200.0,3536650.0
train_1086_r6336_c5760,train,6336,5760,1,1128,0,557560.0,3534090.0,560120.0,3536650.0
train_1087_r6336_c5805,train,6336,5805,1,1128,1,558010.0,3534090.0,560570.0,3536650.0
train_1088_r6528_c0,train,6528,0,0,,0,499960.0,3532170.0,502520.0,3534730.0
train_1089_r6528_c192,train,6528,192,0,,0,501880.0,3532170.0,504440.0,3534730.0
train_1090_r6528_c384,train,6528,384,1,777,0,503800.0,3532170.0,506360.0,3534730.0
train_1091_r6528_c576,train,6528,576,0,,0,505720.0,3532170.0,508280.0,3534730.0
train_1092_r6528_c768,train,6528,768,0,,0,507640.0,3532170.0,510200.0,3534730.0
train_1093_r6528_c960,train,6528,960,0,,0,509560.0,3532170.0,512120.0,3534730.0
train_1094_r6528_c1152,train,6528,1152,0,,0,511480.0,3532170.0,514040.0,3534730.0
train_1095_r6528_c1344,train,6528,1344,0,,0,513400.0,3532170.0,515960.0,3534730.0
train_1096_r6528_c1536,train,6528,1536,0,,0,515320.0,3532170.0,517880.0,3534730.0
train_1097_r6528_c1728,train,6528,1728,0,,0,517240.0,3532170.0,519800.0,3534730.0
train_1098_r6528_c1920,train,6528,1920,0,,0,519160.0,3532170.0,521720.0,3534730.0
train_1099_r6528_c2112,train,6528,2112,0,,0,521080.0,3532170.0,523640.0,3534730.0
train_1100_r6528_c2304,train,6528,2304,0,,0,523000.0,3532170.0,525560.0,3534730.0
train_1101_r6528_c2496,train,6528,2496,0,,0,524920.0,3532170.0,527480.0,3534730.0
train_1102_r6528_c2688,train,6528,2688,0,,0,526840.0,3532170.0,529400.0,3534730.0
train_1103_r6528_c2880,train,6528,2880,0,,0,528760.0,3532170.0,531320.0,3534730.0
train_1104_r6528_c3072,train,6528,3072,0,,0,530680.0,3532170.0,533240.0,3534730.0
train_1105_r6528_c3264,train,6528,3264,0,,0,532600.0,3532170.0,535160.0,3534730.0
train_1106_r6528_c3456,train,6528,3456,0,,0,534520.0,3532170.0,537080.0,3534730.0
train_1107_r6528_c3648,train,6528,3648,0,,0,536440.0,3532170.0,539000.0,3534730.0
train_1108_r6528_c3840,train,6528,3840,1,1060,0,538360.0,3532170.0,540920.0,3534730.0
train_1109_r6528_c4032,train,6528,4032,0,,0,540280.0,3532170.0,542840.0,3534730.0
train_1110_r6528_c4224,train,6528,4224,2,"523,543",0,542200.0,3532170.0,544760.0,3534730.0
train_1111_r6528_c4416,train,6528,4416,0,,0,544120.0,3532170.0,546680.0,3534730.0
train_1112_r6528_c4608,train,6528,4608,0,,0,546040.0,3532170.0,548600.0,3534730.0
train_1113_r6528_c4800,train,6528,4800,0,,0,547960.0,3532170.0,550520.0,3534730.0
train_1114_r6528_c4992,train,6528,4992,3,"20,46,1127",0,549880.0,3532170.0,552440.0,3534730.0
train_1115_r6528_c5184,train,6528,5184,0,,0,551800.0,3532170.0,554360.0,3534730.0
train_1116_r6528_c5376,train,6528,5376,2,"30,47",0,553720.0,3532170.0,556280.0,3534730.0
train_1117_r6528_c5568,train,6528,5568,1,47,0,555640.0,3532170.0,558200.0,3534730.0
train_1118_r6528_c5760,train,6528,5760,0,,0,557560.0,3532170.0,560120.0,3534730.0
train_1119_r6528_c5805,train,6528,5805,1,1164,0,558010.0,3532170.0,560570.0,3534730.0
train_1120_r6720_c0,train,6720,0,0,,0,499960.0,3530250.0,502520.0,3532810.0
train_1121_r6720_c192,train,6720,192,0,,0,501880.0,3530250.0,504440.0,3532810.0
train_1122_r6720_c384,train,6720,384,0,,0,503800.0,3530250.0,506360.0,3532810.0
train_1123_r6720_c576,train,6720,576,0,,0,505720.0,3530250.0,508280.0,3532810.0
train_1124_r6720_c768,train,6720,768,0,,0,507640.0,3530250.0,510200.0,3532810.0
train_1125_r6720_c960,train,6720,960,0,,0,509560.0,3530250.0,512120.0,3532810.0
train_1126_r6720_c1152,train,6720,1152,1,801,0,511480.0,3530250.0,514040.0,3532810.0
train_1127_r6720_c1344,train,6720,1344,1,812,0,513400.0,3530250.0,515960.0,3532810.0
train_1128_r6720_c1536,train,6720,1536,2,"792,812",0,515320.0,3530250.0,517880.0,3532810.0
train_1129_r6720_c1728,train,6720,1728,2,"792,940",0,517240.0,3530250.0,519800.0,3532810.0
train_1130_r6720_c1920,train,6720,1920,1,940,0,519160.0,3530250.0,521720.0,3532810.0
train_1131_r6720_c2112,train,6720,2112,0,,0,521080.0,3530250.0,523640.0,3532810.0
train_1132_r6720_c2304,train,6720,2304,0,,0,523000.0,3530250.0,525560.0,3532810.0
train_1133_r6720_c2496,train,6720,2496,0,,0,524920.0,3530250.0,527480.0,3532810.0
train_1134_r6720_c2688,train,6720,2688,0,,0,526840.0,3530250.0,529400.0,3532810.0
train_1135_r6720_c2880,train,6720,2880,0,,0,528760.0,3530250.0,531320.0,3532810.0
train_1136_r6720_c3072,train,6720,3072,0,,0,530680.0,3530250.0,533240.0,3532810.0
train_1137_r6720_c3264,train,6720,3264,0,,0,532600.0,3530250.0,535160.0,3532810.0
train_1138_r6720_c3456,train,6720,3456,1,1008,0,534520.0,3530250.0,537080.0,3532810.0
train_1139_r6720_c3648,train,6720,3648,0,,0,536440.0,3530250.0,539000.0,3532810.0
train_1140_r6720_c3840,train,6720,3840,2,"1059,1060",0,538360.0,3530250.0,540920.0,3532810.0
train_1141_r6720_c4032,train,6720,4032,2,"1058,1059",0,540280.0,3530250.0,542840.0,3532810.0
train_1142_r6720_c4224,train,6720,4224,2,"543,1058",0,542200.0,3530250.0,544760.0,3532810.0
train_1143_r6720_c4416,train,6720,4416,1,522,0,544120.0,3530250.0,546680.0,3532810.0
train_1144_r6720_c4608,train,6720,4608,0,,0,546040.0,3530250.0,548600.0,3532810.0
train_1145_r6720_c4800,train,6720,4800,0,,0,547960.0,3530250.0,550520.0,3532810.0
train_1146_r6720_c4992,train,6720,4992,2,"46,1127",0,549880.0,3530250.0,552440.0,3532810.0
train_1147_r6720_c5184,train,6720,5184,0,,0,551800.0,3530250.0,554360.0,3532810.0
train_1148_r6720_c5376,train,6720,5376,1,30,0,553720.0,3530250.0,556280.0,3532810.0
train_1149_r6720_c5568,train,6720,5568,0,,0,555640.0,3530250.0,558200.0,3532810.0
train_1150_r6720_c5760,train,6720,5760,0,,0,557560.0,3530250.0,560120.0,3532810.0
train_1151_r6720_c5805,train,6720,5805,0,,0,558010.0,3530250.0,560570.0,3532810.0
train_1152_r6912_c0,train,6912,0,0,,0,499960.0,3528330.0,502520.0,3530890.0
train_1153_r6912_c192,train,6912,192,1,877,0,501880.0,3528330.0,504440.0,3530890.0
train_1154_r6912_c384,train,6912,384,2,"809,877",0,503800.0,3528330.0,506360.0,3530890.0
train_1155_r6912_c576,train,6912,576,1,876,0,505720.0,3528330.0,508280.0,3530890.0
train_1156_r6912_c768,train,6912,768,0,,0,507640.0,3528330.0,510200.0,3530890.0
train_1157_r6912_c960,train,6912,960,0,,0,509560.0,3528330.0,512120.0,3530890.0
train_1158_r6912_c1152,train,6912,1152,0,,0,511480.0,3528330.0,514040.0,3530890.0
train_1159_r6912_c1344,train,6912,1344,1,812,0,513400.0,3528330.0,515960.0,3530890.0
train_1160_r6912_c1536,train,6912,1536,1,812,0,515320.0,3528330.0,517880.0,3530890.0
train_1161_r6912_c1728,train,6912,1728,1,940,0,517240.0,3528330.0,519800.0,3530890.0
train_1162_r6912_c1920,train,6912,1920,3,"938,939,940",0,519160.0,3528330.0,521720.0,3530890.0
train_1163_r6912_c2112,train,6912,2112,1,636,0,521080.0,3528330.0,523640.0,3530890.0
train_1164_r6912_c2304,train,6912,2304,0,,0,523000.0,3528330.0,525560.0,3530890.0
train_1165_r6912_c2496,train,6912,2496,0,,0,524920.0,3528330.0,527480.0,3530890.0
train_1166_r6912_c2688,train,6912,2688,0,,0,526840.0,3528330.0,529400.0,3530890.0
train_1167_r6912_c2880,train,6912,2880,0,,0,528760.0,3528330.0,531320.0,3530890.0
train_1168_r6912_c3072,train,6912,3072,0,,0,530680.0,3528330.0,533240.0,3530890.0
train_1169_r6912_c3264,train,6912,3264,0,,0,532600.0,3528330.0,535160.0,3530890.0
train_1170_r6912_c3456,train,6912,3456,0,,0,534520.0,3528330.0,537080.0,3530890.0
train_1171_r6912_c3648,train,6912,3648,0,,0,536440.0,3528330.0,539000.0,3530890.0
train_1172_r6912_c3840,train,6912,3840,0,,0,538360.0,3528330.0,540920.0,3530890.0
train_1173_r6912_c4032,train,6912,4032,1,1058,0,540280.0,3528330.0,542840.0,3530890.0
train_1174_r6912_c4224,train,6912,4224,1,1058,0,542200.0,3528330.0,544760.0,3530890.0
train_1175_r6912_c4416,train,6912,4416,0,,0,544120.0,3528330.0,546680.0,3530890.0
train_1176_r6912_c4608,train,6912,4608,0,,0,546040.0,3528330.0,548600.0,3530890.0
train_1177_r6912_c4800,train,6912,4800,0,,0,547960.0,3528330.0,550520.0,3530890.0
train_1178_r6912_c4992,train,6912,4992,0,,0,549880.0,3528330.0,552440.0,3530890.0
train_1179_r6912_c5184,train,6912,5184,1,1126,0,551800.0,3528330.0,554360.0,3530890.0
train_1180_r6912_c5376,train,6912,5376,0,,0,553720.0,3528330.0,556280.0,3530890.0
train_1181_r6912_c5568,train,6912,5568,0,,0,555640.0,3528330.0,558200.0,3530890.0
train_1182_r6912_c5760,train,6912,5760,1,55,0,557560.0,3528330.0,560120.0,3530890.0
train_1183_r6912_c5805,train,6912,5805,1,55,0,558010.0,3528330.0,560570.0,3530890.0
train_1184_r7104_c0,train,7104,0,0,,0,499960.0,3526410.0,502520.0,3528970.0
train_1185_r7104_c192,train,7104,192,0,,0,501880.0,3526410.0,504440.0,3528970.0
train_1186_r7104_c384,train,7104,384,0,,0,503800.0,3526410.0,506360.0,3528970.0
train_1187_r7104_c576,train,7104,576,0,,0,505720.0,3526410.0,508280.0,3528970.0
train_1188_r7104_c768,train,7104,768,0,,0,507640.0,3526410.0,510200.0,3528970.0
train_1189_r7104_c960,train,7104,960,0,,0,509560.0,3526410.0,512120.0,3528970.0
train_1190_r7104_c1152,train,7104,1152,0,,0,511480.0,3526410.0,514040.0,3528970.0
train_1191_r7104_c1344,train,7104,1344,0,,0,513400.0,3526410.0,515960.0,3528970.0
train_1192_r7104_c1536,train,7104,1536,0,,0,515320.0,3526410.0,517880.0,3528970.0
train_1193_r7104_c1728,train,7104,1728,0,,0,517240.0,3526410.0,519800.0,3528970.0
train_1194_r7104_c1920,train,7104,1920,0,,0,519160.0,3526410.0,521720.0,3528970.0
train_1195_r7104_c2112,train,7104,2112,0,,0,521080.0,3526410.0,523640.0,3528970.0
train_1196_r7104_c2304,train,7104,2304,3,"864,936,937",0,523000.0,3526410.0,525560.0,3528970.0
train_1197_r7104_c2496,train,7104,2496,1,937,0,524920.0,3526410.0,527480.0,3528970.0
train_1198_r7104_c2688,train,7104,2688,0,,0,526840.0,3526410.0,529400.0,3528970.0
train_1199_r7104_c2880,train,7104,2880,1,536,0,528760.0,3526410.0,531320.0,3528970.0
train_1200_r7104_c3072,train,7104,3072,0,,0,530680.0,3526410.0,533240.0,3528970.0
train_1201_r7104_c3264,train,7104,3264,0,,0,532600.0,3526410.0,535160.0,3528970.0
train_1202_r7104_c3456,train,7104,3456,0,,0,534520.0,3526410.0,537080.0,3528970.0
train_1203_r7104_c3648,train,7104,3648,0,,0,536440.0,3526410.0,539000.0,3528970.0
train_1204_r7104_c3840,train,7104,3840,0,,0,538360.0,3526410.0,540920.0,3528970.0
train_1205_r7104_c4032,train,7104,4032,0,,0,540280.0,3526410.0,542840.0,3528970.0
train_1206_r7104_c4224,train,7104,4224,0,,0,542200.0,3526410.0,544760.0,3528970.0
train_1207_r7104_c4416,train,7104,4416,0,,0,544120.0,3526410.0,546680.0,3528970.0
train_1208_r7104_c4608,train,7104,4608,0,,0,546040.0,3526410.0,548600.0,3528970.0
train_1209_r7104_c4800,train,7104,4800,0,,0,547960.0,3526410.0,550520.0,3528970.0
train_1210_r7104_c4992,train,7104,4992,0,,0,549880.0,3526410.0,552440.0,3528970.0
train_1211_r7104_c5184,train,7104,5184,1,1126,0,551800.0,3526410.0,554360.0,3528970.0
train_1212_r7104_c5376,train,7104,5376,0,,0,553720.0,3526410.0,556280.0,3528970.0
train_1213_r7104_c5568,train,7104,5568,0,,0,555640.0,3526410.0,558200.0,3528970.0
train_1214_r7104_c5760,train,7104,5760,2,"54,55",0,557560.0,3526410.0,560120.0,3528970.0
train_1215_r7104_c5805,train,7104,5805,2,"54,55",0,558010.0,3526410.0,560570.0,3528970.0
train_1216_r7296_c0,train,7296,0,0,,0,499960.0,3524490.0,502520.0,3527050.0
train_1217_r7296_c192,train,7296,192,0,,0,501880.0,3524490.0,504440.0,3527050.0
train_1218_r7296_c384,train,7296,384,1,875,0,503800.0,3524490.0,506360.0,3527050.0
train_1219_r7296_c576,train,7296,576,1,875,0,505720.0,3524490.0,508280.0,3527050.0
train_1220_r7296_c768,train,7296,768,0,,0,507640.0,3524490.0,510200.0,3527050.0
train_1221_r7296_c960,train,7296,960,0,,0,509560.0,3524490.0,512120.0,3527050.0
train_1222_r7296_c1152,train,7296,1152,0,,0,511480.0,3524490.0,514040.0,3527050.0
train_1223_r7296_c1344,train,7296,1344,0,,0,513400.0,3524490.0,515960.0,3527050.0
train_1224_r7296_c1536,train,7296,1536,0,,0,515320.0,3524490.0,517880.0,3527050.0
train_1225_r7296_c1728,train,7296,1728,0,,0,517240.0,3524490.0,519800.0,3527050.0
train_1226_r7296_c1920,train,7296,1920,0,,0,519160.0,3524490.0,521720.0,3527050.0
train_1227_r7296_c2112,train,7296,2112,0,,0,521080.0,3524490.0,523640.0,3527050.0
train_1228_r7296_c2304,train,7296,2304,1,864,0,523000.0,3524490.0,525560.0,3527050.0
train_1229_r7296_c2496,train,7296,2496,1,935,0,524920.0,3524490.0,527480.0,3527050.0
train_1230_r7296_c2688,train,7296,2688,1,935,0,526840.0,3524490.0,529400.0,3527050.0
train_1231_r7296_c2880,train,7296,2880,0,,0,528760.0,3524490.0,531320.0,3527050.0
train_1232_r7296_c3072,train,7296,3072,0,,0,530680.0,3524490.0,533240.0,3527050.0
train_1233_r7296_c3264,train,7296,3264,0,,0,532600.0,3524490.0,535160.0,3527050.0
train_1234_r7296_c3456,train,7296,3456,0,,0,534520.0,3524490.0,537080.0,3527050.0
train_1235_r7296_c3648,train,7296,3648,0,,0,536440.0,3524490.0,539000.0,3527050.0
train_1236_r7296_c3840,train,7296,3840,0,,0,538360.0,3524490.0,540920.0,3527050.0
train_1237_r7296_c4032,train,7296,4032,0,,0,540280.0,3524490.0,542840.0,3527050.0
train_1238_r7296_c4224,train,7296,4224,1,1057,0,542200.0,3524490.0,544760.0,3527050.0
train_1239_r7296_c4416,train,7296,4416,1,1057,0,544120.0,3524490.0,546680.0,3527050.0
train_1240_r7296_c4608,train,7296,4608,1,37,0,546040.0,3524490.0,548600.0,3527050.0
train_1241_r7296_c4800,train,7296,4800,2,"37,1125",0,547960.0,3524490.0,550520.0,3527050.0
train_1242_r7296_c4992,train,7296,4992,3,"42,45,1125",0,549880.0,3524490.0,552440.0,3527050.0
train_1243_r7296_c5184,train,7296,5184,0,,0,551800.0,3524490.0,554360.0,3527050.0
train_1244_r7296_c5376,train,7296,5376,0,,0,553720.0,3524490.0,556280.0,3527050.0
train_1245_r7296_c5568,train,7296,5568,0,,0,555640.0,3524490.0,558200.0,3527050.0
train_1246_r7296_c5760,train,7296,5760,0,,0,557560.0,3524490.0,560120.0,3527050.0
train_1247_r7296_c5805,train,7296,5805,0,,0,558010.0,3524490.0,560570.0,3527050.0
train_1248_r7488_c0,train,7488,0,0,,0,499960.0,3522570.0,502520.0,3525130.0
train_1249_r7488_c192,train,7488,192,0,,0,501880.0,3522570.0,504440.0,3525130.0
train_1250_r7488_c384,train,7488,384,1,875,0,503800.0,3522570.0,506360.0,3525130.0
train_1251_r7488_c576,train,7488,576,2,"873,875",0,505720.0,3522570.0,508280.0,3525130.0
train_1252_r7488_c768,train,7488,768,1,873,0,507640.0,3522570.0,510200.0,3525130.0
train_1253_r7488_c960,train,7488,960,0,,0,509560.0,3522570.0,512120.0,3525130.0
train_1254_r7488_c1152,train,7488,1152,2,"804,874",0,511480.0,3522570.0,514040.0,3525130.0
train_1255_r7488_c1344,train,7488,1344,3,"803,872,874",0,513400.0,3522570.0,515960.0,3525130.0
train_1256_r7488_c1536,train,7488,1536,1,872,0,515320.0,3522570.0,517880.0,3525130.0
train_1257_r7488_c1728,train,7488,1728,0,,0,517240.0,3522570.0,519800.0,3525130.0
train_1258_r7488_c1920,train,7488,1920,1,815,0,519160.0,3522570.0,521720.0,3525130.0
train_1259_r7488_c2112,train,7488,2112,0,,0,521080.0,3522570.0,523640.0,3525130.0
train_1260_r7488_c2304,train,7488,2304,1,539,0,523000.0,3522570.0,525560.0,3525130.0
train_1261_r7488_c2496,train,7488,2496,4,"537,538,539,935",0,524920.0,3522570.0,527480.0,3525130.0
train_1262_r7488_c2688,train,7488,2688,3,"552,553,935",0,526840.0,3522570.0,529400.0,3525130.0
train_1263_r7488_c2880,train,7488,2880,1,1007,0,528760.0,3522570.0,531320.0,3525130.0
train_1264_r7488_c3072,train,7488,3072,2,"532,534",0,530680.0,3522570.0,533240.0,3525130.0
train_1265_r7488_c3264,train,7488,3264,2,"532,534",0,532600.0,3522570.0,535160.0,3525130.0
train_1266_r7488_c3456,train,7488,3456,0,,0,534520.0,3522570.0,537080.0,3525130.0
train_1267_r7488_c3648,train,7488,3648,0,,0,536440.0,3522570.0,539000.0,3525130.0
train_1268_r7488_c3840,train,7488,3840,0,,0,538360.0,3522570.0,540920.0,3525130.0
train_1269_r7488_c4032,train,7488,4032,0,,0,540280.0,3522570.0,542840.0,3525130.0
train_1270_r7488_c4224,train,7488,4224,0,,0,542200.0,3522570.0,544760.0,3525130.0
train_1271_r7488_c4416,train,7488,4416,2,"1055,1056",0,544120.0,3522570.0,546680.0,3525130.0
train_1272_r7488_c4608,train,7488,4608,0,,0,546040.0,3522570.0,548600.0,3525130.0
train_1273_r7488_c4800,train,7488,4800,2,"40,1125",0,547960.0,3522570.0,550520.0,3525130.0
train_1274_r7488_c4992,train,7488,4992,3,"19,43,1125",0,549880.0,3522570.0,552440.0,3525130.0
train_1275_r7488_c5184,train,7488,5184,0,,0,551800.0,3522570.0,554360.0,3525130.0
train_1276_r7488_c5376,train,7488,5376,0,,0,553720.0,3522570.0,556280.0,3525130.0
train_1277_r7488_c5568,train,7488,5568,0,,0,555640.0,3522570.0,558200.0,3525130.0
train_1278_r7488_c5760,train,7488,5760,0,,0,557560.0,3522570.0,560120.0,3525130.0
train_1279_r7488_c5805,train,7488,5805,0,,0,558010.0,3522570.0,560570.0,3525130.0
train_1280_r7680_c0,train,7680,0,0,,0,499960.0,3520650.0,502520.0,3523210.0
train_1281_r7680_c192,train,7680,192,0,,0,501880.0,3520650.0,504440.0,3523210.0
train_1282_r7680_c384,train,7680,384,0,,0,503800.0,3520650.0,506360.0,3523210.0
train_1283_r7680_c576,train,7680,576,0,,0,505720.0,3520650.0,508280.0,3523210.0
train_1284_r7680_c768,train,7680,768,0,,0,507640.0,3520650.0,510200.0,3523210.0
train_1285_r7680_c960,train,7680,960,0,,0,509560.0,3520650.0,512120.0,3523210.0
train_1286_r7680_c1152,train,7680,1152,0,,0,511480.0,3520650.0,514040.0,3523210.0
train_1287_r7680_c1344,train,7680,1344,2,"803,872",0,513400.0,3520650.0,515960.0,3523210.0
train_1288_r7680_c1536,train,7680,1536,1,872,0,515320.0,3520650.0,517880.0,3523210.0
train_1289_r7680_c1728,train,7680,1728,0,,0,517240.0,3520650.0,519800.0,3523210.0
train_1290_r7680_c1920,train,7680,1920,0,,0,519160.0,3520650.0,521720.0,3523210.0
train_1291_r7680_c2112,train,7680,2112,0,,0,521080.0,3520650.0,523640.0,3523210.0
train_1292_r7680_c2304,train,7680,2304,2,"539,545",0,523000.0,3520650.0,525560.0,3523210.0
train_1293_r7680_c2496,train,7680,2496,3,"537,538,539",0,524920.0,3520650.0,527480.0,3523210.0
train_1294_r7680_c2688,train,7680,2688,1,553,0,526840.0,3520650.0,529400.0,3523210.0
train_1295_r7680_c2880,train,7680,2880,2,"535,1007",0,528760.0,3520650.0,531320.0,3523210.0
train_1296_r7680_c3072,train,7680,3072,3,"532,551,1006",0,530680.0,3520650.0,533240.0,3523210.0
train_1297_r7680_c3264,train,7680,3264,5,"529,530,531,532,533",0,532600.0,3520650.0,535160.0,3523210.0
train_1298_r7680_c3456,train,7680,3456,0,,0,534520.0,3520650.0,537080.0,3523210.0
train_1299_r7680_c3648,train,7680,3648,0,,0,536440.0,3520650.0,539000.0,3523210.0
train_1300_r7680_c3840,train,7680,3840,0,,0,538360.0,3520650.0,540920.0,3523210.0
train_1301_r7680_c4032,train,7680,4032,0,,0,540280.0,3520650.0,542840.0,3523210.0
train_1302_r7680_c4224,train,7680,4224,0,,0,542200.0,3520650.0,544760.0,3523210.0
train_1303_r7680_c4416,train,7680,4416,1,1055,0,544120.0,3520650.0,546680.0,3523210.0
train_1304_r7680_c4608,train,7680,4608,0,,0,546040.0,3520650.0,548600.0,3523210.0
train_1305_r7680_c4800,train,7680,4800,2,"38,39",0,547960.0,3520650.0,550520.0,3523210.0
train_1306_r7680_c4992,train,7680,4992,4,"19,41,43,44",0,549880.0,3520650.0,552440.0,3523210.0
train_1307_r7680_c5184,train,7680,5184,0,,0,551800.0,3520650.0,554360.0,3523210.0
train_1308_r7680_c5376,train,7680,5376,0,,0,553720.0,3520650.0,556280.0,3523210.0
train_1309_r7680_c5568,train,7680,5568,0,,0,555640.0,3520650.0,558200.0,3523210.0
train_1310_r7680_c5760,train,7680,5760,0,,0,557560.0,3520650.0,560120.0,3523210.0
train_1311_r7680_c5805,train,7680,5805,0,,0,558010.0,3520650.0,560570.0,3523210.0
train_1312_r7872_c0,train,7872,0,1,773,0,499960.0,3518730.0,502520.0,3521290.0
train_1313_r7872_c192,train,7872,192,1,773,0,501880.0,3518730.0,504440.0,3521290.0
train_1314_r7872_c384,train,7872,384,0,,0,503800.0,3518730.0,506360.0,3521290.0
train_1315_r7872_c576,train,7872,576,0,,0,505720.0,3518730.0,508280.0,3521290.0
train_1316_r7872_c768,train,7872,768,0,,0,507640.0,3518730.0,510200.0,3521290.0
train_1317_r7872_c960,train,7872,960,0,,0,509560.0,3518730.0,512120.0,3521290.0
train_1318_r7872_c1152,train,7872,1152,2,"806,871",0,511480.0,3518730.0,514040.0,3521290.0
train_1319_r7872_c1344,train,7872,1344,3,"805,806,871",0,513400.0,3518730.0,515960.0,3521290.0
train_1320_r7872_c1536,train,7872,1536,1,805,0,515320.0,3518730.0,517880.0,3521290.0
train_1321_r7872_c1728,train,7872,1728,1,808,0,517240.0,3518730.0,519800.0,3521290.0
train_1322_r7872_c1920,train,7872,1920,0,,0,519160.0,3518730.0,521720.0,3521290.0
train_1323_r7872_c2112,train,7872,2112,0,,0,521080.0,3518730.0,523640.0,3521290.0
train_1324_r7872_c2304,train,7872,2304,2,"549,934",0,523000.0,3518730.0,525560.0,3521290.0
train_1325_r7872_c2496,train,7872,2496,0,,0,524920.0,3518730.0,527480.0,3521290.0
train_1326_r7872_c2688,train,7872,2688,2,"548,550",0,526840.0,3518730.0,529400.0,3521290.0
train_1327_r7872_c2880,train,7872,2880,3,"540,548,554",0,528760.0,3518730.0,531320.0,3521290.0
train_1328_r7872_c3072,train,7872,3072,2,"1003,1004",0,530680.0,3518730.0,533240.0,3521290.0
train_1329_r7872_c3264,train,7872,3264,1,1005,0,532600.0,3518730.0,535160.0,3521290.0
train_1330_r7872_c3456,train,7872,3456,0,,0,534520.0,3518730.0,537080.0,3521290.0
train_1331_r7872_c3648,train,7872,3648,0,,0,536440.0,3518730.0,539000.0,3521290.0
train_1332_r7872_c3840,train,7872,3840,0,,0,538360.0,3518730.0,540920.0,3521290.0
train_1333_r7872_c4032,train,7872,4032,1,524,0,540280.0,3518730.0,542840.0,3521290.0
train_1334_r7872_c4224,train,7872,4224,1,524,0,542200.0,3518730.0,544760.0,3521290.0
train_1335_r7872_c4416,train,7872,4416,0,,0,544120.0,3518730.0,546680.0,3521290.0
train_1336_r7872_c4608,train,7872,4608,0,,0,546040.0,3518730.0,548600.0,3521290.0
train_1337_r7872_c4800,train,7872,4800,0,,0,547960.0,3518730.0,550520.0,3521290.0
train_1338_r7872_c4992,train,7872,4992,1,41,0,549880.0,3518730.0,552440.0,3521290.0
train_1339_r7872_c5184,train,7872,5184,0,,0,551800.0,3518730.0,554360.0,3521290.0
train_1340_r7872_c5376,train,7872,5376,0,,0,553720.0,3518730.0,556280.0,3521290.0
train_1341_r7872_c5568,train,7872,5568,0,,0,555640.0,3518730.0,558200.0,3521290.0
train_1342_r7872_c5760,train,7872,5760,0,,0,557560.0,3518730.0,560120.0,3521290.0
train_1343_r7872_c5805,train,7872,5805,0,,0,558010.0,3518730.0,560570.0,3521290.0
train_1344_r8064_c0,train,8064,0,0,,0,499960.0,3516810.0,502520.0,3519370.0
train_1345_r8064_c192,train,8064,192,0,,0,501880.0,3516810.0,504440.0,3519370.0
train_1346_r8064_c384,train,8064,384,0,,0,503800.0,3516810.0,506360.0,3519370.0
train_1347_r8064_c576,train,8064,576,0,,0,505720.0,3516810.0,508280.0,3519370.0
train_1348_r8064_c768,train,8064,768,0,,0,507640.0,3516810.0,510200.0,3519370.0
train_1349_r8064_c960,train,8064,960,0,,0,509560.0,3516810.0,512120.0,3519370.0
train_1350_r8064_c1152,train,8064,1152,1,870,0,511480.0,3516810.0,514040.0,3519370.0
train_1351_r8064_c1344,train,8064,1344,1,870,0,513400.0,3516810.0,515960.0,3519370.0
train_1352_r8064_c1536,train,8064,1536,0,,0,515320.0,3516810.0,517880.0,3519370.0
train_1353_r8064_c1728,train,8064,1728,0,,0,517240.0,3516810.0,519800.0,3519370.0
train_1354_r8064_c1920,train,8064,1920,1,811,0,519160.0,3516810.0,521720.0,3519370.0
train_1355_r8064_c2112,train,8064,2112,0,,0,521080.0,3516810.0,523640.0,3519370.0
train_1356_r8064_c2304,train,8064,2304,0,,0,523000.0,3516810.0,525560.0,3519370.0
train_1357_r8064_c2496,train,8064,2496,0,,0,524920.0,3516810.0,527480.0,3519370.0
train_1358_r8064_c2688,train,8064,2688,2,"548,550",0,526840.0,3516810.0,529400.0,3519370.0
train_1359_r8064_c2880,train,8064,2880,1,548,0,528760.0,3516810.0,531320.0,3519370.0
train_1360_r8064_c3072,train,8064,3072,1,1003,0,530680.0,3516810.0,533240.0,3519370.0
train_1361_r8064_c3264,train,8064,3264,2,"1001,1002",0,532600.0,3516810.0,535160.0,3519370.0
train_1362_r8064_c3456,train,8064,3456,2,"1001,1054",0,534520.0,3516810.0,537080.0,3519370.0
train_1363_r8064_c3648,train,8064,3648,1,1054,0,536440.0,3516810.0,539000.0,3519370.0
train_1364_r8064_c3840,train,8064,3840,0,,0,538360.0,3516810.0,540920.0,3519370.0
train_1365_r8064_c4032,train,8064,4032,0,,0,540280.0,3516810.0,542840.0,3519370.0
train_1366_r8064_c4224,train,8064,4224,0,,0,542200.0,3516810.0,544760.0,3519370.0
train_1367_r8064_c4416,train,8064,4416,0,,0,544120.0,3516810.0,546680.0,3519370.0
train_1368_r8064_c4608,train,8064,4608,0,,0,546040.0,3516810.0,548600.0,3519370.0
train_1369_r8064_c4800,train,8064,4800,0,,0,547960.0,3516810.0,550520.0,3519370.0
train_1370_r8064_c4992,train,8064,4992,0,,0,549880.0,3516810.0,552440.0,3519370.0
train_1371_r8064_c5184,train,8064,5184,0,,0,551800.0,3516810.0,554360.0,3519370.0
train_1372_r8064_c5376,train,8064,5376,0,,0,553720.0,3516810.0,556280.0,3519370.0
train_1373_r8064_c5568,train,8064,5568,0,,0,555640.0,3516810.0,558200.0,3519370.0
train_1374_r8064_c5760,train,8064,5760,0,,0,557560.0,3516810.0,560120.0,3519370.0
train_1375_r8064_c5805,train,8064,5805,0,,0,558010.0,3516810.0,560570.0,3519370.0
train_1376_r8256_c0,train,8256,0,1,774,0,499960.0,3514890.0,502520.0,3517450.0
train_1377_r8256_c192,train,8256,192,0,,0,501880.0,3514890.0,504440.0,3517450.0
train_1378_r8256_c384,train,8256,384,0,,0,503800.0,3514890.0,506360.0,3517450.0
train_1379_r8256_c576,train,8256,576,0,,0,505720.0,3514890.0,508280.0,3517450.0
train_1380_r8256_c768,train,8256,768,0,,0,507640.0,3514890.0,510200.0,3517450.0
train_1381_r8256_c960,train,8256,960,0,,0,509560.0,3514890.0,512120.0,3517450.0
train_1382_r8256_c1152,train,8256,1152,2,"810,870",0,511480.0,3514890.0,514040.0,3517450.0
train_1383_r8256_c1344,train,8256,1344,4,"807,810,863,870",0,513400.0,3514890.0,515960.0,3517450.0
train_1384_r8256_c1536,train,8256,1536,0,,0,515320.0,3514890.0,517880.0,3517450.0
train_1385_r8256_c1728,train,8256,1728,0,,0,517240.0,3514890.0,519800.0,3517450.0
train_1386_r8256_c1920,train,8256,1920,0,,0,519160.0,3514890.0,521720.0,3517450.0
train_1387_r8256_c2112,train,8256,2112,0,,0,521080.0,3514890.0,523640.0,3517450.0
train_1388_r8256_c2304,train,8256,2304,0,,0,523000.0,3514890.0,525560.0,3517450.0
train_1389_r8256_c2496,train,8256,2496,0,,0,524920.0,3514890.0,527480.0,3517450.0
train_1390_r8256_c2688,train,8256,2688,0,,0,526840.0,3514890.0,529400.0,3517450.0
train_1391_r8256_c2880,train,8256,2880,0,,0,528760.0,3514890.0,531320.0,3517450.0
train_1392_r8256_c3072,train,8256,3072,0,,0,530680.0,3514890.0,533240.0,3517450.0
train_1393_r8256_c3264,train,8256,3264,2,"999,1001",0,532600.0,3514890.0,535160.0,3517450.0
train_1394_r8256_c3456,train,8256,3456,5,"546,556,999,1000,1001",0,534520.0,3514890.0,537080.0,3517450.0
train_1395_r8256_c3648,train,8256,3648,0,,0,536440.0,3514890.0,539000.0,3517450.0
train_1396_r8256_c3840,train,8256,3840,0,,0,538360.0,3514890.0,540920.0,3517450.0
train_1397_r8256_c4032,train,8256,4032,0,,0,540280.0,3514890.0,542840.0,3517450.0
train_1398_r8256_c4224,train,8256,4224,2,"525,526",0,542200.0,3514890.0,544760.0,3517450.0
train_1399_r8256_c4416,train,8256,4416,0,,0,544120.0,3514890.0,546680.0,3517450.0
train_1400_r8256_c4608,train,8256,4608,2,"36,1124",0,546040.0,3514890.0,548600.0,3517450.0
train_1401_r8256_c4800,train,8256,4800,1,1124,0,547960.0,3514890.0,550520.0,3517450.0
train_1402_r8256_c4992,train,8256,4992,0,,0,549880.0,3514890.0,552440.0,3517450.0
train_1403_r8256_c5184,train,8256,5184,0,,0,551800.0,3514890.0,554360.0,3517450.0
train_1404_r8256_c5376,train,8256,5376,1,26,0,553720.0,3514890.0,556280.0,3517450.0
train_1405_r8256_c5568,train,8256,5568,0,,0,555640.0,3514890.0,558200.0,3517450.0
train_1406_r8256_c5760,train,8256,5760,0,,0,557560.0,3514890.0,560120.0,3517450.0
train_1407_r8256_c5805,train,8256,5805,0,,0,558010.0,3514890.0,560570.0,3517450.0
train_1408_r8448_c0,train,8448,0,1,774,0,499960.0,3512970.0,502520.0,3515530.0
train_1409_r8448_c192,train,8448,192,0,,0,501880.0,3512970.0,504440.0,3515530.0
train_1410_r8448_c384,train,8448,384,0,,0,503800.0,3512970.0,506360.0,3515530.0
train_1411_r8448_c576,train,8448,576,0,,0,505720.0,3512970.0,508280.0,3515530.0
train_1412_r8448_c768,train,8448,768,0,,0,507640.0,3512970.0,510200.0,3515530.0
train_1413_r8448_c960,train,8448,960,0,,0,509560.0,3512970.0,512120.0,3515530.0
train_1414_r8448_c1152,train,8448,1152,0,,0,511480.0,3512970.0,514040.0,3515530.0
train_1415_r8448_c1344,train,8448,1344,0,,0,513400.0,3512970.0,515960.0,3515530.0
train_1416_r8448_c1536,train,8448,1536,0,,0,515320.0,3512970.0,517880.0,3515530.0
train_1417_r8448_c1728,train,8448,1728,0,,0,517240.0,3512970.0,519800.0,3515530.0
train_1418_r8448_c1920,train,8448,1920,2,"813,816",0,519160.0,3512970.0,521720.0,3515530.0
train_1419_r8448_c2112,train,8448,2112,0,,0,521080.0,3512970.0,523640.0,3515530.0
train_1420_r8448_c2304,train,8448,2304,0,,0,523000.0,3512970.0,525560.0,3515530.0
train_1421_r8448_c2496,train,8448,2496,1,541,0,524920.0,3512970.0,527480.0,3515530.0
train_1422_r8448_c2688,train,8448,2688,1,541,0,526840.0,3512970.0,529400.0,3515530.0
train_1423_r8448_c2880,train,8448,2880,0,,0,528760.0,3512970.0,531320.0,3515530.0
train_1424_r8448_c3072,train,8448,3072,3,"547,995,997",0,530680.0,3512970.0,533240.0,3515530.0
train_1425_r8448_c3264,train,8448,3264,2,"555,996",0,532600.0,3512970.0,535160.0,3515530.0
train_1426_r8448_c3456,train,8448,3456,5,"546,555,556,996,998",0,534520.0,3512970.0,537080.0,3515530.0
train_1427_r8448_c3648,train,8448,3648,0,,0,536440.0,3512970.0,539000.0,3515530.0
train_1428_r8448_c3840,train,8448,3840,0,,0,538360.0,3512970.0,540920.0,3515530.0
train_1429_r8448_c4032,train,8448,4032,0,,0,540280.0,3512970.0,542840.0,3515530.0
train_1430_r8448_c4224,train,8448,4224,1,542,0,542200.0,3512970.0,544760.0,3515530.0
train_1431_r8448_c4416,train,8448,4416,0,,0,544120.0,3512970.0,546680.0,3515530.0
train_1432_r8448_c4608,train,8448,4608,1,36,0,546040.0,3512970.0,548600.0,3515530.0
train_1433_r8448_c4800,train,8448,4800,1,1123,0,547960.0,3512970.0,550520.0,3515530.0
train_1434_r8448_c4992,train,8448,4992,0,,0,549880.0,3512970.0,552440.0,3515530.0
train_1435_r8448_c5184,train,8448,5184,0,,0,551800.0,3512970.0,554360.0,3515530.0
train_1436_r8448_c5376,train,8448,5376,2,"26,1122",0,553720.0,3512970.0,556280.0,3515530.0
train_1437_r8448_c5568,train,8448,5568,2,"27,1122",0,555640.0,3512970.0,558200.0,3515530.0
train_1438_r8448_c5760,train,8448,5760,1,1161,0,557560.0,3512970.0,560120.0,3515530.0
train_1439_r8448_c5805,train,8448,5805,1,1161,0,558010.0,3512970.0,560570.0,3515530.0
train_1440_r8640_c0,train,8640,0,0,,0,499960.0,3511050.0,502520.0,3513610.0
train_1441_r8640_c192,train,8640,192,0,,0,501880.0,3511050.0,504440.0,3513610.0
train_1442_r8640_c384,train,8640,384,0,,0,503800.0,3511050.0,506360.0,3513610.0
train_1443_r8640_c576,train,8640,576,0,,0,505720.0,3511050.0,508280.0,3513610.0
train_1444_r8640_c768,train,8640,768,0,,0,507640.0,3511050.0,510200.0,3513610.0
train_1445_r8640_c960,train,8640,960,0,,0,509560.0,3511050.0,512120.0,3513610.0
train_1446_r8640_c1152,train,8640,1152,0,,0,511480.0,3511050.0,514040.0,3513610.0
train_1447_r8640_c1344,train,8640,1344,0,,0,513400.0,3511050.0,515960.0,3513610.0
train_1448_r8640_c1536,train,8640,1536,0,,0,515320.0,3511050.0,517880.0,3513610.0
train_1449_r8640_c1728,train,8640,1728,0,,0,517240.0,3511050.0,519800.0,3513610.0
train_1450_r8640_c1920,train,8640,1920,0,,0,519160.0,3511050.0,521720.0,3513610.0
train_1451_r8640_c2112,train,8640,2112,0,,0,521080.0,3511050.0,523640.0,3513610.0
train_1452_r8640_c2304,train,8640,2304,0,,0,523000.0,3511050.0,525560.0,3513610.0
train_1453_r8640_c2496,train,8640,2496,0,,0,524920.0,3511050.0,527480.0,3513610.0
train_1454_r8640_c2688,train,8640,2688,2,"412,413",0,526840.0,3511050.0,529400.0,3513610.0
train_1455_r8640_c2880,train,8640,2880,0,,0,528760.0,3511050.0,531320.0,3513610.0
train_1456_r8640_c3072,train,8640,3072,3,"547,995,997",0,530680.0,3511050.0,533240.0,3513610.0
train_1457_r8640_c3264,train,8640,3264,1,996,0,532600.0,3511050.0,535160.0,3513610.0
train_1458_r8640_c3456,train,8640,3456,1,996,0,534520.0,3511050.0,537080.0,3513610.0
train_1459_r8640_c3648,train,8640,3648,0,,0,536440.0,3511050.0,539000.0,3513610.0
train_1460_r8640_c3840,train,8640,3840,1,401,0,538360.0,3511050.0,540920.0,3513610.0
train_1461_r8640_c4032,train,8640,4032,4,"328,422,423,865",0,540280.0,3511050.0,542840.0,3513610.0
train_1462_r8640_c4224,train,8640,4224,3,"426,542,865",0,542200.0,3511050.0,544760.0,3513610.0
train_1463_r8640_c4416,train,8640,4416,1,426,0,544120.0,3511050.0,546680.0,3513610.0
train_1464_r8640_c4608,train,8640,4608,0,,0,546040.0,3511050.0,548600.0,3513610.0
train_1465_r8640_c4800,train,8640,4800,2,"294,1121",0,547960.0,3511050.0,550520.0,3513610.0
train_1466_r8640_c4992,train,8640,4992,4,"87,294,295,315",0,549880.0,3511050.0,552440.0,3513610.0
train_1467_r8640_c5184,train,8640,5184,0,,0,551800.0,3511050.0,554360.0,3513610.0
train_1468_r8640_c5376,train,8640,5376,0,,0,553720.0,3511050.0,556280.0,3513610.0
train_1469_r8640_c5568,train,8640,5568,0,,0,555640.0,3511050.0,558200.0,3513610.0
train_1470_r8640_c5760,train,8640,5760,0,,0,557560.0,3511050.0,560120.0,3513610.0
train_1471_r8640_c5805,train,8640,5805,0,,0,558010.0,3511050.0,560570.0,3513610.0
train_1472_r8832_c0,train,8832,0,0,,0,499960.0,3509130.0,502520.0,3511690.0
train_1473_r8832_c192,train,8832,192,0,,0,501880.0,3509130.0,504440.0,3511690.0
train_1474_r8832_c384,train,8832,384,0,,0,503800.0,3509130.0,506360.0,3511690.0
train_1475_r8832_c576,train,8832,576,0,,0,505720.0,3509130.0,508280.0,3511690.0
train_1476_r8832_c768,train,8832,768,0,,0,507640.0,3509130.0,510200.0,3511690.0
train_1477_r8832_c960,train,8832,960,0,,0,509560.0,3509130.0,512120.0,3511690.0
train_1478_r8832_c1152,train,8832,1152,0,,0,511480.0,3509130.0,514040.0,3511690.0
train_1479_r8832_c1344,train,8832,1344,0,,0,513400.0,3509130.0,515960.0,3511690.0
train_1480_r8832_c1536,train,8832,1536,0,,0,515320.0,3509130.0,517880.0,3511690.0
train_1481_r8832_c1728,train,8832,1728,0,,0,517240.0,3509130.0,519800.0,3511690.0
train_1482_r8832_c1920,train,8832,1920,0,,0,519160.0,3509130.0,521720.0,3511690.0
train_1483_r8832_c2112,train,8832,2112,1,933,0,521080.0,3509130.0,523640.0,3511690.0
train_1484_r8832_c2304,train,8832,2304,0,,0,523000.0,3509130.0,525560.0,3511690.0
train_1485_r8832_c2496,train,8832,2496,1,400,0,524920.0,3509130.0,527480.0,3511690.0
train_1486_r8832_c2688,train,8832,2688,2,"412,413",0,526840.0,3509130.0,529400.0,3511690.0
train_1487_r8832_c2880,train,8832,2880,0,,0,528760.0,3509130.0,531320.0,3511690.0
train_1488_r8832_c3072,train,8832,3072,3,"416,993,994",0,530680.0,3509130.0,533240.0,3511690.0
train_1489_r8832_c3264,train,8832,3264,1,994,0,532600.0,3509130.0,535160.0,3511690.0
train_1490_r8832_c3456,train,8832,3456,1,1053,0,534520.0,3509130.0,537080.0,3511690.0
train_1491_r8832_c3648,train,8832,3648,1,1053,0,536440.0,3509130.0,539000.0,3511690.0
train_1492_r8832_c3840,train,8832,3840,1,401,0,538360.0,3509130.0,540920.0,3511690.0
train_1493_r8832_c4032,train,8832,4032,4,"328,420,422,423",0,540280.0,3509130.0,542840.0,3511690.0
train_1494_r8832_c4224,train,8832,4224,3,"424,425,426",0,542200.0,3509130.0,544760.0,3511690.0
train_1495_r8832_c4416,train,8832,4416,3,"424,425,426",0,544120.0,3509130.0,546680.0,3511690.0
train_1496_r8832_c4608,train,8832,4608,0,,0,546040.0,3509130.0,548600.0,3511690.0
train_1497_r8832_c4800,train,8832,4800,3,"294,313,1121",0,547960.0,3509130.0,550520.0,3511690.0
train_1498_r8832_c4992,train,8832,4992,4,"294,295,1119,1120",0,549880.0,3509130.0,552440.0,3511690.0
train_1499_r8832_c5184,train,8832,5184,1,1119,0,551800.0,3509130.0,554360.0,3511690.0
train_1500_r8832_c5376,train,8832,5376,0,,0,553720.0,3509130.0,556280.0,3511690.0
train_1501_r8832_c5568,train,8832,5568,0,,0,555640.0,3509130.0,558200.0,3511690.0
train_1502_r8832_c5760,train,8832,5760,1,106,0,557560.0,3509130.0,560120.0,3511690.0
train_1503_r8832_c5805,train,8832,5805,1,106,0,558010.0,3509130.0,560570.0,3511690.0
train_1504_r9024_c0,train,9024,0,0,,0,499960.0,3507210.0,502520.0,3509770.0
train_1505_r9024_c192,train,9024,192,1,868,0,501880.0,3507210.0,504440.0,3509770.0
train_1506_r9024_c384,train,9024,384,0,,0,503800.0,3507210.0,506360.0,3509770.0
train_1507_r9024_c576,train,9024,576,0,,0,505720.0,3507210.0,508280.0,3509770.0
train_1508_r9024_c768,train,9024,768,0,,0,507640.0,3507210.0,510200.0,3509770.0
train_1509_r9024_c960,train,9024,960,1,869,0,509560.0,3507210.0,512120.0,3509770.0
train_1510_r9024_c1152,train,9024,1152,0,,0,511480.0,3507210.0,514040.0,3509770.0
train_1511_r9024_c1344,train,9024,1344,0,,0,513400.0,3507210.0,515960.0,3509770.0
train_1512_r9024_c1536,train,9024,1536,0,,0,515320.0,3507210.0,517880.0,3509770.0
train_1513_r9024_c1728,train,9024,1728,0,,0,517240.0,3507210.0,519800.0,3509770.0
train_1514_r9024_c1920,train,9024,1920,0,,0,519160.0,3507210.0,521720.0,3509770.0
train_1515_r9024_c2112,train,9024,2112,0,,0,521080.0,3507210.0,523640.0,3509770.0
train_1516_r9024_c2304,train,9024,2304,0,,0,523000.0,3507210.0,525560.0,3509770.0
train_1517_r9024_c2496,train,9024,2496,0,,0,524920.0,3507210.0,527480.0,3509770.0
train_1518_r9024_c2688,train,9024,2688,2,"408,410",0,526840.0,3507210.0,529400.0,3509770.0
train_1519_r9024_c2880,train,9024,2880,1,411,0,528760.0,3507210.0,531320.0,3509770.0
train_1520_r9024_c3072,train,9024,3072,0,,0,530680.0,3507210.0,533240.0,3509770.0
train_1521_r9024_c3264,train,9024,3264,1,402,0,532600.0,3507210.0,535160.0,3509770.0
train_1522_r9024_c3456,train,9024,3456,1,1053,0,534520.0,3507210.0,537080.0,3509770.0
train_1523_r9024_c3648,train,9024,3648,1,1053,0,536440.0,3507210.0,539000.0,3509770.0
train_1524_r9024_c3840,train,9024,3840,3,"417,418,419",0,538360.0,3507210.0,540920.0,3509770.0
train_1525_r9024_c4032,train,9024,4032,3,"403,417,419",0,540280.0,3507210.0,542840.0,3509770.0
train_1526_r9024_c4224,train,9024,4224,1,403,0,542200.0,3507210.0,544760.0,3509770.0
train_1527_r9024_c4416,train,9024,4416,1,252,0,544120.0,3507210.0,546680.0,3509770.0
train_1528_r9024_c4608,train,9024,4608,0,,0,546040.0,3507210.0,548600.0,3509770.0
train_1529_r9024_c4800,train,9024,4800,1,296,0,547960.0,3507210.0,550520.0,3509770.0
train_1530_r9024_c4992,train,9024,4992,0,,0,549880.0,3507210.0,552440.0,3509770.0
train_1531_r9024_c5184,train,9024,5184,0,,0,551800.0,3507210.0,554360.0,3509770.0
train_1532_r9024_c5376,train,9024,5376,0,,0,553720.0,3507210.0,556280.0,3509770.0
train_1533_r9024_c5568,train,9024,5568,0,,0,555640.0,3507210.0,558200.0,3509770.0
train_1534_r9024_c5760,train,9024,5760,1,1160,0,557560.0,3507210.0,560120.0,3509770.0
train_1535_r9024_c5805,train,9024,5805,1,1160,0,558010.0,3507210.0,560570.0,3509770.0
train_1536_r9216_c0,train,9216,0,0,,0,499960.0,3505290.0,502520.0,3507850.0
train_1537_r9216_c192,train,9216,192,3,"778,779,868",0,501880.0,3505290.0,504440.0,3507850.0
train_1538_r9216_c384,train,9216,384,0,,0,503800.0,3505290.0,506360.0,3507850.0
train_1539_r9216_c576,train,9216,576,3,"780,781,867",0,505720.0,3505290.0,508280.0,3507850.0
train_1540_r9216_c768,train,9216,768,1,781,0,507640.0,3505290.0,510200.0,3507850.0
train_1541_r9216_c960,train,9216,960,0,,0,509560.0,3505290.0,512120.0,3507850.0
train_1542_r9216_c1152,train,9216,1152,0,,0,511480.0,3505290.0,514040.0,3507850.0
train_1543_r9216_c1344,train,9216,1344,0,,0,513400.0,3505290.0,515960.0,3507850.0
train_1544_r9216_c1536,train,9216,1536,0,,0,515320.0,3505290.0,517880.0,3507850.0
train_1545_r9216_c1728,train,9216,1728,0,,0,517240.0,3505290.0,519800.0,3507850.0
train_1546_r9216_c1920,train,9216,1920,0,,0,519160.0,3505290.0,521720.0,3507850.0
train_1547_r9216_c2112,train,9216,2112,0,,0,521080.0,3505290.0,523640.0,3507850.0
train_1548_r9216_c2304,train,9216,2304,0,,0,523000.0,3505290.0,525560.0,3507850.0
train_1549_r9216_c2496,train,9216,2496,0,,0,524920.0,3505290.0,527480.0,3507850.0
train_1550_r9216_c2688,train,9216,2688,1,407,0,526840.0,3505290.0,529400.0,3507850.0
train_1551_r9216_c2880,train,9216,2880,0,,0,528760.0,3505290.0,531320.0,3507850.0
train_1552_r9216_c3072,train,9216,3072,0,,0,530680.0,3505290.0,533240.0,3507850.0
train_1553_r9216_c3264,train,9216,3264,1,402,0,532600.0,3505290.0,535160.0,3507850.0
train_1554_r9216_c3456,train,9216,3456,0,,0,534520.0,3505290.0,537080.0,3507850.0
train_1555_r9216_c3648,train,9216,3648,1,415,0,536440.0,3505290.0,539000.0,3507850.0
train_1556_r9216_c3840,train,9216,3840,1,415,0,538360.0,3505290.0,540920.0,3507850.0
train_1557_r9216_c4032,train,9216,4032,0,,0,540280.0,3505290.0,542840.0,3507850.0
train_1558_r9216_c4224,train,9216,4224,0,,0,542200.0,3505290.0,544760.0,3507850.0
train_1559_r9216_c4416,train,9216,4416,0,,0,544120.0,3505290.0,546680.0,3507850.0
train_1560_r9216_c4608,train,9216,4608,0,,0,546040.0,3505290.0,548600.0,3507850.0
train_1561_r9216_c4800,train,9216,4800,1,1118,0,547960.0,3505290.0,550520.0,3507850.0
train_1562_r9216_c4992,train,9216,4992,1,297,0,549880.0,3505290.0,552440.0,3507850.0
train_1563_r9216_c5184,train,9216,5184,1,297,0,551800.0,3505290.0,554360.0,3507850.0
train_1564_r9216_c5376,train,9216,5376,0,,0,553720.0,3505290.0,556280.0,3507850.0
train_1565_r9216_c5568,train,9216,5568,0,,0,555640.0,3505290.0,558200.0,3507850.0
train_1566_r9216_c5760,train,9216,5760,0,,0,557560.0,3505290.0,560120.0,3507850.0
train_1567_r9216_c5805,train,9216,5805,0,,0,558010.0,3505290.0,560570.0,3507850.0
train_1568_r9408_c0,train,9408,0,0,,0,499960.0,3503370.0,502520.0,3505930.0
train_1569_r9408_c192,train,9408,192,0,,0,501880.0,3503370.0,504440.0,3505930.0
train_1570_r9408_c384,train,9408,384,0,,0,503800.0,3503370.0,506360.0,3505930.0
train_1571_r9408_c576,train,9408,576,1,867,0,505720.0,3503370.0,508280.0,3505930.0
train_1572_r9408_c768,train,9408,768,0,,0,507640.0,3503370.0,510200.0,3505930.0
train_1573_r9408_c960,train,9408,960,2,"782,783",0,509560.0,3503370.0,512120.0,3505930.0
train_1574_r9408_c1152,train,9408,1152,7,"783,784,785,786,787,788,814",0,511480.0,3503370.0,514040.0,3505930.0
train_1575_r9408_c1344,train,9408,1344,7,"786,787,788,790,791,794,814",0,513400.0,3503370.0,515960.0,3505930.0
train_1576_r9408_c1536,train,9408,1536,2,"791,794",0,515320.0,3503370.0,517880.0,3505930.0
train_1577_r9408_c1728,train,9408,1728,1,931,0,517240.0,3503370.0,519800.0,3505930.0
train_1578_r9408_c1920,train,9408,1920,2,"931,932",0,519160.0,3503370.0,521720.0,3505930.0
train_1579_r9408_c2112,train,9408,2112,1,932,0,521080.0,3503370.0,523640.0,3505930.0
train_1580_r9408_c2304,train,9408,2304,0,,0,523000.0,3503370.0,525560.0,3505930.0
train_1581_r9408_c2496,train,9408,2496,1,406,0,524920.0,3503370.0,527480.0,3505930.0
train_1582_r9408_c2688,train,9408,2688,1,407,0,526840.0,3503370.0,529400.0,3505930.0
train_1583_r9408_c2880,train,9408,2880,0,,0,528760.0,3503370.0,531320.0,3505930.0
train_1584_r9408_c3072,train,9408,3072,0,,0,530680.0,3503370.0,533240.0,3505930.0
train_1585_r9408_c3264,train,9408,3264,0,,0,532600.0,3503370.0,535160.0,3505930.0
train_1586_r9408_c3456,train,9408,3456,1,992,0,534520.0,3503370.0,537080.0,3505930.0
train_1587_r9408_c3648,train,9408,3648,1,415,0,536440.0,3503370.0,539000.0,3505930.0
train_1588_r9408_c3840,train,9408,3840,1,415,0,538360.0,3503370.0,540920.0,3505930.0
train_1589_r9408_c4032,train,9408,4032,0,,0,540280.0,3503370.0,542840.0,3505930.0
train_1590_r9408_c4224,train,9408,4224,1,376,0,542200.0,3503370.0,544760.0,3505930.0
train_1591_r9408_c4416,train,9408,4416,1,1052,0,544120.0,3503370.0,546680.0,3505930.0
train_1592_r9408_c4608,train,9408,4608,2,"312,1117",0,546040.0,3503370.0,548600.0,3505930.0
train_1593_r9408_c4800,train,9408,4800,2,"312,1117",0,547960.0,3503370.0,550520.0,3505930.0
train_1594_r9408_c4992,train,9408,4992,1,297,0,549880.0,3503370.0,552440.0,3505930.0
train_1595_r9408_c5184,train,9408,5184,2,"297,314",0,551800.0,3503370.0,554360.0,3505930.0
train_1596_r9408_c5376,train,9408,5376,2,"314,1115",0,553720.0,3503370.0,556280.0,3505930.0
train_1597_r9408_c5568,train,9408,5568,2,"1115,1116",0,555640.0,3503370.0,558200.0,3505930.0
train_1598_r9408_c5760,train,9408,5760,0,,0,557560.0,3503370.0,560120.0,3505930.0
train_1599_r9408_c5805,train,9408,5805,0,,1,558010.0,3503370.0,560570.0,3505930.0
train_1600_r9600_c0,train,9600,0,0,,0,499960.0,3501450.0,502520.0,3504010.0
train_1601_r9600_c192,train,9600,192,0,,0,501880.0,3501450.0,504440.0,3504010.0
train_1602_r9600_c384,train,9600,384,0,,0,503800.0,3501450.0,506360.0,3504010.0
train_1603_r9600_c576,train,9600,576,0,,0,505720.0,3501450.0,508280.0,3504010.0
train_1604_r9600_c768,train,9600,768,0,,0,507640.0,3501450.0,510200.0,3504010.0
train_1605_r9600_c960,train,9600,960,0,,0,509560.0,3501450.0,512120.0,3504010.0
train_1606_r9600_c1152,train,9600,1152,1,814,0,511480.0,3501450.0,514040.0,3504010.0
train_1607_r9600_c1344,train,9600,1344,5,"789,790,791,794,814",0,513400.0,3501450.0,515960.0,3504010.0
train_1608_r9600_c1536,train,9600,1536,6,"791,793,794,795,796,797",0,515320.0,3501450.0,517880.0,3504010.0
train_1609_r9600_c1728,train,9600,1728,2,"797,931",0,517240.0,3501450.0,519800.0,3504010.0
train_1610_r9600_c1920,train,9600,1920,1,931,0,519160.0,3501450.0,521720.0,3504010.0
train_1611_r9600_c2112,train,9600,2112,1,776,0,521080.0,3501450.0,523640.0,3504010.0
train_1612_r9600_c2304,train,9600,2304,0,,0,523000.0,3501450.0,525560.0,3504010.0
train_1613_r9600_c2496,train,9600,2496,1,406,0,524920.0,3501450.0,527480.0,3504010.0
train_1614_r9600_c2688,train,9600,2688,2,"409,930",0,526840.0,3501450.0,529400.0,3504010.0
train_1615_r9600_c2880,train,9600,2880,0,,0,528760.0,3501450.0,531320.0,3504010.0
train_1616_r9600_c3072,train,9600,3072,0,,0,530680.0,3501450.0,533240.0,3504010.0
train_1617_r9600_c3264,train,9600,3264,0,,0,532600.0,3501450.0,535160.0,3504010.0
train_1618_r9600_c3456,train,9600,3456,4,"414,991,992,1050",0,534520.0,3501450.0,537080.0,3504010.0
train_1619_r9600_c3648,train,9600,3648,3,"1049,1050,1051",0,536440.0,3501450.0,539000.0,3504010.0
train_1620_r9600_c3840,train,9600,3840,4,"1046,1047,1048,1049",0,538360.0,3501450.0,540920.0,3504010.0
train_1621_r9600_c4032,train,9600,4032,1,1046,0,540280.0,3501450.0,542840.0,3504010.0
train_1622_r9600_c4224,train,9600,4224,1,376,0,542200.0,3501450.0,544760.0,3504010.0
train_1623_r9600_c4416,train,9600,4416,0,,0,544120.0,3501450.0,546680.0,3504010.0
train_1624_r9600_c4608,train,9600,4608,0,,0,546040.0,3501450.0,548600.0,3504010.0
train_1625_r9600_c4800,train,9600,4800,2,"1113,1114",0,547960.0,3501450.0,550520.0,3504010.0
train_1626_r9600_c4992,train,9600,4992,2,"1112,1113",0,549880.0,3501450.0,552440.0,3504010.0
train_1627_r9600_c5184,train,9600,5184,0,,0,551800.0,3501450.0,554360.0,3504010.0
train_1628_r9600_c5376,train,9600,5376,0,,0,553720.0,3501450.0,556280.0,3504010.0
train_1629_r9600_c5568,train,9600,5568,0,,0,555640.0,3501450.0,558200.0,3504010.0
train_1630_r9600_c5760,train,9600,5760,0,,0,557560.0,3501450.0,560120.0,3504010.0
train_1631_r9600_c5805,train,9600,5805,0,,0,558010.0,3501450.0,560570.0,3504010.0
train_1632_r9792_c0,train,9792,0,0,,0,499960.0,3499530.0,502520.0,3502090.0
train_1633_r9792_c192,train,9792,192,0,,0,501880.0,3499530.0,504440.0,3502090.0
train_1634_r9792_c384,train,9792,384,0,,0,503800.0,3499530.0,506360.0,3502090.0
train_1635_r9792_c576,train,9792,576,0,,0,505720.0,3499530.0,508280.0,3502090.0
train_1636_r9792_c768,train,9792,768,0,,0,507640.0,3499530.0,510200.0,3502090.0
train_1637_r9792_c960,train,9792,960,0,,0,509560.0,3499530.0,512120.0,3502090.0
train_1638_r9792_c1152,train,9792,1152,0,,0,511480.0,3499530.0,514040.0,3502090.0
train_1639_r9792_c1344,train,9792,1344,0,,0,513400.0,3499530.0,515960.0,3502090.0
train_1640_r9792_c1536,train,9792,1536,0,,0,515320.0,3499530.0,517880.0,3502090.0
train_1641_r9792_c1728,train,9792,1728,2,"798,799",0,517240.0,3499530.0,519800.0,3502090.0
train_1642_r9792_c1920,train,9792,1920,0,,0,519160.0,3499530.0,521720.0,3502090.0
train_1643_r9792_c2112,train,9792,2112,1,776,0,521080.0,3499530.0,523640.0,3502090.0
train_1644_r9792_c2304,train,9792,2304,0,,0,523000.0,3499530.0,525560.0,3502090.0
train_1645_r9792_c2496,train,9792,2496,1,929,0,524920.0,3499530.0,527480.0,3502090.0
train_1646_r9792_c2688,train,9792,2688,1,930,0,526840.0,3499530.0,529400.0,3502090.0
train_1647_r9792_c2880,train,9792,2880,1,990,0,528760.0,3499530.0,531320.0,3502090.0
train_1648_r9792_c3072,train,9792,3072,0,,0,530680.0,3499530.0,533240.0,3502090.0
train_1649_r9792_c3264,train,9792,3264,0,,0,532600.0,3499530.0,535160.0,3502090.0
train_1650_r9792_c3456,train,9792,3456,0,,0,534520.0,3499530.0,537080.0,3502090.0
train_1651_r9792_c3648,train,9792,3648,0,,0,536440.0,3499530.0,539000.0,3502090.0
train_1652_r9792_c3840,train,9792,3840,0,,0,538360.0,3499530.0,540920.0,3502090.0
train_1653_r9792_c4032,train,9792,4032,1,421,0,540280.0,3499530.0,542840.0,3502090.0
train_1654_r9792_c4224,train,9792,4224,0,,0,542200.0,3499530.0,544760.0,3502090.0
train_1655_r9792_c4416,train,9792,4416,0,,0,544120.0,3499530.0,546680.0,3502090.0
train_1656_r9792_c4608,train,9792,4608,1,1045,0,546040.0,3499530.0,548600.0,3502090.0
train_1657_r9792_c4800,train,9792,4800,0,,0,547960.0,3499530.0,550520.0,3502090.0
train_1658_r9792_c4992,train,9792,4992,4,"298,299,300,1112",0,549880.0,3499530.0,552440.0,3502090.0
train_1659_r9792_c5184,train,9792,5184,1,300,0,551800.0,3499530.0,554360.0,3502090.0
train_1660_r9792_c5376,train,9792,5376,0,,0,553720.0,3499530.0,556280.0,3502090.0
train_1661_r9792_c5568,train,9792,5568,0,,0,555640.0,3499530.0,558200.0,3502090.0
train_1662_r9792_c5760,train,9792,5760,1,303,0,557560.0,3499530.0,560120.0,3502090.0
train_1663_r9792_c5805,train,9792,5805,1,303,0,558010.0,3499530.0,560570.0,3502090.0
train_1664_r9984_c0,train,9984,0,0,,0,499960.0,3497610.0,502520.0,3500170.0
train_1665_r9984_c192,train,9984,192,0,,0,501880.0,3497610.0,504440.0,3500170.0
train_1666_r9984_c384,train,9984,384,0,,0,503800.0,3497610.0,506360.0,3500170.0
train_1667_r9984_c576,train,9984,576,1,866,0,505720.0,3497610.0,508280.0,3500170.0
train_1668_r9984_c768,train,9984,768,0,,0,507640.0,3497610.0,510200.0,3500170.0
train_1669_r9984_c960,train,9984,960,0,,0,509560.0,3497610.0,512120.0,3500170.0
train_1670_r9984_c1152,train,9984,1152,0,,0,511480.0,3497610.0,514040.0,3500170.0
train_1671_r9984_c1344,train,9984,1344,0,,0,513400.0,3497610.0,515960.0,3500170.0
train_1672_r9984_c1536,train,9984,1536,0,,0,515320.0,3497610.0,517880.0,3500170.0
train_1673_r9984_c1728,train,9984,1728,0,,0,517240.0,3497610.0,519800.0,3500170.0
train_1674_r9984_c1920,train,9984,1920,0,,0,519160.0,3497610.0,521720.0,3500170.0
train_1675_r9984_c2112,train,9984,2112,2,"775,927",0,521080.0,3497610.0,523640.0,3500170.0
train_1676_r9984_c2304,train,9984,2304,2,"775,929",0,523000.0,3497610.0,525560.0,3500170.0
train_1677_r9984_c2496,train,9984,2496,2,"928,929",0,524920.0,3497610.0,527480.0,3500170.0
train_1678_r9984_c2688,train,9984,2688,2,"404,989",0,526840.0,3497610.0,529400.0,3500170.0
train_1679_r9984_c2880,train,9984,2880,2,"404,990",0,528760.0,3497610.0,531320.0,3500170.0
train_1680_r9984_c3072,train,9984,3072,0,,0,530680.0,3497610.0,533240.0,3500170.0
train_1681_r9984_c3264,train,9984,3264,0,,0,532600.0,3497610.0,535160.0,3500170.0
train_1682_r9984_c3456,train,9984,3456,0,,0,534520.0,3497610.0,537080.0,3500170.0
train_1683_r9984_c3648,train,9984,3648,0,,0,536440.0,3497610.0,539000.0,3500170.0
train_1684_r9984_c3840,train,9984,3840,0,,0,538360.0,3497610.0,540920.0,3500170.0
train_1685_r9984_c4032,train,9984,4032,0,,0,540280.0,3497610.0,542840.0,3500170.0
train_1686_r9984_c4224,train,9984,4224,0,,0,542200.0,3497610.0,544760.0,3500170.0
train_1687_r9984_c4416,train,9984,4416,0,,0,544120.0,3497610.0,546680.0,3500170.0
train_1688_r9984_c4608,train,9984,4608,1,399,0,546040.0,3497610.0,548600.0,3500170.0
train_1689_r9984_c4800,train,9984,4800,0,,0,547960.0,3497610.0,550520.0,3500170.0
train_1690_r9984_c4992,train,9984,4992,1,300,0,549880.0,3497610.0,552440.0,3500170.0
train_1691_r9984_c5184,train,9984,5184,1,300,0,551800.0,3497610.0,554360.0,3500170.0
train_1692_r9984_c5376,train,9984,5376,0,,0,553720.0,3497610.0,556280.0,3500170.0
train_1693_r9984_c5568,train,9984,5568,0,,0,555640.0,3497610.0,558200.0,3500170.0
train_1694_r9984_c5760,train,9984,5760,1,303,0,557560.0,3497610.0,560120.0,3500170.0
train_1695_r9984_c5805,train,9984,5805,1,303,0,558010.0,3497610.0,560570.0,3500170.0
train_1696_r10176_c0,train,10176,0,0,,0,499960.0,3495690.0,502520.0,3498250.0
train_1697_r10176_c192,train,10176,192,0,,0,501880.0,3495690.0,504440.0,3498250.0
train_1698_r10176_c384,train,10176,384,0,,0,503800.0,3495690.0,506360.0,3498250.0
train_1699_r10176_c576,train,10176,576,0,,0,505720.0,3495690.0,508280.0,3498250.0
train_1700_r10176_c768,train,10176,768,0,,0,507640.0,3495690.0,510200.0,3498250.0
train_1701_r10176_c960,train,10176,960,0,,0,509560.0,3495690.0,512120.0,3498250.0
train_1702_r10176_c1152,train,10176,1152,0,,0,511480.0,3495690.0,514040.0,3498250.0
train_1703_r10176_c1344,train,10176,1344,0,,0,513400.0,3495690.0,515960.0,3498250.0
train_1704_r10176_c1536,train,10176,1536,0,,0,515320.0,3495690.0,517880.0,3498250.0
train_1705_r10176_c1728,train,10176,1728,0,,0,517240.0,3495690.0,519800.0,3498250.0
train_1706_r10176_c1920,train,10176,1920,0,,0,519160.0,3495690.0,521720.0,3498250.0
train_1707_r10176_c2112,train,10176,2112,2,"926,927",0,521080.0,3495690.0,523640.0,3498250.0
train_1708_r10176_c2304,train,10176,2304,1,926,0,523000.0,3495690.0,525560.0,3498250.0
train_1709_r10176_c2496,train,10176,2496,0,,0,524920.0,3495690.0,527480.0,3498250.0
train_1710_r10176_c2688,train,10176,2688,1,987,0,526840.0,3495690.0,529400.0,3498250.0
train_1711_r10176_c2880,train,10176,2880,2,"987,988",0,528760.0,3495690.0,531320.0,3498250.0
train_1712_r10176_c3072,train,10176,3072,0,,0,530680.0,3495690.0,533240.0,3498250.0
train_1713_r10176_c3264,train,10176,3264,1,986,0,532600.0,3495690.0,535160.0,3498250.0
train_1714_r10176_c3456,train,10176,3456,1,986,0,534520.0,3495690.0,537080.0,3498250.0
train_1715_r10176_c3648,train,10176,3648,0,,0,536440.0,3495690.0,539000.0,3498250.0
train_1716_r10176_c3840,train,10176,3840,1,1043,0,538360.0,3495690.0,540920.0,3498250.0
train_1717_r10176_c4032,train,10176,4032,0,,0,540280.0,3495690.0,542840.0,3498250.0
train_1718_r10176_c4224,train,10176,4224,0,,0,542200.0,3495690.0,544760.0,3498250.0
train_1719_r10176_c4416,train,10176,4416,0,,0,544120.0,3495690.0,546680.0,3498250.0
train_1720_r10176_c4608,train,10176,4608,2,"317,1044",0,546040.0,3495690.0,548600.0,3498250.0
train_1721_r10176_c4800,train,10176,4800,3,"317,1044,1111",0,547960.0,3495690.0,550520.0,3498250.0
train_1722_r10176_c4992,train,10176,4992,0,,0,549880.0,3495690.0,552440.0,3498250.0
train_1723_r10176_c5184,train,10176,5184,0,,0,551800.0,3495690.0,554360.0,3498250.0
train_1724_r10176_c5376,train,10176,5376,0,,0,553720.0,3495690.0,556280.0,3498250.0
train_1725_r10176_c5568,train,10176,5568,0,,0,555640.0,3495690.0,558200.0,3498250.0
train_1726_r10176_c5760,train,10176,5760,0,,0,557560.0,3495690.0,560120.0,3498250.0
train_1727_r10176_c5805,train,10176,5805,0,,0,558010.0,3495690.0,560570.0,3498250.0
train_1728_r10368_c0,train,10368,0,0,,0,499960.0,3493770.0,502520.0,3496330.0
train_1729_r10368_c192,train,10368,192,0,,0,501880.0,3493770.0,504440.0,3496330.0
train_1730_r10368_c384,train,10368,384,0,,0,503800.0,3493770.0,506360.0,3496330.0
train_1731_r10368_c576,train,10368,576,0,,0,505720.0,3493770.0,508280.0,3496330.0
train_1732_r10368_c768,train,10368,768,0,,0,507640.0,3493770.0,510200.0,3496330.0
train_1733_r10368_c960,train,10368,960,0,,0,509560.0,3493770.0,512120.0,3496330.0
train_1734_r10368_c1152,train,10368,1152,0,,0,511480.0,3493770.0,514040.0,3496330.0
train_1735_r10368_c1344,train,10368,1344,0,,0,513400.0,3493770.0,515960.0,3496330.0
train_1736_r10368_c1536,train,10368,1536,0,,0,515320.0,3493770.0,517880.0,3496330.0
train_1737_r10368_c1728,train,10368,1728,0,,0,517240.0,3493770.0,519800.0,3496330.0
train_1738_r10368_c1920,train,10368,1920,0,,0,519160.0,3493770.0,521720.0,3496330.0
train_1739_r10368_c2112,train,10368,2112,0,,0,521080.0,3493770.0,523640.0,3496330.0
train_1740_r10368_c2304,train,10368,2304,0,,0,523000.0,3493770.0,525560.0,3496330.0
train_1741_r10368_c2496,train,10368,2496,0,,0,524920.0,3493770.0,527480.0,3496330.0
train_1742_r10368_c2688,train,10368,2688,0,,0,526840.0,3493770.0,529400.0,3496330.0
train_1743_r10368_c2880,train,10368,2880,0,,0,528760.0,3493770.0,531320.0,3496330.0
train_1744_r10368_c3072,train,10368,3072,0,,0,530680.0,3493770.0,533240.0,3496330.0
train_1745_r10368_c3264,train,10368,3264,0,,0,532600.0,3493770.0,535160.0,3496330.0
train_1746_r10368_c3456,train,10368,3456,0,,0,534520.0,3493770.0,537080.0,3496330.0
train_1747_r10368_c3648,train,10368,3648,0,,0,536440.0,3493770.0,539000.0,3496330.0
train_1748_r10368_c3840,train,10368,3840,0,,0,538360.0,3493770.0,540920.0,3496330.0
train_1749_r10368_c4032,train,10368,4032,0,,0,540280.0,3493770.0,542840.0,3496330.0
train_1750_r10368_c4224,train,10368,4224,0,,0,542200.0,3493770.0,544760.0,3496330.0
train_1751_r10368_c4416,train,10368,4416,0,,0,544120.0,3493770.0,546680.0,3496330.0
train_1752_r10368_c4608,train,10368,4608,0,,0,546040.0,3493770.0,548600.0,3496330.0
train_1753_r10368_c4800,train,10368,4800,4,"307,1109,1110,1111",0,547960.0,3493770.0,550520.0,3496330.0
train_1754_r10368_c4992,train,10368,4992,3,"1107,1108,1109",0,549880.0,3493770.0,552440.0,3496330.0
train_1755_r10368_c5184,train,10368,5184,0,,0,551800.0,3493770.0,554360.0,3496330.0
train_1756_r10368_c5376,train,10368,5376,0,,0,553720.0,3493770.0,556280.0,3496330.0
train_1757_r10368_c5568,train,10368,5568,0,,0,555640.0,3493770.0,558200.0,3496330.0
train_1758_r10368_c5760,train,10368,5760,0,,0,557560.0,3493770.0,560120.0,3496330.0
train_1759_r10368_c5805,train,10368,5805,0,,0,558010.0,3493770.0,560570.0,3496330.0
train_1760_r10560_c0,train,10560,0,0,,0,499960.0,3491850.0,502520.0,3494410.0
train_1761_r10560_c192,train,10560,192,0,,0,501880.0,3491850.0,504440.0,3494410.0
train_1762_r10560_c384,train,10560,384,0,,0,503800.0,3491850.0,506360.0,3494410.0
train_1763_r10560_c576,train,10560,576,0,,0,505720.0,3491850.0,508280.0,3494410.0
train_1764_r10560_c768,train,10560,768,0,,0,507640.0,3491850.0,510200.0,3494410.0
train_1765_r10560_c960,train,10560,960,0,,0,509560.0,3491850.0,512120.0,3494410.0
train_1766_r10560_c1152,train,10560,1152,0,,0,511480.0,3491850.0,514040.0,3494410.0
train_1767_r10560_c1344,train,10560,1344,0,,0,513400.0,3491850.0,515960.0,3494410.0
train_1768_r10560_c1536,train,10560,1536,0,,0,515320.0,3491850.0,517880.0,3494410.0
train_1769_r10560_c1728,train,10560,1728,0,,0,517240.0,3491850.0,519800.0,3494410.0
train_1770_r10560_c1920,train,10560,1920,0,,0,519160.0,3491850.0,521720.0,3494410.0
train_1771_r10560_c2112,train,10560,2112,0,,0,521080.0,3491850.0,523640.0,3494410.0
train_1772_r10560_c2304,train,10560,2304,1,925,0,523000.0,3491850.0,525560.0,3494410.0
train_1773_r10560_c2496,train,10560,2496,0,,0,524920.0,3491850.0,527480.0,3494410.0
train_1774_r10560_c2688,train,10560,2688,0,,0,526840.0,3491850.0,529400.0,3494410.0
train_1775_r10560_c2880,train,10560,2880,0,,0,528760.0,3491850.0,531320.0,3494410.0
train_1776_r10560_c3072,train,10560,3072,1,985,0,530680.0,3491850.0,533240.0,3494410.0
train_1777_r10560_c3264,train,10560,3264,1,405,0,532600.0,3491850.0,535160.0,3494410.0
train_1778_r10560_c3456,train,10560,3456,0,,0,534520.0,3491850.0,537080.0,3494410.0
train_1779_r10560_c3648,train,10560,3648,0,,0,536440.0,3491850.0,539000.0,3494410.0
train_1780_r10560_c3840,train,10560,3840,0,,0,538360.0,3491850.0,540920.0,3494410.0
train_1781_r10560_c4032,train,10560,4032,0,,0,540280.0,3491850.0,542840.0,3494410.0
train_1782_r10560_c4224,train,10560,4224,0,,0,542200.0,3491850.0,544760.0,3494410.0
train_1783_r10560_c4416,train,10560,4416,0,,0,544120.0,3491850.0,546680.0,3494410.0
train_1784_r10560_c4608,train,10560,4608,0,,0,546040.0,3491850.0,548600.0,3494410.0
train_1785_r10560_c4800,train,10560,4800,1,1106,0,547960.0,3491850.0,550520.0,3494410.0
train_1786_r10560_c4992,train,10560,4992,2,"1107,1108",0,549880.0,3491850.0,552440.0,3494410.0
train_1787_r10560_c5184,train,10560,5184,0,,0,551800.0,3491850.0,554360.0,3494410.0
train_1788_r10560_c5376,train,10560,5376,0,,0,553720.0,3491850.0,556280.0,3494410.0
train_1789_r10560_c5568,train,10560,5568,0,,0,555640.0,3491850.0,558200.0,3494410.0
train_1790_r10560_c5760,train,10560,5760,0,,0,557560.0,3491850.0,560120.0,3494410.0
train_1791_r10560_c5805,train,10560,5805,0,,1,558010.0,3491850.0,560570.0,3494410.0
train_1792_r10724_c0,train,10724,0,0,,0,499960.0,3490210.0,502520.0,3492770.0
train_1793_r10724_c192,train,10724,192,0,,0,501880.0,3490210.0,504440.0,3492770.0
train_1794_r10724_c384,train,10724,384,0,,0,503800.0,3490210.0,506360.0,3492770.0
train_1795_r10724_c576,train,10724,576,0,,0,505720.0,3490210.0,508280.0,3492770.0
train_1796_r10724_c768,train,10724,768,0,,0,507640.0,3490210.0,510200.0,3492770.0
train_1797_r10724_c960,train,10724,960,0,,0,509560.0,3490210.0,512120.0,3492770.0
train_1798_r10724_c1152,train,10724,1152,0,,0,511480.0,3490210.0,514040.0,3492770.0
train_1799_r10724_c1344,train,10724,1344,0,,0,513400.0,3490210.0,515960.0,3492770.0
train_1800_r10724_c1536,train,10724,1536,0,,0,515320.0,3490210.0,517880.0,3492770.0
train_1801_r10724_c1728,train,10724,1728,0,,0,517240.0,3490210.0,519800.0,3492770.0
train_1802_r10724_c1920,train,10724,1920,0,,0,519160.0,3490210.0,521720.0,3492770.0
train_1803_r10724_c2112,train,10724,2112,0,,0,521080.0,3490210.0,523640.0,3492770.0
train_1804_r10724_c2304,train,10724,2304,0,,0,523000.0,3490210.0,525560.0,3492770.0
train_1805_r10724_c2496,train,10724,2496,0,,0,524920.0,3490210.0,527480.0,3492770.0
train_1806_r10724_c2688,train,10724,2688,0,,0,526840.0,3490210.0,529400.0,3492770.0
train_1807_r10724_c2880,train,10724,2880,1,984,0,528760.0,3490210.0,531320.0,3492770.0
train_1808_r10724_c3072,train,10724,3072,1,985,0,530680.0,3490210.0,533240.0,3492770.0
train_1809_r10724_c3264,train,10724,3264,1,983,0,532600.0,3490210.0,535160.0,3492770.0
train_1810_r10724_c3456,train,10724,3456,2,"427,983",0,534520.0,3490210.0,537080.0,3492770.0
train_1811_r10724_c3648,train,10724,3648,0,,0,536440.0,3490210.0,539000.0,3492770.0
train_1812_r10724_c3840,train,10724,3840,0,,0,538360.0,3490210.0,540920.0,3492770.0
train_1813_r10724_c4032,train,10724,4032,0,,0,540280.0,3490210.0,542840.0,3492770.0
train_1814_r10724_c4224,train,10724,4224,0,,0,542200.0,3490210.0,544760.0,3492770.0
train_1815_r10724_c4416,train,10724,4416,0,,0,544120.0,3490210.0,546680.0,3492770.0
train_1816_r10724_c4608,train,10724,4608,1,1103,0,546040.0,3490210.0,548600.0,3492770.0
train_1817_r10724_c4800,train,10724,4800,1,1103,0,547960.0,3490210.0,550520.0,3492770.0
train_1818_r10724_c4992,train,10724,4992,2,"1102,1105",0,549880.0,3490210.0,552440.0,3492770.0
train_1819_r10724_c5184,train,10724,5184,1,1105,0,551800.0,3490210.0,554360.0,3492770.0
train_1820_r10724_c5376,train,10724,5376,0,,0,553720.0,3490210.0,556280.0,3492770.0
train_1821_r10724_c5568,train,10724,5568,1,1104,0,555640.0,3490210.0,558200.0,3492770.0
train_1822_r10724_c5760,train,10724,5760,0,,0,557560.0,3490210.0,560120.0,3492770.0
train_1823_r10724_c5805,train,10724,5805,0,,1,558010.0,3490210.0,560570.0,3492770.0
val_0000_r0_c6060,val,0,6060,0,,0,560560.0,3597450.0,563120.0,3600010.0
val_0001_r0_c6252,val,0,6252,0,,0,562480.0,3597450.0,565040.0,3600010.0
val_0002_r0_c6444,val,0,6444,1,1185,0,564400.0,3597450.0,566960.0,3600010.0
val_0003_r0_c6636,val,0,6636,0,,0,566320.0,3597450.0,568880.0,3600010.0
val_0004_r0_c6828,val,0,6828,0,,0,568240.0,3597450.0,570800.0,3600010.0
val_0005_r0_c7020,val,0,7020,0,,0,570160.0,3597450.0,572720.0,3600010.0
val_0006_r0_c7099,val,0,7099,0,,0,570950.0,3597450.0,573510.0,3600010.0
val_0007_r192_c6060,val,192,6060,0,,0,560560.0,3595530.0,563120.0,3598090.0
val_0008_r192_c6252,val,192,6252,0,,0,562480.0,3595530.0,565040.0,3598090.0
val_0009_r192_c6444,val,192,6444,0,,0,564400.0,3595530.0,566960.0,3598090.0
val_0010_r192_c6636,val,192,6636,0,,0,566320.0,3595530.0,568880.0,3598090.0
val_0011_r192_c6828,val,192,6828,0,,0,568240.0,3595530.0,570800.0,3598090.0
val_0012_r192_c7020,val,192,7020,0,,0,570160.0,3595530.0,572720.0,3598090.0
val_0013_r192_c7099,val,192,7099,0,,0,570950.0,3595530.0,573510.0,3598090.0
val_0014_r384_c6060,val,384,6060,0,,0,560560.0,3593610.0,563120.0,3596170.0
val_0015_r384_c6252,val,384,6252,0,,0,562480.0,3593610.0,565040.0,3596170.0
val_0016_r384_c6444,val,384,6444,0,,0,564400.0,3593610.0,566960.0,3596170.0
val_0017_r384_c6636,val,384,6636,0,,0,566320.0,3593610.0,568880.0,3596170.0
val_0018_r384_c6828,val,384,6828,0,,0,568240.0,3593610.0,570800.0,3596170.0
val_0019_r384_c7020,val,384,7020,0,,0,570160.0,3593610.0,572720.0,3596170.0
val_0020_r384_c7099,val,384,7099,0,,0,570950.0,3593610.0,573510.0,3596170.0
val_0021_r576_c6060,val,576,6060,0,,0,560560.0,3591690.0,563120.0,3594250.0
val_0022_r576_c6252,val,576,6252,0,,0,562480.0,3591690.0,565040.0,3594250.0
val_0023_r576_c6444,val,576,6444,0,,0,564400.0,3591690.0,566960.0,3594250.0
val_0024_r576_c6636,val,576,6636,0,,0,566320.0,3591690.0,568880.0,3594250.0
val_0025_r576_c6828,val,576,6828,0,,0,568240.0,3591690.0,570800.0,3594250.0
val_0026_r576_c7020,val,576,7020,0,,0,570160.0,3591690.0,572720.0,3594250.0
val_0027_r576_c7099,val,576,7099,0,,0,570950.0,3591690.0,573510.0,3594250.0
val_0028_r768_c6060,val,768,6060,0,,0,560560.0,3589770.0,563120.0,3592330.0
val_0029_r768_c6252,val,768,6252,0,,0,562480.0,3589770.0,565040.0,3592330.0
val_0030_r768_c6444,val,768,6444,0,,0,564400.0,3589770.0,566960.0,3592330.0
val_0031_r768_c6636,val,768,6636,0,,0,566320.0,3589770.0,568880.0,3592330.0
val_0032_r768_c6828,val,768,6828,0,,0,568240.0,3589770.0,570800.0,3592330.0
val_0033_r768_c7020,val,768,7020,0,,0,570160.0,3589770.0,572720.0,3592330.0
val_0034_r768_c7099,val,768,7099,0,,0,570950.0,3589770.0,573510.0,3592330.0
val_0035_r960_c6060,val,960,6060,0,,0,560560.0,3587850.0,563120.0,3590410.0
val_0036_r960_c6252,val,960,6252,0,,0,562480.0,3587850.0,565040.0,3590410.0
val_0037_r960_c6444,val,960,6444,0,,0,564400.0,3587850.0,566960.0,3590410.0
val_0038_r960_c6636,val,960,6636,0,,0,566320.0,3587850.0,568880.0,3590410.0
val_0039_r960_c6828,val,960,6828,1,180,0,568240.0,3587850.0,570800.0,3590410.0
val_0040_r960_c7020,val,960,7020,1,180,0,570160.0,3587850.0,572720.0,3590410.0
val_0041_r960_c7099,val,960,7099,0,,0,570950.0,3587850.0,573510.0,3590410.0
val_0042_r1152_c6060,val,1152,6060,1,1184,0,560560.0,3585930.0,563120.0,3588490.0
val_0043_r1152_c6252,val,1152,6252,0,,0,562480.0,3585930.0,565040.0,3588490.0
val_0044_r1152_c6444,val,1152,6444,0,,0,564400.0,3585930.0,566960.0,3588490.0
val_0045_r1152_c6636,val,1152,6636,0,,0,566320.0,3585930.0,568880.0,3588490.0
val_0046_r1152_c6828,val,1152,6828,2,"112,180",0,568240.0,3585930.0,570800.0,3588490.0
val_0047_r1152_c7020,val,1152,7020,1,180,0,570160.0,3585930.0,572720.0,3588490.0
val_0048_r1152_c7099,val,1152,7099,0,,0,570950.0,3585930.0,573510.0,3588490.0
val_0049_r1344_c6060,val,1344,6060,1,1184,0,560560.0,3584010.0,563120.0,3586570.0
val_0050_r1344_c6252,val,1344,6252,0,,0,562480.0,3584010.0,565040.0,3586570.0
val_0051_r1344_c6444,val,1344,6444,1,1182,0,564400.0,3584010.0,566960.0,3586570.0
val_0052_r1344_c6636,val,1344,6636,1,173,0,566320.0,3584010.0,568880.0,3586570.0
val_0053_r1344_c6828,val,1344,6828,1,112,0,568240.0,3584010.0,570800.0,3586570.0
val_0054_r1344_c7020,val,1344,7020,0,,0,570160.0,3584010.0,572720.0,3586570.0
val_0055_r1344_c7099,val,1344,7099,0,,0,570950.0,3584010.0,573510.0,3586570.0
val_0056_r1536_c6060,val,1536,6060,1,1179,0,560560.0,3582090.0,563120.0,3584650.0
val_0057_r1536_c6252,val,1536,6252,0,,0,562480.0,3582090.0,565040.0,3584650.0
val_0058_r1536_c6444,val,1536,6444,1,1180,0,564400.0,3582090.0,566960.0,3584650.0
val_0059_r1536_c6636,val,1536,6636,2,"173,1239",0,566320.0,3582090.0,568880.0,3584650.0
val_0060_r1536_c6828,val,1536,6828,2,"176,1239",0,568240.0,3582090.0,570800.0,3584650.0
val_0061_r1536_c7020,val,1536,7020,0,,0,570160.0,3582090.0,572720.0,3584650.0
val_0062_r1536_c7099,val,1536,7099,0,,0,570950.0,3582090.0,573510.0,3584650.0
val_0063_r1728_c6060,val,1728,6060,0,,0,560560.0,3580170.0,563120.0,3582730.0
val_0064_r1728_c6252,val,1728,6252,1,116,0,562480.0,3580170.0,565040.0,3582730.0
val_0065_r1728_c6444,val,1728,6444,1,116,0,564400.0,3580170.0,566960.0,3582730.0
val_0066_r1728_c6636,val,1728,6636,1,1238,0,566320.0,3580170.0,568880.0,3582730.0
val_0067_r1728_c6828,val,1728,6828,2,"174,175",0,568240.0,3580170.0,570800.0,3582730.0
val_0068_r1728_c7020,val,1728,7020,3,"273,274,291",0,570160.0,3580170.0,572720.0,3582730.0
val_0069_r1728_c7099,val,1728,7099,3,"273,274,291",0,570950.0,3580170.0,573510.0,3582730.0
val_0070_r1920_c6060,val,1920,6060,0,,0,560560.0,3578250.0,563120.0,3580810.0
val_0071_r1920_c6252,val,1920,6252,1,116,0,562480.0,3578250.0,565040.0,3580810.0
val_0072_r1920_c6444,val,1920,6444,4,"116,160,161,163",0,564400.0,3578250.0,566960.0,3580810.0
val_0073_r1920_c6636,val,1920,6636,3,"163,167,1238",0,566320.0,3578250.0,568880.0,3580810.0
val_0074_r1920_c6828,val,1920,6828,0,,0,568240.0,3578250.0,570800.0,3580810.0
val_0075_r1920_c7020,val,1920,7020,1,1237,0,570160.0,3578250.0,572720.0,3580810.0
val_0076_r1920_c7099,val,1920,7099,1,1237,0,570950.0,3578250.0,573510.0,3580810.0
val_0077_r2112_c6060,val,2112,6060,1,155,0,560560.0,3576330.0,563120.0,3578890.0
val_0078_r2112_c6252,val,2112,6252,2,"158,159",0,562480.0,3576330.0,565040.0,3578890.0
val_0079_r2112_c6444,val,2112,6444,1,163,0,564400.0,3576330.0,566960.0,3578890.0
val_0080_r2112_c6636,val,2112,6636,4,"163,167,170,187",0,566320.0,3576330.0,568880.0,3578890.0
val_0081_r2112_c6828,val,2112,6828,4,"172,178,179,268",0,568240.0,3576330.0,570800.0,3578890.0
val_0082_r2112_c7020,val,2112,7020,3,"178,179,268",0,570160.0,3576330.0,572720.0,3578890.0
val_0083_r2112_c7099,val,2112,7099,0,,0,570950.0,3576330.0,573510.0,3578890.0
val_0084_r2304_c6060,val,2304,6060,1,1177,0,560560.0,3574410.0,563120.0,3576970.0
val_0085_r2304_c6252,val,2304,6252,2,"156,158",0,562480.0,3574410.0,565040.0,3576970.0
val_0086_r2304_c6444,val,2304,6444,0,,0,564400.0,3574410.0,566960.0,3576970.0
val_0087_r2304_c6636,val,2304,6636,1,169,0,566320.0,3574410.0,568880.0,3576970.0
val_0088_r2304_c6828,val,2304,6828,0,,0,568240.0,3574410.0,570800.0,3576970.0
val_0089_r2304_c7020,val,2304,7020,0,,0,570160.0,3574410.0,572720.0,3576970.0
val_0090_r2304_c7099,val,2304,7099,0,,0,570950.0,3574410.0,573510.0,3576970.0
val_0091_r2496_c6060,val,2496,6060,4,"151,152,153,154",0,560560.0,3572490.0,563120.0,3575050.0
val_0092_r2496_c6252,val,2496,6252,4,"152,153,156,157",0,562480.0,3572490.0,565040.0,3575050.0
val_0093_r2496_c6444,val,2496,6444,0,,0,564400.0,3572490.0,566960.0,3575050.0
val_0094_r2496_c6636,val,2496,6636,2,"166,169",0,566320.0,3572490.0,568880.0,3575050.0
val_0095_r2496_c6828,val,2496,6828,1,177,0,568240.0,3572490.0,570800.0,3575050.0
val_0096_r2496_c7020,val,2496,7020,0,,0,570160.0,3572490.0,572720.0,3575050.0
val_0097_r2496_c7099,val,2496,7099,0,,0,570950.0,3572490.0,573510.0,3575050.0
val_0098_r2688_c6060,val,2688,6060,2,"150,151",1,560560.0,3570570.0,563120.0,3573130.0
val_0099_r2688_c6252,val,2688,6252,0,,0,562480.0,3570570.0,565040.0,3573130.0
val_0100_r2688_c6444,val,2688,6444,2,"162,1236",0,564400.0,3570570.0,566960.0,3573130.0
val_0101_r2688_c6636,val,2688,6636,5,"162,164,165,168,1236",0,566320.0,3570570.0,568880.0,3573130.0
val_0102_r2688_c6828,val,2688,6828,1,171,0,568240.0,3570570.0,570800.0,3573130.0
val_0103_r2688_c7020,val,2688,7020,1,269,0,570160.0,3570570.0,572720.0,3573130.0
val_0104_r2688_c7099,val,2688,7099,1,269,0,570950.0,3570570.0,573510.0,3573130.0
val_0105_r2880_c6060,val,2880,6060,2,"145,150",2,560560.0,3568650.0,563120.0,3571210.0
val_0106_r2880_c6252,val,2880,6252,2,"146,147",0,562480.0,3568650.0,565040.0,3571210.0
val_0107_r2880_c6444,val,2880,6444,1,1235,0,564400.0,3568650.0,566960.0,3571210.0
val_0108_r2880_c6636,val,2880,6636,3,"164,165,168",0,566320.0,3568650.0,568880.0,3571210.0
val_0109_r2880_c6828,val,2880,6828,2,"148,1234",0,568240.0,3568650.0,570800.0,3571210.0
val_0110_r2880_c7020,val,2880,7020,0,,0,570160.0,3568650.0,572720.0,3571210.0
val_0111_r2880_c7099,val,2880,7099,0,,0,570950.0,3568650.0,573510.0,3571210.0
val_0112_r3072_c6060,val,3072,6060,1,14,0,560560.0,3566730.0,563120.0,3569290.0
val_0113_r3072_c6252,val,3072,6252,6,"13,14,15,146,147,817",0,562480.0,3566730.0,565040.0,3569290.0
val_0114_r3072_c6444,val,3072,6444,0,,0,564400.0,3566730.0,566960.0,3569290.0
val_0115_r3072_c6636,val,3072,6636,0,,0,566320.0,3566730.0,568880.0,3569290.0
val_0116_r3072_c6828,val,3072,6828,2,"104,858",0,568240.0,3566730.0,570800.0,3569290.0
val_0117_r3072_c7020,val,3072,7020,1,858,0,570160.0,3566730.0,572720.0,3569290.0
val_0118_r3072_c7099,val,3072,7099,0,,0,570950.0,3566730.0,573510.0,3569290.0
val_0119_r3264_c6060,val,3264,6060,0,,0,560560.0,3564810.0,563120.0,3567370.0
val_0120_r3264_c6252,val,3264,6252,3,"16,17,18",0,562480.0,3564810.0,565040.0,3567370.0
val_0121_r3264_c6444,val,3264,6444,1,17,0,564400.0,3564810.0,566960.0,3567370.0
val_0122_r3264_c6636,val,3264,6636,0,,0,566320.0,3564810.0,568880.0,3567370.0
val_0123_r3264_c6828,val,3264,6828,2,"104,858",0,568240.0,3564810.0,570800.0,3567370.0
val_0124_r3264_c7020,val,3264,7020,3,"484,485,858",0,570160.0,3564810.0,572720.0,3567370.0
val_0125_r3264_c7099,val,3264,7099,3,"483,484,485",0,570950.0,3564810.0,573510.0,3567370.0
val_0126_r3456_c6060,val,3456,6060,0,,0,560560.0,3562890.0,563120.0,3565450.0
val_0127_r3456_c6252,val,3456,6252,2,"17,102",0,562480.0,3562890.0,565040.0,3565450.0
val_0128_r3456_c6444,val,3456,6444,2,"17,854",0,564400.0,3562890.0,566960.0,3565450.0
val_0129_r3456_c6636,val,3456,6636,2,"103,854",0,566320.0,3562890.0,568880.0,3565450.0
val_0130_r3456_c6828,val,3456,6828,1,1233,0,568240.0,3562890.0,570800.0,3565450.0
val_0131_r3456_c7020,val,3456,7020,0,,0,570160.0,3562890.0,572720.0,3565450.0
val_0132_r3456_c7099,val,3456,7099,1,483,1,570950.0,3562890.0,573510.0,3565450.0
val_0133_r3648_c6060,val,3648,6060,0,,0,560560.0,3560970.0,563120.0,3563530.0
val_0134_r3648_c6252,val,3648,6252,0,,0,562480.0,3560970.0,565040.0,3563530.0
val_0135_r3648_c6444,val,3648,6444,0,,0,564400.0,3560970.0,566960.0,3563530.0
val_0136_r3648_c6636,val,3648,6636,1,103,0,566320.0,3560970.0,568880.0,3563530.0
val_0137_r3648_c6828,val,3648,6828,1,855,0,568240.0,3560970.0,570800.0,3563530.0
val_0138_r3648_c7020,val,3648,7020,3,"479,480,482",0,570160.0,3560970.0,572720.0,3563530.0
val_0139_r3648_c7099,val,3648,7099,4,"479,480,481,482",0,570950.0,3560970.0,573510.0,3563530.0
val_0140_r3840_c6060,val,3840,6060,1,1173,0,560560.0,3559050.0,563120.0,3561610.0
val_0141_r3840_c6252,val,3840,6252,0,,0,562480.0,3559050.0,565040.0,3561610.0
val_0142_r3840_c6444,val,3840,6444,0,,0,564400.0,3559050.0,566960.0,3561610.0
val_0143_r3840_c6636,val,3840,6636,0,,0,566320.0,3559050.0,568880.0,3561610.0
val_0144_r3840_c6828,val,3840,6828,0,,0,568240.0,3559050.0,570800.0,3561610.0
val_0145_r3840_c7020,val,3840,7020,2,"468,480",0,570160.0,3559050.0,572720.0,3561610.0
val_0146_r3840_c7099,val,3840,7099,3,"468,480,481",0,570950.0,3559050.0,573510.0,3561610.0
val_0147_r4032_c6060,val,4032,6060,1,1173,0,560560.0,3557130.0,563120.0,3559690.0
val_0148_r4032_c6252,val,4032,6252,2,"852,853",0,562480.0,3557130.0,565040.0,3559690.0
val_0149_r4032_c6444,val,4032,6444,2,"852,853",0,564400.0,3557130.0,566960.0,3559690.0
val_0150_r4032_c6636,val,4032,6636,0,,0,566320.0,3557130.0,568880.0,3559690.0
val_0151_r4032_c6828,val,4032,6828,1,857,0,568240.0,3557130.0,570800.0,3559690.0
val_0152_r4032_c7020,val,4032,7020,1,468,0,570160.0,3557130.0,572720.0,3559690.0
val_0153_r4032_c7099,val,4032,7099,1,468,0,570950.0,3557130.0,573510.0,3559690.0
val_0154_r4224_c6060,val,4224,6060,2,"847,848",0,560560.0,3555210.0,563120.0,3557770.0
val_0155_r4224_c6252,val,4224,6252,3,"847,848,850",0,562480.0,3555210.0,565040.0,3557770.0
val_0156_r4224_c6444,val,4224,6444,0,,0,564400.0,3555210.0,566960.0,3557770.0
val_0157_r4224_c6636,val,4224,6636,0,,0,566320.0,3555210.0,568880.0,3557770.0
val_0158_r4224_c6828,val,4224,6828,1,857,0,568240.0,3555210.0,570800.0,3557770.0
val_0159_r4224_c7020,val,4224,7020,2,"467,469",0,570160.0,3555210.0,572720.0,3557770.0
val_0160_r4224_c7099,val,4224,7099,4,"467,469,470,471",0,570950.0,3555210.0,573510.0,3557770.0
val_0161_r4416_c6060,val,4416,6060,1,847,0,560560.0,3553290.0,563120.0,3555850.0
val_0162_r4416_c6252,val,4416,6252,1,847,0,562480.0,3553290.0,565040.0,3555850.0
val_0163_r4416_c6444,val,4416,6444,0,,0,564400.0,3553290.0,566960.0,3555850.0
val_0164_r4416_c6636,val,4416,6636,2,"10,11",0,566320.0,3553290.0,568880.0,3555850.0
val_0165_r4416_c6828,val,4416,6828,1,11,0,568240.0,3553290.0,570800.0,3555850.0
val_0166_r4416_c7020,val,4416,7020,1,469,0,570160.0,3553290.0,572720.0,3555850.0
val_0167_r4416_c7099,val,4416,7099,3,"469,470,471",0,570950.0,3553290.0,573510.0,3555850.0
val_0168_r4608_c6060,val,4608,6060,3,"820,845,1172",0,560560.0,3551370.0,563120.0,3553930.0
val_0169_r4608_c6252,val,4608,6252,2,"849,851",0,562480.0,3551370.0,565040.0,3553930.0
val_0170_r4608_c6444,val,4608,6444,2,"8,99",0,564400.0,3551370.0,566960.0,3553930.0
val_0171_r4608_c6636,val,4608,6636,2,"8,9",0,566320.0,3551370.0,568880.0,3553930.0
val_0172_r4608_c6828,val,4608,6828,1,105,0,568240.0,3551370.0,570800.0,3553930.0
val_0173_r4608_c7020,val,4608,7020,0,,0,570160.0,3551370.0,572720.0,3553930.0
val_0174_r4608_c7099,val,4608,7099,0,,0,570950.0,3551370.0,573510.0,3553930.0
val_0175_r4800_c6060,val,4800,6060,4,"827,845,846,859",1,560560.0,3549450.0,563120.0,3552010.0
val_0176_r4800_c6252,val,4800,6252,6,"6,827,849,851,1168,1170",0,562480.0,3549450.0,565040.0,3552010.0
val_0177_r4800_c6444,val,4800,6444,1,8,0,564400.0,3549450.0,566960.0,3552010.0
val_0178_r4800_c6636,val,4800,6636,3,"8,107,108",0,566320.0,3549450.0,568880.0,3552010.0
val_0179_r4800_c6828,val,4800,6828,0,,0,568240.0,3549450.0,570800.0,3552010.0
val_0180_r4800_c7020,val,4800,7020,1,466,0,570160.0,3549450.0,572720.0,3552010.0
val_0181_r4800_c7099,val,4800,7099,1,466,0,570950.0,3549450.0,573510.0,3552010.0
val_0182_r4992_c6060,val,4992,6060,0,,0,560560.0,3547530.0,563120.0,3550090.0
val_0183_r4992_c6252,val,4992,6252,2,"6,1168",0,562480.0,3547530.0,565040.0,3550090.0
val_0184_r4992_c6444,val,4992,6444,3,"2,7,100",0,564400.0,3547530.0,566960.0,3550090.0
val_0185_r4992_c6636,val,4992,6636,0,,0,566320.0,3547530.0,568880.0,3550090.0
val_0186_r4992_c6828,val,4992,6828,0,,0,568240.0,3547530.0,570800.0,3550090.0
val_0187_r4992_c7020,val,4992,7020,0,,0,570160.0,3547530.0,572720.0,3550090.0
val_0188_r4992_c7099,val,4992,7099,1,451,0,570950.0,3547530.0,573510.0,3550090.0
val_0189_r5184_c6060,val,5184,6060,1,860,0,560560.0,3545610.0,563120.0,3548170.0
val_0190_r5184_c6252,val,5184,6252,0,,0,562480.0,3545610.0,565040.0,3548170.0
val_0191_r5184_c6444,val,5184,6444,2,"1230,1231",0,564400.0,3545610.0,566960.0,3548170.0
val_0192_r5184_c6636,val,5184,6636,2,"109,843",0,566320.0,3545610.0,568880.0,3548170.0
val_0193_r5184_c6828,val,5184,6828,2,"109,843",0,568240.0,3545610.0,570800.0,3548170.0
val_0194_r5184_c7020,val,5184,7020,1,448,0,570160.0,3545610.0,572720.0,3548170.0
val_0195_r5184_c7099,val,5184,7099,0,,0,570950.0,3545610.0,573510.0,3548170.0
val_0196_r5376_c6060,val,5376,6060,1,95,0,560560.0,3543690.0,563120.0,3546250.0
val_0197_r5376_c6252,val,5376,6252,1,96,0,562480.0,3543690.0,565040.0,3546250.0
val_0198_r5376_c6444,val,5376,6444,1,1230,0,564400.0,3543690.0,566960.0,3546250.0
val_0199_r5376_c6636,val,5376,6636,2,"109,843",0,566320.0,3543690.0,568880.0,3546250.0
val_0200_r5376_c6828,val,5376,6828,5,"109,110,111,843,856",0,568240.0,3543690.0,570800.0,3546250.0
val_0201_r5376_c7020,val,5376,7020,4,"448,449,450,856",0,570160.0,3543690.0,572720.0,3546250.0
val_0202_r5376_c7099,val,5376,7099,2,"449,450",0,570950.0,3543690.0,573510.0,3546250.0
val_0203_r5568_c6060,val,5568,6060,3,"825,826,828",0,560560.0,3541770.0,563120.0,3544330.0
val_0204_r5568_c6252,val,5568,6252,1,828,0,562480.0,3541770.0,565040.0,3544330.0
val_0205_r5568_c6444,val,5568,6444,0,,0,564400.0,3541770.0,566960.0,3544330.0
val_0206_r5568_c6636,val,5568,6636,0,,0,566320.0,3541770.0,568880.0,3544330.0
val_0207_r5568_c6828,val,5568,6828,0,,0,568240.0,3541770.0,570800.0,3544330.0
val_0208_r5568_c7020,val,5568,7020,2,"449,450",0,570160.0,3541770.0,572720.0,3544330.0
val_0209_r5568_c7099,val,5568,7099,2,"449,450",0,570950.0,3541770.0,573510.0,3544330.0
val_0210_r5760_c6060,val,5760,6060,1,5,0,560560.0,3539850.0,563120.0,3542410.0
val_0211_r5760_c6252,val,5760,6252,0,,0,562480.0,3539850.0,565040.0,3542410.0
val_0212_r5760_c6444,val,5760,6444,0,,0,564400.0,3539850.0,566960.0,3542410.0
val_0213_r5760_c6636,val,5760,6636,0,,0,566320.0,3539850.0,568880.0,3542410.0
val_0214_r5760_c6828,val,5760,6828,0,,0,568240.0,3539850.0,570800.0,3542410.0
val_0215_r5760_c7020,val,5760,7020,0,,0,570160.0,3539850.0,572720.0,3542410.0
val_0216_r5760_c7099,val,5760,7099,0,,0,570950.0,3539850.0,573510.0,3542410.0
val_0217_r5952_c6060,val,5952,6060,2,"50,52",0,560560.0,3537930.0,563120.0,3540490.0
val_0218_r5952_c6252,val,5952,6252,0,,0,562480.0,3537930.0,565040.0,3540490.0
val_0219_r5952_c6444,val,5952,6444,0,,0,564400.0,3537930.0,566960.0,3540490.0
val_0220_r5952_c6636,val,5952,6636,0,,0,566320.0,3537930.0,568880.0,3540490.0
val_0221_r5952_c6828,val,5952,6828,0,,0,568240.0,3537930.0,570800.0,3540490.0
val_0222_r5952_c7020,val,5952,7020,0,,0,570160.0,3537930.0,572720.0,3540490.0
val_0223_r5952_c7099,val,5952,7099,0,,0,570950.0,3537930.0,573510.0,3540490.0
val_0224_r6144_c6060,val,6144,6060,0,,0,560560.0,3536010.0,563120.0,3538570.0
val_0225_r6144_c6252,val,6144,6252,1,1165,0,562480.0,3536010.0,565040.0,3538570.0
val_0226_r6144_c6444,val,6144,6444,0,,0,564400.0,3536010.0,566960.0,3538570.0
val_0227_r6144_c6636,val,6144,6636,0,,0,566320.0,3536010.0,568880.0,3538570.0
val_0228_r6144_c6828,val,6144,6828,0,,0,568240.0,3536010.0,570800.0,3538570.0
val_0229_r6144_c7020,val,6144,7020,0,,0,570160.0,3536010.0,572720.0,3538570.0
val_0230_r6144_c7099,val,6144,7099,0,,1,570950.0,3536010.0,573510.0,3538570.0
val_0231_r6336_c6060,val,6336,6060,2,"51,53",1,560560.0,3534090.0,563120.0,3536650.0
val_0232_r6336_c6252,val,6336,6252,1,53,0,562480.0,3534090.0,565040.0,3536650.0
val_0233_r6336_c6444,val,6336,6444,0,,0,564400.0,3534090.0,566960.0,3536650.0
val_0234_r6336_c6636,val,6336,6636,0,,0,566320.0,3534090.0,568880.0,3536650.0
val_0235_r6336_c6828,val,6336,6828,0,,0,568240.0,3534090.0,570800.0,3536650.0
val_0236_r6336_c7020,val,6336,7020,0,,0,570160.0,3534090.0,572720.0,3536650.0
val_0237_r6336_c7099,val,6336,7099,0,,0,570950.0,3534090.0,573510.0,3536650.0
val_0238_r6528_c6060,val,6528,6060,2,"33,51",0,560560.0,3532170.0,563120.0,3534730.0
val_0239_r6528_c6252,val,6528,6252,0,,0,562480.0,3532170.0,565040.0,3534730.0
val_0240_r6528_c6444,val,6528,6444,1,32,0,564400.0,3532170.0,566960.0,3534730.0
val_0241_r6528_c6636,val,6528,6636,0,,0,566320.0,3532170.0,568880.0,3534730.0
val_0242_r6528_c6828,val,6528,6828,0,,0,568240.0,3532170.0,570800.0,3534730.0
val_0243_r6528_c7020,val,6528,7020,0,,0,570160.0,3532170.0,572720.0,3534730.0
val_0244_r6528_c7099,val,6528,7099,0,,0,570950.0,3532170.0,573510.0,3534730.0
val_0245_r6720_c6060,val,6720,6060,2,"33,1163",0,560560.0,3530250.0,563120.0,3532810.0
val_0246_r6720_c6252,val,6720,6252,0,,0,562480.0,3530250.0,565040.0,3532810.0
val_0247_r6720_c6444,val,6720,6444,0,,0,564400.0,3530250.0,566960.0,3532810.0
val_0248_r6720_c6636,val,6720,6636,0,,0,566320.0,3530250.0,568880.0,3532810.0
val_0249_r6720_c6828,val,6720,6828,0,,0,568240.0,3530250.0,570800.0,3532810.0
val_0250_r6720_c7020,val,6720,7020,0,,0,570160.0,3530250.0,572720.0,3532810.0
val_0251_r6720_c7099,val,6720,7099,0,,0,570950.0,3530250.0,573510.0,3532810.0
val_0252_r6912_c6060,val,6912,6060,2,"1162,1163",0,560560.0,3528330.0,563120.0,3530890.0
val_0253_r6912_c6252,val,6912,6252,2,"21,1162",0,562480.0,3528330.0,565040.0,3530890.0
val_0254_r6912_c6444,val,6912,6444,0,,0,564400.0,3528330.0,566960.0,3530890.0
val_0255_r6912_c6636,val,6912,6636,0,,0,566320.0,3528330.0,568880.0,3530890.0
val_0256_r6912_c6828,val,6912,6828,0,,0,568240.0,3528330.0,570800.0,3530890.0
val_0257_r6912_c7020,val,6912,7020,0,,0,570160.0,3528330.0,572720.0,3530890.0
val_0258_r6912_c7099,val,6912,7099,0,,0,570950.0,3528330.0,573510.0,3530890.0
val_0259_r7104_c6060,val,7104,6060,0,,0,560560.0,3526410.0,563120.0,3528970.0
val_0260_r7104_c6252,val,7104,6252,1,21,0,562480.0,3526410.0,565040.0,3528970.0
val_0261_r7104_c6444,val,7104,6444,0,,0,564400.0,3526410.0,566960.0,3528970.0
val_0262_r7104_c6636,val,7104,6636,0,,0,566320.0,3526410.0,568880.0,3528970.0
val_0263_r7104_c6828,val,7104,6828,0,,0,568240.0,3526410.0,570800.0,3528970.0
val_0264_r7104_c7020,val,7104,7020,0,,0,570160.0,3526410.0,572720.0,3528970.0
val_0265_r7104_c7099,val,7104,7099,0,,0,570950.0,3526410.0,573510.0,3528970.0
val_0266_r7296_c6060,val,7296,6060,1,34,0,560560.0,3524490.0,563120.0,3527050.0
val_0267_r7296_c6252,val,7296,6252,0,,0,562480.0,3524490.0,565040.0,3527050.0
val_0268_r7296_c6444,val,7296,6444,1,1227,0,564400.0,3524490.0,566960.0,3527050.0
val_0269_r7296_c6636,val,7296,6636,0,,0,566320.0,3524490.0,568880.0,3527050.0
val_0270_r7296_c6828,val,7296,6828,0,,0,568240.0,3524490.0,570800.0,3527050.0
val_0271_r7296_c7020,val,7296,7020,0,,0,570160.0,3524490.0,572720.0,3527050.0
val_0272_r7296_c7099,val,7296,7099,0,,0,570950.0,3524490.0,573510.0,3527050.0
val_0273_r7488_c6060,val,7488,6060,0,,0,560560.0,3522570.0,563120.0,3525130.0
val_0274_r7488_c6252,val,7488,6252,0,,0,562480.0,3522570.0,565040.0,3525130.0
val_0275_r7488_c6444,val,7488,6444,1,35,0,564400.0,3522570.0,566960.0,3525130.0
val_0276_r7488_c6636,val,7488,6636,0,,0,566320.0,3522570.0,568880.0,3525130.0
val_0277_r7488_c6828,val,7488,6828,0,,0,568240.0,3522570.0,570800.0,3525130.0
val_0278_r7488_c7020,val,7488,7020,0,,0,570160.0,3522570.0,572720.0,3525130.0
val_0279_r7488_c7099,val,7488,7099,0,,0,570950.0,3522570.0,573510.0,3525130.0
val_0280_r7680_c6060,val,7680,6060,0,,0,560560.0,3520650.0,563120.0,3523210.0
val_0281_r7680_c6252,val,7680,6252,0,,0,562480.0,3520650.0,565040.0,3523210.0
val_0282_r7680_c6444,val,7680,6444,1,1226,0,564400.0,3520650.0,566960.0,3523210.0
val_0283_r7680_c6636,val,7680,6636,1,1226,0,566320.0,3520650.0,568880.0,3523210.0
val_0284_r7680_c6828,val,7680,6828,0,,0,568240.0,3520650.0,570800.0,3523210.0
val_0285_r7680_c7020,val,7680,7020,0,,0,570160.0,3520650.0,572720.0,3523210.0
val_0286_r7680_c7099,val,7680,7099,0,,0,570950.0,3520650.0,573510.0,3523210.0
val_0287_r7872_c6060,val,7872,6060,2,"22,23",0,560560.0,3518730.0,563120.0,3521290.0
val_0288_r7872_c6252,val,7872,6252,2,"22,23",0,562480.0,3518730.0,565040.0,3521290.0
val_0289_r7872_c6444,val,7872,6444,0,,0,564400.0,3518730.0,566960.0,3521290.0
val_0290_r7872_c6636,val,7872,6636,0,,0,566320.0,3518730.0,568880.0,3521290.0
val_0291_r7872_c6828,val,7872,6828,0,,0,568240.0,3518730.0,570800.0,3521290.0
val_0292_r7872_c7020,val,7872,7020,0,,0,570160.0,3518730.0,572720.0,3521290.0
val_0293_r7872_c7099,val,7872,7099,0,,0,570950.0,3518730.0,573510.0,3521290.0
val_0294_r8064_c6060,val,8064,6060,0,,0,560560.0,3516810.0,563120.0,3519370.0
val_0295_r8064_c6252,val,8064,6252,0,,0,562480.0,3516810.0,565040.0,3519370.0
val_0296_r8064_c6444,val,8064,6444,0,,0,564400.0,3516810.0,566960.0,3519370.0
val_0297_r8064_c6636,val,8064,6636,1,24,0,566320.0,3516810.0,568880.0,3519370.0
val_0298_r8064_c6828,val,8064,6828,0,,0,568240.0,3516810.0,570800.0,3519370.0
val_0299_r8064_c7020,val,8064,7020,1,73,0,570160.0,3516810.0,572720.0,3519370.0
val_0300_r8064_c7099,val,8064,7099,1,73,0,570950.0,3516810.0,573510.0,3519370.0
val_0301_r8256_c6060,val,8256,6060,0,,0,560560.0,3514890.0,563120.0,3517450.0
val_0302_r8256_c6252,val,8256,6252,0,,0,562480.0,3514890.0,565040.0,3517450.0
val_0303_r8256_c6444,val,8256,6444,0,,0,564400.0,3514890.0,566960.0,3517450.0
val_0304_r8256_c6636,val,8256,6636,2,"24,25",0,566320.0,3514890.0,568880.0,3517450.0
val_0305_r8256_c6828,val,8256,6828,0,,0,568240.0,3514890.0,570800.0,3517450.0
val_0306_r8256_c7020,val,8256,7020,2,"73,1221",0,570160.0,3514890.0,572720.0,3517450.0
val_0307_r8256_c7099,val,8256,7099,2,"73,1221",0,570950.0,3514890.0,573510.0,3517450.0
val_0308_r8448_c6060,val,8448,6060,1,28,0,560560.0,3512970.0,563120.0,3515530.0
val_0309_r8448_c6252,val,8448,6252,1,28,0,562480.0,3512970.0,565040.0,3515530.0
val_0310_r8448_c6444,val,8448,6444,0,,0,564400.0,3512970.0,566960.0,3515530.0
val_0311_r8448_c6636,val,8448,6636,0,,0,566320.0,3512970.0,568880.0,3515530.0
val_0312_r8448_c6828,val,8448,6828,0,,0,568240.0,3512970.0,570800.0,3515530.0
val_0313_r8448_c7020,val,8448,7020,0,,0,570160.0,3512970.0,572720.0,3515530.0
val_0314_r8448_c7099,val,8448,7099,0,,0,570950.0,3512970.0,573510.0,3515530.0
val_0315_r8640_c6060,val,8640,6060,2,"28,293",0,560560.0,3511050.0,563120.0,3513610.0
val_0316_r8640_c6252,val,8640,6252,1,28,0,562480.0,3511050.0,565040.0,3513610.0
val_0317_r8640_c6444,val,8640,6444,0,,0,564400.0,3511050.0,566960.0,3513610.0
val_0318_r8640_c6636,val,8640,6636,0,,0,566320.0,3511050.0,568880.0,3513610.0
val_0319_r8640_c6828,val,8640,6828,1,1217,0,568240.0,3511050.0,570800.0,3513610.0
val_0320_r8640_c7020,val,8640,7020,1,256,0,570160.0,3511050.0,572720.0,3513610.0
val_0321_r8640_c7099,val,8640,7099,1,256,0,570950.0,3511050.0,573510.0,3513610.0
val_0322_r8832_c6060,val,8832,6060,0,,0,560560.0,3509130.0,563120.0,3511690.0
val_0323_r8832_c6252,val,8832,6252,0,,0,562480.0,3509130.0,565040.0,3511690.0
val_0324_r8832_c6444,val,8832,6444,0,,0,564400.0,3509130.0,566960.0,3511690.0
val_0325_r8832_c6636,val,8832,6636,0,,0,566320.0,3509130.0,568880.0,3511690.0
val_0326_r8832_c6828,val,8832,6828,1,1216,0,568240.0,3509130.0,570800.0,3511690.0
val_0327_r8832_c7020,val,8832,7020,1,1216,0,570160.0,3509130.0,572720.0,3511690.0
val_0328_r8832_c7099,val,8832,7099,0,,0,570950.0,3509130.0,573510.0,3511690.0
val_0329_r9024_c6060,val,9024,6060,0,,0,560560.0,3507210.0,563120.0,3509770.0
val_0330_r9024_c6252,val,9024,6252,0,,0,562480.0,3507210.0,565040.0,3509770.0
val_0331_r9024_c6444,val,9024,6444,0,,0,564400.0,3507210.0,566960.0,3509770.0
val_0332_r9024_c6636,val,9024,6636,0,,0,566320.0,3507210.0,568880.0,3509770.0
val_0333_r9024_c6828,val,9024,6828,0,,0,568240.0,3507210.0,570800.0,3509770.0
val_0334_r9024_c7020,val,9024,7020,0,,0,570160.0,3507210.0,572720.0,3509770.0
val_0335_r9024_c7099,val,9024,7099,0,,0,570950.0,3507210.0,573510.0,3509770.0
val_0336_r9216_c6060,val,9216,6060,0,,0,560560.0,3505290.0,563120.0,3507850.0
val_0337_r9216_c6252,val,9216,6252,0,,0,562480.0,3505290.0,565040.0,3507850.0
val_0338_r9216_c6444,val,9216,6444,2,"1211,1213",0,564400.0,3505290.0,566960.0,3507850.0
val_0339_r9216_c6636,val,9216,6636,2,"1211,1212",0,566320.0,3505290.0,568880.0,3507850.0
val_0340_r9216_c6828,val,9216,6828,0,,0,568240.0,3505290.0,570800.0,3507850.0
val_0341_r9216_c7020,val,9216,7020,0,,0,570160.0,3505290.0,572720.0,3507850.0
val_0342_r9216_c7099,val,9216,7099,0,,0,570950.0,3505290.0,573510.0,3507850.0
val_0343_r9408_c6060,val,9408,6060,2,"1157,1159",1,560560.0,3503370.0,563120.0,3505930.0
val_0344_r9408_c6252,val,9408,6252,0,,0,562480.0,3503370.0,565040.0,3505930.0
val_0345_r9408_c6444,val,9408,6444,0,,0,564400.0,3503370.0,566960.0,3505930.0
val_0346_r9408_c6636,val,9408,6636,0,,0,566320.0,3503370.0,568880.0,3505930.0
val_0347_r9408_c6828,val,9408,6828,1,1205,0,568240.0,3503370.0,570800.0,3505930.0
val_0348_r9408_c7020,val,9408,7020,0,,0,570160.0,3503370.0,572720.0,3505930.0
val_0349_r9408_c7099,val,9408,7099,0,,1,570950.0,3503370.0,573510.0,3505930.0
val_0350_r9600_c6060,val,9600,6060,2,"301,1157",0,560560.0,3501450.0,563120.0,3504010.0
val_0351_r9600_c6252,val,9600,6252,2,"316,1157",0,562480.0,3501450.0,565040.0,3504010.0
val_0352_r9600_c6444,val,9600,6444,0,,0,564400.0,3501450.0,566960.0,3504010.0
val_0353_r9600_c6636,val,9600,6636,0,,0,566320.0,3501450.0,568880.0,3504010.0
val_0354_r9600_c6828,val,9600,6828,0,,0,568240.0,3501450.0,570800.0,3504010.0
val_0355_r9600_c7020,val,9600,7020,0,,0,570160.0,3501450.0,572720.0,3504010.0
val_0356_r9600_c7099,val,9600,7099,0,,1,570950.0,3501450.0,573510.0,3504010.0
val_0357_r9792_c6060,val,9792,6060,0,,0,560560.0,3499530.0,563120.0,3502090.0
val_0358_r9792_c6252,val,9792,6252,1,1156,0,562480.0,3499530.0,565040.0,3502090.0
val_0359_r9792_c6444,val,9792,6444,1,1156,0,564400.0,3499530.0,566960.0,3502090.0
val_0360_r9792_c6636,val,9792,6636,2,"302,308",0,566320.0,3499530.0,568880.0,3502090.0
val_0361_r9792_c6828,val,9792,6828,1,302,0,568240.0,3499530.0,570800.0,3502090.0
val_0362_r9792_c7020,val,9792,7020,2,"255,1197",0,570160.0,3499530.0,572720.0,3502090.0
val_0363_r9792_c7099,val,9792,7099,3,"255,1196,1197",1,570950.0,3499530.0,573510.0,3502090.0
val_0364_r9984_c6060,val,9984,6060,0,,0,560560.0,3497610.0,563120.0,3500170.0
val_0365_r9984_c6252,val,9984,6252,0,,0,562480.0,3497610.0,565040.0,3500170.0
val_0366_r9984_c6444,val,9984,6444,0,,0,564400.0,3497610.0,566960.0,3500170.0
val_0367_r9984_c6636,val,9984,6636,1,308,0,566320.0,3497610.0,568880.0,3500170.0
val_0368_r9984_c6828,val,9984,6828,1,302,0,568240.0,3497610.0,570800.0,3500170.0
val_0369_r9984_c7020,val,9984,7020,0,,0,570160.0,3497610.0,572720.0,3500170.0
val_0370_r9984_c7099,val,9984,7099,1,238,1,570950.0,3497610.0,573510.0,3500170.0
val_0371_r10176_c6060,val,10176,6060,0,,0,560560.0,3495690.0,563120.0,3498250.0
val_0372_r10176_c6252,val,10176,6252,0,,0,562480.0,3495690.0,565040.0,3498250.0
val_0373_r10176_c6444,val,10176,6444,2,"304,305",0,564400.0,3495690.0,566960.0,3498250.0
val_0374_r10176_c6636,val,10176,6636,0,,0,566320.0,3495690.0,568880.0,3498250.0
val_0375_r10176_c6828,val,10176,6828,0,,0,568240.0,3495690.0,570800.0,3498250.0
val_0376_r10176_c7020,val,10176,7020,1,237,0,570160.0,3495690.0,572720.0,3498250.0
val_0377_r10176_c7099,val,10176,7099,2,"237,238",0,570950.0,3495690.0,573510.0,3498250.0
val_0378_r10368_c6060,val,10368,6060,0,,0,560560.0,3493770.0,563120.0,3496330.0
val_0379_r10368_c6252,val,10368,6252,0,,0,562480.0,3493770.0,565040.0,3496330.0
val_0380_r10368_c6444,val,10368,6444,1,306,0,564400.0,3493770.0,566960.0,3496330.0
val_0381_r10368_c6636,val,10368,6636,0,,0,566320.0,3493770.0,568880.0,3496330.0
val_0382_r10368_c6828,val,10368,6828,0,,0,568240.0,3493770.0,570800.0,3496330.0
val_0383_r10368_c7020,val,10368,7020,0,,0,570160.0,3493770.0,572720.0,3496330.0
val_0384_r10368_c7099,val,10368,7099,3,"236,239,240",1,570950.0,3493770.0,573510.0,3496330.0
val_0385_r10560_c6060,val,10560,6060,0,,1,560560.0,3491850.0,563120.0,3494410.0
val_0386_r10560_c6252,val,10560,6252,0,,0,562480.0,3491850.0,565040.0,3494410.0
val_0387_r10560_c6444,val,10560,6444,0,,0,564400.0,3491850.0,566960.0,3494410.0
val_0388_r10560_c6636,val,10560,6636,0,,0,566320.0,3491850.0,568880.0,3494410.0
val_0389_r10560_c6828,val,10560,6828,2,"310,311",0,568240.0,3491850.0,570800.0,3494410.0
val_0390_r10560_c7020,val,10560,7020,1,310,0,570160.0,3491850.0,572720.0,3494410.0
val_0391_r10560_c7099,val,10560,7099,2,"236,240",1,570950.0,3491850.0,573510.0,3494410.0
val_0392_r10724_c6060,val,10724,6060,0,,1,560560.0,3490210.0,563120.0,3492770.0
val_0393_r10724_c6252,val,10724,6252,0,,0,562480.0,3490210.0,565040.0,3492770.0
val_0394_r10724_c6444,val,10724,6444,0,,0,564400.0,3490210.0,566960.0,3492770.0
val_0395_r10724_c6636,val,10724,6636,0,,0,566320.0,3490210.0,568880.0,3492770.0
val_0396_r10724_c6828,val,10724,6828,2,"309,310",0,568240.0,3490210.0,570800.0,3492770.0
val_0397_r10724_c7020,val,10724,7020,2,"309,310",0,570160.0,3490210.0,572720.0,3492770.0
val_0398_r10724_c7099,val,10724,7099,0,,0,570950.0,3490210.0,573510.0,3492770.0
test_0000_r0_c7354,test,0,7354,0,,0,573500.0,3597450.0,576060.0,3600010.0
test_0001_r0_c7546,test,0,7546,0,,0,575420.0,3597450.0,577980.0,3600010.0
test_0002_r0_c7738,test,0,7738,0,,0,577340.0,3597450.0,579900.0,3600010.0
test_0003_r0_c7930,test,0,7930,0,,0,579260.0,3597450.0,581820.0,3600010.0
test_0004_r0_c8122,test,0,8122,0,,0,581180.0,3597450.0,583740.0,3600010.0
test_0005_r0_c8314,test,0,8314,0,,0,583100.0,3597450.0,585660.0,3600010.0
test_0006_r0_c8506,test,0,8506,0,,0,585020.0,3597450.0,587580.0,3600010.0
test_0007_r0_c8698,test,0,8698,0,,0,586940.0,3597450.0,589500.0,3600010.0
test_0008_r0_c8890,test,0,8890,0,,0,588860.0,3597450.0,591420.0,3600010.0
test_0009_r0_c9082,test,0,9082,0,,0,590780.0,3597450.0,593340.0,3600010.0
test_0010_r0_c9274,test,0,9274,0,,0,592700.0,3597450.0,595260.0,3600010.0
test_0011_r0_c9466,test,0,9466,0,,0,594620.0,3597450.0,597180.0,3600010.0
test_0012_r0_c9658,test,0,9658,0,,0,596540.0,3597450.0,599100.0,3600010.0
test_0013_r0_c9850,test,0,9850,0,,0,598460.0,3597450.0,601020.0,3600010.0
test_0014_r0_c10042,test,0,10042,0,,0,600380.0,3597450.0,602940.0,3600010.0
test_0015_r0_c10234,test,0,10234,0,,0,602300.0,3597450.0,604860.0,3600010.0
test_0016_r0_c10426,test,0,10426,0,,0,604220.0,3597450.0,606780.0,3600010.0
test_0017_r0_c10618,test,0,10618,0,,0,606140.0,3597450.0,608700.0,3600010.0
test_0018_r0_c10726,test,0,10726,0,,0,607220.0,3597450.0,609780.0,3600010.0
test_0019_r192_c7354,test,192,7354,0,,0,573500.0,3595530.0,576060.0,3598090.0
test_0020_r192_c7546,test,192,7546,0,,0,575420.0,3595530.0,577980.0,3598090.0
test_0021_r192_c7738,test,192,7738,0,,0,577340.0,3595530.0,579900.0,3598090.0
test_0022_r192_c7930,test,192,7930,0,,0,579260.0,3595530.0,581820.0,3598090.0
test_0023_r192_c8122,test,192,8122,0,,0,581180.0,3595530.0,583740.0,3598090.0
test_0024_r192_c8314,test,192,8314,0,,0,583100.0,3595530.0,585660.0,3598090.0
test_0025_r192_c8506,test,192,8506,1,284,0,585020.0,3595530.0,587580.0,3598090.0
test_0026_r192_c8698,test,192,8698,1,284,0,586940.0,3595530.0,589500.0,3598090.0
test_0027_r192_c8890,test,192,8890,0,,0,588860.0,3595530.0,591420.0,3598090.0
test_0028_r192_c9082,test,192,9082,0,,0,590780.0,3595530.0,593340.0,3598090.0
test_0029_r192_c9274,test,192,9274,0,,0,592700.0,3595530.0,595260.0,3598090.0
test_0030_r192_c9466,test,192,9466,0,,0,594620.0,3595530.0,597180.0,3598090.0
test_0031_r192_c9658,test,192,9658,1,1241,0,596540.0,3595530.0,599100.0,3598090.0
test_0032_r192_c9850,test,192,9850,0,,0,598460.0,3595530.0,601020.0,3598090.0
test_0033_r192_c10042,test,192,10042,0,,0,600380.0,3595530.0,602940.0,3598090.0
test_0034_r192_c10234,test,192,10234,0,,0,602300.0,3595530.0,604860.0,3598090.0
test_0035_r192_c10426,test,192,10426,0,,0,604220.0,3595530.0,606780.0,3598090.0
test_0036_r192_c10618,test,192,10618,0,,0,606140.0,3595530.0,608700.0,3598090.0
test_0037_r192_c10726,test,192,10726,0,,0,607220.0,3595530.0,609780.0,3598090.0
test_0038_r384_c7354,test,384,7354,0,,0,573500.0,3593610.0,576060.0,3596170.0
test_0039_r384_c7546,test,384,7546,0,,0,575420.0,3593610.0,577980.0,3596170.0
test_0040_r384_c7738,test,384,7738,0,,0,577340.0,3593610.0,579900.0,3596170.0
test_0041_r384_c7930,test,384,7930,0,,0,579260.0,3593610.0,581820.0,3596170.0
test_0042_r384_c8122,test,384,8122,0,,0,581180.0,3593610.0,583740.0,3596170.0
test_0043_r384_c8314,test,384,8314,0,,0,583100.0,3593610.0,585660.0,3596170.0
test_0044_r384_c8506,test,384,8506,0,,0,585020.0,3593610.0,587580.0,3596170.0
test_0045_r384_c8698,test,384,8698,0,,0,586940.0,3593610.0,589500.0,3596170.0
test_0046_r384_c8890,test,384,8890,1,288,0,588860.0,3593610.0,591420.0,3596170.0
test_0047_r384_c9082,test,384,9082,0,,0,590780.0,3593610.0,593340.0,3596170.0
test_0048_r384_c9274,test,384,9274,0,,0,592700.0,3593610.0,595260.0,3596170.0
test_0049_r384_c9466,test,384,9466,0,,0,594620.0,3593610.0,597180.0,3596170.0
test_0050_r384_c9658,test,384,9658,2,"290,1241",0,596540.0,3593610.0,599100.0,3596170.0
test_0051_r384_c9850,test,384,9850,1,290,0,598460.0,3593610.0,601020.0,3596170.0
test_0052_r384_c10042,test,384,10042,0,,0,600380.0,3593610.0,602940.0,3596170.0
test_0053_r384_c10234,test,384,10234,0,,0,602300.0,3593610.0,604860.0,3596170.0
test_0054_r384_c10426,test,384,10426,0,,0,604220.0,3593610.0,606780.0,3596170.0
test_0055_r384_c10618,test,384,10618,0,,0,606140.0,3593610.0,608700.0,3596170.0
test_0056_r384_c10726,test,384,10726,0,,0,607220.0,3593610.0,609780.0,3596170.0
test_0057_r576_c7354,test,576,7354,0,,0,573500.0,3591690.0,576060.0,3594250.0
test_0058_r576_c7546,test,576,7546,0,,0,575420.0,3591690.0,577980.0,3594250.0
test_0059_r576_c7738,test,576,7738,0,,0,577340.0,3591690.0,579900.0,3594250.0
test_0060_r576_c7930,test,576,7930,1,279,0,579260.0,3591690.0,581820.0,3594250.0
test_0061_r576_c8122,test,576,8122,2,"280,1240",0,581180.0,3591690.0,583740.0,3594250.0
test_0062_r576_c8314,test,576,8314,1,280,0,583100.0,3591690.0,585660.0,3594250.0
test_0063_r576_c8506,test,576,8506,0,,0,585020.0,3591690.0,587580.0,3594250.0
test_0064_r576_c8698,test,576,8698,0,,0,586940.0,3591690.0,589500.0,3594250.0
test_0065_r576_c8890,test,576,8890,0,,0,588860.0,3591690.0,591420.0,3594250.0
test_0066_r576_c9082,test,576,9082,0,,0,590780.0,3591690.0,593340.0,3594250.0
test_0067_r576_c9274,test,576,9274,0,,0,592700.0,3591690.0,595260.0,3594250.0
test_0068_r576_c9466,test,576,9466,0,,0,594620.0,3591690.0,597180.0,3594250.0
test_0069_r576_c9658,test,576,9658,1,290,0,596540.0,3591690.0,599100.0,3594250.0
test_0070_r576_c9850,test,576,9850,1,290,0,598460.0,3591690.0,601020.0,3594250.0
test_0071_r576_c10042,test,576,10042,0,,0,600380.0,3591690.0,602940.0,3594250.0
test_0072_r576_c10234,test,576,10234,0,,0,602300.0,3591690.0,604860.0,3594250.0
test_0073_r576_c10426,test,576,10426,0,,0,604220.0,3591690.0,606780.0,3594250.0
test_0074_r576_c10618,test,576,10618,1,264,0,606140.0,3591690.0,608700.0,3594250.0
test_0075_r576_c10726,test,576,10726,1,264,0,607220.0,3591690.0,609780.0,3594250.0
test_0076_r768_c7354,test,768,7354,0,,0,573500.0,3589770.0,576060.0,3592330.0
test_0077_r768_c7546,test,768,7546,0,,0,575420.0,3589770.0,577980.0,3592330.0
test_0078_r768_c7738,test,768,7738,0,,0,577340.0,3589770.0,579900.0,3592330.0
test_0079_r768_c7930,test,768,7930,1,279,0,579260.0,3589770.0,581820.0,3592330.0
test_0080_r768_c8122,test,768,8122,1,280,0,581180.0,3589770.0,583740.0,3592330.0
test_0081_r768_c8314,test,768,8314,2,"280,281",0,583100.0,3589770.0,585660.0,3592330.0
test_0082_r768_c8506,test,768,8506,2,"281,282",0,585020.0,3589770.0,587580.0,3592330.0
test_0083_r768_c8698,test,768,8698,3,"278,282,283",0,586940.0,3589770.0,589500.0,3592330.0
test_0084_r768_c8890,test,768,8890,0,,0,588860.0,3589770.0,591420.0,3592330.0
test_0085_r768_c9082,test,768,9082,0,,0,590780.0,3589770.0,593340.0,3592330.0
test_0086_r768_c9274,test,768,9274,0,,0,592700.0,3589770.0,595260.0,3592330.0
test_0087_r768_c9466,test,768,9466,1,289,0,594620.0,3589770.0,597180.0,3592330.0
test_0088_r768_c9658,test,768,9658,0,,0,596540.0,3589770.0,599100.0,3592330.0
test_0089_r768_c9850,test,768,9850,1,292,0,598460.0,3589770.0,601020.0,3592330.0
test_0090_r768_c10042,test,768,10042,0,,0,600380.0,3589770.0,602940.0,3592330.0
test_0091_r768_c10234,test,768,10234,0,,0,602300.0,3589770.0,604860.0,3592330.0
test_0092_r768_c10426,test,768,10426,0,,0,604220.0,3589770.0,606780.0,3592330.0
test_0093_r768_c10618,test,768,10618,1,264,0,606140.0,3589770.0,608700.0,3592330.0
test_0094_r768_c10726,test,768,10726,1,264,0,607220.0,3589770.0,609780.0,3592330.0
test_0095_r960_c7354,test,960,7354,0,,0,573500.0,3587850.0,576060.0,3590410.0
test_0096_r960_c7546,test,960,7546,0,,0,575420.0,3587850.0,577980.0,3590410.0
test_0097_r960_c7738,test,960,7738,0,,0,577340.0,3587850.0,579900.0,3590410.0
test_0098_r960_c7930,test,960,7930,0,,0,579260.0,3587850.0,581820.0,3590410.0
test_0099_r960_c8122,test,960,8122,0,,0,581180.0,3587850.0,583740.0,3590410.0
test_0100_r960_c8314,test,960,8314,0,,0,583100.0,3587850.0,585660.0,3590410.0
test_0101_r960_c8506,test,960,8506,0,,0,585020.0,3587850.0,587580.0,3590410.0
test_0102_r960_c8698,test,960,8698,2,"267,278",0,586940.0,3587850.0,589500.0,3590410.0
test_0103_r960_c8890,test,960,8890,0,,0,588860.0,3587850.0,591420.0,3590410.0
test_0104_r960_c9082,test,960,9082,0,,0,590780.0,3587850.0,593340.0,3590410.0
test_0105_r960_c9274,test,960,9274,2,"286,287",0,592700.0,3587850.0,595260.0,3590410.0
test_0106_r960_c9466,test,960,9466,1,287,0,594620.0,3587850.0,597180.0,3590410.0
test_0107_r960_c9658,test,960,9658,0,,0,596540.0,3587850.0,599100.0,3590410.0
test_0108_r960_c9850,test,960,9850,0,,0,598460.0,3587850.0,601020.0,3590410.0
test_0109_r960_c10042,test,960,10042,0,,0,600380.0,3587850.0,602940.0,3590410.0
test_0110_r960_c10234,test,960,10234,0,,0,602300.0,3587850.0,604860.0,3590410.0
test_0111_r960_c10426,test,960,10426,0,,0,604220.0,3587850.0,606780.0,3590410.0
test_0112_r960_c10618,test,960,10618,0,,0,606140.0,3587850.0,608700.0,3590410.0
test_0113_r960_c10726,test,960,10726,0,,0,607220.0,3587850.0,609780.0,3590410.0
test_0114_r1152_c7354,test,1152,7354,0,,0,573500.0,3585930.0,576060.0,3588490.0
test_0115_r1152_c7546,test,1152,7546,0,,0,575420.0,3585930.0,577980.0,3588490.0
test_0116_r1152_c7738,test,1152,7738,1,277,0,577340.0,3585930.0,579900.0,3588490.0
test_0117_r1152_c7930,test,1152,7930,1,277,0,579260.0,3585930.0,581820.0,3588490.0
test_0118_r1152_c8122,test,1152,8122,0,,0,581180.0,3585930.0,583740.0,3588490.0
test_0119_r1152_c8314,test,1152,8314,0,,0,583100.0,3585930.0,585660.0,3588490.0
test_0120_r1152_c8506,test,1152,8506,0,,0,585020.0,3585930.0,587580.0,3588490.0
test_0121_r1152_c8698,test,1152,8698,0,,0,586940.0,3585930.0,589500.0,3588490.0
test_0122_r1152_c8890,test,1152,8890,0,,0,588860.0,3585930.0,591420.0,3588490.0
test_0123_r1152_c9082,test,1152,9082,0,,0,590780.0,3585930.0,593340.0,3588490.0
test_0124_r1152_c9274,test,1152,9274,2,"285,287",0,592700.0,3585930.0,595260.0,3588490.0
test_0125_r1152_c9466,test,1152,9466,1,287,0,594620.0,3585930.0,597180.0,3588490.0
test_0126_r1152_c9658,test,1152,9658,0,,0,596540.0,3585930.0,599100.0,3588490.0
test_0127_r1152_c9850,test,1152,9850,0,,0,598460.0,3585930.0,601020.0,3588490.0
test_0128_r1152_c10042,test,1152,10042,0,,0,600380.0,3585930.0,602940.0,3588490.0
test_0129_r1152_c10234,test,1152,10234,0,,0,602300.0,3585930.0,604860.0,3588490.0
test_0130_r1152_c10426,test,1152,10426,0,,0,604220.0,3585930.0,606780.0,3588490.0
test_0131_r1152_c10618,test,1152,10618,0,,0,606140.0,3585930.0,608700.0,3588490.0
test_0132_r1152_c10726,test,1152,10726,0,,0,607220.0,3585930.0,609780.0,3588490.0
test_0133_r1344_c7354,test,1344,7354,1,276,0,573500.0,3584010.0,576060.0,3586570.0
test_0134_r1344_c7546,test,1344,7546,0,,0,575420.0,3584010.0,577980.0,3586570.0
test_0135_r1344_c7738,test,1344,7738,1,277,0,577340.0,3584010.0,579900.0,3586570.0
test_0136_r1344_c7930,test,1344,7930,1,277,0,579260.0,3584010.0,581820.0,3586570.0
test_0137_r1344_c8122,test,1344,8122,0,,0,581180.0,3584010.0,583740.0,3586570.0
test_0138_r1344_c8314,test,1344,8314,0,,0,583100.0,3584010.0,585660.0,3586570.0
test_0139_r1344_c8506,test,1344,8506,0,,0,585020.0,3584010.0,587580.0,3586570.0
test_0140_r1344_c8698,test,1344,8698,0,,0,586940.0,3584010.0,589500.0,3586570.0
test_0141_r1344_c8890,test,1344,8890,0,,0,588860.0,3584010.0,591420.0,3586570.0
test_0142_r1344_c9082,test,1344,9082,0,,0,590780.0,3584010.0,593340.0,3586570.0
test_0143_r1344_c9274,test,1344,9274,0,,0,592700.0,3584010.0,595260.0,3586570.0
test_0144_r1344_c9466,test,1344,9466,0,,0,594620.0,3584010.0,597180.0,3586570.0
test_0145_r1344_c9658,test,1344,9658,0,,0,596540.0,3584010.0,599100.0,3586570.0
test_0146_r1344_c9850,test,1344,9850,0,,0,598460.0,3584010.0,601020.0,3586570.0
test_0147_r1344_c10042,test,1344,10042,0,,0,600380.0,3584010.0,602940.0,3586570.0
test_0148_r1344_c10234,test,1344,10234,0,,0,602300.0,3584010.0,604860.0,3586570.0
test_0149_r1344_c10426,test,1344,10426,0,,0,604220.0,3584010.0,606780.0,3586570.0
test_0150_r1344_c10618,test,1344,10618,0,,0,606140.0,3584010.0,608700.0,3586570.0
test_0151_r1344_c10726,test,1344,10726,0,,0,607220.0,3584010.0,609780.0,3586570.0
test_0152_r1536_c7354,test,1536,7354,1,275,0,573500.0,3582090.0,576060.0,3584650.0
test_0153_r1536_c7546,test,1536,7546,0,,0,575420.0,3582090.0,577980.0,3584650.0
test_0154_r1536_c7738,test,1536,7738,0,,0,577340.0,3582090.0,579900.0,3584650.0
test_0155_r1536_c7930,test,1536,7930,0,,0,579260.0,3582090.0,581820.0,3584650.0
test_0156_r1536_c8122,test,1536,8122,0,,0,581180.0,3582090.0,583740.0,3584650.0
test_0157_r1536_c8314,test,1536,8314,0,,0,583100.0,3582090.0,585660.0,3584650.0
test_0158_r1536_c8506,test,1536,8506,0,,0,585020.0,3582090.0,587580.0,3584650.0
test_0159_r1536_c8698,test,1536,8698,0,,0,586940.0,3582090.0,589500.0,3584650.0
test_0160_r1536_c8890,test,1536,8890,0,,0,588860.0,3582090.0,591420.0,3584650.0
test_0161_r1536_c9082,test,1536,9082,0,,0,590780.0,3582090.0,593340.0,3584650.0
test_0162_r1536_c9274,test,1536,9274,0,,0,592700.0,3582090.0,595260.0,3584650.0
test_0163_r1536_c9466,test,1536,9466,0,,0,594620.0,3582090.0,597180.0,3584650.0
test_0164_r1536_c9658,test,1536,9658,0,,0,596540.0,3582090.0,599100.0,3584650.0
test_0165_r1536_c9850,test,1536,9850,0,,0,598460.0,3582090.0,601020.0,3584650.0
test_0166_r1536_c10042,test,1536,10042,0,,0,600380.0,3582090.0,602940.0,3584650.0
test_0167_r1536_c10234,test,1536,10234,0,,0,602300.0,3582090.0,604860.0,3584650.0
test_0168_r1536_c10426,test,1536,10426,0,,0,604220.0,3582090.0,606780.0,3584650.0
test_0169_r1536_c10618,test,1536,10618,0,,0,606140.0,3582090.0,608700.0,3584650.0
test_0170_r1536_c10726,test,1536,10726,0,,0,607220.0,3582090.0,609780.0,3584650.0
test_0171_r1728_c7354,test,1728,7354,0,,0,573500.0,3580170.0,576060.0,3582730.0
test_0172_r1728_c7546,test,1728,7546,0,,0,575420.0,3580170.0,577980.0,3582730.0
test_0173_r1728_c7738,test,1728,7738,0,,0,577340.0,3580170.0,579900.0,3582730.0
test_0174_r1728_c7930,test,1728,7930,0,,0,579260.0,3580170.0,581820.0,3582730.0
test_0175_r1728_c8122,test,1728,8122,0,,0,581180.0,3580170.0,583740.0,3582730.0
test_0176_r1728_c8314,test,1728,8314,0,,0,583100.0,3580170.0,585660.0,3582730.0
test_0177_r1728_c8506,test,1728,8506,0,,0,585020.0,3580170.0,587580.0,3582730.0
test_0178_r1728_c8698,test,1728,8698,0,,0,586940.0,3580170.0,589500.0,3582730.0
test_0179_r1728_c8890,test,1728,8890,0,,0,588860.0,3580170.0,591420.0,3582730.0
test_0180_r1728_c9082,test,1728,9082,0,,0,590780.0,3580170.0,593340.0,3582730.0
test_0181_r1728_c9274,test,1728,9274,0,,0,592700.0,3580170.0,595260.0,3582730.0
test_0182_r1728_c9466,test,1728,9466,0,,0,594620.0,3580170.0,597180.0,3582730.0
test_0183_r1728_c9658,test,1728,9658,0,,0,596540.0,3580170.0,599100.0,3582730.0
test_0184_r1728_c9850,test,1728,9850,0,,0,598460.0,3580170.0,601020.0,3582730.0
test_0185_r1728_c10042,test,1728,10042,0,,0,600380.0,3580170.0,602940.0,3582730.0
test_0186_r1728_c10234,test,1728,10234,0,,0,602300.0,3580170.0,604860.0,3582730.0
test_0187_r1728_c10426,test,1728,10426,0,,0,604220.0,3580170.0,606780.0,3582730.0
test_0188_r1728_c10618,test,1728,10618,0,,0,606140.0,3580170.0,608700.0,3582730.0
test_0189_r1728_c10726,test,1728,10726,0,,0,607220.0,3580170.0,609780.0,3582730.0
test_0190_r1920_c7354,test,1920,7354,0,,0,573500.0,3578250.0,576060.0,3580810.0
test_0191_r1920_c7546,test,1920,7546,0,,0,575420.0,3578250.0,577980.0,3580810.0
test_0192_r1920_c7738,test,1920,7738,0,,0,577340.0,3578250.0,579900.0,3580810.0
test_0193_r1920_c7930,test,1920,7930,0,,0,579260.0,3578250.0,581820.0,3580810.0
test_0194_r1920_c8122,test,1920,8122,0,,0,581180.0,3578250.0,583740.0,3580810.0
test_0195_r1920_c8314,test,1920,8314,0,,0,583100.0,3578250.0,585660.0,3580810.0
test_0196_r1920_c8506,test,1920,8506,0,,0,585020.0,3578250.0,587580.0,3580810.0
test_0197_r1920_c8698,test,1920,8698,0,,0,586940.0,3578250.0,589500.0,3580810.0
test_0198_r1920_c8890,test,1920,8890,0,,0,588860.0,3578250.0,591420.0,3580810.0
test_0199_r1920_c9082,test,1920,9082,0,,0,590780.0,3578250.0,593340.0,3580810.0
test_0200_r1920_c9274,test,1920,9274,0,,0,592700.0,3578250.0,595260.0,3580810.0
test_0201_r1920_c9466,test,1920,9466,0,,0,594620.0,3578250.0,597180.0,3580810.0
test_0202_r1920_c9658,test,1920,9658,0,,0,596540.0,3578250.0,599100.0,3580810.0
test_0203_r1920_c9850,test,1920,9850,0,,0,598460.0,3578250.0,601020.0,3580810.0
test_0204_r1920_c10042,test,1920,10042,0,,0,600380.0,3578250.0,602940.0,3580810.0
test_0205_r1920_c10234,test,1920,10234,0,,0,602300.0,3578250.0,604860.0,3580810.0
test_0206_r1920_c10426,test,1920,10426,0,,0,604220.0,3578250.0,606780.0,3580810.0
test_0207_r1920_c10618,test,1920,10618,0,,0,606140.0,3578250.0,608700.0,3580810.0
test_0208_r1920_c10726,test,1920,10726,0,,0,607220.0,3578250.0,609780.0,3580810.0
test_0209_r2112_c7354,test,2112,7354,0,,0,573500.0,3576330.0,576060.0,3578890.0
test_0210_r2112_c7546,test,2112,7546,1,272,0,575420.0,3576330.0,577980.0,3578890.0
test_0211_r2112_c7738,test,2112,7738,0,,0,577340.0,3576330.0,579900.0,3578890.0
test_0212_r2112_c7930,test,2112,7930,0,,0,579260.0,3576330.0,581820.0,3578890.0
test_0213_r2112_c8122,test,2112,8122,0,,0,581180.0,3576330.0,583740.0,3578890.0
test_0214_r2112_c8314,test,2112,8314,0,,0,583100.0,3576330.0,585660.0,3578890.0
test_0215_r2112_c8506,test,2112,8506,0,,0,585020.0,3576330.0,587580.0,3578890.0
test_0216_r2112_c8698,test,2112,8698,0,,0,586940.0,3576330.0,589500.0,3578890.0
test_0217_r2112_c8890,test,2112,8890,0,,0,588860.0,3576330.0,591420.0,3578890.0
test_0218_r2112_c9082,test,2112,9082,0,,0,590780.0,3576330.0,593340.0,3578890.0
test_0219_r2112_c9274,test,2112,9274,0,,0,592700.0,3576330.0,595260.0,3578890.0
test_0220_r2112_c9466,test,2112,9466,0,,0,594620.0,3576330.0,597180.0,3578890.0
test_0221_r2112_c9658,test,2112,9658,0,,0,596540.0,3576330.0,599100.0,3578890.0
test_0222_r2112_c9850,test,2112,9850,0,,0,598460.0,3576330.0,601020.0,3578890.0
test_0223_r2112_c10042,test,2112,10042,0,,0,600380.0,3576330.0,602940.0,3578890.0
test_0224_r2112_c10234,test,2112,10234,0,,0,602300.0,3576330.0,604860.0,3578890.0
test_0225_r2112_c10426,test,2112,10426,0,,0,604220.0,3576330.0,606780.0,3578890.0
test_0226_r2112_c10618,test,2112,10618,0,,0,606140.0,3576330.0,608700.0,3578890.0
test_0227_r2112_c10726,test,2112,10726,0,,0,607220.0,3576330.0,609780.0,3578890.0
test_0228_r2304_c7354,test,2304,7354,1,270,0,573500.0,3574410.0,576060.0,3576970.0
test_0229_r2304_c7546,test,2304,7546,1,271,0,575420.0,3574410.0,577980.0,3576970.0
test_0230_r2304_c7738,test,2304,7738,0,,0,577340.0,3574410.0,579900.0,3576970.0
test_0231_r2304_c7930,test,2304,7930,0,,0,579260.0,3574410.0,581820.0,3576970.0
test_0232_r2304_c8122,test,2304,8122,0,,0,581180.0,3574410.0,583740.0,3576970.0
test_0233_r2304_c8314,test,2304,8314,0,,0,583100.0,3574410.0,585660.0,3576970.0
test_0234_r2304_c8506,test,2304,8506,0,,0,585020.0,3574410.0,587580.0,3576970.0
test_0235_r2304_c8698,test,2304,8698,0,,0,586940.0,3574410.0,589500.0,3576970.0
test_0236_r2304_c8890,test,2304,8890,0,,0,588860.0,3574410.0,591420.0,3576970.0
test_0237_r2304_c9082,test,2304,9082,0,,0,590780.0,3574410.0,593340.0,3576970.0
test_0238_r2304_c9274,test,2304,9274,0,,0,592700.0,3574410.0,595260.0,3576970.0
test_0239_r2304_c9466,test,2304,9466,0,,0,594620.0,3574410.0,597180.0,3576970.0
test_0240_r2304_c9658,test,2304,9658,0,,0,596540.0,3574410.0,599100.0,3576970.0
test_0241_r2304_c9850,test,2304,9850,0,,0,598460.0,3574410.0,601020.0,3576970.0
test_0242_r2304_c10042,test,2304,10042,0,,0,600380.0,3574410.0,602940.0,3576970.0
test_0243_r2304_c10234,test,2304,10234,1,265,0,602300.0,3574410.0,604860.0,3576970.0
test_0244_r2304_c10426,test,2304,10426,0,,0,604220.0,3574410.0,606780.0,3576970.0
test_0245_r2304_c10618,test,2304,10618,0,,0,606140.0,3574410.0,608700.0,3576970.0
test_0246_r2304_c10726,test,2304,10726,0,,0,607220.0,3574410.0,609780.0,3576970.0
test_0247_r2496_c7354,test,2496,7354,0,,0,573500.0,3572490.0,576060.0,3575050.0
test_0248_r2496_c7546,test,2496,7546,0,,0,575420.0,3572490.0,577980.0,3575050.0
test_0249_r2496_c7738,test,2496,7738,0,,0,577340.0,3572490.0,579900.0,3575050.0
test_0250_r2496_c7930,test,2496,7930,0,,0,579260.0,3572490.0,581820.0,3575050.0
test_0251_r2496_c8122,test,2496,8122,0,,0,581180.0,3572490.0,583740.0,3575050.0
test_0252_r2496_c8314,test,2496,8314,0,,0,583100.0,3572490.0,585660.0,3575050.0
test_0253_r2496_c8506,test,2496,8506,0,,0,585020.0,3572490.0,587580.0,3575050.0
test_0254_r2496_c8698,test,2496,8698,0,,0,586940.0,3572490.0,589500.0,3575050.0
test_0255_r2496_c8890,test,2496,8890,0,,0,588860.0,3572490.0,591420.0,3575050.0
test_0256_r2496_c9082,test,2496,9082,0,,0,590780.0,3572490.0,593340.0,3575050.0
test_0257_r2496_c9274,test,2496,9274,0,,0,592700.0,3572490.0,595260.0,3575050.0
test_0258_r2496_c9466,test,2496,9466,0,,0,594620.0,3572490.0,597180.0,3575050.0
test_0259_r2496_c9658,test,2496,9658,0,,0,596540.0,3572490.0,599100.0,3575050.0
test_0260_r2496_c9850,test,2496,9850,0,,0,598460.0,3572490.0,601020.0,3575050.0
test_0261_r2496_c10042,test,2496,10042,0,,0,600380.0,3572490.0,602940.0,3575050.0
test_0262_r2496_c10234,test,2496,10234,0,,0,602300.0,3572490.0,604860.0,3575050.0
test_0263_r2496_c10426,test,2496,10426,1,266,0,604220.0,3572490.0,606780.0,3575050.0
test_0264_r2496_c10618,test,2496,10618,0,,0,606140.0,3572490.0,608700.0,3575050.0
test_0265_r2496_c10726,test,2496,10726,0,,0,607220.0,3572490.0,609780.0,3575050.0
test_0266_r2688_c7354,test,2688,7354,0,,0,573500.0,3570570.0,576060.0,3573130.0
test_0267_r2688_c7546,test,2688,7546,0,,0,575420.0,3570570.0,577980.0,3573130.0
test_0268_r2688_c7738,test,2688,7738,0,,0,577340.0,3570570.0,579900.0,3573130.0
test_0269_r2688_c7930,test,2688,7930,0,,0,579260.0,3570570.0,581820.0,3573130.0
test_0270_r2688_c8122,test,2688,8122,0,,0,581180.0,3570570.0,583740.0,3573130.0
test_0271_r2688_c8314,test,2688,8314,0,,0,583100.0,3570570.0,585660.0,3573130.0
test_0272_r2688_c8506,test,2688,8506,0,,0,585020.0,3570570.0,587580.0,3573130.0
test_0273_r2688_c8698,test,2688,8698,0,,0,586940.0,3570570.0,589500.0,3573130.0
test_0274_r2688_c8890,test,2688,8890,0,,0,588860.0,3570570.0,591420.0,3573130.0
test_0275_r2688_c9082,test,2688,9082,0,,0,590780.0,3570570.0,593340.0,3573130.0
test_0276_r2688_c9274,test,2688,9274,0,,0,592700.0,3570570.0,595260.0,3573130.0
test_0277_r2688_c9466,test,2688,9466,0,,0,594620.0,3570570.0,597180.0,3573130.0
test_0278_r2688_c9658,test,2688,9658,0,,0,596540.0,3570570.0,599100.0,3573130.0
test_0279_r2688_c9850,test,2688,9850,0,,0,598460.0,3570570.0,601020.0,3573130.0
test_0280_r2688_c10042,test,2688,10042,0,,0,600380.0,3570570.0,602940.0,3573130.0
test_0281_r2688_c10234,test,2688,10234,0,,0,602300.0,3570570.0,604860.0,3573130.0
test_0282_r2688_c10426,test,2688,10426,0,,0,604220.0,3570570.0,606780.0,3573130.0
test_0283_r2688_c10618,test,2688,10618,0,,0,606140.0,3570570.0,608700.0,3573130.0
test_0284_r2688_c10726,test,2688,10726,0,,0,607220.0,3570570.0,609780.0,3573130.0
test_0285_r2880_c7354,test,2880,7354,0,,0,573500.0,3568650.0,576060.0,3571210.0
test_0286_r2880_c7546,test,2880,7546,0,,0,575420.0,3568650.0,577980.0,3571210.0
test_0287_r2880_c7738,test,2880,7738,0,,0,577340.0,3568650.0,579900.0,3571210.0
test_0288_r2880_c7930,test,2880,7930,0,,0,579260.0,3568650.0,581820.0,3571210.0
test_0289_r2880_c8122,test,2880,8122,0,,0,581180.0,3568650.0,583740.0,3571210.0
test_0290_r2880_c8314,test,2880,8314,0,,0,583100.0,3568650.0,585660.0,3571210.0
test_0291_r2880_c8506,test,2880,8506,0,,0,585020.0,3568650.0,587580.0,3571210.0
test_0292_r2880_c8698,test,2880,8698,0,,0,586940.0,3568650.0,589500.0,3571210.0
test_0293_r2880_c8890,test,2880,8890,0,,0,588860.0,3568650.0,591420.0,3571210.0
test_0294_r2880_c9082,test,2880,9082,0,,0,590780.0,3568650.0,593340.0,3571210.0
test_0295_r2880_c9274,test,2880,9274,0,,0,592700.0,3568650.0,595260.0,3571210.0
test_0296_r2880_c9466,test,2880,9466,0,,0,594620.0,3568650.0,597180.0,3571210.0
test_0297_r2880_c9658,test,2880,9658,0,,0,596540.0,3568650.0,599100.0,3571210.0
test_0298_r2880_c9850,test,2880,9850,0,,0,598460.0,3568650.0,601020.0,3571210.0
test_0299_r2880_c10042,test,2880,10042,0,,0,600380.0,3568650.0,602940.0,3571210.0
test_0300_r2880_c10234,test,2880,10234,0,,0,602300.0,3568650.0,604860.0,3571210.0
test_0301_r2880_c10426,test,2880,10426,0,,0,604220.0,3568650.0,606780.0,3571210.0
test_0302_r2880_c10618,test,2880,10618,0,,0,606140.0,3568650.0,608700.0,3571210.0
test_0303_r2880_c10726,test,2880,10726,0,,0,607220.0,3568650.0,609780.0,3571210.0
test_0304_r3072_c7354,test,3072,7354,0,,0,573500.0,3566730.0,576060.0,3569290.0
test_0305_r3072_c7546,test,3072,7546,0,,0,575420.0,3566730.0,577980.0,3569290.0
test_0306_r3072_c7738,test,3072,7738,0,,0,577340.0,3566730.0,579900.0,3569290.0
test_0307_r3072_c7930,test,3072,7930,0,,0,579260.0,3566730.0,581820.0,3569290.0
test_0308_r3072_c8122,test,3072,8122,0,,0,581180.0,3566730.0,583740.0,3569290.0
test_0309_r3072_c8314,test,3072,8314,0,,0,583100.0,3566730.0,585660.0,3569290.0
test_0310_r3072_c8506,test,3072,8506,0,,0,585020.0,3566730.0,587580.0,3569290.0
test_0311_r3072_c8698,test,3072,8698,0,,0,586940.0,3566730.0,589500.0,3569290.0
test_0312_r3072_c8890,test,3072,8890,0,,0,588860.0,3566730.0,591420.0,3569290.0
test_0313_r3072_c9082,test,3072,9082,0,,0,590780.0,3566730.0,593340.0,3569290.0
test_0314_r3072_c9274,test,3072,9274,0,,0,592700.0,3566730.0,595260.0,3569290.0
test_0315_r3072_c9466,test,3072,9466,0,,0,594620.0,3566730.0,597180.0,3569290.0
test_0316_r3072_c9658,test,3072,9658,0,,0,596540.0,3566730.0,599100.0,3569290.0
test_0317_r3072_c9850,test,3072,9850,0,,0,598460.0,3566730.0,601020.0,3569290.0
test_0318_r3072_c10042,test,3072,10042,0,,0,600380.0,3566730.0,602940.0,3569290.0
test_0319_r3072_c10234,test,3072,10234,0,,0,602300.0,3566730.0,604860.0,3569290.0
test_0320_r3072_c10426,test,3072,10426,0,,0,604220.0,3566730.0,606780.0,3569290.0
test_0321_r3072_c10618,test,3072,10618,0,,0,606140.0,3566730.0,608700.0,3569290.0
test_0322_r3072_c10726,test,3072,10726,0,,0,607220.0,3566730.0,609780.0,3569290.0
test_0323_r3264_c7354,test,3264,7354,1,491,0,573500.0,3564810.0,576060.0,3567370.0
test_0324_r3264_c7546,test,3264,7546,0,,0,575420.0,3564810.0,577980.0,3567370.0
test_0325_r3264_c7738,test,3264,7738,1,493,0,577340.0,3564810.0,579900.0,3567370.0
test_0326_r3264_c7930,test,3264,7930,1,493,0,579260.0,3564810.0,581820.0,3567370.0
test_0327_r3264_c8122,test,3264,8122,0,,0,581180.0,3564810.0,583740.0,3567370.0
test_0328_r3264_c8314,test,3264,8314,0,,0,583100.0,3564810.0,585660.0,3567370.0
test_0329_r3264_c8506,test,3264,8506,0,,0,585020.0,3564810.0,587580.0,3567370.0
test_0330_r3264_c8698,test,3264,8698,0,,0,586940.0,3564810.0,589500.0,3567370.0
test_0331_r3264_c8890,test,3264,8890,0,,0,588860.0,3564810.0,591420.0,3567370.0
test_0332_r3264_c9082,test,3264,9082,0,,0,590780.0,3564810.0,593340.0,3567370.0
test_0333_r3264_c9274,test,3264,9274,0,,0,592700.0,3564810.0,595260.0,3567370.0
test_0334_r3264_c9466,test,3264,9466,0,,0,594620.0,3564810.0,597180.0,3567370.0
test_0335_r3264_c9658,test,3264,9658,0,,0,596540.0,3564810.0,599100.0,3567370.0
test_0336_r3264_c9850,test,3264,9850,0,,0,598460.0,3564810.0,601020.0,3567370.0
test_0337_r3264_c10042,test,3264,10042,0,,0,600380.0,3564810.0,602940.0,3567370.0
test_0338_r3264_c10234,test,3264,10234,0,,0,602300.0,3564810.0,604860.0,3567370.0
test_0339_r3264_c10426,test,3264,10426,0,,0,604220.0,3564810.0,606780.0,3567370.0
test_0340_r3264_c10618,test,3264,10618,0,,0,606140.0,3564810.0,608700.0,3567370.0
test_0341_r3264_c10726,test,3264,10726,0,,0,607220.0,3564810.0,609780.0,3567370.0
test_0342_r3456_c7354,test,3456,7354,1,491,1,573500.0,3562890.0,576060.0,3565450.0
test_0343_r3456_c7546,test,3456,7546,0,,0,575420.0,3562890.0,577980.0,3565450.0
test_0344_r3456_c7738,test,3456,7738,1,493,0,577340.0,3562890.0,579900.0,3565450.0
test_0345_r3456_c7930,test,3456,7930,1,493,0,579260.0,3562890.0,581820.0,3565450.0
test_0346_r3456_c8122,test,3456,8122,0,,0,581180.0,3562890.0,583740.0,3565450.0
test_0347_r3456_c8314,test,3456,8314,0,,0,583100.0,3562890.0,585660.0,3565450.0
test_0348_r3456_c8506,test,3456,8506,0,,0,585020.0,3562890.0,587580.0,3565450.0
test_0349_r3456_c8698,test,3456,8698,0,,0,586940.0,3562890.0,589500.0,3565450.0
test_0350_r3456_c8890,test,3456,8890,0,,0,588860.0,3562890.0,591420.0,3565450.0
test_0351_r3456_c9082,test,3456,9082,0,,0,590780.0,3562890.0,593340.0,3565450.0
test_0352_r3456_c9274,test,3456,9274,0,,0,592700.0,3562890.0,595260.0,3565450.0
test_0353_r3456_c9466,test,3456,9466,0,,0,594620.0,3562890.0,597180.0,3565450.0
test_0354_r3456_c9658,test,3456,9658,0,,0,596540.0,3562890.0,599100.0,3565450.0
test_0355_r3456_c9850,test,3456,9850,0,,0,598460.0,3562890.0,601020.0,3565450.0
test_0356_r3456_c10042,test,3456,10042,0,,0,600380.0,3562890.0,602940.0,3565450.0
test_0357_r3456_c10234,test,3456,10234,0,,0,602300.0,3562890.0,604860.0,3565450.0
test_0358_r3456_c10426,test,3456,10426,0,,0,604220.0,3562890.0,606780.0,3565450.0
test_0359_r3456_c10618,test,3456,10618,0,,0,606140.0,3562890.0,608700.0,3565450.0
test_0360_r3456_c10726,test,3456,10726,0,,0,607220.0,3562890.0,609780.0,3565450.0
test_0361_r3648_c7354,test,3648,7354,3,"488,489,490",0,573500.0,3560970.0,576060.0,3563530.0
test_0362_r3648_c7546,test,3648,7546,2,"492,497",0,575420.0,3560970.0,577980.0,3563530.0
test_0363_r3648_c7738,test,3648,7738,0,,0,577340.0,3560970.0,579900.0,3563530.0
test_0364_r3648_c7930,test,3648,7930,0,,0,579260.0,3560970.0,581820.0,3563530.0
test_0365_r3648_c8122,test,3648,8122,0,,0,581180.0,3560970.0,583740.0,3563530.0
test_0366_r3648_c8314,test,3648,8314,0,,0,583100.0,3560970.0,585660.0,3563530.0
test_0367_r3648_c8506,test,3648,8506,0,,0,585020.0,3560970.0,587580.0,3563530.0
test_0368_r3648_c8698,test,3648,8698,0,,0,586940.0,3560970.0,589500.0,3563530.0
test_0369_r3648_c8890,test,3648,8890,0,,0,588860.0,3560970.0,591420.0,3563530.0
test_0370_r3648_c9082,test,3648,9082,0,,0,590780.0,3560970.0,593340.0,3563530.0
test_0371_r3648_c9274,test,3648,9274,0,,0,592700.0,3560970.0,595260.0,3563530.0
test_0372_r3648_c9466,test,3648,9466,0,,0,594620.0,3560970.0,597180.0,3563530.0
test_0373_r3648_c9658,test,3648,9658,0,,0,596540.0,3560970.0,599100.0,3563530.0
test_0374_r3648_c9850,test,3648,9850,0,,0,598460.0,3560970.0,601020.0,3563530.0
test_0375_r3648_c10042,test,3648,10042,0,,0,600380.0,3560970.0,602940.0,3563530.0
test_0376_r3648_c10234,test,3648,10234,0,,0,602300.0,3560970.0,604860.0,3563530.0
test_0377_r3648_c10426,test,3648,10426,0,,0,604220.0,3560970.0,606780.0,3563530.0
test_0378_r3648_c10618,test,3648,10618,0,,0,606140.0,3560970.0,608700.0,3563530.0
test_0379_r3648_c10726,test,3648,10726,0,,0,607220.0,3560970.0,609780.0,3563530.0
test_0380_r3840_c7354,test,3840,7354,1,487,0,573500.0,3559050.0,576060.0,3561610.0
test_0381_r3840_c7546,test,3840,7546,1,492,0,575420.0,3559050.0,577980.0,3561610.0
test_0382_r3840_c7738,test,3840,7738,0,,0,577340.0,3559050.0,579900.0,3561610.0
test_0383_r3840_c7930,test,3840,7930,0,,0,579260.0,3559050.0,581820.0,3561610.0
test_0384_r3840_c8122,test,3840,8122,0,,0,581180.0,3559050.0,583740.0,3561610.0
test_0385_r3840_c8314,test,3840,8314,0,,0,583100.0,3559050.0,585660.0,3561610.0
test_0386_r3840_c8506,test,3840,8506,0,,0,585020.0,3559050.0,587580.0,3561610.0
test_0387_r3840_c8698,test,3840,8698,0,,0,586940.0,3559050.0,589500.0,3561610.0
test_0388_r3840_c8890,test,3840,8890,0,,0,588860.0,3559050.0,591420.0,3561610.0
test_0389_r3840_c9082,test,3840,9082,0,,0,590780.0,3559050.0,593340.0,3561610.0
test_0390_r3840_c9274,test,3840,9274,0,,0,592700.0,3559050.0,595260.0,3561610.0
test_0391_r3840_c9466,test,3840,9466,0,,0,594620.0,3559050.0,597180.0,3561610.0
test_0392_r3840_c9658,test,3840,9658,0,,0,596540.0,3559050.0,599100.0,3561610.0
test_0393_r3840_c9850,test,3840,9850,0,,0,598460.0,3559050.0,601020.0,3561610.0
test_0394_r3840_c10042,test,3840,10042,0,,0,600380.0,3559050.0,602940.0,3561610.0
test_0395_r3840_c10234,test,3840,10234,0,,0,602300.0,3559050.0,604860.0,3561610.0
test_0396_r3840_c10426,test,3840,10426,0,,0,604220.0,3559050.0,606780.0,3561610.0
test_0397_r3840_c10618,test,3840,10618,0,,0,606140.0,3559050.0,608700.0,3561610.0
test_0398_r3840_c10726,test,3840,10726,0,,0,607220.0,3559050.0,609780.0,3561610.0
test_0399_r4032_c7354,test,4032,7354,2,"475,476",0,573500.0,3557130.0,576060.0,3559690.0
test_0400_r4032_c7546,test,4032,7546,1,476,0,575420.0,3557130.0,577980.0,3559690.0
test_0401_r4032_c7738,test,4032,7738,0,,0,577340.0,3557130.0,579900.0,3559690.0
test_0402_r4032_c7930,test,4032,7930,0,,0,579260.0,3557130.0,581820.0,3559690.0
test_0403_r4032_c8122,test,4032,8122,0,,0,581180.0,3557130.0,583740.0,3559690.0
test_0404_r4032_c8314,test,4032,8314,0,,0,583100.0,3557130.0,585660.0,3559690.0
test_0405_r4032_c8506,test,4032,8506,1,494,0,585020.0,3557130.0,587580.0,3559690.0
test_0406_r4032_c8698,test,4032,8698,0,,0,586940.0,3557130.0,589500.0,3559690.0
test_0407_r4032_c8890,test,4032,8890,0,,0,588860.0,3557130.0,591420.0,3559690.0
test_0408_r4032_c9082,test,4032,9082,0,,0,590780.0,3557130.0,593340.0,3559690.0
test_0409_r4032_c9274,test,4032,9274,0,,0,592700.0,3557130.0,595260.0,3559690.0
test_0410_r4032_c9466,test,4032,9466,0,,0,594620.0,3557130.0,597180.0,3559690.0
test_0411_r4032_c9658,test,4032,9658,0,,0,596540.0,3557130.0,599100.0,3559690.0
test_0412_r4032_c9850,test,4032,9850,0,,0,598460.0,3557130.0,601020.0,3559690.0
test_0413_r4032_c10042,test,4032,10042,0,,0,600380.0,3557130.0,602940.0,3559690.0
test_0414_r4032_c10234,test,4032,10234,0,,0,602300.0,3557130.0,604860.0,3559690.0
test_0415_r4032_c10426,test,4032,10426,0,,0,604220.0,3557130.0,606780.0,3559690.0
test_0416_r4032_c10618,test,4032,10618,0,,0,606140.0,3557130.0,608700.0,3559690.0
test_0417_r4032_c10726,test,4032,10726,0,,0,607220.0,3557130.0,609780.0,3559690.0
test_0418_r4224_c7354,test,4224,7354,2,"474,476",0,573500.0,3555210.0,576060.0,3557770.0
test_0419_r4224_c7546,test,4224,7546,2,"476,478",0,575420.0,3555210.0,577980.0,3557770.0
test_0420_r4224_c7738,test,4224,7738,1,478,0,577340.0,3555210.0,579900.0,3557770.0
test_0421_r4224_c7930,test,4224,7930,0,,0,579260.0,3555210.0,581820.0,3557770.0
test_0422_r4224_c8122,test,4224,8122,0,,0,581180.0,3555210.0,583740.0,3557770.0
test_0423_r4224_c8314,test,4224,8314,0,,0,583100.0,3555210.0,585660.0,3557770.0
test_0424_r4224_c8506,test,4224,8506,0,,0,585020.0,3555210.0,587580.0,3557770.0
test_0425_r4224_c8698,test,4224,8698,0,,0,586940.0,3555210.0,589500.0,3557770.0
test_0426_r4224_c8890,test,4224,8890,0,,0,588860.0,3555210.0,591420.0,3557770.0
test_0427_r4224_c9082,test,4224,9082,0,,0,590780.0,3555210.0,593340.0,3557770.0
test_0428_r4224_c9274,test,4224,9274,0,,0,592700.0,3555210.0,595260.0,3557770.0
test_0429_r4224_c9466,test,4224,9466,0,,0,594620.0,3555210.0,597180.0,3557770.0
test_0430_r4224_c9658,test,4224,9658,0,,0,596540.0,3555210.0,599100.0,3557770.0
test_0431_r4224_c9850,test,4224,9850,0,,0,598460.0,3555210.0,601020.0,3557770.0
test_0432_r4224_c10042,test,4224,10042,0,,0,600380.0,3555210.0,602940.0,3557770.0
test_0433_r4224_c10234,test,4224,10234,0,,0,602300.0,3555210.0,604860.0,3557770.0
test_0434_r4224_c10426,test,4224,10426,0,,0,604220.0,3555210.0,606780.0,3557770.0
test_0435_r4224_c10618,test,4224,10618,0,,0,606140.0,3555210.0,608700.0,3557770.0
test_0436_r4224_c10726,test,4224,10726,0,,0,607220.0,3555210.0,609780.0,3557770.0
test_0437_r4416_c7354,test,4416,7354,2,"472,473",0,573500.0,3553290.0,576060.0,3555850.0
test_0438_r4416_c7546,test,4416,7546,1,477,0,575420.0,3553290.0,577980.0,3555850.0
test_0439_r4416_c7738,test,4416,7738,0,,0,577340.0,3553290.0,579900.0,3555850.0
test_0440_r4416_c7930,test,4416,7930,0,,0,579260.0,3553290.0,581820.0,3555850.0
test_0441_r4416_c8122,test,4416,8122,0,,0,581180.0,3553290.0,583740.0,3555850.0
test_0442_r4416_c8314,test,4416,8314,0,,0,583100.0,3553290.0,585660.0,3555850.0
test_0443_r4416_c8506,test,4416,8506,0,,0,585020.0,3553290.0,587580.0,3555850.0
test_0444_r4416_c8698,test,4416,8698,0,,0,586940.0,3553290.0,589500.0,3555850.0
test_0445_r4416_c8890,test,4416,8890,0,,0,588860.0,3553290.0,591420.0,3555850.0
test_0446_r4416_c9082,test,4416,9082,0,,0,590780.0,3553290.0,593340.0,3555850.0
test_0447_r4416_c9274,test,4416,9274,0,,0,592700.0,3553290.0,595260.0,3555850.0
test_0448_r4416_c9466,test,4416,9466,0,,0,594620.0,3553290.0,597180.0,3555850.0
test_0449_r4416_c9658,test,4416,9658,0,,0,596540.0,3553290.0,599100.0,3555850.0
test_0450_r4416_c9850,test,4416,9850,0,,0,598460.0,3553290.0,601020.0,3555850.0
test_0451_r4416_c10042,test,4416,10042,0,,0,600380.0,3553290.0,602940.0,3555850.0
test_0452_r4416_c10234,test,4416,10234,0,,0,602300.0,3553290.0,604860.0,3555850.0
test_0453_r4416_c10426,test,4416,10426,0,,0,604220.0,3553290.0,606780.0,3555850.0
test_0454_r4416_c10618,test,4416,10618,0,,0,606140.0,3553290.0,608700.0,3555850.0
test_0455_r4416_c10726,test,4416,10726,0,,0,607220.0,3553290.0,609780.0,3555850.0
test_0456_r4608_c7354,test,4608,7354,0,,0,573500.0,3551370.0,576060.0,3553930.0
test_0457_r4608_c7546,test,4608,7546,1,477,0,575420.0,3551370.0,577980.0,3553930.0
test_0458_r4608_c7738,test,4608,7738,0,,0,577340.0,3551370.0,579900.0,3553930.0
test_0459_r4608_c7930,test,4608,7930,0,,0,579260.0,3551370.0,581820.0,3553930.0
test_0460_r4608_c8122,test,4608,8122,0,,0,581180.0,3551370.0,583740.0,3553930.0
test_0461_r4608_c8314,test,4608,8314,0,,0,583100.0,3551370.0,585660.0,3553930.0
test_0462_r4608_c8506,test,4608,8506,0,,0,585020.0,3551370.0,587580.0,3553930.0
test_0463_r4608_c8698,test,4608,8698,0,,0,586940.0,3551370.0,589500.0,3553930.0
test_0464_r4608_c8890,test,4608,8890,0,,0,588860.0,3551370.0,591420.0,3553930.0
test_0465_r4608_c9082,test,4608,9082,0,,0,590780.0,3551370.0,593340.0,3553930.0
test_0466_r4608_c9274,test,4608,9274,0,,0,592700.0,3551370.0,595260.0,3553930.0
test_0467_r4608_c9466,test,4608,9466,0,,0,594620.0,3551370.0,597180.0,3553930.0
test_0468_r4608_c9658,test,4608,9658,0,,0,596540.0,3551370.0,599100.0,3553930.0
test_0469_r4608_c9850,test,4608,9850,0,,0,598460.0,3551370.0,601020.0,3553930.0
test_0470_r4608_c10042,test,4608,10042,0,,0,600380.0,3551370.0,602940.0,3553930.0
test_0471_r4608_c10234,test,4608,10234,0,,0,602300.0,3551370.0,604860.0,3553930.0
test_0472_r4608_c10426,test,4608,10426,0,,0,604220.0,3551370.0,606780.0,3553930.0
test_0473_r4608_c10618,test,4608,10618,0,,0,606140.0,3551370.0,608700.0,3553930.0
test_0474_r4608_c10726,test,4608,10726,0,,0,607220.0,3551370.0,609780.0,3553930.0
test_0475_r4800_c7354,test,4800,7354,0,,0,573500.0,3549450.0,576060.0,3552010.0
test_0476_r4800_c7546,test,4800,7546,0,,0,575420.0,3549450.0,577980.0,3552010.0
test_0477_r4800_c7738,test,4800,7738,0,,0,577340.0,3549450.0,579900.0,3552010.0
test_0478_r4800_c7930,test,4800,7930,0,,0,579260.0,3549450.0,581820.0,3552010.0
test_0479_r4800_c8122,test,4800,8122,0,,0,581180.0,3549450.0,583740.0,3552010.0
test_0480_r4800_c8314,test,4800,8314,0,,0,583100.0,3549450.0,585660.0,3552010.0
test_0481_r4800_c8506,test,4800,8506,0,,0,585020.0,3549450.0,587580.0,3552010.0
test_0482_r4800_c8698,test,4800,8698,1,495,0,586940.0,3549450.0,589500.0,3552010.0
test_0483_r4800_c8890,test,4800,8890,0,,0,588860.0,3549450.0,591420.0,3552010.0
test_0484_r4800_c9082,test,4800,9082,0,,0,590780.0,3549450.0,593340.0,3552010.0
test_0485_r4800_c9274,test,4800,9274,0,,0,592700.0,3549450.0,595260.0,3552010.0
test_0486_r4800_c9466,test,4800,9466,0,,0,594620.0,3549450.0,597180.0,3552010.0
test_0487_r4800_c9658,test,4800,9658,0,,0,596540.0,3549450.0,599100.0,3552010.0
test_0488_r4800_c9850,test,4800,9850,0,,0,598460.0,3549450.0,601020.0,3552010.0
test_0489_r4800_c10042,test,4800,10042,0,,0,600380.0,3549450.0,602940.0,3552010.0
test_0490_r4800_c10234,test,4800,10234,0,,0,602300.0,3549450.0,604860.0,3552010.0
test_0491_r4800_c10426,test,4800,10426,0,,0,604220.0,3549450.0,606780.0,3552010.0
test_0492_r4800_c10618,test,4800,10618,0,,0,606140.0,3549450.0,608700.0,3552010.0
test_0493_r4800_c10726,test,4800,10726,0,,0,607220.0,3549450.0,609780.0,3552010.0
test_0494_r4992_c7354,test,4992,7354,4,"428,452,453,454",0,573500.0,3547530.0,576060.0,3550090.0
test_0495_r4992_c7546,test,4992,7546,1,459,0,575420.0,3547530.0,577980.0,3550090.0
test_0496_r4992_c7738,test,4992,7738,0,,0,577340.0,3547530.0,579900.0,3550090.0
test_0497_r4992_c7930,test,4992,7930,0,,0,579260.0,3547530.0,581820.0,3550090.0
test_0498_r4992_c8122,test,4992,8122,0,,0,581180.0,3547530.0,583740.0,3550090.0
test_0499_r4992_c8314,test,4992,8314,0,,0,583100.0,3547530.0,585660.0,3550090.0
test_0500_r4992_c8506,test,4992,8506,0,,0,585020.0,3547530.0,587580.0,3550090.0
test_0501_r4992_c8698,test,4992,8698,0,,0,586940.0,3547530.0,589500.0,3550090.0
test_0502_r4992_c8890,test,4992,8890,0,,0,588860.0,3547530.0,591420.0,3550090.0
test_0503_r4992_c9082,test,4992,9082,0,,0,590780.0,3547530.0,593340.0,3550090.0
test_0504_r4992_c9274,test,4992,9274,0,,0,592700.0,3547530.0,595260.0,3550090.0
test_0505_r4992_c9466,test,4992,9466,0,,0,594620.0,3547530.0,597180.0,3550090.0
test_0506_r4992_c9658,test,4992,9658,0,,0,596540.0,3547530.0,599100.0,3550090.0
test_0507_r4992_c9850,test,4992,9850,0,,0,598460.0,3547530.0,601020.0,3550090.0
test_0508_r4992_c10042,test,4992,10042,0,,0,600380.0,3547530.0,602940.0,3550090.0
test_0509_r4992_c10234,test,4992,10234,0,,0,602300.0,3547530.0,604860.0,3550090.0
test_0510_r4992_c10426,test,4992,10426,1,1232,0,604220.0,3547530.0,606780.0,3550090.0
test_0511_r4992_c10618,test,4992,10618,1,1232,0,606140.0,3547530.0,608700.0,3550090.0
test_0512_r4992_c10726,test,4992,10726,0,,0,607220.0,3547530.0,609780.0,3550090.0
test_0513_r5184_c7354,test,5184,7354,3,"428,452,454",0,573500.0,3545610.0,576060.0,3548170.0
test_0514_r5184_c7546,test,5184,7546,1,496,0,575420.0,3545610.0,577980.0,3548170.0
test_0515_r5184_c7738,test,5184,7738,0,,0,577340.0,3545610.0,579900.0,3548170.0
test_0516_r5184_c7930,test,5184,7930,1,465,0,579260.0,3545610.0,581820.0,3548170.0
test_0517_r5184_c8122,test,5184,8122,0,,0,581180.0,3545610.0,583740.0,3548170.0
test_0518_r5184_c8314,test,5184,8314,0,,0,583100.0,3545610.0,585660.0,3548170.0
test_0519_r5184_c8506,test,5184,8506,0,,0,585020.0,3545610.0,587580.0,3548170.0
test_0520_r5184_c8698,test,5184,8698,0,,0,586940.0,3545610.0,589500.0,3548170.0
test_0521_r5184_c8890,test,5184,8890,0,,0,588860.0,3545610.0,591420.0,3548170.0
test_0522_r5184_c9082,test,5184,9082,0,,0,590780.0,3545610.0,593340.0,3548170.0
test_0523_r5184_c9274,test,5184,9274,0,,0,592700.0,3545610.0,595260.0,3548170.0
test_0524_r5184_c9466,test,5184,9466,0,,0,594620.0,3545610.0,597180.0,3548170.0
test_0525_r5184_c9658,test,5184,9658,0,,0,596540.0,3545610.0,599100.0,3548170.0
test_0526_r5184_c9850,test,5184,9850,0,,0,598460.0,3545610.0,601020.0,3548170.0
test_0527_r5184_c10042,test,5184,10042,0,,0,600380.0,3545610.0,602940.0,3548170.0
test_0528_r5184_c10234,test,5184,10234,0,,0,602300.0,3545610.0,604860.0,3548170.0
test_0529_r5184_c10426,test,5184,10426,0,,0,604220.0,3545610.0,606780.0,3548170.0
test_0530_r5184_c10618,test,5184,10618,0,,0,606140.0,3545610.0,608700.0,3548170.0
test_0531_r5184_c10726,test,5184,10726,0,,0,607220.0,3545610.0,609780.0,3548170.0
test_0532_r5376_c7354,test,5376,7354,1,455,0,573500.0,3543690.0,576060.0,3546250.0
test_0533_r5376_c7546,test,5376,7546,3,"455,457,458",0,575420.0,3543690.0,577980.0,3546250.0
test_0534_r5376_c7738,test,5376,7738,1,463,0,577340.0,3543690.0,579900.0,3546250.0
test_0535_r5376_c7930,test,5376,7930,0,,0,579260.0,3543690.0,581820.0,3546250.0
test_0536_r5376_c8122,test,5376,8122,0,,0,581180.0,3543690.0,583740.0,3546250.0
test_0537_r5376_c8314,test,5376,8314,0,,0,583100.0,3543690.0,585660.0,3546250.0
test_0538_r5376_c8506,test,5376,8506,0,,0,585020.0,3543690.0,587580.0,3546250.0
test_0539_r5376_c8698,test,5376,8698,0,,0,586940.0,3543690.0,589500.0,3546250.0
test_0540_r5376_c8890,test,5376,8890,0,,0,588860.0,3543690.0,591420.0,3546250.0
test_0541_r5376_c9082,test,5376,9082,0,,0,590780.0,3543690.0,593340.0,3546250.0
test_0542_r5376_c9274,test,5376,9274,0,,0,592700.0,3543690.0,595260.0,3546250.0
test_0543_r5376_c9466,test,5376,9466,0,,0,594620.0,3543690.0,597180.0,3546250.0
test_0544_r5376_c9658,test,5376,9658,0,,0,596540.0,3543690.0,599100.0,3546250.0
test_0545_r5376_c9850,test,5376,9850,0,,0,598460.0,3543690.0,601020.0,3546250.0
test_0546_r5376_c10042,test,5376,10042,0,,0,600380.0,3543690.0,602940.0,3546250.0
test_0547_r5376_c10234,test,5376,10234,0,,0,602300.0,3543690.0,604860.0,3546250.0
test_0548_r5376_c10426,test,5376,10426,0,,0,604220.0,3543690.0,606780.0,3546250.0
test_0549_r5376_c10618,test,5376,10618,0,,0,606140.0,3543690.0,608700.0,3546250.0
test_0550_r5376_c10726,test,5376,10726,0,,0,607220.0,3543690.0,609780.0,3546250.0
test_0551_r5568_c7354,test,5568,7354,1,455,0,573500.0,3541770.0,576060.0,3544330.0
test_0552_r5568_c7546,test,5568,7546,5,"455,456,457,461,462",0,575420.0,3541770.0,577980.0,3544330.0
test_0553_r5568_c7738,test,5568,7738,4,"460,461,462,464",0,577340.0,3541770.0,579900.0,3544330.0
test_0554_r5568_c7930,test,5568,7930,0,,0,579260.0,3541770.0,581820.0,3544330.0
test_0555_r5568_c8122,test,5568,8122,0,,0,581180.0,3541770.0,583740.0,3544330.0
test_0556_r5568_c8314,test,5568,8314,0,,0,583100.0,3541770.0,585660.0,3544330.0
test_0557_r5568_c8506,test,5568,8506,0,,0,585020.0,3541770.0,587580.0,3544330.0
test_0558_r5568_c8698,test,5568,8698,0,,0,586940.0,3541770.0,589500.0,3544330.0
test_0559_r5568_c8890,test,5568,8890,0,,0,588860.0,3541770.0,591420.0,3544330.0
test_0560_r5568_c9082,test,5568,9082,0,,0,590780.0,3541770.0,593340.0,3544330.0
test_0561_r5568_c9274,test,5568,9274,0,,0,592700.0,3541770.0,595260.0,3544330.0
test_0562_r5568_c9466,test,5568,9466,0,,0,594620.0,3541770.0,597180.0,3544330.0
test_0563_r5568_c9658,test,5568,9658,0,,0,596540.0,3541770.0,599100.0,3544330.0
test_0564_r5568_c9850,test,5568,9850,0,,0,598460.0,3541770.0,601020.0,3544330.0
test_0565_r5568_c10042,test,5568,10042,0,,0,600380.0,3541770.0,602940.0,3544330.0
test_0566_r5568_c10234,test,5568,10234,0,,0,602300.0,3541770.0,604860.0,3544330.0
test_0567_r5568_c10426,test,5568,10426,0,,0,604220.0,3541770.0,606780.0,3544330.0
test_0568_r5568_c10618,test,5568,10618,0,,0,606140.0,3541770.0,608700.0,3544330.0
test_0569_r5568_c10726,test,5568,10726,0,,0,607220.0,3541770.0,609780.0,3544330.0
test_0570_r5760_c7354,test,5760,7354,0,,0,573500.0,3539850.0,576060.0,3542410.0
test_0571_r5760_c7546,test,5760,7546,1,460,0,575420.0,3539850.0,577980.0,3542410.0
test_0572_r5760_c7738,test,5760,7738,1,460,0,577340.0,3539850.0,579900.0,3542410.0
test_0573_r5760_c7930,test,5760,7930,0,,0,579260.0,3539850.0,581820.0,3542410.0
test_0574_r5760_c8122,test,5760,8122,0,,0,581180.0,3539850.0,583740.0,3542410.0
test_0575_r5760_c8314,test,5760,8314,0,,0,583100.0,3539850.0,585660.0,3542410.0
test_0576_r5760_c8506,test,5760,8506,0,,0,585020.0,3539850.0,587580.0,3542410.0
test_0577_r5760_c8698,test,5760,8698,0,,0,586940.0,3539850.0,589500.0,3542410.0
test_0578_r5760_c8890,test,5760,8890,0,,0,588860.0,3539850.0,591420.0,3542410.0
test_0579_r5760_c9082,test,5760,9082,0,,0,590780.0,3539850.0,593340.0,3542410.0
test_0580_r5760_c9274,test,5760,9274,0,,0,592700.0,3539850.0,595260.0,3542410.0
test_0581_r5760_c9466,test,5760,9466,0,,0,594620.0,3539850.0,597180.0,3542410.0
test_0582_r5760_c9658,test,5760,9658,0,,0,596540.0,3539850.0,599100.0,3542410.0
test_0583_r5760_c9850,test,5760,9850,0,,0,598460.0,3539850.0,601020.0,3542410.0
test_0584_r5760_c10042,test,5760,10042,0,,0,600380.0,3539850.0,602940.0,3542410.0
test_0585_r5760_c10234,test,5760,10234,0,,0,602300.0,3539850.0,604860.0,3542410.0
test_0586_r5760_c10426,test,5760,10426,0,,0,604220.0,3539850.0,606780.0,3542410.0
test_0587_r5760_c10618,test,5760,10618,0,,0,606140.0,3539850.0,608700.0,3542410.0
test_0588_r5760_c10726,test,5760,10726,0,,0,607220.0,3539850.0,609780.0,3542410.0
test_0589_r5952_c7354,test,5952,7354,0,,0,573500.0,3537930.0,576060.0,3540490.0
test_0590_r5952_c7546,test,5952,7546,0,,0,575420.0,3537930.0,577980.0,3540490.0
test_0591_r5952_c7738,test,5952,7738,0,,0,577340.0,3537930.0,579900.0,3540490.0
test_0592_r5952_c7930,test,5952,7930,1,1229,0,579260.0,3537930.0,581820.0,3540490.0
test_0593_r5952_c8122,test,5952,8122,0,,0,581180.0,3537930.0,583740.0,3540490.0
test_0594_r5952_c8314,test,5952,8314,0,,0,583100.0,3537930.0,585660.0,3540490.0
test_0595_r5952_c8506,test,5952,8506,0,,0,585020.0,3537930.0,587580.0,3540490.0
test_0596_r5952_c8698,test,5952,8698,0,,0,586940.0,3537930.0,589500.0,3540490.0
test_0597_r5952_c8890,test,5952,8890,0,,0,588860.0,3537930.0,591420.0,3540490.0
test_0598_r5952_c9082,test,5952,9082,0,,0,590780.0,3537930.0,593340.0,3540490.0
test_0599_r5952_c9274,test,5952,9274,0,,0,592700.0,3537930.0,595260.0,3540490.0
test_0600_r5952_c9466,test,5952,9466,0,,0,594620.0,3537930.0,597180.0,3540490.0
test_0601_r5952_c9658,test,5952,9658,0,,0,596540.0,3537930.0,599100.0,3540490.0
test_0602_r5952_c9850,test,5952,9850,0,,0,598460.0,3537930.0,601020.0,3540490.0
test_0603_r5952_c10042,test,5952,10042,0,,0,600380.0,3537930.0,602940.0,3540490.0
test_0604_r5952_c10234,test,5952,10234,0,,0,602300.0,3537930.0,604860.0,3540490.0
test_0605_r5952_c10426,test,5952,10426,0,,0,604220.0,3537930.0,606780.0,3540490.0
test_0606_r5952_c10618,test,5952,10618,0,,0,606140.0,3537930.0,608700.0,3540490.0
test_0607_r5952_c10726,test,5952,10726,0,,0,607220.0,3537930.0,609780.0,3540490.0
test_0608_r6144_c7354,test,6144,7354,0,,1,573500.0,3536010.0,576060.0,3538570.0
test_0609_r6144_c7546,test,6144,7546,0,,0,575420.0,3536010.0,577980.0,3538570.0
test_0610_r6144_c7738,test,6144,7738,0,,0,577340.0,3536010.0,579900.0,3538570.0
test_0611_r6144_c7930,test,6144,7930,1,1229,0,579260.0,3536010.0,581820.0,3538570.0
test_0612_r6144_c8122,test,6144,8122,0,,0,581180.0,3536010.0,583740.0,3538570.0
test_0613_r6144_c8314,test,6144,8314,0,,0,583100.0,3536010.0,585660.0,3538570.0
test_0614_r6144_c8506,test,6144,8506,0,,0,585020.0,3536010.0,587580.0,3538570.0
test_0615_r6144_c8698,test,6144,8698,0,,0,586940.0,3536010.0,589500.0,3538570.0
test_0616_r6144_c8890,test,6144,8890,0,,0,588860.0,3536010.0,591420.0,3538570.0
test_0617_r6144_c9082,test,6144,9082,0,,0,590780.0,3536010.0,593340.0,3538570.0
test_0618_r6144_c9274,test,6144,9274,0,,0,592700.0,3536010.0,595260.0,3538570.0
test_0619_r6144_c9466,test,6144,9466,0,,0,594620.0,3536010.0,597180.0,3538570.0
test_0620_r6144_c9658,test,6144,9658,0,,0,596540.0,3536010.0,599100.0,3538570.0
test_0621_r6144_c9850,test,6144,9850,0,,0,598460.0,3536010.0,601020.0,3538570.0
test_0622_r6144_c10042,test,6144,10042,0,,0,600380.0,3536010.0,602940.0,3538570.0
test_0623_r6144_c10234,test,6144,10234,0,,0,602300.0,3536010.0,604860.0,3538570.0
test_0624_r6144_c10426,test,6144,10426,0,,0,604220.0,3536010.0,606780.0,3538570.0
test_0625_r6144_c10618,test,6144,10618,0,,0,606140.0,3536010.0,608700.0,3538570.0
test_0626_r6144_c10726,test,6144,10726,0,,0,607220.0,3536010.0,609780.0,3538570.0
test_0627_r6336_c7354,test,6336,7354,0,,0,573500.0,3534090.0,576060.0,3536650.0
test_0628_r6336_c7546,test,6336,7546,0,,0,575420.0,3534090.0,577980.0,3536650.0
test_0629_r6336_c7738,test,6336,7738,0,,0,577340.0,3534090.0,579900.0,3536650.0
test_0630_r6336_c7930,test,6336,7930,0,,0,579260.0,3534090.0,581820.0,3536650.0
test_0631_r6336_c8122,test,6336,8122,0,,0,581180.0,3534090.0,583740.0,3536650.0
test_0632_r6336_c8314,test,6336,8314,0,,0,583100.0,3534090.0,585660.0,3536650.0
test_0633_r6336_c8506,test,6336,8506,0,,0,585020.0,3534090.0,587580.0,3536650.0
test_0634_r6336_c8698,test,6336,8698,0,,0,586940.0,3534090.0,589500.0,3536650.0
test_0635_r6336_c8890,test,6336,8890,0,,0,588860.0,3534090.0,591420.0,3536650.0
test_0636_r6336_c9082,test,6336,9082,0,,0,590780.0,3534090.0,593340.0,3536650.0
test_0637_r6336_c9274,test,6336,9274,0,,0,592700.0,3534090.0,595260.0,3536650.0
test_0638_r6336_c9466,test,6336,9466,0,,0,594620.0,3534090.0,597180.0,3536650.0
test_0639_r6336_c9658,test,6336,9658,0,,0,596540.0,3534090.0,599100.0,3536650.0
test_0640_r6336_c9850,test,6336,9850,0,,0,598460.0,3534090.0,601020.0,3536650.0
test_0641_r6336_c10042,test,6336,10042,0,,0,600380.0,3534090.0,602940.0,3536650.0
test_0642_r6336_c10234,test,6336,10234,0,,0,602300.0,3534090.0,604860.0,3536650.0
test_0643_r6336_c10426,test,6336,10426,0,,0,604220.0,3534090.0,606780.0,3536650.0
test_0644_r6336_c10618,test,6336,10618,0,,0,606140.0,3534090.0,608700.0,3536650.0
test_0645_r6336_c10726,test,6336,10726,0,,0,607220.0,3534090.0,609780.0,3536650.0
test_0646_r6528_c7354,test,6528,7354,0,,0,573500.0,3532170.0,576060.0,3534730.0
test_0647_r6528_c7546,test,6528,7546,0,,0,575420.0,3532170.0,577980.0,3534730.0
test_0648_r6528_c7738,test,6528,7738,0,,0,577340.0,3532170.0,579900.0,3534730.0
test_0649_r6528_c7930,test,6528,7930,0,,0,579260.0,3532170.0,581820.0,3534730.0
test_0650_r6528_c8122,test,6528,8122,0,,0,581180.0,3532170.0,583740.0,3534730.0
test_0651_r6528_c8314,test,6528,8314,0,,0,583100.0,3532170.0,585660.0,3534730.0
test_0652_r6528_c8506,test,6528,8506,0,,0,585020.0,3532170.0,587580.0,3534730.0
test_0653_r6528_c8698,test,6528,8698,0,,0,586940.0,3532170.0,589500.0,3534730.0
test_0654_r6528_c8890,test,6528,8890,0,,0,588860.0,3532170.0,591420.0,3534730.0
test_0655_r6528_c9082,test,6528,9082,0,,0,590780.0,3532170.0,593340.0,3534730.0
test_0656_r6528_c9274,test,6528,9274,0,,0,592700.0,3532170.0,595260.0,3534730.0
test_0657_r6528_c9466,test,6528,9466,0,,0,594620.0,3532170.0,597180.0,3534730.0
test_0658_r6528_c9658,test,6528,9658,0,,0,596540.0,3532170.0,599100.0,3534730.0
test_0659_r6528_c9850,test,6528,9850,0,,0,598460.0,3532170.0,601020.0,3534730.0
test_0660_r6528_c10042,test,6528,10042,0,,0,600380.0,3532170.0,602940.0,3534730.0
test_0661_r6528_c10234,test,6528,10234,0,,0,602300.0,3532170.0,604860.0,3534730.0
test_0662_r6528_c10426,test,6528,10426,0,,0,604220.0,3532170.0,606780.0,3534730.0
test_0663_r6528_c10618,test,6528,10618,0,,0,606140.0,3532170.0,608700.0,3534730.0
test_0664_r6528_c10726,test,6528,10726,0,,0,607220.0,3532170.0,609780.0,3534730.0
test_0665_r6720_c7354,test,6720,7354,0,,0,573500.0,3530250.0,576060.0,3532810.0
test_0666_r6720_c7546,test,6720,7546,1,57,0,575420.0,3530250.0,577980.0,3532810.0
test_0667_r6720_c7738,test,6720,7738,0,,0,577340.0,3530250.0,579900.0,3532810.0
test_0668_r6720_c7930,test,6720,7930,0,,0,579260.0,3530250.0,581820.0,3532810.0
test_0669_r6720_c8122,test,6720,8122,0,,0,581180.0,3530250.0,583740.0,3532810.0
test_0670_r6720_c8314,test,6720,8314,0,,0,583100.0,3530250.0,585660.0,3532810.0
test_0671_r6720_c8506,test,6720,8506,0,,0,585020.0,3530250.0,587580.0,3532810.0
test_0672_r6720_c8698,test,6720,8698,0,,0,586940.0,3530250.0,589500.0,3532810.0
test_0673_r6720_c8890,test,6720,8890,0,,0,588860.0,3530250.0,591420.0,3532810.0
test_0674_r6720_c9082,test,6720,9082,0,,0,590780.0,3530250.0,593340.0,3532810.0
test_0675_r6720_c9274,test,6720,9274,0,,0,592700.0,3530250.0,595260.0,3532810.0
test_0676_r6720_c9466,test,6720,9466,0,,0,594620.0,3530250.0,597180.0,3532810.0
test_0677_r6720_c9658,test,6720,9658,0,,0,596540.0,3530250.0,599100.0,3532810.0
test_0678_r6720_c9850,test,6720,9850,0,,0,598460.0,3530250.0,601020.0,3532810.0
test_0679_r6720_c10042,test,6720,10042,0,,0,600380.0,3530250.0,602940.0,3532810.0
test_0680_r6720_c10234,test,6720,10234,0,,0,602300.0,3530250.0,604860.0,3532810.0
test_0681_r6720_c10426,test,6720,10426,0,,0,604220.0,3530250.0,606780.0,3532810.0
test_0682_r6720_c10618,test,6720,10618,0,,0,606140.0,3530250.0,608700.0,3532810.0
test_0683_r6720_c10726,test,6720,10726,0,,0,607220.0,3530250.0,609780.0,3532810.0
test_0684_r6912_c7354,test,6912,7354,0,,0,573500.0,3528330.0,576060.0,3530890.0
test_0685_r6912_c7546,test,6912,7546,1,57,0,575420.0,3528330.0,577980.0,3530890.0
test_0686_r6912_c7738,test,6912,7738,0,,0,577340.0,3528330.0,579900.0,3530890.0
test_0687_r6912_c7930,test,6912,7930,1,59,0,579260.0,3528330.0,581820.0,3530890.0
test_0688_r6912_c8122,test,6912,8122,0,,0,581180.0,3528330.0,583740.0,3530890.0
test_0689_r6912_c8314,test,6912,8314,1,69,0,583100.0,3528330.0,585660.0,3530890.0
test_0690_r6912_c8506,test,6912,8506,0,,0,585020.0,3528330.0,587580.0,3530890.0
test_0691_r6912_c8698,test,6912,8698,2,"78,79",0,586940.0,3528330.0,589500.0,3530890.0
test_0692_r6912_c8890,test,6912,8890,4,"61,62,79,80",0,588860.0,3528330.0,591420.0,3530890.0
test_0693_r6912_c9082,test,6912,9082,2,"62,80",0,590780.0,3528330.0,593340.0,3530890.0
test_0694_r6912_c9274,test,6912,9274,0,,0,592700.0,3528330.0,595260.0,3530890.0
test_0695_r6912_c9466,test,6912,9466,0,,0,594620.0,3528330.0,597180.0,3530890.0
test_0696_r6912_c9658,test,6912,9658,0,,0,596540.0,3528330.0,599100.0,3530890.0
test_0697_r6912_c9850,test,6912,9850,0,,0,598460.0,3528330.0,601020.0,3530890.0
test_0698_r6912_c10042,test,6912,10042,0,,0,600380.0,3528330.0,602940.0,3530890.0
test_0699_r6912_c10234,test,6912,10234,0,,0,602300.0,3528330.0,604860.0,3530890.0
test_0700_r6912_c10426,test,6912,10426,0,,0,604220.0,3528330.0,606780.0,3530890.0
test_0701_r6912_c10618,test,6912,10618,0,,0,606140.0,3528330.0,608700.0,3530890.0
test_0702_r6912_c10726,test,6912,10726,0,,0,607220.0,3528330.0,609780.0,3530890.0
test_0703_r7104_c7354,test,7104,7354,1,60,0,573500.0,3526410.0,576060.0,3528970.0
test_0704_r7104_c7546,test,7104,7546,0,,0,575420.0,3526410.0,577980.0,3528970.0
test_0705_r7104_c7738,test,7104,7738,0,,0,577340.0,3526410.0,579900.0,3528970.0
test_0706_r7104_c7930,test,7104,7930,0,,0,579260.0,3526410.0,581820.0,3528970.0
test_0707_r7104_c8122,test,7104,8122,1,76,0,581180.0,3526410.0,583740.0,3528970.0
test_0708_r7104_c8314,test,7104,8314,1,69,0,583100.0,3526410.0,585660.0,3528970.0
test_0709_r7104_c8506,test,7104,8506,0,,0,585020.0,3526410.0,587580.0,3528970.0
test_0710_r7104_c8698,test,7104,8698,2,"77,78",0,586940.0,3526410.0,589500.0,3528970.0
test_0711_r7104_c8890,test,7104,8890,1,61,0,588860.0,3526410.0,591420.0,3528970.0
test_0712_r7104_c9082,test,7104,9082,2,"81,82",0,590780.0,3526410.0,593340.0,3528970.0
test_0713_r7104_c9274,test,7104,9274,0,,0,592700.0,3526410.0,595260.0,3528970.0
test_0714_r7104_c9466,test,7104,9466,0,,0,594620.0,3526410.0,597180.0,3528970.0
test_0715_r7104_c9658,test,7104,9658,0,,0,596540.0,3526410.0,599100.0,3528970.0
test_0716_r7104_c9850,test,7104,9850,0,,0,598460.0,3526410.0,601020.0,3528970.0
test_0717_r7104_c10042,test,7104,10042,0,,0,600380.0,3526410.0,602940.0,3528970.0
test_0718_r7104_c10234,test,7104,10234,0,,0,602300.0,3526410.0,604860.0,3528970.0
test_0719_r7104_c10426,test,7104,10426,0,,0,604220.0,3526410.0,606780.0,3528970.0
test_0720_r7104_c10618,test,7104,10618,0,,0,606140.0,3526410.0,608700.0,3528970.0
test_0721_r7104_c10726,test,7104,10726,0,,0,607220.0,3526410.0,609780.0,3528970.0
test_0722_r7296_c7354,test,7296,7354,0,,0,573500.0,3524490.0,576060.0,3527050.0
test_0723_r7296_c7546,test,7296,7546,3,"63,65,75",0,575420.0,3524490.0,577980.0,3527050.0
test_0724_r7296_c7738,test,7296,7738,1,65,0,577340.0,3524490.0,579900.0,3527050.0
test_0725_r7296_c7930,test,7296,7930,1,64,0,579260.0,3524490.0,581820.0,3527050.0
test_0726_r7296_c8122,test,7296,8122,0,,0,581180.0,3524490.0,583740.0,3527050.0
test_0727_r7296_c8314,test,7296,8314,0,,0,583100.0,3524490.0,585660.0,3527050.0
test_0728_r7296_c8506,test,7296,8506,0,,0,585020.0,3524490.0,587580.0,3527050.0
test_0729_r7296_c8698,test,7296,8698,0,,0,586940.0,3524490.0,589500.0,3527050.0
test_0730_r7296_c8890,test,7296,8890,0,,0,588860.0,3524490.0,591420.0,3527050.0
test_0731_r7296_c9082,test,7296,9082,1,81,0,590780.0,3524490.0,593340.0,3527050.0
test_0732_r7296_c9274,test,7296,9274,1,83,0,592700.0,3524490.0,595260.0,3527050.0
test_0733_r7296_c9466,test,7296,9466,0,,0,594620.0,3524490.0,597180.0,3527050.0
test_0734_r7296_c9658,test,7296,9658,0,,0,596540.0,3524490.0,599100.0,3527050.0
test_0735_r7296_c9850,test,7296,9850,0,,0,598460.0,3524490.0,601020.0,3527050.0
test_0736_r7296_c10042,test,7296,10042,0,,0,600380.0,3524490.0,602940.0,3527050.0
test_0737_r7296_c10234,test,7296,10234,0,,0,602300.0,3524490.0,604860.0,3527050.0
test_0738_r7296_c10426,test,7296,10426,0,,0,604220.0,3524490.0,606780.0,3527050.0
test_0739_r7296_c10618,test,7296,10618,0,,0,606140.0,3524490.0,608700.0,3527050.0
test_0740_r7296_c10726,test,7296,10726,0,,0,607220.0,3524490.0,609780.0,3527050.0
test_0741_r7488_c7354,test,7488,7354,0,,0,573500.0,3522570.0,576060.0,3525130.0
test_0742_r7488_c7546,test,7488,7546,2,"63,65",0,575420.0,3522570.0,577980.0,3525130.0
test_0743_r7488_c7738,test,7488,7738,1,65,0,577340.0,3522570.0,579900.0,3525130.0
test_0744_r7488_c7930,test,7488,7930,0,,0,579260.0,3522570.0,581820.0,3525130.0
test_0745_r7488_c8122,test,7488,8122,1,66,0,581180.0,3522570.0,583740.0,3525130.0
test_0746_r7488_c8314,test,7488,8314,0,,0,583100.0,3522570.0,585660.0,3525130.0
test_0747_r7488_c8506,test,7488,8506,0,,0,585020.0,3522570.0,587580.0,3525130.0
test_0748_r7488_c8698,test,7488,8698,0,,0,586940.0,3522570.0,589500.0,3525130.0
test_0749_r7488_c8890,test,7488,8890,0,,0,588860.0,3522570.0,591420.0,3525130.0
test_0750_r7488_c9082,test,7488,9082,0,,0,590780.0,3522570.0,593340.0,3525130.0
test_0751_r7488_c9274,test,7488,9274,0,,0,592700.0,3522570.0,595260.0,3525130.0
test_0752_r7488_c9466,test,7488,9466,4,"762,763,764,765",0,594620.0,3522570.0,597180.0,3525130.0
test_0753_r7488_c9658,test,7488,9658,0,,0,596540.0,3522570.0,599100.0,3525130.0
test_0754_r7488_c9850,test,7488,9850,0,,0,598460.0,3522570.0,601020.0,3525130.0
test_0755_r7488_c10042,test,7488,10042,0,,0,600380.0,3522570.0,602940.0,3525130.0
test_0756_r7488_c10234,test,7488,10234,0,,0,602300.0,3522570.0,604860.0,3525130.0
test_0757_r7488_c10426,test,7488,10426,0,,0,604220.0,3522570.0,606780.0,3525130.0
test_0758_r7488_c10618,test,7488,10618,0,,0,606140.0,3522570.0,608700.0,3525130.0
test_0759_r7488_c10726,test,7488,10726,1,761,0,607220.0,3522570.0,609780.0,3525130.0
test_0760_r7680_c7354,test,7680,7354,0,,0,573500.0,3520650.0,576060.0,3523210.0
test_0761_r7680_c7546,test,7680,7546,0,,0,575420.0,3520650.0,577980.0,3523210.0
test_0762_r7680_c7738,test,7680,7738,1,67,0,577340.0,3520650.0,579900.0,3523210.0
test_0763_r7680_c7930,test,7680,7930,1,67,0,579260.0,3520650.0,581820.0,3523210.0
test_0764_r7680_c8122,test,7680,8122,3,"66,70,1224",0,581180.0,3520650.0,583740.0,3523210.0
test_0765_r7680_c8314,test,7680,8314,0,,0,583100.0,3520650.0,585660.0,3523210.0
test_0766_r7680_c8506,test,7680,8506,0,,0,585020.0,3520650.0,587580.0,3523210.0
test_0767_r7680_c8698,test,7680,8698,0,,0,586940.0,3520650.0,589500.0,3523210.0
test_0768_r7680_c8890,test,7680,8890,0,,0,588860.0,3520650.0,591420.0,3523210.0
test_0769_r7680_c9082,test,7680,9082,0,,0,590780.0,3520650.0,593340.0,3523210.0
test_0770_r7680_c9274,test,7680,9274,0,,0,592700.0,3520650.0,595260.0,3523210.0
test_0771_r7680_c9466,test,7680,9466,3,"762,763,765",0,594620.0,3520650.0,597180.0,3523210.0
test_0772_r7680_c9658,test,7680,9658,0,,0,596540.0,3520650.0,599100.0,3523210.0
test_0773_r7680_c9850,test,7680,9850,4,"769,770,771,1225",0,598460.0,3520650.0,601020.0,3523210.0
test_0774_r7680_c10042,test,7680,10042,1,771,0,600380.0,3520650.0,602940.0,3523210.0
test_0775_r7680_c10234,test,7680,10234,0,,0,602300.0,3520650.0,604860.0,3523210.0
test_0776_r7680_c10426,test,7680,10426,0,,0,604220.0,3520650.0,606780.0,3523210.0
test_0777_r7680_c10618,test,7680,10618,0,,0,606140.0,3520650.0,608700.0,3523210.0
test_0778_r7680_c10726,test,7680,10726,1,761,0,607220.0,3520650.0,609780.0,3523210.0
test_0779_r7872_c7354,test,7872,7354,0,,0,573500.0,3518730.0,576060.0,3521290.0
test_0780_r7872_c7546,test,7872,7546,0,,0,575420.0,3518730.0,577980.0,3521290.0
test_0781_r7872_c7738,test,7872,7738,0,,0,577340.0,3518730.0,579900.0,3521290.0
test_0782_r7872_c7930,test,7872,7930,0,,0,579260.0,3518730.0,581820.0,3521290.0
test_0783_r7872_c8122,test,7872,8122,1,1224,0,581180.0,3518730.0,583740.0,3521290.0
test_0784_r7872_c8314,test,7872,8314,0,,0,583100.0,3518730.0,585660.0,3521290.0
test_0785_r7872_c8506,test,7872,8506,0,,0,585020.0,3518730.0,587580.0,3521290.0
test_0786_r7872_c8698,test,7872,8698,1,85,0,586940.0,3518730.0,589500.0,3521290.0
test_0787_r7872_c8890,test,7872,8890,1,85,0,588860.0,3518730.0,591420.0,3521290.0
test_0788_r7872_c9082,test,7872,9082,0,,0,590780.0,3518730.0,593340.0,3521290.0
test_0789_r7872_c9274,test,7872,9274,0,,0,592700.0,3518730.0,595260.0,3521290.0
test_0790_r7872_c9466,test,7872,9466,0,,0,594620.0,3518730.0,597180.0,3521290.0
test_0791_r7872_c9658,test,7872,9658,0,,0,596540.0,3518730.0,599100.0,3521290.0
test_0792_r7872_c9850,test,7872,9850,0,,0,598460.0,3518730.0,601020.0,3521290.0
test_0793_r7872_c10042,test,7872,10042,0,,0,600380.0,3518730.0,602940.0,3521290.0
test_0794_r7872_c10234,test,7872,10234,1,766,0,602300.0,3518730.0,604860.0,3521290.0
test_0795_r7872_c10426,test,7872,10426,0,,0,604220.0,3518730.0,606780.0,3521290.0
test_0796_r7872_c10618,test,7872,10618,0,,0,606140.0,3518730.0,608700.0,3521290.0
test_0797_r7872_c10726,test,7872,10726,0,,0,607220.0,3518730.0,609780.0,3521290.0
test_0798_r8064_c7354,test,8064,7354,1,88,0,573500.0,3516810.0,576060.0,3519370.0
test_0799_r8064_c7546,test,8064,7546,1,88,0,575420.0,3516810.0,577980.0,3519370.0
test_0800_r8064_c7738,test,8064,7738,1,74,0,577340.0,3516810.0,579900.0,3519370.0
test_0801_r8064_c7930,test,8064,7930,0,,0,579260.0,3516810.0,581820.0,3519370.0
test_0802_r8064_c8122,test,8064,8122,0,,0,581180.0,3516810.0,583740.0,3519370.0
test_0803_r8064_c8314,test,8064,8314,0,,0,583100.0,3516810.0,585660.0,3519370.0
test_0804_r8064_c8506,test,8064,8506,0,,0,585020.0,3516810.0,587580.0,3519370.0
test_0805_r8064_c8698,test,8064,8698,1,85,0,586940.0,3516810.0,589500.0,3519370.0
test_0806_r8064_c8890,test,8064,8890,1,85,0,588860.0,3516810.0,591420.0,3519370.0
test_0807_r8064_c9082,test,8064,9082,0,,0,590780.0,3516810.0,593340.0,3519370.0
test_0808_r8064_c9274,test,8064,9274,0,,0,592700.0,3516810.0,595260.0,3519370.0
test_0809_r8064_c9466,test,8064,9466,2,"1222,1223",0,594620.0,3516810.0,597180.0,3519370.0
test_0810_r8064_c9658,test,8064,9658,1,1223,0,596540.0,3516810.0,599100.0,3519370.0
test_0811_r8064_c9850,test,8064,9850,0,,0,598460.0,3516810.0,601020.0,3519370.0
test_0812_r8064_c10042,test,8064,10042,0,,0,600380.0,3516810.0,602940.0,3519370.0
test_0813_r8064_c10234,test,8064,10234,1,766,0,602300.0,3516810.0,604860.0,3519370.0
test_0814_r8064_c10426,test,8064,10426,1,767,0,604220.0,3516810.0,606780.0,3519370.0
test_0815_r8064_c10618,test,8064,10618,0,,0,606140.0,3516810.0,608700.0,3519370.0
test_0816_r8064_c10726,test,8064,10726,0,,0,607220.0,3516810.0,609780.0,3519370.0
test_0817_r8256_c7354,test,8256,7354,0,,0,573500.0,3514890.0,576060.0,3517450.0
test_0818_r8256_c7546,test,8256,7546,0,,0,575420.0,3514890.0,577980.0,3517450.0
test_0819_r8256_c7738,test,8256,7738,0,,0,577340.0,3514890.0,579900.0,3517450.0
test_0820_r8256_c7930,test,8256,7930,1,71,0,579260.0,3514890.0,581820.0,3517450.0
test_0821_r8256_c8122,test,8256,8122,1,1220,0,581180.0,3514890.0,583740.0,3517450.0
test_0822_r8256_c8314,test,8256,8314,1,1220,0,583100.0,3514890.0,585660.0,3517450.0
test_0823_r8256_c8506,test,8256,8506,0,,0,585020.0,3514890.0,587580.0,3517450.0
test_0824_r8256_c8698,test,8256,8698,0,,0,586940.0,3514890.0,589500.0,3517450.0
test_0825_r8256_c8890,test,8256,8890,0,,0,588860.0,3514890.0,591420.0,3517450.0
test_0826_r8256_c9082,test,8256,9082,0,,0,590780.0,3514890.0,593340.0,3517450.0
test_0827_r8256_c9274,test,8256,9274,2,"68,86",0,592700.0,3514890.0,595260.0,3517450.0
test_0828_r8256_c9466,test,8256,9466,1,1222,0,594620.0,3514890.0,597180.0,3517450.0
test_0829_r8256_c9658,test,8256,9658,0,,0,596540.0,3514890.0,599100.0,3517450.0
test_0830_r8256_c9850,test,8256,9850,0,,0,598460.0,3514890.0,601020.0,3517450.0
test_0831_r8256_c10042,test,8256,10042,0,,0,600380.0,3514890.0,602940.0,3517450.0
test_0832_r8256_c10234,test,8256,10234,0,,0,602300.0,3514890.0,604860.0,3517450.0
test_0833_r8256_c10426,test,8256,10426,0,,0,604220.0,3514890.0,606780.0,3517450.0
test_0834_r8256_c10618,test,8256,10618,0,,0,606140.0,3514890.0,608700.0,3517450.0
test_0835_r8256_c10726,test,8256,10726,0,,0,607220.0,3514890.0,609780.0,3517450.0
test_0836_r8448_c7354,test,8448,7354,0,,0,573500.0,3512970.0,576060.0,3515530.0
test_0837_r8448_c7546,test,8448,7546,1,1219,0,575420.0,3512970.0,577980.0,3515530.0
test_0838_r8448_c7738,test,8448,7738,0,,0,577340.0,3512970.0,579900.0,3515530.0
test_0839_r8448_c7930,test,8448,7930,0,,0,579260.0,3512970.0,581820.0,3515530.0
test_0840_r8448_c8122,test,8448,8122,2,"72,84",0,581180.0,3512970.0,583740.0,3515530.0
test_0841_r8448_c8314,test,8448,8314,0,,0,583100.0,3512970.0,585660.0,3515530.0
test_0842_r8448_c8506,test,8448,8506,0,,0,585020.0,3512970.0,587580.0,3515530.0
test_0843_r8448_c8698,test,8448,8698,0,,0,586940.0,3512970.0,589500.0,3515530.0
test_0844_r8448_c8890,test,8448,8890,0,,0,588860.0,3512970.0,591420.0,3515530.0
test_0845_r8448_c9082,test,8448,9082,0,,0,590780.0,3512970.0,593340.0,3515530.0
test_0846_r8448_c9274,test,8448,9274,0,,0,592700.0,3512970.0,595260.0,3515530.0
test_0847_r8448_c9466,test,8448,9466,0,,0,594620.0,3512970.0,597180.0,3515530.0
test_0848_r8448_c9658,test,8448,9658,0,,0,596540.0,3512970.0,599100.0,3515530.0
test_0849_r8448_c9850,test,8448,9850,0,,0,598460.0,3512970.0,601020.0,3515530.0
test_0850_r8448_c10042,test,8448,10042,0,,0,600380.0,3512970.0,602940.0,3515530.0
test_0851_r8448_c10234,test,8448,10234,0,,0,602300.0,3512970.0,604860.0,3515530.0
test_0852_r8448_c10426,test,8448,10426,0,,0,604220.0,3512970.0,606780.0,3515530.0
test_0853_r8448_c10618,test,8448,10618,0,,0,606140.0,3512970.0,608700.0,3515530.0
test_0854_r8448_c10726,test,8448,10726,0,,0,607220.0,3512970.0,609780.0,3515530.0
test_0855_r8640_c7354,test,8640,7354,0,,0,573500.0,3511050.0,576060.0,3513610.0
test_0856_r8640_c7546,test,8640,7546,0,,0,575420.0,3511050.0,577980.0,3513610.0
test_0857_r8640_c7738,test,8640,7738,0,,0,577340.0,3511050.0,579900.0,3513610.0
test_0858_r8640_c7930,test,8640,7930,1,260,0,579260.0,3511050.0,581820.0,3513610.0
test_0859_r8640_c8122,test,8640,8122,2,"84,1218",0,581180.0,3511050.0,583740.0,3513610.0
test_0860_r8640_c8314,test,8640,8314,2,"227,1218",0,583100.0,3511050.0,585660.0,3513610.0
test_0861_r8640_c8506,test,8640,8506,0,,0,585020.0,3511050.0,587580.0,3513610.0
test_0862_r8640_c8698,test,8640,8698,1,228,0,586940.0,3511050.0,589500.0,3513610.0
test_0863_r8640_c8890,test,8640,8890,0,,0,588860.0,3511050.0,591420.0,3513610.0
test_0864_r8640_c9082,test,8640,9082,0,,0,590780.0,3511050.0,593340.0,3513610.0
test_0865_r8640_c9274,test,8640,9274,0,,0,592700.0,3511050.0,595260.0,3513610.0
test_0866_r8640_c9466,test,8640,9466,0,,0,594620.0,3511050.0,597180.0,3513610.0
test_0867_r8640_c9658,test,8640,9658,1,499,0,596540.0,3511050.0,599100.0,3513610.0
test_0868_r8640_c9850,test,8640,9850,1,519,0,598460.0,3511050.0,601020.0,3513610.0
test_0869_r8640_c10042,test,8640,10042,1,519,0,600380.0,3511050.0,602940.0,3513610.0
test_0870_r8640_c10234,test,8640,10234,0,,0,602300.0,3511050.0,604860.0,3513610.0
test_0871_r8640_c10426,test,8640,10426,0,,0,604220.0,3511050.0,606780.0,3513610.0
test_0872_r8640_c10618,test,8640,10618,0,,0,606140.0,3511050.0,608700.0,3513610.0
test_0873_r8640_c10726,test,8640,10726,0,,0,607220.0,3511050.0,609780.0,3513610.0
test_0874_r8832_c7354,test,8832,7354,0,,0,573500.0,3509130.0,576060.0,3511690.0
test_0875_r8832_c7546,test,8832,7546,0,,0,575420.0,3509130.0,577980.0,3511690.0
test_0876_r8832_c7738,test,8832,7738,0,,0,577340.0,3509130.0,579900.0,3511690.0
test_0877_r8832_c7930,test,8832,7930,1,260,0,579260.0,3509130.0,581820.0,3511690.0
test_0878_r8832_c8122,test,8832,8122,0,,0,581180.0,3509130.0,583740.0,3511690.0
test_0879_r8832_c8314,test,8832,8314,0,,0,583100.0,3509130.0,585660.0,3511690.0
test_0880_r8832_c8506,test,8832,8506,2,"262,263",0,585020.0,3509130.0,587580.0,3511690.0
test_0881_r8832_c8698,test,8832,8698,2,"223,262",0,586940.0,3509130.0,589500.0,3511690.0
test_0882_r8832_c8890,test,8832,8890,1,223,0,588860.0,3509130.0,591420.0,3511690.0
test_0883_r8832_c9082,test,8832,9082,0,,0,590780.0,3509130.0,593340.0,3511690.0
test_0884_r8832_c9274,test,8832,9274,0,,0,592700.0,3509130.0,595260.0,3511690.0
test_0885_r8832_c9466,test,8832,9466,0,,0,594620.0,3509130.0,597180.0,3511690.0
test_0886_r8832_c9658,test,8832,9658,1,513,0,596540.0,3509130.0,599100.0,3511690.0
test_0887_r8832_c9850,test,8832,9850,2,"513,519",0,598460.0,3509130.0,601020.0,3511690.0
test_0888_r8832_c10042,test,8832,10042,3,"498,518,519",0,600380.0,3509130.0,602940.0,3511690.0
test_0889_r8832_c10234,test,8832,10234,0,,0,602300.0,3509130.0,604860.0,3511690.0
test_0890_r8832_c10426,test,8832,10426,0,,0,604220.0,3509130.0,606780.0,3511690.0
test_0891_r8832_c10618,test,8832,10618,0,,0,606140.0,3509130.0,608700.0,3511690.0
test_0892_r8832_c10726,test,8832,10726,0,,0,607220.0,3509130.0,609780.0,3511690.0
test_0893_r9024_c7354,test,9024,7354,0,,0,573500.0,3507210.0,576060.0,3509770.0
test_0894_r9024_c7546,test,9024,7546,0,,0,575420.0,3507210.0,577980.0,3509770.0
test_0895_r9024_c7738,test,9024,7738,0,,0,577340.0,3507210.0,579900.0,3509770.0
test_0896_r9024_c7930,test,9024,7930,2,"226,259",0,579260.0,3507210.0,581820.0,3509770.0
test_0897_r9024_c8122,test,9024,8122,1,259,0,581180.0,3507210.0,583740.0,3509770.0
test_0898_r9024_c8314,test,9024,8314,0,,0,583100.0,3507210.0,585660.0,3509770.0
test_0899_r9024_c8506,test,9024,8506,0,,0,585020.0,3507210.0,587580.0,3509770.0
test_0900_r9024_c8698,test,9024,8698,1,223,0,586940.0,3507210.0,589500.0,3509770.0
test_0901_r9024_c8890,test,9024,8890,1,223,0,588860.0,3507210.0,591420.0,3509770.0
test_0902_r9024_c9082,test,9024,9082,0,,0,590780.0,3507210.0,593340.0,3509770.0
test_0903_r9024_c9274,test,9024,9274,1,1215,0,592700.0,3507210.0,595260.0,3509770.0
test_0904_r9024_c9466,test,9024,9466,0,,0,594620.0,3507210.0,597180.0,3509770.0
test_0905_r9024_c9658,test,9024,9658,1,513,0,596540.0,3507210.0,599100.0,3509770.0
test_0906_r9024_c9850,test,9024,9850,1,513,0,598460.0,3507210.0,601020.0,3509770.0
test_0907_r9024_c10042,test,9024,10042,2,"498,518",0,600380.0,3507210.0,602940.0,3509770.0
test_0908_r9024_c10234,test,9024,10234,0,,0,602300.0,3507210.0,604860.0,3509770.0
test_0909_r9024_c10426,test,9024,10426,0,,0,604220.0,3507210.0,606780.0,3509770.0
test_0910_r9024_c10618,test,9024,10618,1,516,0,606140.0,3507210.0,608700.0,3509770.0
test_0911_r9024_c10726,test,9024,10726,2,"500,516",0,607220.0,3507210.0,609780.0,3509770.0
test_0912_r9216_c7354,test,9216,7354,1,1208,0,573500.0,3505290.0,576060.0,3507850.0
test_0913_r9216_c7546,test,9216,7546,0,,0,575420.0,3505290.0,577980.0,3507850.0
test_0914_r9216_c7738,test,9216,7738,0,,0,577340.0,3505290.0,579900.0,3507850.0
test_0915_r9216_c7930,test,9216,7930,4,"226,257,258,259",0,579260.0,3505290.0,581820.0,3507850.0
test_0916_r9216_c8122,test,9216,8122,1,259,0,581180.0,3505290.0,583740.0,3507850.0
test_0917_r9216_c8314,test,9216,8314,0,,0,583100.0,3505290.0,585660.0,3507850.0
test_0918_r9216_c8506,test,9216,8506,0,,0,585020.0,3505290.0,587580.0,3507850.0
test_0919_r9216_c8698,test,9216,8698,0,,0,586940.0,3505290.0,589500.0,3507850.0
test_0920_r9216_c8890,test,9216,8890,0,,0,588860.0,3505290.0,591420.0,3507850.0
test_0921_r9216_c9082,test,9216,9082,0,,0,590780.0,3505290.0,593340.0,3507850.0
test_0922_r9216_c9274,test,9216,9274,2,"1214,1215",0,592700.0,3505290.0,595260.0,3507850.0
test_0923_r9216_c9466,test,9216,9466,0,,0,594620.0,3505290.0,597180.0,3507850.0
test_0924_r9216_c9658,test,9216,9658,2,"504,505",0,596540.0,3505290.0,599100.0,3507850.0
test_0925_r9216_c9850,test,9216,9850,2,"512,1210",0,598460.0,3505290.0,601020.0,3507850.0
test_0926_r9216_c10042,test,9216,10042,2,"1209,1210",0,600380.0,3505290.0,602940.0,3507850.0
test_0927_r9216_c10234,test,9216,10234,1,502,0,602300.0,3505290.0,604860.0,3507850.0
test_0928_r9216_c10426,test,9216,10426,1,501,0,604220.0,3505290.0,606780.0,3507850.0
test_0929_r9216_c10618,test,9216,10618,0,,0,606140.0,3505290.0,608700.0,3507850.0
test_0930_r9216_c10726,test,9216,10726,0,,0,607220.0,3505290.0,609780.0,3507850.0
test_0931_r9408_c7354,test,9408,7354,3,"1203,1207,1208",1,573500.0,3503370.0,576060.0,3505930.0
test_0932_r9408_c7546,test,9408,7546,1,1207,0,575420.0,3503370.0,577980.0,3505930.0
test_0933_r9408_c7738,test,9408,7738,0,,0,577340.0,3503370.0,579900.0,3505930.0
test_0934_r9408_c7930,test,9408,7930,1,257,0,579260.0,3503370.0,581820.0,3505930.0
test_0935_r9408_c8122,test,9408,8122,0,,0,581180.0,3503370.0,583740.0,3505930.0
test_0936_r9408_c8314,test,9408,8314,1,1202,0,583100.0,3503370.0,585660.0,3505930.0
test_0937_r9408_c8506,test,9408,8506,0,,0,585020.0,3503370.0,587580.0,3505930.0
test_0938_r9408_c8698,test,9408,8698,0,,0,586940.0,3503370.0,589500.0,3505930.0
test_0939_r9408_c8890,test,9408,8890,0,,0,588860.0,3503370.0,591420.0,3505930.0
test_0940_r9408_c9082,test,9408,9082,0,,0,590780.0,3503370.0,593340.0,3505930.0
test_0941_r9408_c9274,test,9408,9274,0,,0,592700.0,3503370.0,595260.0,3505930.0
test_0942_r9408_c9466,test,9408,9466,0,,0,594620.0,3503370.0,597180.0,3505930.0
test_0943_r9408_c9658,test,9408,9658,1,508,0,596540.0,3503370.0,599100.0,3505930.0
test_0944_r9408_c9850,test,9408,9850,5,"503,512,1204,1206,1210",0,598460.0,3503370.0,601020.0,3505930.0
test_0945_r9408_c10042,test,9408,10042,4,"503,1204,1209,1210",0,600380.0,3503370.0,602940.0,3505930.0
test_0946_r9408_c10234,test,9408,10234,0,,0,602300.0,3503370.0,604860.0,3505930.0
test_0947_r9408_c10426,test,9408,10426,0,,0,604220.0,3503370.0,606780.0,3505930.0
test_0948_r9408_c10618,test,9408,10618,0,,0,606140.0,3503370.0,608700.0,3505930.0
test_0949_r9408_c10726,test,9408,10726,1,1201,0,607220.0,3503370.0,609780.0,3505930.0
test_0950_r9600_c7354,test,9600,7354,0,,1,573500.0,3501450.0,576060.0,3504010.0
test_0951_r9600_c7546,test,9600,7546,0,,0,575420.0,3501450.0,577980.0,3504010.0
test_0952_r9600_c7738,test,9600,7738,0,,0,577340.0,3501450.0,579900.0,3504010.0
test_0953_r9600_c7930,test,9600,7930,0,,0,579260.0,3501450.0,581820.0,3504010.0
test_0954_r9600_c8122,test,9600,8122,0,,0,581180.0,3501450.0,583740.0,3504010.0
test_0955_r9600_c8314,test,9600,8314,2,"1199,1202",0,583100.0,3501450.0,585660.0,3504010.0
test_0956_r9600_c8506,test,9600,8506,0,,0,585020.0,3501450.0,587580.0,3504010.0
test_0957_r9600_c8698,test,9600,8698,0,,0,586940.0,3501450.0,589500.0,3504010.0
test_0958_r9600_c8890,test,9600,8890,1,261,0,588860.0,3501450.0,591420.0,3504010.0
test_0959_r9600_c9082,test,9600,9082,0,,0,590780.0,3501450.0,593340.0,3504010.0
test_0960_r9600_c9274,test,9600,9274,0,,0,592700.0,3501450.0,595260.0,3504010.0
test_0961_r9600_c9466,test,9600,9466,0,,0,594620.0,3501450.0,597180.0,3504010.0
test_0962_r9600_c9658,test,9600,9658,1,508,0,596540.0,3501450.0,599100.0,3504010.0
test_0963_r9600_c9850,test,9600,9850,0,,0,598460.0,3501450.0,601020.0,3504010.0
test_0964_r9600_c10042,test,9600,10042,0,,0,600380.0,3501450.0,602940.0,3504010.0
test_0965_r9600_c10234,test,9600,10234,0,,0,602300.0,3501450.0,604860.0,3504010.0
test_0966_r9600_c10426,test,9600,10426,0,,0,604220.0,3501450.0,606780.0,3504010.0
test_0967_r9600_c10618,test,9600,10618,1,510,0,606140.0,3501450.0,608700.0,3504010.0
test_0968_r9600_c10726,test,9600,10726,2,"510,1201",0,607220.0,3501450.0,609780.0,3504010.0
test_0969_r9792_c7354,test,9792,7354,2,"232,233",1,573500.0,3499530.0,576060.0,3502090.0
test_0970_r9792_c7546,test,9792,7546,3,"232,233,245",0,575420.0,3499530.0,577980.0,3502090.0
test_0971_r9792_c7738,test,9792,7738,0,,0,577340.0,3499530.0,579900.0,3502090.0
test_0972_r9792_c7930,test,9792,7930,2,"230,231",0,579260.0,3499530.0,581820.0,3502090.0
test_0973_r9792_c8122,test,9792,8122,2,"231,1198",0,581180.0,3499530.0,583740.0,3502090.0
test_0974_r9792_c8314,test,9792,8314,0,,0,583100.0,3499530.0,585660.0,3502090.0
test_0975_r9792_c8506,test,9792,8506,0,,0,585020.0,3499530.0,587580.0,3502090.0
test_0976_r9792_c8698,test,9792,8698,0,,0,586940.0,3499530.0,589500.0,3502090.0
test_0977_r9792_c8890,test,9792,8890,0,,0,588860.0,3499530.0,591420.0,3502090.0
test_0978_r9792_c9082,test,9792,9082,0,,0,590780.0,3499530.0,593340.0,3502090.0
test_0979_r9792_c9274,test,9792,9274,0,,0,592700.0,3499530.0,595260.0,3502090.0
test_0980_r9792_c9466,test,9792,9466,0,,0,594620.0,3499530.0,597180.0,3502090.0
test_0981_r9792_c9658,test,9792,9658,1,517,0,596540.0,3499530.0,599100.0,3502090.0
test_0982_r9792_c9850,test,9792,9850,1,517,0,598460.0,3499530.0,601020.0,3502090.0
test_0983_r9792_c10042,test,9792,10042,1,507,0,600380.0,3499530.0,602940.0,3502090.0
test_0984_r9792_c10234,test,9792,10234,0,,0,602300.0,3499530.0,604860.0,3502090.0
test_0985_r9792_c10426,test,9792,10426,1,506,0,604220.0,3499530.0,606780.0,3502090.0
test_0986_r9792_c10618,test,9792,10618,3,"506,510,1194",0,606140.0,3499530.0,608700.0,3502090.0
test_0987_r9792_c10726,test,9792,10726,3,"510,1193,1194",0,607220.0,3499530.0,609780.0,3502090.0
test_0988_r9984_c7354,test,9984,7354,2,"232,233",1,573500.0,3497610.0,576060.0,3500170.0
test_0989_r9984_c7546,test,9984,7546,3,"232,233,245",0,575420.0,3497610.0,577980.0,3500170.0
test_0990_r9984_c7738,test,9984,7738,0,,0,577340.0,3497610.0,579900.0,3500170.0
test_0991_r9984_c7930,test,9984,7930,1,231,0,579260.0,3497610.0,581820.0,3500170.0
test_0992_r9984_c8122,test,9984,8122,2,"231,250",0,581180.0,3497610.0,583740.0,3500170.0
test_0993_r9984_c8314,test,9984,8314,0,,0,583100.0,3497610.0,585660.0,3500170.0
test_0994_r9984_c8506,test,9984,8506,0,,0,585020.0,3497610.0,587580.0,3500170.0
test_0995_r9984_c8698,test,9984,8698,0,,0,586940.0,3497610.0,589500.0,3500170.0
test_0996_r9984_c8890,test,9984,8890,0,,0,588860.0,3497610.0,591420.0,3500170.0
test_0997_r9984_c9082,test,9984,9082,0,,0,590780.0,3497610.0,593340.0,3500170.0
test_0998_r9984_c9274,test,9984,9274,0,,0,592700.0,3497610.0,595260.0,3500170.0
test_0999_r9984_c9466,test,9984,9466,0,,0,594620.0,3497610.0,597180.0,3500170.0
test_1000_r9984_c9658,test,9984,9658,1,517,0,596540.0,3497610.0,599100.0,3500170.0
test_1001_r9984_c9850,test,9984,9850,1,517,0,598460.0,3497610.0,601020.0,3500170.0
test_1002_r9984_c10042,test,9984,10042,1,509,0,600380.0,3497610.0,602940.0,3500170.0
test_1003_r9984_c10234,test,9984,10234,0,,0,602300.0,3497610.0,604860.0,3500170.0
test_1004_r9984_c10426,test,9984,10426,1,506,0,604220.0,3497610.0,606780.0,3500170.0
test_1005_r9984_c10618,test,9984,10618,2,"506,1194",0,606140.0,3497610.0,608700.0,3500170.0
test_1006_r9984_c10726,test,9984,10726,2,"1193,1194",0,607220.0,3497610.0,609780.0,3500170.0
test_1007_r10176_c7354,test,10176,7354,0,,0,573500.0,3495690.0,576060.0,3498250.0
test_1008_r10176_c7546,test,10176,7546,1,234,0,575420.0,3495690.0,577980.0,3498250.0
test_1009_r10176_c7738,test,10176,7738,1,248,0,577340.0,3495690.0,579900.0,3498250.0
test_1010_r10176_c7930,test,10176,7930,2,"248,1192",0,579260.0,3495690.0,581820.0,3498250.0
test_1011_r10176_c8122,test,10176,8122,1,1192,0,581180.0,3495690.0,583740.0,3498250.0
test_1012_r10176_c8314,test,10176,8314,0,,0,583100.0,3495690.0,585660.0,3498250.0
test_1013_r10176_c8506,test,10176,8506,0,,0,585020.0,3495690.0,587580.0,3498250.0
test_1014_r10176_c8698,test,10176,8698,0,,0,586940.0,3495690.0,589500.0,3498250.0
test_1015_r10176_c8890,test,10176,8890,0,,0,588860.0,3495690.0,591420.0,3498250.0
test_1016_r10176_c9082,test,10176,9082,2,"254,1191",0,590780.0,3495690.0,593340.0,3498250.0
test_1017_r10176_c9274,test,10176,9274,2,"224,1191",0,592700.0,3495690.0,595260.0,3498250.0
test_1018_r10176_c9466,test,10176,9466,0,,0,594620.0,3495690.0,597180.0,3498250.0
test_1019_r10176_c9658,test,10176,9658,0,,0,596540.0,3495690.0,599100.0,3498250.0
test_1020_r10176_c9850,test,10176,9850,0,,0,598460.0,3495690.0,601020.0,3498250.0
test_1021_r10176_c10042,test,10176,10042,0,,0,600380.0,3495690.0,602940.0,3498250.0
test_1022_r10176_c10234,test,10176,10234,0,,0,602300.0,3495690.0,604860.0,3498250.0
test_1023_r10176_c10426,test,10176,10426,0,,0,604220.0,3495690.0,606780.0,3498250.0
test_1024_r10176_c10618,test,10176,10618,0,,0,606140.0,3495690.0,608700.0,3498250.0
test_1025_r10176_c10726,test,10176,10726,1,511,0,607220.0,3495690.0,609780.0,3498250.0
test_1026_r10368_c7354,test,10368,7354,2,"242,243",1,573500.0,3493770.0,576060.0,3496330.0
test_1027_r10368_c7546,test,10368,7546,3,"244,246,247",0,575420.0,3493770.0,577980.0,3496330.0
test_1028_r10368_c7738,test,10368,7738,1,247,0,577340.0,3493770.0,579900.0,3496330.0
test_1029_r10368_c7930,test,10368,7930,1,1190,0,579260.0,3493770.0,581820.0,3496330.0
test_1030_r10368_c8122,test,10368,8122,1,319,0,581180.0,3493770.0,583740.0,3496330.0
test_1031_r10368_c8314,test,10368,8314,2,"229,319",0,583100.0,3493770.0,585660.0,3496330.0
test_1032_r10368_c8506,test,10368,8506,1,229,0,585020.0,3493770.0,587580.0,3496330.0
test_1033_r10368_c8698,test,10368,8698,0,,0,586940.0,3493770.0,589500.0,3496330.0
test_1034_r10368_c8890,test,10368,8890,2,"225,318",0,588860.0,3493770.0,591420.0,3496330.0
test_1035_r10368_c9082,test,10368,9082,2,"253,1191",0,590780.0,3493770.0,593340.0,3496330.0
test_1036_r10368_c9274,test,10368,9274,0,,0,592700.0,3493770.0,595260.0,3496330.0
test_1037_r10368_c9466,test,10368,9466,0,,0,594620.0,3493770.0,597180.0,3496330.0
test_1038_r10368_c9658,test,10368,9658,0,,0,596540.0,3493770.0,599100.0,3496330.0
test_1039_r10368_c9850,test,10368,9850,0,,0,598460.0,3493770.0,601020.0,3496330.0
test_1040_r10368_c10042,test,10368,10042,0,,0,600380.0,3493770.0,602940.0,3496330.0
test_1041_r10368_c10234,test,10368,10234,0,,0,602300.0,3493770.0,604860.0,3496330.0
test_1042_r10368_c10426,test,10368,10426,0,,0,604220.0,3493770.0,606780.0,3496330.0
test_1043_r10368_c10618,test,10368,10618,0,,0,606140.0,3493770.0,608700.0,3496330.0
test_1044_r10368_c10726,test,10368,10726,0,,0,607220.0,3493770.0,609780.0,3496330.0
test_1045_r10560_c7354,test,10560,7354,1,243,1,573500.0,3491850.0,576060.0,3494410.0
test_1046_r10560_c7546,test,10560,7546,3,"235,244,246",0,575420.0,3491850.0,577980.0,3494410.0
test_1047_r10560_c7738,test,10560,7738,0,,0,577340.0,3491850.0,579900.0,3494410.0
test_1048_r10560_c7930,test,10560,7930,1,249,0,579260.0,3491850.0,581820.0,3494410.0
test_1049_r10560_c8122,test,10560,8122,1,249,0,581180.0,3491850.0,583740.0,3494410.0
test_1050_r10560_c8314,test,10560,8314,0,,0,583100.0,3491850.0,585660.0,3494410.0
test_1051_r10560_c8506,test,10560,8506,0,,0,585020.0,3491850.0,587580.0,3494410.0
test_1052_r10560_c8698,test,10560,8698,0,,0,586940.0,3491850.0,589500.0,3494410.0
test_1053_r10560_c8890,test,10560,8890,1,251,0,588860.0,3491850.0,591420.0,3494410.0
test_1054_r10560_c9082,test,10560,9082,1,253,0,590780.0,3491850.0,593340.0,3494410.0
test_1055_r10560_c9274,test,10560,9274,0,,0,592700.0,3491850.0,595260.0,3494410.0
test_1056_r10560_c9466,test,10560,9466,2,"514,1189",0,594620.0,3491850.0,597180.0,3494410.0
test_1057_r10560_c9658,test,10560,9658,0,,0,596540.0,3491850.0,599100.0,3494410.0
test_1058_r10560_c9850,test,10560,9850,0,,0,598460.0,3491850.0,601020.0,3494410.0
test_1059_r10560_c10042,test,10560,10042,0,,0,600380.0,3491850.0,602940.0,3494410.0
test_1060_r10560_c10234,test,10560,10234,0,,0,602300.0,3491850.0,604860.0,3494410.0
test_1061_r10560_c10426,test,10560,10426,0,,0,604220.0,3491850.0,606780.0,3494410.0
test_1062_r10560_c10618,test,10560,10618,1,1188,0,606140.0,3491850.0,608700.0,3494410.0
test_1063_r10560_c10726,test,10560,10726,2,"1187,1188",0,607220.0,3491850.0,609780.0,3494410.0
test_1064_r10724_c7354,test,10724,7354,0,,0,573500.0,3490210.0,576060.0,3492770.0
test_1065_r10724_c7546,test,10724,7546,0,,0,575420.0,3490210.0,577980.0,3492770.0
test_1066_r10724_c7738,test,10724,7738,0,,0,577340.0,3490210.0,579900.0,3492770.0
test_1067_r10724_c7930,test,10724,7930,0,,0,579260.0,3490210.0,581820.0,3492770.0
test_1068_r10724_c8122,test,10724,8122,1,1186,0,581180.0,3490210.0,583740.0,3492770.0
test_1069_r10724_c8314,test,10724,8314,0,,0,583100.0,3490210.0,585660.0,3492770.0
test_1070_r10724_c8506,test,10724,8506,0,,0,585020.0,3490210.0,587580.0,3492770.0
test_1071_r10724_c8698,test,10724,8698,0,,0,586940.0,3490210.0,589500.0,3492770.0
test_1072_r10724_c8890,test,10724,8890,1,251,0,588860.0,3490210.0,591420.0,3492770.0
test_1073_r10724_c9082,test,10724,9082,0,,0,590780.0,3490210.0,593340.0,3492770.0
test_1074_r10724_c9274,test,10724,9274,0,,0,592700.0,3490210.0,595260.0,3492770.0
test_1075_r10724_c9466,test,10724,9466,1,514,0,594620.0,3490210.0,597180.0,3492770.0
test_1076_r10724_c9658,test,10724,9658,0,,0,596540.0,3490210.0,599100.0,3492770.0
test_1077_r10724_c9850,test,10724,9850,1,515,0,598460.0,3490210.0,601020.0,3492770.0
test_1078_r10724_c10042,test,10724,10042,0,,0,600380.0,3490210.0,602940.0,3492770.0
test_1079_r10724_c10234,test,10724,10234,0,,0,602300.0,3490210.0,604860.0,3492770.0
test_1080_r10724_c10426,test,10724,10426,0,,0,604220.0,3490210.0,606780.0,3492770.0
test_1081_r10724_c10618,test,10724,10618,1,1188,0,606140.0,3490210.0,608700.0,3492770.0
test_1082_r10724_c10726,test,10724,10726,2,"1187,1188",0,607220.0,3490210.0,609780.0,3492770.0
