tile_name,prediction_index,confidence,width_m,height_m,box_area_m2,intersects_aoi,centroid_inside_aoi,fraction_inside_aoi,at_least_50pct_inside,fully_inside_aoi
38SMB_00000_r0_c0,0,0.7649614214897156,491.1351013183594,512.9871368408203,251945.98942733137,True,True,1.0,True,True
38SMB_00000_r0_c0,1,0.224437341094017,610.6207275390625,604.8681831359863,369345.05005172687,True,True,1.0,True,True
38SMB_00000_r0_c0,2,0.2043930888175964,534.4342041015625,478.9515686035156,255968.10036981478,True,True,1.0,True,True
38SMB_00000_r0_c0,3,0.1298105716705322,452.35626220703125,408.548583984375,184809.51038114727,True,True,1.0,True,True
38SMB_00000_r0_c0,4,0.1073482930660247,592.2787475585938,395.21095275878906,234075.04812141415,True,True,1.0,True,True
38SMB_00001_r0_c240,0,0.3020292818546295,679.63623046875,405.419921875,275538.0674600601,True,True,1.0,True,True
38SMB_00001_r0_c240,1,0.2876472473144531,352.772216796875,353.13140869140625,124574.94986467063,True,True,1.0,True,True
38SMB_00001_r0_c240,2,0.2799418866634369,228.08074951171875,510.14137268066406,116353.4266379429,True,True,1.0,True,True
38SMB_00001_r0_c240,3,0.2471137940883636,993.0271911621094,1011.33056640625,1004278.7516947836,True,True,1.0,True,True
38SMB_00001_r0_c240,4,0.2144459187984466,604.5513916015625,602.3902893066406,364175.8876875974,True,True,1.0,True,True
38SMB_00001_r0_c240,5,0.1709441095590591,1079.3832397460938,962.7619934082031,1039189.1595493536,True,True,1.0,True,True
38SMB_00001_r0_c240,6,0.1213554888963699,371.0906982421875,663.1784057617188,246099.33765325695,True,True,1.0,True,True
38SMB_00002_r0_c480,0,0.4729518592357635,814.6221160888672,752.5581359863281,613050.5012170761,True,True,1.0,True,True
38SMB_00002_r0_c480,1,0.4654742777347564,1140.369873046875,758.8421630859375,865360.7411809266,True,True,1.0,True,True
38SMB_00002_r0_c480,2,0.4289131462574005,763.165283203125,793.7771606445312,605783.1716034561,True,True,1.0,True,True
38SMB_00002_r0_c480,3,0.3774722218513489,1045.3179931640625,1041.48681640625,1088684.9088326097,True,True,1.0,True,True
38SMB_00002_r0_c480,4,0.3215354979038238,342.7073669433594,343.857421875,117842.47165471315,True,True,1.0,True,True
38SMB_00002_r0_c480,5,0.3143215775489807,762.6889038085938,706.5264129638672,538859.8554152297,True,True,1.0,True,True
38SMB_00002_r0_c480,6,0.2484202086925506,658.6224365234375,1114.3215942382812,733917.2034678981,True,True,1.0,True,True
38SMB_00002_r0_c480,7,0.1367453932762146,668.0301284790039,602.3204040527344,402368.1769048737,True,True,1.0,True,True
38SMB_00002_r0_c480,8,0.1283613741397857,1169.9005889892578,1391.5682983398438,1627996.5718465624,True,True,1.0,True,True
38SMB_00003_r0_c720,0,0.5877687931060791,486.5802001953125,649.2695617675781,315921.713345591,True,True,1.0,True,True
38SMB_00003_r0_c720,1,0.4707147777080536,493.46405029296875,319.18304443359375,157505.3578910418,True,True,1.0,True,True
38SMB_00003_r0_c720,2,0.3371197879314422,281.0565185546875,470.90953826904297,132352.1953800926,True,True,1.0,True,True
38SMB_00003_r0_c720,3,0.2979041934013366,831.9692230224609,687.4911499023438,571971.4778190712,True,True,1.0,True,True
38SMB_00003_r0_c720,4,0.2599332332611084,112.3046875,433.8885498046875,48727.717995643616,True,True,1.0,True,True
38SMB_00003_r0_c720,5,0.2124105840921402,149.215087890625,516.4846801757812,77067.30694659054,True,True,1.0,True,True
38SMB_00003_r0_c720,6,0.1983561515808105,522.9681396484375,483.78307342529297,253003.1339026289,True,True,1.0,True,True
38SMB_00003_r0_c720,7,0.1747755110263824,470.008544921875,507.1051025390625,238343.73136684299,True,True,1.0,True,True
38SMB_00003_r0_c720,8,0.1448991596698761,822.4039459228516,991.4508056640625,815373.0547665153,True,True,1.0,True,True
38SMB_00003_r0_c720,9,0.1260619014501571,629.5513916015625,380.7537841796875,239704.07468788326,True,True,1.0,True,True
38SMB_00003_r0_c720,10,0.120144136250019,171.5045166015625,643.851318359375,110423.40911850333,True,True,1.0,True,True
38SMB_00003_r0_c720,11,0.1191606670618057,381.8902587890625,265.909423828125,101548.21868017316,True,True,1.0,True,True
38SMB_00004_r0_c960,0,0.8594384789466858,560.1298522949219,567.3509979248047,317790.2306669974,True,True,1.0,True,True
38SMB_00004_r0_c960,1,0.8127403855323792,449.64630126953125,443.9959716796875,199641.14644434303,True,True,1.0,True,True
38SMB_00004_r0_c960,2,0.7041051983833313,669.9993133544922,655.6141662597656,439261.04121952085,True,True,1.0,True,True
38SMB_00004_r0_c960,3,0.6690852642059326,530.7583618164062,490.4443359375,260307.43230432272,True,True,1.0,True,True
38SMB_00004_r0_c960,4,0.4922033548355102,697.3173522949219,855.0881958007812,596267.8366744425,True,True,1.0,True,True
38SMB_00004_r0_c960,5,0.4385827779769897,749.37744140625,822.5357055664062,616389.7025026381,True,True,1.0,True,True
38SMB_00004_r0_c960,6,0.3969258666038513,1009.7650146484375,976.1260986328125,985657.9842846841,True,True,1.0,True,True
38SMB_00004_r0_c960,7,0.3952096104621887,643.4735107421875,461.474609375,296946.68701291084,True,True,1.0,True,True
38SMB_00004_r0_c960,8,0.2187782377004623,898.91357421875,1022.5750732421875,919206.6139951348,True,True,1.0,True,True
38SMB_00004_r0_c960,9,0.2139815837144851,341.6682434082031,328.2745361328125,112160.98411614075,True,True,1.0,True,True
38SMB_00004_r0_c960,10,0.2016539573669433,933.56689453125,946.4019775390625,883529.5551493764,True,True,1.0,True,True
38SMB_00004_r0_c960,11,0.196434199810028,453.47412109375,791.197509765625,358787.5953525305,True,True,1.0,True,True
38SMB_00004_r0_c960,12,0.1951752454042434,761.2197875976562,815.6378173828125,620879.6461047605,True,True,1.0,True,True
38SMB_00004_r0_c960,13,0.1814689487218856,529.98291015625,528.0023193359375,279832.2057709098,True,True,1.0,True,True
38SMB_00004_r0_c960,14,0.1611528247594833,460.5975341796875,553.3419799804688,254867.9515371099,True,True,1.0,True,True
38SMB_00004_r0_c960,15,0.1404729187488556,752.6214599609375,804.5989990234375,605558.4733281285,True,True,1.0,True,True
38SMB_00004_r0_c960,16,0.1261005252599716,666.2832641601562,631.3095092773438,420630.96053665504,True,True,1.0,True,True
38SMB_00005_r0_c1200,0,0.6953368186950684,623.46923828125,608.72802734375,379523.19952845573,True,True,1.0,True,True
38SMB_00005_r0_c1200,1,0.6672687530517578,566.669921875,279.8486328125,158581.80289268494,True,True,1.0,True,True
38SMB_00005_r0_c1200,2,0.5717971920967102,520.2474975585938,508.74755859375,264674.6442474425,True,True,1.0,True,True
38SMB_00005_r0_c1200,3,0.5458410382270813,872.0217895507812,763.6953735351562,665959.0063017793,True,True,1.0,True,True
38SMB_00005_r0_c1200,4,0.4988970756530761,847.796630859375,834.2843627929688,707303.4719545394,True,True,1.0,True,True
38SMB_00005_r0_c1200,5,0.3930762112140655,742.4702453613281,789.7822570800781,586389.8261962691,True,True,1.0,True,True
38SMB_00005_r0_c1200,6,0.207260712981224,726.9496154785156,700.5584716796875,509270.7116077654,True,True,1.0,True,True
38SMB_00005_r0_c1200,7,0.1920823603868484,351.40289306640625,324.85595703125,114155.32313063741,True,True,1.0,True,True
38SMB_00005_r0_c1200,8,0.1538894772529602,523.7986755371094,535.4901123046875,280489.01158841327,True,True,1.0,True,True
38SMB_00006_r0_c1440,0,0.7175989747047424,619.2182159423828,546.3821411132812,338329.77464294527,True,True,1.0,True,True
38SMB_00006_r0_c1440,1,0.6626561880111694,562.606029510498,279.345703125,157161.57689597458,True,True,1.0,True,True
38SMB_00006_r0_c1440,2,0.4193938672542572,458.4081268310547,463.0816650390625,212280.39864036255,True,True,1.0,True,True
38SMB_00006_r0_c1440,3,0.3764242231845855,288.7010192871094,678.8720703125,195991.05866476893,True,True,1.0,True,True
38SMB_00006_r0_c1440,4,0.2569658756256103,640.5790710449219,614.85107421875,393860.7299540192,True,True,1.0,True,True
38SMB_00006_r0_c1440,5,0.2122883945703506,533.9169311523438,566.4247131347656,302423.7445657607,True,True,1.0,True,True
38SMB_00006_r0_c1440,6,0.2103016525506973,198.34156036376953,701.2973022460938,139096.40120639233,True,True,1.0,True,True
38SMB_00006_r0_c1440,7,0.1206758245825767,460.70873260498047,769.8602294921875,354681.3306123251,True,True,1.0,True,True
38SMB_00007_r0_c1680,0,0.6986592411994934,417.94677734375,424.361572265625,177360.55155694485,True,True,1.0,True,True
38SMB_00007_r0_c1680,1,0.35035040974617,359.150390625,120.6097412109375,43317.035669088364,True,True,1.0,True,True
38SMB_00007_r0_c1680,2,0.3097402453422546,690.1675415039062,207.53173828125,143231.66959360242,True,True,1.0,True,True
38SMB_00007_r0_c1680,3,0.2254514843225479,449.912109375,147.6568603515625,66432.60950446129,True,True,1.0,True,True
38SMB_00007_r0_c1680,4,0.219738483428955,288.88427734375,289.69482421875,83688.27994465828,True,True,1.0,True,True
38SMB_00007_r0_c1680,5,0.2191628217697143,507.9547119140625,150.4296875,76411.46857738495,True,True,1.0,True,True
38SMB_00007_r0_c1680,6,0.1478237807750702,561.61865234375,121.7486572265625,68376.31679624319,True,True,1.0,True,True
38SMB_00007_r0_c1680,7,0.1439361423254013,382.486572265625,129.39697265625,49492.60453283787,True,True,1.0,True,True
38SMB_00007_r0_c1680,8,0.1248795390129089,932.6571655273438,267.61474609375,249592.81054511666,True,True,1.0,True,True
38SMB_00007_r0_c1680,9,0.1114566847681999,625.3326416015625,175.5657958984375,109787.02292405069,True,True,1.0,True,True
38SMB_00008_r0_c1920,0,0.6896902918815613,415.8436584472656,429.69482421875,178685.86771897972,True,True,1.0,True,True
38SMB_00008_r0_c1920,1,0.5607056021690369,702.4560546875,777.6927185058594,546294.9588008225,True,True,1.0,True,True
38SMB_00008_r0_c1920,2,0.3442442715167999,357.79052734375,119.393310546875,42717.795541882515,True,True,1.0,True,True
38SMB_00008_r0_c1920,3,0.2898309826850891,616.7987060546875,620.1516723632812,382508.7490713224,True,True,1.0,True,True
38SMB_00008_r0_c1920,4,0.2292024493217468,1086.2928771972656,1056.2738037109375,1147422.709341254,True,True,1.0,True,True
38SMB_00008_r0_c1920,5,0.2274550050497055,428.9759826660156,145.52734375,62427.7352899313,True,True,1.0,True,True
38SMB_00008_r0_c1920,6,0.1678379327058792,1211.4176940917969,1397.3602294921875,1692786.9070270099,True,True,1.0,True,True
38SMB_00008_r0_c1920,7,0.1536114066839218,385.986328125,428.3026123046875,165318.95264983177,True,True,1.0,True,True
38SMB_00008_r0_c1920,8,0.142516016960144,581.8784332275391,121.9879150390625,70982.13687562384,True,True,1.0,True,True
38SMB_00009_r0_c2160,0,0.6018012762069702,453.7986755371094,350.96385955810547,159266.93462886033,True,True,1.0,True,True
38SMB_00009_r0_c2160,1,0.5449045300483704,807.5926208496094,746.0689926147461,602519.8130803707,True,True,1.0,True,True
38SMB_00009_r0_c2160,2,0.4522223174571991,447.1258544921875,447.51220703125,200094.27796453238,True,True,1.0,True,True
38SMB_00009_r0_c2160,3,0.1297755688428878,612.6077270507812,1066.7997741699219,653529.7848725226,True,True,1.0,True,True
38SMB_00009_r0_c2160,4,0.1187761723995208,1002.0747375488281,1377.7191162109375,1380577.5217930786,True,True,1.0,True,True
38SMB_00010_r0_c2400,0,0.5664388537406921,410.06168365478516,351.03485107421875,143945.9420530009,True,True,1.0,True,True
38SMB_00010_r0_c2400,1,0.375369518995285,207.7260971069336,495.93505859375,103018.65414017811,True,True,1.0,True,True
38SMB_00011_r0_c2640,0,0.2388864308595657,961.3754272460938,860.8387756347656,827589.245715877,True,True,1.0,True,True
38SMB_00013_r0_c3120,0,0.3096288442611694,991.05224609375,938.8804626464844,930479.5913193375,True,True,1.0,True,True
38SMB_00013_r0_c3120,1,0.1668781042098999,1592.2219848632812,1656.8133544921875,2638014.647837542,True,True,1.0,True,True
38SMB_00013_r0_c3120,2,0.1605777740478515,268.153076171875,638.1402587890625,171119.2734234035,True,True,1.0,True,True
38SMB_00014_r0_c3360,0,0.4689186811447143,202.7215576171875,440.1776123046875,89233.49119462073,True,True,1.0,True,True
38SMB_00014_r0_c3360,1,0.1546153724193573,639.8284530639648,623.15673828125,398713.4118708782,True,True,1.0,True,True
38SMB_00014_r0_c3360,2,0.132641926407814,385.76507568359375,167.3063087463379,64540.93085587374,True,True,1.0,True,True
38SMB_00015_r0_c3600,0,0.5193918347358704,682.6583862304688,710.6549072265625,485134.53213404864,True,True,1.0,True,True
38SMB_00015_r0_c3600,1,0.3938576877117157,913.2916259765625,455.0762939453125,415617.36844070256,True,True,1.0,True,True
38SMB_00015_r0_c3600,2,0.3257567882537842,743.8470458984375,570.902099609375,424663.8402916491,True,True,1.0,True,True
38SMB_00015_r0_c3600,3,0.2126612365245819,233.17901611328125,154.11319732666016,35935.96372270258,True,True,1.0,True,True
38SMB_00015_r0_c3600,4,0.2126127332448959,1137.358055114746,566.085205078125,643841.5678768884,True,True,1.0,True,True
38SMB_00016_r0_c3840,0,0.7405030131340027,573.4933471679688,560.25634765625,321303.288089484,True,True,1.0,True,True
38SMB_00016_r0_c3840,1,0.5635377168655396,469.45098876953125,493.21197509765625,231538.84938256815,True,True,1.0,True,True
38SMB_00016_r0_c3840,2,0.4613527953624725,1243.984375,1161.1788940429688,1444488.4007692337,True,True,1.0,True,True
38SMB_00016_r0_c3840,3,0.4370875060558319,636.1346435546875,620.6741333007812,394832.3185509071,True,True,1.0,True,True
38SMB_00016_r0_c3840,4,0.2407013922929763,412.25799560546875,685.4751586914062,282592.61495945975,True,True,1.0,True,True
38SMB_00016_r0_c3840,5,0.1767598539590835,397.81982421875,363.4686279296875,144595.02567201853,True,True,1.0,True,True
38SMB_00016_r0_c3840,6,0.1092098727822303,270.67291259765625,248.057861328125,67142.54381842911,True,True,1.0,True,True
38SMB_00017_r0_c4080,0,0.509701669216156,628.5620880126953,619.3426513671875,389295.3101386782,True,True,1.0,True,True
38SMB_00017_r0_c4080,1,0.2818283140659332,628.4452819824219,661.650390625,415811.0663101077,True,True,1.0,True,True
38SMB_00017_r0_c4080,2,0.173840582370758,396.68907165527344,364.1021728515625,144435.35293615423,True,True,1.0,True,True
38SMB_00017_r0_c4080,3,0.1560289710760116,448.0523681640625,450.709228515625,201941.3371898234,True,True,1.0,True,True
38SMB_00017_r0_c4080,4,0.1177832931280136,695.6212615966797,794.9795532226562,553004.6797563089,True,True,1.0,True,True
38SMB_00019_r0_c4560,0,0.2295692712068557,829.7607421875,710.2870178222656,589368.2830743492,True,True,1.0,True,True
38SMB_00021_r0_c5040,0,0.2396557480096817,502.7911376953125,520.638427734375,261772.38740846515,True,True,1.0,True,True
38SMB_00042_r240_c0,0,0.4553138613700866,342.6778793334961,419.9468994140625,143906.51292388793,True,True,1.0,True,True
38SMB_00042_r240_c0,1,0.43004310131073,533.3053588867188,429.2047119140625,228897.17292319983,True,True,1.0,True,True
38SMB_00042_r240_c0,2,0.140678197145462,620.880126953125,213.15595626831055,132344.2971886834,True,True,1.0,True,True
38SMB_00042_r240_c0,3,0.1307009309530258,454.857177734375,425.540771484375,193560.27432829142,True,True,1.0,True,True
38SMB_00042_r240_c0,4,0.1200484037399292,492.08091735839844,473.7176513671875,233107.4164536316,True,True,1.0,True,True
38SMB_00042_r240_c0,5,0.1108413562178611,631.4483642578125,492.90096282958984,311241.50671984535,True,True,1.0,True,True
38SMB_00043_r240_c240,0,0.3300853967666626,418.51593017578125,509.7998046875,213359.33946222067,True,True,1.0,True,True
38SMB_00043_r240_c240,1,0.2831985056400299,646.5145874023438,653.3587265014648,422405.9474898153,True,True,1.0,True,True
38SMB_00043_r240_c240,2,0.232709139585495,1347.1215057373047,1370.9942626953125,1846895.8555193152,True,True,1.0,True,True
38SMB_00043_r240_c240,3,0.1050226837396621,355.8832550048828,341.94488525390625,121692.45879643131,True,True,1.0,True,True
38SMB_00044_r240_c480,0,0.4319949150085449,468.465576171875,470.040283203125,220197.69209474325,True,True,1.0,True,True
38SMB_00044_r240_c480,1,0.3658168017864227,598.0291748046875,268.3858108520508,160502.54499313887,True,True,1.0,True,True
38SMB_00044_r240_c480,2,0.3339321613311767,549.5160293579102,502.708740234375,276246.51085711084,True,True,1.0,True,True
38SMB_00044_r240_c480,3,0.1557768881320953,111.7578125,440.5419921875,49234.00936126709,True,True,1.0,True,True
38SMB_00044_r240_c480,4,0.1153270453214645,725.8819580078125,163.25927734375,118506.96390122175,True,True,1.0,True,True
38SMB_00044_r240_c480,5,0.1083179339766502,653.26171875,107.34375,70123.56262207031,True,True,1.0,True,True
38SMB_00044_r240_c480,6,0.1080416887998581,155.762939453125,521.650390625,81253.79821062088,True,True,1.0,True,True
38SMB_00045_r240_c720,0,0.8768548965454102,412.684326171875,417.1952819824219,172169.95382700115,True,True,1.0,True,True
38SMB_00045_r240_c720,1,0.6941381692886353,549.5462036132812,549.08203125,301745.94574570656,True,True,1.0,True,True
38SMB_00045_r240_c720,2,0.6133134365081787,729.0829467773438,552.3211669921875,402687.9439981654,True,True,1.0,True,True
38SMB_00045_r240_c720,3,0.5881714820861816,438.09326171875,431.86492919921875,189197.11545482278,True,True,1.0,True,True
38SMB_00045_r240_c720,4,0.3511511087417602,592.65869140625,267.7968215942383,158712.11384879425,True,True,1.0,True,True
38SMB_00045_r240_c720,5,0.3490487039089203,719.2950439453125,692.3507690429688,498004.4768443331,True,True,1.0,True,True
38SMB_00045_r240_c720,6,0.2005557715892791,532.7850341796875,544.6399307250977,290176.0041069938,True,True,1.0,True,True
38SMB_00045_r240_c720,7,0.1528183072805404,511.10107421875,227.880859375,116470.1520204544,True,True,1.0,True,True
38SMB_00045_r240_c720,8,0.1393302083015442,678.7152099609375,323.612060546875,219640.42761996388,True,True,1.0,True,True
38SMB_00045_r240_c720,9,0.111788772046566,426.19537353515625,405.7970428466797,172948.82225550245,True,True,1.0,True,True
38SMB_00046_r240_c960,0,0.5428214073181152,642.8665161132812,646.6055297851562,415681.0442325659,True,True,1.0,True,True
38SMB_00046_r240_c960,1,0.5006306171417236,419.786376953125,147.77745246887207,62034.96136727044,True,True,1.0,True,True
38SMB_00046_r240_c960,2,0.4847386479377746,610.1622772216797,608.5269165039062,371300.1691247104,True,True,1.0,True,True
38SMB_00046_r240_c960,3,0.373612642288208,550.7192993164062,596.3394165039062,328415.6256117858,True,True,1.0,True,True
38SMB_00046_r240_c960,4,0.3291346728801727,774.9688720703125,544.8183441162109,422217.25762295537,True,True,1.0,True,True
38SMB_00046_r240_c960,5,0.26407590508461,712.7963638305664,660.401611328125,470731.8672225345,True,True,1.0,True,True
38SMB_00046_r240_c960,6,0.1985838562250137,517.6263427734375,513.7408447265625,265925.794589147,True,True,1.0,True,True
38SMB_00046_r240_c960,7,0.1264996975660324,666.3986206054688,166.43089294433594,110909.31748424191,True,True,1.0,True,True
38SMB_00047_r240_c1200,0,0.7862936854362488,560.9405517578125,571.4276504516602,320536.94153402466,True,True,1.0,True,True
38SMB_00047_r240_c1200,1,0.5662358999252319,524.3109893798828,527.9665946960449,276818.6876246109,True,True,1.0,True,True
38SMB_00047_r240_c1200,2,0.3667859733104706,707.4805450439453,820.7229614257812,580645.5280795926,True,True,1.0,True,True
38SMB_00047_r240_c1200,3,0.3341313898563385,305.7406806945801,727.5473022460938,222440.8074262261,True,True,1.0,True,True
38SMB_00047_r240_c1200,4,0.2648985087871551,426.4196014404297,435.3106689453125,185625.001954427,True,True,1.0,True,True
38SMB_00047_r240_c1200,5,0.2454013377428054,909.359130859375,457.9997253417969,416486.2321706489,True,True,1.0,True,True
38SMB_00047_r240_c1200,6,0.2001726329326629,714.293212890625,701.4382934570312,501032.6122779399,True,True,1.0,True,True
38SMB_00047_r240_c1200,7,0.198392167687416,558.040771484375,674.06494140625,376155.7199329138,True,True,1.0,True,True
38SMB_00047_r240_c1200,8,0.1841441690921783,439.22821044921875,458.6279296875,201442.32481867075,True,True,1.0,True,True
38SMB_00047_r240_c1200,9,0.1681523770093917,501.5716552734375,504.77783203125,253182.25275725126,True,True,1.0,True,True
38SMB_00047_r240_c1200,10,0.1552434861660003,342.72125244140625,369.9786376953125,126799.54208750278,True,True,1.0,True,True
38SMB_00047_r240_c1200,11,0.14822818338871,270.6223487854004,548.6473083496094,148476.2232403591,True,True,1.0,True,True
38SMB_00047_r240_c1200,12,0.1095473915338516,903.9727783203125,923.7814331054688,835073.2686450705,True,True,1.0,True,True
38SMB_00048_r240_c1440,0,0.7942735552787781,556.9361114501953,570.118408203125,317519.52933082357,True,True,1.0,True,True
38SMB_00048_r240_c1440,1,0.4888169467449188,671.0943603515625,687.4594116210938,461350.1341095194,True,True,1.0,True,True
38SMB_00048_r240_c1440,2,0.3820401430130005,470.0335693359375,455.07835388183594,213902.10300260223,True,True,1.0,True,True
38SMB_00048_r240_c1440,3,0.2868845462799072,1113.2373046875,1012.3614501953125,1126998.5321849585,True,True,1.0,True,True
38SMB_00048_r240_c1440,4,0.2567459046840668,644.0008544921875,570.8029937744141,367597.61573742144,True,True,1.0,True,True
38SMB_00048_r240_c1440,5,0.1546003520488739,868.9178466796875,501.890869140625,436101.9332818687,True,True,1.0,True,True
38SMB_00049_r240_c1680,0,0.8480603694915771,361.95556640625,437.586669921875,158386.93096339703,True,True,1.0,True,True
38SMB_00049_r240_c1680,1,0.7996256947517395,600.882568359375,585.0309753417969,351534.9150331691,True,True,1.0,True,True
38SMB_00049_r240_c1680,2,0.6590113043785095,424.7801208496094,429.7221374511719,182537.42147826124,True,True,1.0,True,True
38SMB_00049_r240_c1680,3,0.2770178616046905,894.1217041015625,952.0437622070312,851242.9910438135,True,True,1.0,True,True
38SMB_00049_r240_c1680,4,0.1416833698749542,669.1270446777344,851.8415832519531,569990.2411349816,True,True,1.0,True,True
38SMB_00049_r240_c1680,5,0.1395636200904846,284.32098388671875,325.8738708496094,92652.77958293445,True,True,1.0,True,True
38SMB_00049_r240_c1680,6,0.1257190555334091,631.3567352294922,513.114013671875,323957.988472376,True,True,1.0,True,True
38SMB_00050_r240_c1920,0,0.8868247270584106,433.8677978515625,435.71258544921875,189041.6599450633,True,True,1.0,True,True
38SMB_00050_r240_c1920,1,0.695228636264801,636.8264770507812,638.21533203125,406432.42149725556,True,True,1.0,True,True
38SMB_00050_r240_c1920,2,0.6658203601837158,404.86209869384766,422.61932373046875,171102.5463540922,True,True,1.0,True,True
38SMB_00050_r240_c1920,3,0.2086231410503387,861.8544769287109,923.3113098144531,795759.9859624985,True,True,1.0,True,True
38SMB_00050_r240_c1920,4,0.1851371228694915,590.0872802734375,602.7444458007812,355671.83072250336,True,True,1.0,True,True
38SMB_00050_r240_c1920,5,0.143417939543724,354.5184326171875,345.545654296875,122502.30375900865,True,True,1.0,True,True
38SMB_00055_r240_c3120,0,0.1223880350589752,263.9666748046875,485.9648895263672,128278.53596010245,True,True,1.0,True,True
38SMB_00056_r240_c3360,0,0.3503736555576324,217.9071044921875,629.8451232910156,137247.72709487006,True,True,1.0,True,True
38SMB_00056_r240_c3360,1,0.2459847629070282,602.972412109375,629.1566467285156,379364.100872539,True,True,1.0,True,True
38SMB_00056_r240_c3360,2,0.2333489954471588,413.0760192871094,452.7923583984375,187037.6649708487,True,True,1.0,True,True
38SMB_00056_r240_c3360,3,0.2123981267213821,686.1601257324219,522.4805450439453,358505.3164800978,True,True,1.0,True,True
38SMB_00056_r240_c3360,4,0.1939304023981094,265.1318359375,744.2314147949219,197319.44136694074,True,True,1.0,True,True
38SMB_00056_r240_c3360,5,0.1917992532253265,176.0205078125,507.30499267578125,89296.08242660761,True,True,1.0,True,True
38SMB_00056_r240_c3360,6,0.1310432702302932,909.256591796875,675.0282287597656,613773.8666487858,True,True,1.0,True,True
38SMB_00057_r240_c3600,0,0.5716744661331177,656.3067626953125,687.2004699707031,451014.3157691695,True,True,1.0,True,True
38SMB_00057_r240_c3600,1,0.5465696454048157,937.2520446777344,880.4107666015625,825166.791153606,True,True,1.0,True,True
38SMB_00057_r240_c3600,2,0.5105471611022949,631.3128662109375,592.0394515991211,373762.12309899274,True,True,1.0,True,True
38SMB_00057_r240_c3600,3,0.1742362976074218,385.29388427734375,446.04736328125,171859.32117030025,True,True,1.0,True,True
38SMB_00057_r240_c3600,4,0.1156424880027771,749.7267913818359,426.279296875,319593.00947859883,True,True,1.0,True,True
38SMB_00058_r240_c3840,0,0.366038054227829,1009.3426513671875,651.1766052246094,657260.3212256916,True,True,1.0,True,True
38SMB_00058_r240_c3840,1,0.2524674832820892,970.2630615234375,1054.7381591796875,1023373.4754312783,True,True,1.0,True,True
38SMB_00058_r240_c3840,2,0.2201270759105682,1268.2763671875,1188.6457824707031,1507531.3548646867,True,True,1.0,True,True
38SMB_00058_r240_c3840,3,0.1520321816205978,421.439208984375,410.3369140625,172932.06447958946,True,True,1.0,True,True
38SMB_00059_r240_c4080,0,0.3546497821807861,886.2434387207031,1055.6900024414062,935598.3379867394,True,True,1.0,True,True
38SMB_00059_r240_c4080,1,0.2064979374408722,989.932861328125,892.5222778320312,883537.1322933584,True,True,1.0,True,True
38SMB_00059_r240_c4080,2,0.1315827518701553,183.04555892944336,409.5355224609375,74963.65861032391,True,True,1.0,True,True
38SMB_00061_r240_c4560,0,0.192143052816391,191.10387802124023,607.8184509277344,116156.46310515294,True,True,1.0,True,True
38SMB_00065_r240_c5520,0,0.120343193411827,1251.1485290527344,1159.5657348632812,1450788.9635141473,True,True,1.0,True,True
38SMB_00066_r240_c5760,0,0.1184160113334655,991.7988586425781,1137.2569274902344,1127930.1226681797,True,True,1.0,True,True
38SMB_00067_r240_c6000,0,0.1717732697725296,756.25244140625,892.2622680664062,674775.5185998976,True,True,1.0,True,True
38SMB_00067_r240_c6000,1,0.12789186835289,721.3760375976562,434.82421875,313671.7719733715,True,True,1.0,True,True
38SMB_00075_r240_c7920,0,0.124520719051361,438.7872314453125,171.90216064453125,75428.47314868122,True,True,1.0,True,True
38SMB_00075_r240_c7920,1,0.1186597421765327,624.86572265625,235.80657958984375,147347.44876250625,True,True,1.0,True,True
38SMB_00080_r240_c9120,0,0.219105377793312,553.6602783203125,529.193115234375,292993.20746585727,True,True,1.0,True,True
38SMB_00084_r480_c0,0,0.2828182578086853,615.6991577148438,583.8331604003906,359465.5851045158,True,True,1.0,True,True
38SMB_00084_r480_c0,1,0.1246961131691932,347.40570068359375,217.2930145263672,75488.83196518291,True,True,1.0,True,True
38SMB_00084_r480_c0,2,0.1114496439695358,604.5526123046875,635.7844543457031,384365.15273740515,True,True,1.0,True,True
38SMB_00084_r480_c0,3,0.1046254858374595,961.9896697998047,875.3912353515625,842117.3254414927,True,True,1.0,True,True
38SMB_00085_r480_c240,0,0.2677607536315918,410.3912353515625,524.2272186279297,215138.2558576297,True,True,1.0,True,True
38SMB_00085_r480_c240,1,0.1958522349596023,779.6288299560547,798.9552307128906,622888.5317079606,True,True,1.0,True,True
38SMB_00086_r480_c480,0,0.4174854159355163,696.0430908203125,684.3788146972656,476357.1454738267,True,True,1.0,True,True
38SMB_00086_r480_c480,1,0.324527382850647,535.0323486328125,518.3842658996582,277352.3512785905,True,True,1.0,True,True
38SMB_00086_r480_c480,2,0.1542306542396545,97.9339599609375,435.863037109375,42685.79322472215,True,True,1.0,True,True
38SMB_00086_r480_c480,3,0.1336778551340103,130.17333984375,493.6325263977051,64257.794616697356,True,True,1.0,True,True
38SMB_00087_r480_c720,0,0.6325094103813171,802.6034545898438,804.508056640625,645700.9455051273,True,True,1.0,True,True
38SMB_00087_r480_c720,1,0.5076699256896973,676.3761901855469,641.0993957519531,433624.36682896223,True,True,1.0,True,True
38SMB_00087_r480_c720,2,0.3979605734348297,554.1796875,593.60107421875,328961.6578102112,True,True,1.0,True,True
38SMB_00087_r480_c720,3,0.3819277584552765,800.2069091796875,853.3548355102539,682860.4353572009,True,True,1.0,True,True
38SMB_00087_r480_c720,4,0.3682953715324402,509.388427734375,529.9542236328125,269952.5487475097,True,True,1.0,True,True
38SMB_00088_r480_c960,0,0.5139771103858948,284.96337890625,643.8287353515625,183467.61186271906,True,True,1.0,True,True
38SMB_00088_r480_c960,1,0.3681751787662506,723.3196258544922,662.59033203125,479264.5910596475,True,True,1.0,True,True
38SMB_00088_r480_c960,2,0.2357516139745712,279.4378662109375,104.542236328125,29213.059448450804,True,True,1.0,True,True
38SMB_00088_r480_c960,3,0.1955540925264358,439.7174072265625,122.89794921875,54040.36758393049,True,True,1.0,True,True
38SMB_00088_r480_c960,4,0.1338966190814972,500.78582763671875,154.395751953125,77319.20442543924,True,True,1.0,True,True
38SMB_00089_r480_c1200,0,0.6558731198310852,591.3656234741211,621.0850524902344,367288.3492963447,True,True,1.0,True,True
38SMB_00090_r480_c1440,0,0.6869708299636841,667.2146606445312,328.702392578125,219315.05531705916,True,True,1.0,True,True
38SMB_00090_r480_c1440,1,0.4420162737369537,806.4776611328125,789.1995239257812,636471.7862227932,True,True,1.0,True,True
38SMB_00090_r480_c1440,2,0.3788169920444488,546.165771484375,534.200439453125,291761.9951412082,True,True,1.0,True,True
38SMB_00090_r480_c1440,3,0.3400630354881286,1205.0511169433594,1262.4066543579102,1521264.548870729,True,True,1.0,True,True
38SMB_00091_r480_c1680,0,0.4437833130359649,302.6117134094238,559.288330078125,169247.1998548368,True,True,1.0,True,True
38SMB_00091_r480_c1680,1,0.3777403533458709,786.4654541015625,455.689697265625,358384.2046894133,True,True,1.0,True,True
38SMB_00091_r480_c1680,2,0.2331268489360809,755.5506134033203,1232.5766372680664,931274.0343544894,True,True,1.0,True,True
38SMB_00091_r480_c1680,3,0.1248349323868751,995.5279541015625,1052.9570770263672,1048248.2046488207,True,True,1.0,True,True
38SMB_00091_r480_c1680,4,0.1075080037117004,1289.1778564453125,1438.8176727294922,1854891.88314504,True,True,1.0,True,True
38SMB_00091_r480_c1680,5,0.100006952881813,435.8349609375,105.09488105773926,45804.023380531,True,True,1.0,True,True
38SMB_00092_r480_c1920,0,0.519235372543335,717.7789306640625,709.296875,509118.3524608612,True,True,1.0,True,True
38SMB_00092_r480_c1920,1,0.3930877149105072,675.216064453125,673.8092041015625,454966.7989857495,True,True,1.0,True,True
38SMB_00092_r480_c1920,2,0.1817444115877151,593.365478515625,629.6051025390625,373585.93294396996,True,True,1.0,True,True
38SMB_00092_r480_c1920,3,0.1504909247159958,672.2315216064453,358.35033416748047,240894.39040558354,True,True,1.0,True,True
38SMB_00093_r480_c2160,0,0.6038157343864441,675.0732421875,696.1326599121094,469940.531719476,True,True,1.0,True,True
38SMB_00093_r480_c2160,1,0.5607227683067322,461.8798828125,462.8717041015625,213791.12844765186,True,True,1.0,True,True
38SMB_00093_r480_c2160,2,0.3957219123840332,462.22522735595703,697.8204345703125,322550.20902289543,True,True,1.0,True,True
38SMB_00093_r480_c2160,3,0.3131311237812042,285.4949951171875,492.17071533203125,140512.27597054094,True,True,1.0,True,True
38SMB_00093_r480_c2160,4,0.157163381576538,399.6642303466797,805.2084350585938,321813.0094663473,True,True,1.0,True,True
38SMB_00093_r480_c2160,5,0.145449548959732,84.8095703125,514.4610595703125,43631.22140467167,True,True,1.0,True,True
38SMB_00093_r480_c2160,6,0.1151362285017967,116.05224609375,567.8729248046875,65902.92841941118,True,True,1.0,True,True
38SMB_00094_r480_c2400,0,0.6910917162895203,492.50518798828125,482.255859375,237513.5126799345,True,True,1.0,True,True
38SMB_00094_r480_c2400,1,0.6351516246795654,528.3133316040039,502.0574951171875,265243.66790212225,True,True,1.0,True,True
38SMB_00094_r480_c2400,2,0.4557718336582184,898.23974609375,840.6805419921875,755132.6765850186,True,True,1.0,True,True
38SMB_00094_r480_c2400,3,0.3856824934482574,357.00794219970703,483.47412109375,172604.10107849166,True,True,1.0,True,True
38SMB_00094_r480_c2400,4,0.1645563244819641,312.301025390625,318.84521484375,99575.68753659725,True,True,1.0,True,True
38SMB_00094_r480_c2400,5,0.1463054418563842,582.8228759765625,315.155029296875,183679.5605532825,True,True,1.0,True,True
38SMB_00096_r480_c2880,0,0.2393915653228759,515.6436157226562,506.4075469970703,261125.8185628103,True,True,1.0,True,True
38SMB_00096_r480_c2880,1,0.1872489750385284,408.736572265625,467.581787109375,191117.77691692114,True,True,1.0,True,True
38SMB_00096_r480_c2880,2,0.1850896477699279,479.1986083984375,366.5789794921875,175664.1368407756,True,True,1.0,True,True
38SMB_00097_r480_c3120,0,0.3738337457180023,535.6112670898438,523.27392578125,280271.41042277217,True,True,1.0,True,True
38SMB_00097_r480_c3120,1,0.3398976922035217,905.5462646484375,762.4270629882812,690412.9789559171,True,True,1.0,True,True
38SMB_00098_r480_c3360,0,0.2570086121559143,249.21321868896484,652.598876953125,162636.266638292,True,True,1.0,True,True
38SMB_00098_r480_c3360,1,0.1199471428990364,588.4033203125,567.0539855957031,333656.44792094827,True,True,1.0,True,True
38SMB_00098_r480_c3360,2,0.1045771241188049,145.489501953125,624.5079040527344,90859.3439264223,True,True,1.0,True,True
38SMB_00099_r480_c3600,0,0.2372449338436126,1480.4443359375,1027.7755737304688,1521564.5267441869,True,True,1.0,True,True
38SMB_00099_r480_c3600,1,0.117669329047203,1369.884033203125,1658.1231689453125,2271436.4542223513,True,True,1.0,True,True
38SMB_00099_r480_c3600,2,0.1010721325874328,1628.717041015625,1260.1671600341797,2052455.7280759327,True,True,1.0,True,True
38SMB_00100_r480_c3840,0,0.1761703342199325,1384.9139404296875,1041.2043762207031,1441978.4554644488,True,True,1.0,True,True
38SMB_00100_r480_c3840,1,0.163018450140953,851.048583984375,1573.3416748046875,1338990.2044661343,True,True,1.0,True,True
38SMB_00101_r480_c4080,0,0.1362949162721634,986.5621948242188,890.1045227050781,878143.4715428855,True,True,1.0,True,True
38SMB_00102_r480_c4320,0,0.1639320701360702,611.8264770507812,610.0726318359375,373258.58908127993,True,True,1.0,True,True
38SMB_00103_r480_c4560,0,0.1746266037225723,191.99533462524414,579.0067291259766,111166.59070880996,True,True,1.0,True,True
38SMB_00104_r480_c4800,0,0.1156407296657562,772.8546142578125,540.030517578125,417365.07735028863,True,True,1.0,True,True
38SMB_00105_r480_c5040,0,0.2403228431940078,572.1923065185547,547.1173095703125,313056.3152992632,True,True,1.0,True,True
38SMB_00105_r480_c5040,1,0.1548665314912796,674.93896484375,395.626220703125,267023.55186641216,True,True,1.0,True,True
38SMB_00112_r480_c6720,0,0.1073611304163932,433.6741638183594,424.8095703125,184228.93518730998,True,True,1.0,True,True
38SMB_00114_r480_c7200,0,0.1078990921378135,857.7933120727539,900.4123306274414,772367.6753200605,True,True,1.0,True,True
38SMB_00130_r720_c960,0,0.5388221740722656,537.396240234375,522.4942016601562,280786.4195164293,True,True,1.0,True,True
38SMB_00130_r720_c960,1,0.4832362234592438,302.81494140625,611.253662109375,185096.74187600613,True,True,1.0,True,True
38SMB_00130_r720_c960,2,0.3625867068767547,715.7929229736328,706.0173034667969,505362.1893184609,True,True,1.0,True,True
38SMB_00130_r720_c960,3,0.1900539994239807,1066.7437744140625,1021.3540649414062,1089523.0902487412,True,True,1.0,True,True
38SMB_00131_r720_c1200,0,0.673444926738739,612.752685546875,619.1024780273438,379356.70603998005,True,True,1.0,True,True
38SMB_00131_r720_c1200,1,0.5214211940765381,677.9763793945312,701.873779296875,475853.8436796516,True,True,1.0,True,True
38SMB_00131_r720_c1200,2,0.241673395037651,599.9472045898438,502.7484130859375,301622.5050428882,True,True,1.0,True,True
38SMB_00131_r720_c1200,3,0.1586788296699524,609.0843963623047,1023.0803680419922,623142.2883989813,True,True,1.0,True,True
38SMB_00131_r720_c1200,4,0.1229391619563102,451.9476318359375,229.442138671875,103695.83121612668,True,True,1.0,True,True
38SMB_00131_r720_c1200,5,0.1097257137298584,395.01007080078125,375.843505859375,148461.96985952556,True,True,1.0,True,True
38SMB_00131_r720_c1200,6,0.107318103313446,602.822265625,1252.381591796875,754963.5085940361,True,True,1.0,True,True
38SMB_00131_r720_c1200,7,0.1066621392965316,388.2916259765625,712.1002197265625,276502.5521758944,True,True,1.0,True,True
38SMB_00131_r720_c1200,8,0.1026508137583732,816.7869567871094,944.4830322265625,771441.4216293953,True,True,1.0,True,True
38SMB_00131_r720_c1200,9,0.1025960743427276,532.327880859375,601.4599609375,320173.90642762184,True,True,1.0,True,True
38SMB_00132_r720_c1440,0,0.6799783110618591,628.1008911132812,578.7240982055664,363497.12179164635,True,True,1.0,True,True
38SMB_00132_r720_c1440,1,0.2998705804347992,1125.6602478027344,1184.0579223632812,1332846.934300242,True,True,1.0,True,True
38SMB_00132_r720_c1440,2,0.2050694525241851,478.155517578125,326.558837890625,156145.9101513028,True,True,1.0,True,True
38SMB_00132_r720_c1440,3,0.1823227107524871,1176.2931823730469,1303.765869140625,1533610.9032807872,True,True,1.0,True,True
38SMB_00132_r720_c1440,4,0.1473657488822937,1341.4450073242188,1490.665283203125,1999645.5017443746,True,True,1.0,True,True
38SMB_00133_r720_c1680,0,0.5285563468933105,845.9188842773438,849.0570068359375,718233.3559105173,True,True,1.0,True,True
38SMB_00133_r720_c1680,1,0.5145500302314758,470.1214599609375,462.2015380859375,217290.8618811518,True,True,1.0,True,True
38SMB_00133_r720_c1680,2,0.4717044532299042,695.4693603515625,499.85462188720703,347633.574152668,True,True,1.0,True,True
38SMB_00133_r720_c1680,3,0.3616760075092315,996.600341796875,1111.9940185546875,1108213.6189676821,True,True,1.0,True,True
38SMB_00133_r720_c1680,4,0.1500667631626129,544.959716796875,560.350341796875,305368.3635726571,True,True,1.0,True,True
38SMB_00134_r720_c1920,0,0.530043363571167,716.5850830078125,689.3834686279297,494001.9100909587,True,True,1.0,True,True
38SMB_00134_r720_c1920,1,0.2602871656417846,389.1070556640625,792.0745849609375,308201.8096204847,True,True,1.0,True,True
38SMB_00134_r720_c1920,2,0.1957647502422332,248.35205078125,506.7913818359375,125862.67899721861,True,True,1.0,True,True
38SMB_00135_r720_c2160,0,0.6230903267860413,669.8960113525391,696.7376708984375,466741.7866939213,True,True,1.0,True,True
38SMB_00135_r720_c2160,1,0.1701320111751556,634.9200439453125,658.1004333496094,417841.1560627632,True,True,1.0,True,True
38SMB_00135_r720_c2160,2,0.1308715939521789,135.1885986328125,418.01158905029297,56510.40093598422,True,True,1.0,True,True
38SMB_00136_r720_c2400,0,0.4133821129798889,764.71435546875,821.2362670898438,628011.1626751721,True,True,1.0,True,True
38SMB_00136_r720_c2400,1,0.3536877632141113,882.5033569335938,594.6569061279297,524786.7158816429,True,True,1.0,True,True
38SMB_00136_r720_c2400,2,0.2094351053237915,848.2806396484375,988.4140014648438,838452.4614000693,True,True,1.0,True,True
38SMB_00136_r720_c2400,3,0.2040972560644149,417.1478271484375,420.05645751953125,175225.6385339424,True,True,1.0,True,True
38SMB_00137_r720_c2640,0,0.1148095428943634,940.1685333251953,952.3312377929688,895351.8630755832,True,True,1.0,True,True
38SMB_00138_r720_c2880,0,0.19377101957798,407.74505615234375,460.5801200866699,187799.26692739245,True,True,1.0,True,True
38SMB_00138_r720_c2880,1,0.1064921990036964,447.5627136230469,430.77301025390625,192797.93742480688,True,True,1.0,True,True
38SMB_00139_r720_c3120,0,0.7003350853919983,527.44873046875,537.6153564453125,283564.5372375846,True,True,1.0,True,True
38SMB_00139_r720_c3120,1,0.3413107693195343,892.78564453125,879.2427825927734,784975.334356539,True,True,1.0,True,True
38SMB_00139_r720_c3120,2,0.1193035915493965,588.7277221679688,333.8329315185547,196536.7013575742,True,True,1.0,True,True
38SMB_00140_r720_c3360,0,0.5361174941062927,268.9245414733887,561.1489868164062,150906.73397785868,True,True,1.0,True,True
38SMB_00140_r720_c3360,1,0.1454699486494064,217.98297882080078,455.39703369140625,99268.80195020931,True,True,1.0,True,True
38SMB_00142_r720_c3840,0,0.1610185950994491,192.1319580078125,889.210205078125,170845.69778218865,True,True,1.0,True,True
38SMB_00142_r720_c3840,1,0.1343251913785934,1738.9067840576172,1487.9934692382812,2587481.9382918766,True,True,1.0,True,True
38SMB_00142_r720_c3840,2,0.1168847382068634,1779.3734741210938,1838.0937194824219,3270655.2073956,True,True,1.0,True,True
38SMB_00143_r720_c4080,0,0.1373557299375534,1048.7734985351562,1410.4071044921875,1479197.5933371112,True,True,1.0,True,True
38SMB_00144_r720_c4320,0,0.3953379392623901,733.9348602294922,778.9630126953125,571708.1098464783,True,True,1.0,True,True
38SMB_00145_r720_c4560,0,0.2127444744110107,1028.140869140625,998.2647705078125,1026356.8087823689,True,True,1.0,True,True
38SMB_00145_r720_c4560,1,0.1016549989581108,1265.6622314453125,1137.5396728515625,1439741.0006988794,True,True,1.0,True,True
38SMB_00146_r720_c4800,0,0.2435635179281234,879.2967987060547,802.601318359375,705724.7698706575,True,True,1.0,True,True
38SMB_00146_r720_c4800,1,0.2408371865749359,902.3817443847656,888.2354736328125,801527.4761212058,True,True,1.0,True,True
38SMB_00147_r720_c5040,0,0.1122455075383186,637.8027153015137,1238.116111755371,789673.817936128,True,True,1.0,True,True
38SMB_00149_r720_c5520,0,0.6630076766014099,569.605712890625,685.3379821777344,390372.42990937084,True,True,1.0,True,True
38SMB_00149_r720_c5520,1,0.1701304465532302,1391.3201904296875,711.2495422363281,989575.8485472761,True,True,1.0,True,True
38SMB_00150_r720_c5760,0,0.527213454246521,716.5850830078125,743.5557556152344,532820.9628584795,True,True,1.0,True,True
38SMB_00150_r720_c5760,1,0.3221203982830047,408.8641357421875,392.3712158203125,160426.5180464834,True,True,1.0,True,True
38SMB_00150_r720_c5760,2,0.1558130234479904,763.8922119140625,794.014892578125,606541.7925842106,True,True,1.0,True,True
38SMB_00150_r720_c5760,3,0.1073923036456108,488.4916687011719,471.7808532714844,230461.01627585012,True,True,1.0,True,True
38SMB_00150_r720_c5760,4,0.1020832434296608,307.87628173828125,328.9453125,101274.45970773697,True,True,1.0,True,True
38SMB_00154_r720_c6720,0,0.1239023134112358,455.0390625,440.4057312011719,200401.81104540825,True,True,1.0,True,True
38SMB_00157_r720_c7440,0,0.1677391082048416,1159.1970825195312,1204.1413879394531,1395837.1838404331,True,True,1.0,True,True
38SMB_00157_r720_c7440,1,0.1122690513730049,511.37237548828125,527.6422119140625,269821.65131438524,True,True,1.0,True,True
38SMB_00171_r960_c720,0,0.1386988013982772,216.17889404296875,512.9844665527344,110896.41464059241,True,True,1.0,True,True
38SMB_00172_r960_c960,0,0.1029297262430191,332.6355743408203,251.0791015625,83517.84115321934,True,True,1.0,True,True
38SMB_00173_r960_c1200,0,0.3979506194591522,422.3193359375,733.0027770996094,309561.24606505036,True,True,1.0,True,True
38SMB_00173_r960_c1200,1,0.3978831171989441,541.026611328125,790.9469604492188,427923.35375212133,True,True,1.0,True,True
38SMB_00173_r960_c1200,2,0.2925336062908172,827.2148895263672,881.8778991699219,729502.5289375917,True,True,1.0,True,True
38SMB_00173_r960_c1200,3,0.2048044353723526,769.847412109375,730.4193115234375,562311.4167310297,True,True,1.0,True,True
38SMB_00173_r960_c1200,4,0.1763678789138794,418.7548828125,952.14599609375,398715.78501462936,True,True,1.0,True,True
38SMB_00173_r960_c1200,5,0.1631741970777511,597.9656982421875,563.7890625,337126.5204191208,True,True,1.0,True,True
38SMB_00173_r960_c1200,6,0.1065319925546646,166.707763671875,780.0936889648438,130047.67434187233,True,True,1.0,True,True
38SMB_00174_r960_c1440,0,0.6301255226135254,839.3057250976562,506.180419921875,424840.1243727654,True,True,1.0,True,True
38SMB_00174_r960_c1440,1,0.6035572290420532,992.0851135253906,986.722412109375,978912.6162355766,True,True,1.0,True,True
38SMB_00174_r960_c1440,2,0.5043119788169861,392.0550537109375,383.6346435546875,150405.90078420937,True,True,1.0,True,True
38SMB_00174_r960_c1440,3,0.4500588774681091,929.879150390625,695.6609344482422,646880.5986846797,True,True,1.0,True,True
38SMB_00174_r960_c1440,4,0.2724216878414154,448.5382080078125,430.2006530761719,192961.43001457676,True,True,1.0,True,True
38SMB_00174_r960_c1440,5,0.2524394690990448,993.8333129882812,975.0657653808594,969052.8399899136,True,True,1.0,True,True
38SMB_00174_r960_c1440,6,0.154241532087326,278.62884521484375,1034.3841552734375,288209.2626923695,True,True,1.0,True,True
38SMB_00174_r960_c1440,7,0.1109613999724388,452.33642578125,445.45654296875,201496.2204873562,True,True,1.0,True,True
38SMB_00174_r960_c1440,8,0.1047076135873794,238.271484375,816.0528564453125,194442.1254336834,True,True,1.0,True,True
38SMB_00175_r960_c1680,0,0.4749691188335418,471.62994384765625,498.568115234375,235139.6521922201,True,True,1.0,True,True
38SMB_00175_r960_c1680,1,0.4265781939029693,452.4922180175781,349.93629455566406,158343.45008834498,True,True,1.0,True,True
38SMB_00175_r960_c1680,2,0.2371731698513031,341.61407470703125,314.278564453125,107361.98099590838,True,True,1.0,True,True
38SMB_00175_r960_c1680,3,0.1506776809692382,541.5090942382812,557.2919464111328,301778.6571273813,True,True,1.0,True,True
38SMB_00175_r960_c1680,4,0.1420632600784301,495.1373291015625,508.0517578125,251555.39040863514,True,True,1.0,True,True
38SMB_00176_r960_c1920,0,0.7342864274978638,638.4040832519531,660.6881713867188,421786.0263695475,True,True,1.0,True,True
38SMB_00176_r960_c1920,1,0.3991617560386657,949.8095703125,901.5625,856312.6907348633,True,True,1.0,True,True
38SMB_00176_r960_c1920,2,0.3031812906265259,771.81640625,756.3352966308594,583751.9905656576,True,True,1.0,True,True
38SMB_00176_r960_c1920,3,0.2852599322795868,269.0972900390625,524.068603515625,141025.4410006106,True,True,1.0,True,True
38SMB_00176_r960_c1920,4,0.2669169306755066,387.1026611328125,644.6898651123047,249561.16239032708,True,True,1.0,True,True
38SMB_00176_r960_c1920,5,0.1433946192264557,219.50439453125,438.563232421875,96266.55679643154,True,True,1.0,True,True
38SMB_00176_r960_c1920,6,0.1281659603118896,508.974609375,217.13134765625,110514.34285640717,True,True,1.0,True,True
38SMB_00176_r960_c1920,7,0.1223411262035369,176.26802444458008,601.86279296875,106089.16550329886,True,True,1.0,True,True
38SMB_00177_r960_c2160,0,0.2644729912281036,461.8675231933594,455.828857421875,210532.54537750036,True,True,1.0,True,True
38SMB_00177_r960_c2160,1,0.2471831738948822,743.9677429199219,721.4505004882812,536735.9004767146,True,True,1.0,True,True
38SMB_00177_r960_c2160,2,0.1711112260818481,668.8127136230469,616.3552856445312,412226.25114782713,True,True,1.0,True,True
38SMB_00177_r960_c2160,3,0.1501290053129196,161.1725616455078,416.0919189453125,67062.60045641102,True,True,1.0,True,True
38SMB_00177_r960_c2160,4,0.1023145243525505,138.61494064331055,674.1238403320312,93443.63611386507,True,True,1.0,True,True
38SMB_00178_r960_c2400,0,0.2360777109861374,937.850341796875,617.5900268554688,579207.0177767426,True,True,1.0,True,True
38SMB_00179_r960_c2640,0,0.1610549390316009,493.8629150390625,535.9120178222656,264667.0713261701,True,True,1.0,True,True
38SMB_00179_r960_c2640,1,0.1526640355587005,1047.58056640625,665.3248596191406,696981.3932839781,True,True,1.0,True,True
38SMB_00180_r960_c2880,0,0.3137272596359253,534.2050170898438,553.299560546875,295575.4011977464,True,True,1.0,True,True
38SMB_00180_r960_c2880,1,0.2239725589752197,549.6700286865234,531.1180114746094,291939.6526031778,True,True,1.0,True,True
38SMB_00181_r960_c3120,0,0.3026843667030334,719.8638916015625,739.2913818359375,532189.1711559147,True,True,1.0,True,True
38SMB_00181_r960_c3120,1,0.1374356597661972,624.345703125,671.3592529296875,419160.26481986046,True,True,1.0,True,True
38SMB_00182_r960_c3360,0,0.3762787282466888,757.1493530273438,816.026611328125,617854.0208201855,True,True,1.0,True,True
38SMB_00182_r960_c3360,1,0.3339175581932068,545.9450912475586,798.7005615234375,436046.6509403894,True,True,1.0,True,True
38SMB_00183_r960_c3600,0,0.3210010826587677,910.3167724609375,1018.9167022705078,927536.9638174307,True,True,1.0,True,True
38SMB_00183_r960_c3600,1,0.113540418446064,122.27294921875,469.000244140625,57346.04303538799,True,True,1.0,True,True
38SMB_00183_r960_c3600,2,0.1089441254734993,157.880859375,532.4420166015625,84062.4031484127,True,True,1.0,True,True
38SMB_00184_r960_c3840,0,0.4494276642799377,928.3137512207031,916.6177368164062,850908.8496994693,True,True,1.0,True,True
38SMB_00184_r960_c3840,1,0.2030416131019592,887.5736999511719,1008.3922576904297,895022.4471604102,True,True,1.0,True,True
38SMB_00184_r960_c3840,2,0.1704616099596023,187.30224609375,726.5052032470703,136076.05636697263,True,True,1.0,True,True
38SMB_00185_r960_c4080,0,0.132594496011734,1195.3643798828125,1718.0227661132812,2053663.2184395567,True,True,1.0,True,True
38SMB_00186_r960_c4320,0,0.1608851253986358,717.6239776611328,632.0681381225586,453587.2514323768,True,True,1.0,True,True
38SMB_00186_r960_c4320,1,0.142411008477211,1404.727783203125,1263.7715148925781,1775254.9585903063,True,True,1.0,True,True
38SMB_00186_r960_c4320,2,0.1401007175445556,1387.830810546875,1879.8318481445312,2608888.557502255,True,True,1.0,True,True
38SMB_00186_r960_c4320,3,0.1114372089505195,1806.4199829101562,1688.5108184814453,3050159.6838648664,True,True,1.0,True,True
38SMB_00186_r960_c4320,4,0.1057192981243133,1425.3070068359375,997.6237487792969,1421920.119321067,True,True,1.0,True,True
38SMB_00187_r960_c4560,0,0.4997584819793701,553.10791015625,583.9712524414062,322999.1190291941,True,True,1.0,True,True
38SMB_00187_r960_c4560,1,0.4040516316890716,284.7869873046875,289.78424072265625,82526.78088378161,True,True,1.0,True,True
38SMB_00187_r960_c4560,2,0.1693463027477264,937.900390625,974.1067504882812,913615.1017934084,True,True,1.0,True,True
38SMB_00187_r960_c4560,3,0.1044483333826065,757.50244140625,653.4732055664062,495007.548610121,True,True,1.0,True,True
38SMB_00188_r960_c4800,0,0.4445367753505707,291.78016662597656,288.63739013671875,84218.6657885788,True,True,1.0,True,True
38SMB_00188_r960_c4800,1,0.3964461982250213,550.52978515625,480.367431640625,264456.5789371729,True,True,1.0,True,True
38SMB_00188_r960_c4800,2,0.3551256358623504,335.4876708984375,706.1370849609375,236900.285968557,True,True,1.0,True,True
38SMB_00188_r960_c4800,3,0.2631316781044006,883.1918334960938,707.7675628662109,625094.5315368706,True,True,1.0,True,True
38SMB_00188_r960_c4800,4,0.1891813278198242,818.5447692871094,924.571533203125,756803.1923351809,True,True,1.0,True,True
38SMB_00188_r960_c4800,5,0.1257059574127197,492.0452880859375,639.813232421875,314817.0862682164,True,True,1.0,True,True
38SMB_00189_r960_c5040,0,0.3765570819377899,532.4077606201172,472.9937744140625,251825.5562230479,True,True,1.0,True,True
38SMB_00190_r960_c5280,0,0.5579069256782532,315.74951171875,672.3649597167969,212298.90772737563,True,True,1.0,True,True
38SMB_00190_r960_c5280,1,0.1629735678434372,822.4685668945312,859.166259765625,706637.2423935682,True,True,1.0,True,True
38SMB_00190_r960_c5280,2,0.1035975739359855,259.10491943359375,553.5501098632812,143427.55661858246,True,True,1.0,True,True
38SMB_00191_r960_c5520,0,0.6027317643165588,598.9080810546875,567.4282836914062,339837.38452177495,True,True,1.0,True,True
38SMB_00191_r960_c5520,1,0.2420404255390167,592.5048828125,629.3443298339844,372889.58839699626,True,True,1.0,True,True
38SMB_00192_r960_c5760,0,0.4864474236965179,757.5385284423828,577.6194763183594,437569.00808986975,True,True,1.0,True,True
38SMB_00192_r960_c5760,1,0.3946362733840942,410.89324951171875,406.2345886230469,166919.05018338002,True,True,1.0,True,True
38SMB_00194_r960_c6240,0,0.2303433269262313,457.67608642578125,476.2211608886719,217955.03718866967,True,True,1.0,True,True
38SMB_00194_r960_c6240,1,0.1123997122049331,560.584716796875,569.2671203613281,319122.4474495277,True,True,1.0,True,True
38SMB_00199_r960_c7440,0,0.1183270812034607,484.13970947265625,503.9007568359375,243958.36601760238,True,True,1.0,True,True
38SMB_00201_r960_c7920,0,0.2039708942174911,395.185546875,402.3577880859375,159005.98252415657,True,True,1.0,True,True
38SMB_00214_r1200_c960,0,0.1397701650857925,383.6248779296875,388.83544921875,149166.95174127817,True,True,1.0,True,True
38SMB_00215_r1200_c1200,0,0.6543904542922974,594.2926025390625,835.9263610839844,496784.85265960917,True,True,1.0,True,True
38SMB_00215_r1200_c1200,1,0.6105698347091675,405.6935119628906,400.6390380859375,162536.65839051828,True,True,1.0,True,True
38SMB_00215_r1200_c1200,2,0.6003499627113342,837.974853515625,664.8748779296875,557148.4284393489,True,True,1.0,True,True
38SMB_00215_r1200_c1200,3,0.5457103848457336,536.0235595703125,546.6194152832031,293000.8847103454,True,True,1.0,True,True
38SMB_00215_r1200_c1200,4,0.5416059494018555,561.7138671875,527.6992797851562,296416.00316017866,True,True,1.0,True,True
38SMB_00215_r1200_c1200,5,0.4527358114719391,641.5838623046875,449.0423583984375,288098.33063967526,True,True,1.0,True,True
38SMB_00215_r1200_c1200,6,0.3691495954990387,545.6512451171875,543.2598876953125,296430.4341431707,True,True,1.0,True,True
38SMB_00215_r1200_c1200,7,0.1950607597827911,725.8233642578125,745.2403259277344,540912.8405454569,True,True,1.0,True,True
38SMB_00215_r1200_c1200,8,0.1296613365411758,657.94921875,570.2838134765625,375217.789542675,True,True,1.0,True,True
38SMB_00216_r1200_c1440,0,0.6373164057731628,816.3031005859375,734.6554946899414,599701.5581778949,True,True,1.0,True,True
38SMB_00216_r1200_c1440,1,0.5624794960021973,383.3777618408203,392.95684814453125,150650.9169416735,True,True,1.0,True,True
38SMB_00216_r1200_c1440,2,0.5476961135864258,550.703125,445.714111328125,245456.15396499634,True,True,1.0,True,True
38SMB_00216_r1200_c1440,3,0.5456439256668091,611.2753295898438,605.2398681640625,369968.1998929009,True,True,1.0,True,True
38SMB_00216_r1200_c1440,4,0.445407509803772,430.8757781982422,423.731689453125,182575.72144037113,True,True,1.0,True,True
38SMB_00216_r1200_c1440,5,0.2780136168003082,1060.2517700195312,949.5115661621094,1006721.3186773937,True,True,1.0,True,True
38SMB_00216_r1200_c1440,6,0.2527630031108856,372.15667724609375,202.4765968322754,75353.01749719656,True,True,1.0,True,True
38SMB_00216_r1200_c1440,7,0.2492067962884903,196.23329162597656,561.5682983398438,110198.39565602597,True,True,1.0,True,True
38SMB_00216_r1200_c1440,8,0.1718967705965042,715.8314514160156,730.4680633544922,522892.0140040922,True,True,1.0,True,True
38SMB_00216_r1200_c1440,9,0.1557841151952743,904.0332794189453,814.26025390625,736118.3676393703,True,True,1.0,True,True
38SMB_00216_r1200_c1440,10,0.1416525840759277,151.56578063964844,510.0025939941406,77298.9412869676,True,True,1.0,True,True
38SMB_00217_r1200_c1680,0,0.292758971452713,470.3813171386719,764.3321228027344,359527.5506553473,True,True,1.0,True,True
38SMB_00217_r1200_c1680,1,0.2146124839782714,488.73138427734375,491.4029312133789,240164.034809859,True,True,1.0,True,True
38SMB_00217_r1200_c1680,2,0.2081550359725952,342.02880859375,326.90879821777344,111812.22677323967,True,True,1.0,True,True
38SMB_00217_r1200_c1680,3,0.1829344183206558,507.242431640625,539.224853515625,273517.72589832544,True,True,1.0,True,True
38SMB_00217_r1200_c1680,4,0.1588755548000335,633.5285568237305,723.9950561523438,458671.54307171004,True,True,1.0,True,True
38SMB_00218_r1200_c1920,0,0.7424823045730591,389.69146728515625,369.085693359375,143829.5453991741,True,True,1.0,True,True
38SMB_00218_r1200_c1920,1,0.2562906444072723,267.015380859375,529.8038482666016,141465.77632566914,True,True,1.0,True,True
38SMB_00218_r1200_c1920,2,0.1448021233081817,705.1715087890625,457.342529296875,322504.92141768336,True,True,1.0,True,True
38SMB_00218_r1200_c1920,3,0.1401140540838241,216.8841552734375,426.2701416015625,92451.23957954347,True,True,1.0,True,True
38SMB_00218_r1200_c1920,4,0.1281976699829101,508.1341552734375,564.0057373046875,286590.5788946897,True,True,1.0,True,True
38SMB_00218_r1200_c1920,5,0.10579314827919,826.6461181640625,780.0345230102539,644812.5104803825,True,True,1.0,True,True
38SMB_00219_r1200_c2160,0,0.2539970576763153,708.5714721679688,771.2680053710938,546498.5060018487,True,True,1.0,True,True
38SMB_00219_r1200_c2160,1,0.2448699027299881,461.18404388427734,460.0946044921875,212188.29026904423,True,True,1.0,True,True
38SMB_00220_r1200_c2400,0,0.1476503312587738,591.24755859375,624.6798706054688,369340.44839814305,True,True,1.0,True,True
38SMB_00220_r1200_c2400,1,0.1250564604997635,677.2650146484375,488.465576171875,330820.6456013024,True,True,1.0,True,True
38SMB_00221_r1200_c2640,0,0.1695403903722763,490.4827880859375,539.6563720703125,264692.1619813889,True,True,1.0,True,True
38SMB_00222_r1200_c2880,0,0.2373699843883514,544.7485542297363,531.4306640625,289496.08592139557,True,True,1.0,True,True
38SMB_00222_r1200_c2880,1,0.1287805438041687,484.185791015625,475.04119873046875,230008.19857232273,True,True,1.0,True,True
38SMB_00224_r1200_c3360,0,0.159875601530075,744.1049194335938,605.1578903198242,450300.96322103636,True,True,1.0,True,True
38SMB_00226_r1200_c3840,0,0.6068065762519836,567.6223754882812,592.5341796875,336335.65863221884,True,True,1.0,True,True
38SMB_00226_r1200_c3840,1,0.1893474161624908,938.3221435546875,905.8010864257812,849933.2170492038,True,True,1.0,True,True
38SMB_00227_r1200_c4080,0,0.6953052282333374,544.2669677734375,556.995849609375,303154.44212928414,True,True,1.0,True,True
38SMB_00227_r1200_c4080,1,0.436326265335083,983.468017578125,910.4705810546875,895418.6974130571,True,True,1.0,True,True
38SMB_00227_r1200_c4080,2,0.2456683665513992,643.89892578125,648.0866241455078,417302.2811004892,True,True,1.0,True,True
38SMB_00227_r1200_c4080,3,0.1804797351360321,401.79290771484375,390.997314453125,157099.9478828162,True,True,1.0,True,True
38SMB_00227_r1200_c4080,4,0.1503372490406036,764.6109008789062,780.4574584960938,596746.2804383598,True,True,1.0,True,True
38SMB_00227_r1200_c4080,5,0.1236634775996208,571.2841796875,262.33707427978516,149869.02028154582,True,True,1.0,True,True
38SMB_00228_r1200_c4320,0,0.6741090416908264,515.5386543273926,527.5537109375,271974.330222141,True,True,1.0,True,True
38SMB_00228_r1200_c4320,1,0.2232893109321594,1269.345703125,1127.4252319335938,1431092.3737496138,True,True,1.0,True,True
38SMB_00228_r1200_c4320,2,0.16449536383152,696.5272521972656,786.2896728515625,547672.1852623858,True,True,1.0,True,True
38SMB_00228_r1200_c4320,3,0.1424842625856399,168.6008071899414,256.9553756713867,43322.88374999043,True,True,1.0,True,True
38SMB_00228_r1200_c4320,4,0.113247126340866,1005.56396484375,875.9194946289062,880793.0799029768,True,True,1.0,True,True
38SMB_00228_r1200_c4320,5,0.1098359227180481,408.9237976074219,906.1801147460938,370558.613838302,True,True,1.0,True,True
38SMB_00229_r1200_c4560,0,0.1501776129007339,224.700927734375,686.96044921875,154360.65025627613,True,True,1.0,True,True
38SMB_00229_r1200_c4560,1,0.1226459890604019,379.5013427734375,1058.2257080078125,401598.07714633644,True,True,1.0,True,True
38SMB_00229_r1200_c4560,2,0.1104371398687362,276.7205810546875,925.8639526367188,256205.61095122248,True,True,1.0,True,True
38SMB_00230_r1200_c4800,0,0.3805244266986847,753.8442993164062,701.50146484375,528822.8802345693,True,True,1.0,True,True
38SMB_00230_r1200_c4800,1,0.2634256184101105,562.3846435546875,552.6136589050293,310781.43558675656,True,True,1.0,True,True
38SMB_00231_r1200_c5040,0,0.2407364249229431,542.7462005615234,538.2725524902344,292145.3827306279,True,True,1.0,True,True
38SMB_00233_r1200_c5520,0,0.190612107515335,529.903564453125,519.7427368164062,275413.5288376361,True,True,1.0,True,True
38SMB_00234_r1200_c5760,0,0.2714937031269073,450.85620880126953,570.3515625,257146.54315263033,True,True,1.0,True,True
38SMB_00235_r1200_c6000,0,0.1883248537778854,699.1806030273438,460.694580078125,322108.71431045234,True,True,1.0,True,True
38SMB_00236_r1200_c6240,0,0.1377882063388824,485.74798583984375,457.55126953125,222254.60759326816,True,True,1.0,True,True
38SMB_00237_r1200_c6480,0,0.2159090638160705,497.6718521118164,250.587158203125,124710.17513838597,True,True,1.0,True,True
38SMB_00239_r1200_c6960,0,0.3653291761875152,665.4373168945312,671.7941284179688,447036.8823199533,True,True,1.0,True,True
38SMB_00242_r1200_c7680,0,0.3335902392864227,446.8463134765625,510.810546875,228253.80975604057,True,True,1.0,True,True
38SMB_00243_r1200_c7920,0,0.4219341576099396,507.9917907714844,498.86566162109375,253419.66080130078,True,True,1.0,True,True
38SMB_00243_r1200_c7920,1,0.11326365172863,515.0325012207031,612.4893188476562,315451.90585707314,True,True,1.0,True,True
38SMB_00252_r1440_c0,0,0.3145378530025482,1161.1560821533203,978.2965087890625,1135954.941329779,True,True,1.0,True,True
38SMB_00254_r1440_c480,0,0.7585353851318359,381.2335205078125,378.86566162109375,144436.2899793312,True,True,1.0,True,True
38SMB_00257_r1440_c1200,0,0.5974445939064026,589.4384765625,692.5318145751953,408204.89775426686,True,True,1.0,True,True
38SMB_00257_r1440_c1200,1,0.4838289618492126,640.1812744140625,562.7316284179688,360250.2510337159,True,True,1.0,True,True
38SMB_00257_r1440_c1200,2,0.4034880995750427,824.0673828125,860.4258728027344,709048.8971047103,True,True,1.0,True,True
38SMB_00257_r1440_c1200,3,0.3651875555515289,451.851806640625,285.19775390625,128867.12035238743,True,True,1.0,True,True
38SMB_00257_r1440_c1200,4,0.2901801466941833,449.55810546875,238.206787109375,107087.79192268848,True,True,1.0,True,True
38SMB_00257_r1440_c1200,5,0.1493846923112869,914.4169616699219,958.7078857421875,876658.7520093657,True,True,1.0,True,True
38SMB_00257_r1440_c1200,6,0.1023928970098495,608.5296630859375,718.5272979736328,437245.1745539438,True,True,1.0,True,True
38SMB_00258_r1440_c1440,0,0.5620431900024414,550.8834838867188,558.6672973632812,307760.58710506186,True,True,1.0,True,True
38SMB_00258_r1440_c1440,1,0.4549382328987121,1079.35791015625,720.2291870117188,777385.0701265037,True,True,1.0,True,True
38SMB_00258_r1440_c1440,2,0.2338713705539703,369.1407775878906,245.83740234375,90748.609861359,True,True,1.0,True,True
38SMB_00258_r1440_c1440,3,0.1152716055512428,323.4513854980469,553.072509765625,178892.06956457347,True,True,1.0,True,True
38SMB_00259_r1440_c1680,0,0.3972386717796325,524.55078125,530.36376953125,278202.72965431213,True,True,1.0,True,True
38SMB_00259_r1440_c1680,1,0.284932017326355,774.6343994140625,701.6291809082031,543506.0991642065,True,True,1.0,True,True
38SMB_00259_r1440_c1680,2,0.2667558789253235,1117.8723907470703,1001.5286254882812,1119581.1989762122,True,True,1.0,True,True
38SMB_00259_r1440_c1680,3,0.2016522884368896,514.7262573242188,548.4622001647949,282307.8955746314,True,True,1.0,True,True
38SMB_00259_r1440_c1680,4,0.1264679729938507,449.6337890625,408.370361328125,183617.11290478706,True,True,1.0,True,True
38SMB_00259_r1440_c1680,5,0.1211981698870658,903.4530639648438,1270.155029296875,1147525.4529286176,True,True,1.0,True,True
38SMB_00260_r1440_c1920,0,0.7143017649650574,575.9368896484375,473.9630126953125,272972.7833401412,True,True,1.0,True,True
38SMB_00260_r1440_c1920,1,0.6406242251396179,659.5303344726562,644.7186279296875,425211.4923192188,True,True,1.0,True,True
38SMB_00260_r1440_c1920,2,0.4768377542495727,479.0081787109375,478.7548828125,229327.50446498394,True,True,1.0,True,True
38SMB_00260_r1440_c1920,3,0.3412859439849853,863.5116577148438,918.1436157226562,792827.7156329714,True,True,1.0,True,True
38SMB_00260_r1440_c1920,4,0.2685482203960418,566.6717529296875,519.97314453125,294654.0932878852,True,True,1.0,True,True
38SMB_00260_r1440_c1920,5,0.2165715098381042,945.8182525634766,738.1036376953125,698111.8928157259,True,True,1.0,True,True
38SMB_00260_r1440_c1920,6,0.1139555647969245,298.5498046875,221.5570068359375,66145.80111801624,True,True,1.0,True,True
38SMB_00260_r1440_c1920,7,0.1108289882540702,1053.460693359375,1161.0613250732422,1223132.4685444124,True,True,1.0,True,True
38SMB_00261_r1440_c2160,0,0.5449672937393188,872.2435760498047,853.6920166015625,744627.3774057161,True,True,1.0,True,True
38SMB_00261_r1440_c2160,1,0.3367709815502167,547.4052429199219,520.8859252929688,285135.68646856584,True,True,1.0,True,True
38SMB_00261_r1440_c2160,2,0.3333760499954223,789.0284729003906,303.572998046875,239527.73906271905,True,True,1.0,True,True
38SMB_00261_r1440_c2160,3,0.2565893232822418,789.1477966308594,917.9986572265625,724436.6176604293,True,True,1.0,True,True
38SMB_00261_r1440_c2160,4,0.2149161249399185,712.7110290527344,708.7875366210938,505160.6946049724,True,True,1.0,True,True
38SMB_00262_r1440_c2400,0,0.2268517911434173,771.0047149658203,917.67578125,707532.3541536927,True,True,1.0,True,True
38SMB_00262_r1440_c2400,1,0.1988584995269775,676.2804412841797,696.0989379882812,470758.0969601637,True,True,1.0,True,True
38SMB_00262_r1440_c2400,2,0.1464367508888244,436.9129943847656,446.5472412109375,195102.29229172692,True,True,1.0,True,True
38SMB_00262_r1440_c2400,3,0.1018684059381485,640.4495239257812,601.0952758789062,384971.18327068165,True,True,1.0,True,True
38SMB_00263_r1440_c2640,0,0.4296211004257202,678.524169921875,747.5506591796875,507231.19049444795,True,True,1.0,True,True
38SMB_00263_r1440_c2640,1,0.2270854711532592,444.25914764404297,450.6744384765625,200216.24190255534,True,True,1.0,True,True
38SMB_00263_r1440_c2640,2,0.1170585006475448,275.02269744873047,249.62371826171875,68652.18834351981,True,True,1.0,True,True
38SMB_00263_r1440_c2640,3,0.1018451899290084,360.78399658203125,385.63995361328125,139132.72370630875,True,True,1.0,True,True
38SMB_00264_r1440_c2880,0,0.2034585773944854,735.08056640625,454.525146484375,334112.6021236181,True,True,1.0,True,True
38SMB_00264_r1440_c2880,1,0.1744170784950256,923.5208129882812,894.9978256225586,826549.1195416893,True,True,1.0,True,True
38SMB_00268_r1440_c3840,0,0.1119993031024932,1116.0092163085938,1329.4921875,1483725.534260273,True,True,1.0,True,True
38SMB_00269_r1440_c4080,0,0.6940422058105469,538.194580078125,527.4871826171875,283890.74274525046,True,True,1.0,True,True
38SMB_00269_r1440_c4080,1,0.2830716967582702,530.550537109375,336.47449493408203,178516.7240108829,True,True,1.0,True,True
38SMB_00269_r1440_c4080,2,0.2379294484853744,1180.7691955566406,1150.5776977539062,1358566.7026022915,True,True,1.0,True,True
38SMB_00269_r1440_c4080,3,0.231857031583786,398.97918701171875,113.7445068359375,45381.69086445123,True,True,1.0,True,True
38SMB_00269_r1440_c4080,4,0.1633497476577758,448.30413818359375,145.087890625,65043.501767516136,True,True,1.0,True,True
38SMB_00269_r1440_c4080,5,0.1314270049333572,338.71105194091797,331.766357421875,112372.93192096986,True,True,1.0,True,True
38SMB_00269_r1440_c4080,6,0.103769913315773,657.8826904296875,196.61069869995117,129346.77542798454,True,True,1.0,True,True
38SMB_00270_r1440_c4320,0,0.4273504018783569,324.68955993652344,583.8958740234375,189584.89438542165,True,True,1.0,True,True
38SMB_00270_r1440_c4320,1,0.2884456515312195,522.6342964172363,334.3240737915039,174729.22708136684,True,True,1.0,True,True
38SMB_00270_r1440_c4320,2,0.1672320067882537,1348.1109619140625,1244.5018005371094,1677726.5194258653,True,True,1.0,True,True
38SMB_00270_r1440_c4320,3,0.1209171116352081,1530.3140258789062,1435.2317810058594,2196355.3248604294,True,True,1.0,True,True
38SMB_00277_r1440_c6000,0,0.4413946866989136,454.9609375,444.2974853515625,202138.0004644394,True,True,1.0,True,True
38SMB_00277_r1440_c6000,1,0.3016683161258697,585.4022216796875,621.4361572265625,363790.1070725173,True,True,1.0,True,True
38SMB_00277_r1440_c6000,2,0.1309416741132736,735.1821899414062,706.3227844238281,519275.93145822175,True,True,1.0,True,True
38SMB_00278_r1440_c6240,0,0.2397257983684539,358.04981231689453,736.7938232421875,263808.8901281124,True,True,1.0,True,True
38SMB_00278_r1440_c6240,1,0.2020794302225113,362.37518310546875,757.2868347167969,274421.9553938601,True,True,1.0,True,True
38SMB_00279_r1440_c6480,0,0.3490325510501861,564.4787979125977,612.7160263061523,345865.20599108044,True,True,1.0,True,True
38SMB_00281_r1440_c6960,0,0.304509550333023,561.239013671875,681.6285705566406,382556.54662977904,True,True,1.0,True,True
38SMB_00283_r1440_c7440,0,0.1433044523000717,765.682373046875,683.5974884033203,523418.5471295379,True,True,1.0,True,True
38SMB_00285_r1440_c7920,0,0.3114771842956543,417.78594970703125,416.0511016845703,173820.30464394484,True,True,1.0,True,True
38SMB_00285_r1440_c7920,1,0.2151527553796768,309.3115234375,316.7144012451172,97963.41394372284,True,True,1.0,True,True
38SMB_00294_r1680_c0,0,0.6088852882385254,883.4949493408203,935.37841796875,826402.1079977974,True,True,1.0,True,True
38SMB_00294_r1680_c0,1,0.5528311133384705,730.3424835205078,764.8869323730469,558629.4218017138,True,True,1.0,True,True
38SMB_00294_r1680_c0,2,0.3163948357105255,1017.5921630859375,941.9796752929688,958551.1353643611,True,True,1.0,True,True
38SMB_00294_r1680_c0,3,0.2198285460472107,500.90850830078125,552.237548828125,276620.48681117594,True,True,1.0,True,True
38SMB_00294_r1680_c0,4,0.2174081057310104,416.43096923828125,439.0361022949219,182828.2296092715,True,True,1.0,True,True
38SMB_00294_r1680_c0,5,0.1588089168071746,465.27862548828125,519.661865234375,241787.55837492645,True,True,1.0,True,True
38SMB_00294_r1680_c0,6,0.1150892674922943,1082.7466583251953,1129.609375,1223080.7759940624,True,True,1.0,True,True
38SMB_00295_r1680_c240,0,0.822638213634491,538.0606079101562,499.6282958984375,268830.3046202287,True,True,1.0,True,True
38SMB_00295_r1680_c240,1,0.7085429430007935,423.558349609375,427.37060546875,181016.38832390308,True,True,1.0,True,True
38SMB_00296_r1680_c480,0,0.1527599692344665,440.89080810546875,458.5047912597656,202150.54793874733,True,True,1.0,True,True
38SMB_00297_r1680_c720,0,0.8648481965065002,494.6620178222656,472.8912353515625,233921.33268946782,True,True,1.0,True,True
38SMB_00298_r1680_c960,0,0.8587972521781921,460.2127456665039,472.9364013671875,217651.35979882907,True,True,1.0,True,True
38SMB_00299_r1680_c1200,0,0.4389878213405609,472.10693359375,441.0031509399414,208200.64529543743,True,True,1.0,True,True
38SMB_00299_r1680_c1200,1,0.4298113882541656,438.9404296875,428.3517837524414,188020.9160177037,True,True,1.0,True,True
38SMB_00300_r1680_c1440,0,0.2776611745357513,371.99073791503906,428.023681640625,159220.84517860785,True,True,1.0,True,True
38SMB_00300_r1680_c1440,1,0.2757390439510345,530.797119140625,568.33740234375,301671.8558639288,True,True,1.0,True,True
38SMB_00301_r1680_c1680,0,0.5525546669960022,640.59326171875,645.84228515625,413722.2160041332,True,True,1.0,True,True
38SMB_00301_r1680_c1680,1,0.4127884805202484,265.19140243530273,556.3864135742188,147548.89331169543,True,True,1.0,True,True
38SMB_00301_r1680_c1680,2,0.4057580828666687,486.9828796386719,487.79571533203125,237548.16212779842,True,True,1.0,True,True
38SMB_00301_r1680_c1680,3,0.3997473120689392,677.6748657226562,610.4443359375,413682.7833876014,True,True,1.0,True,True
38SMB_00301_r1680_c1680,4,0.3340234160423279,208.6700439453125,460.1446533203125,96018.4050295502,True,True,1.0,True,True
38SMB_00301_r1680_c1680,5,0.2101231962442398,512.5036239624023,534.1629791259766,273760.46258861606,True,True,1.0,True,True
38SMB_00301_r1680_c1680,6,0.208781898021698,806.3897705078125,1033.2797241210938,833226.1996043846,True,True,1.0,True,True
38SMB_00301_r1680_c1680,7,0.1822767257690429,623.5498046875,140.55235862731934,87641.39577043243,True,True,1.0,True,True
38SMB_00301_r1680_c1680,8,0.1361744552850723,232.24157333374023,436.79779052734375,101442.60610077181,True,True,1.0,True,True
38SMB_00301_r1680_c1680,9,0.104902446269989,502.4992370605469,111.08461380004883,55819.93368369003,True,True,1.0,True,True
38SMB_00302_r1680_c1920,0,0.6928825378417969,594.0408325195312,615.9318542480469,365888.67147280835,True,True,1.0,True,True
38SMB_00302_r1680_c1920,1,0.6926472783088684,528.7574768066406,529.2095947265625,279823.53000948206,True,True,1.0,True,True
38SMB_00302_r1680_c1920,2,0.6623472571372986,517.6646423339844,537.525634765625,278258.0154662952,True,True,1.0,True,True
38SMB_00302_r1680_c1920,3,0.5423775911331177,470.99334716796875,472.5243377685547,222555.8194639394,True,True,1.0,True,True
38SMB_00302_r1680_c1920,4,0.4625169932842254,782.9379272460938,752.891845703125,589467.5811152905,True,True,1.0,True,True
38SMB_00302_r1680_c1920,5,0.4387407898902893,410.1963424682617,641.0923767089844,262973.7481103104,True,True,1.0,True,True
38SMB_00302_r1680_c1920,6,0.35519739985466,953.6524963378906,971.0218811035156,926017.4409130821,True,True,1.0,True,True
38SMB_00302_r1680_c1920,7,0.3458636105060577,259.498291015625,543.486328125,141033.7733387947,True,True,1.0,True,True
38SMB_00302_r1680_c1920,8,0.2311575561761856,714.8382568359375,807.0599365234375,576917.3181865364,True,True,1.0,True,True
38SMB_00302_r1680_c1920,9,0.2150501906871795,320.9429931640625,347.71484375,111596.64272069931,True,True,1.0,True,True
38SMB_00302_r1680_c1920,10,0.2051083892583847,669.7467041015625,224.97344970703125,150675.2264516428,True,True,1.0,True,True
38SMB_00302_r1680_c1920,11,0.1967755556106567,1060.242919921875,1079.5944213867188,1144632.3416624218,True,True,1.0,True,True
38SMB_00302_r1680_c1920,12,0.1956512629985809,517.462158203125,508.9117431640625,263342.5689525902,True,True,1.0,True,True
38SMB_00302_r1680_c1920,13,0.1936628669500351,466.56494140625,298.32366943359375,139187.36534938216,True,True,1.0,True,True
38SMB_00302_r1680_c1920,14,0.1622742116451263,995.1324462890625,1408.37646484375,1401521.1167559028,True,True,1.0,True,True
38SMB_00302_r1680_c1920,15,0.1532696187496185,181.9366455078125,271.888427734375,49466.46849438548,True,True,1.0,True,True
38SMB_00302_r1680_c1920,16,0.1472538709640503,497.1942901611328,802.9579162597656,399226.0912040365,True,True,1.0,True,True
38SMB_00302_r1680_c1920,17,0.1434701383113861,792.9112243652344,1046.9947814941406,830173.9140985301,True,True,1.0,True,True
38SMB_00302_r1680_c1920,18,0.1244257390499115,211.19140625,451.7764663696289,95411.30724325776,True,True,1.0,True,True
38SMB_00302_r1680_c1920,19,0.1038195937871933,511.5399169921875,158.39263916015625,81024.15748815984,True,True,1.0,True,True
38SMB_00303_r1680_c2160,0,0.7962357997894287,722.4757385253906,677.564697265625,489524.05505571514,True,True,1.0,True,True
38SMB_00303_r1680_c2160,1,0.6305572390556335,540.78125,576.6329956054688,311832.3121547699,True,True,1.0,True,True
38SMB_00303_r1680_c2160,2,0.6279271245002747,654.6444702148438,382.362060546875,250311.208556965,True,True,1.0,True,True
38SMB_00303_r1680_c2160,3,0.5638214945793152,506.83361053466797,552.537841796875,280044.7493149433,True,True,1.0,True,True
38SMB_00303_r1680_c2160,4,0.5458462238311768,420.29754638671875,484.3695068359375,203579.31526768953,True,True,1.0,True,True
38SMB_00303_r1680_c2160,5,0.206035628914833,189.81746673583984,623.4683609008789,118345.18485615117,True,True,1.0,True,True
38SMB_00303_r1680_c2160,6,0.1631954908370971,603.0241394042969,228.2257080078125,137625.61116134748,True,True,1.0,True,True
38SMB_00303_r1680_c2160,7,0.1182914674282074,121.10965728759766,478.7274169921875,57978.51340610068,True,True,1.0,True,True
38SMB_00303_r1680_c2160,8,0.1057482212781906,440.450439453125,433.9215087890625,191120.91923430562,True,True,1.0,True,True
38SMB_00304_r1680_c2400,0,0.6259459257125854,549.0377807617188,572.3220825195312,314226.4460674487,True,True,1.0,True,True
38SMB_00304_r1680_c2400,1,0.5047683715820312,485.70831298828125,480.62774658203125,233444.89196771756,True,True,1.0,True,True
38SMB_00304_r1680_c2400,2,0.1151493489742279,427.6406669616699,429.1242980957031,183511.00104710495,True,True,1.0,True,True
38SMB_00305_r1680_c2640,0,0.3025113940238952,826.5679931640625,816.5240478515625,674912.643602863,True,True,1.0,True,True
38SMB_00305_r1680_c2640,1,0.1061197817325592,711.0650634765625,646.0150146484375,459358.70739780366,True,True,1.0,True,True
38SMB_00309_r1680_c3600,0,0.7344754338264465,518.0783081054688,484.18212890625,250844.25815865397,True,True,1.0,True,True
38SMB_00309_r1680_c3600,1,0.3681564927101135,642.5177001953125,610.30029296875,392128.7406668067,True,True,1.0,True,True
38SMB_00310_r1680_c3840,0,0.2643619775772095,856.224365234375,682.9270935058594,584738.8171384111,True,True,1.0,True,True
38SMB_00311_r1680_c4080,0,0.7386605739593506,471.307373046875,481.9956588745117,227168.1078041438,True,True,1.0,True,True
38SMB_00311_r1680_c4080,1,0.2731013894081116,424.6868896484375,420.4423522949219,178556.35487260297,True,True,1.0,True,True
38SMB_00311_r1680_c4080,2,0.1721288412809372,1089.9070739746094,1324.3173217773438,1443382.817192236,True,True,1.0,True,True
38SMB_00311_r1680_c4080,3,0.126303568482399,1197.0500183105469,802.9011535644531,961112.8405758878,True,True,1.0,True,True
38SMB_00312_r1680_c4320,0,0.4438531398773193,328.49205017089844,548.6076736450195,180213.25945513963,True,True,1.0,True,True
38SMB_00312_r1680_c4320,1,0.120194986462593,1206.1215209960938,1713.1100463867188,2066218.894781638,True,True,1.0,True,True
38SMB_00313_r1680_c4560,0,0.2689204216003418,1041.8966674804688,973.8807678222656,1014683.1265173387,True,True,1.0,True,True
38SMB_00313_r1680_c4560,1,0.1412707716226577,583.8848876953125,604.4160461425781,352909.39522320405,True,True,1.0,True,True
38SMB_00313_r1680_c4560,2,0.1088623031973838,520.4875183105469,507.46246337890625,264127.8781998437,True,True,1.0,True,True
38SMB_00319_r1680_c6000,0,0.2704679071903229,669.64599609375,661.0308837890625,442656.68462365866,True,True,1.0,True,True
38SMB_00319_r1680_c6000,1,0.2642769515514374,572.781982421875,430.4199981689453,246536.8198252283,True,True,1.0,True,True
38SMB_00320_r1680_c6240,0,0.2321377247571945,673.4167098999023,662.2869873046875,445995.12400024105,True,True,1.0,True,True
38SMB_00320_r1680_c6240,1,0.2221093624830246,363.0412292480469,434.38785552978516,157700.7010419562,True,True,1.0,True,True
38SMB_00322_r1680_c6720,0,0.1982046365737915,408.5026550292969,412.36572265625,168452.4925481528,True,True,1.0,True,True
38SMB_00336_r1920_c0,0,0.6020692586898804,509.53643798828125,481.3046646118164,245242.2643934493,True,True,1.0,True,True
38SMB_00336_r1920_c0,1,0.3999275267124176,488.86775970458984,255.46756744384766,124889.85737345502,True,True,1.0,True,True
38SMB_00336_r1920_c0,2,0.2869165539741516,837.3382568359375,503.21990966796875,421365.2819665149,True,True,1.0,True,True
38SMB_00336_r1920_c0,3,0.1436887234449386,723.5986328125,679.3943786621094,491608.84354040027,True,True,1.0,True,True
38SMB_00337_r1920_c240,0,0.7304292321205139,419.89501953125,411.70482635498047,172872.8061034344,True,True,1.0,True,True
38SMB_00337_r1920_c240,1,0.6564750075340271,709.581298828125,612.6766967773438,434743.9262609929,True,True,1.0,True,True
38SMB_00337_r1920_c240,2,0.6429029107093811,565.9262084960938,286.0727119445801,161896.0452249914,True,True,1.0,True,True
38SMB_00337_r1920_c240,3,0.1783292740583419,511.1067199707031,310.36865234375,158631.50388114154,True,True,1.0,True,True
38SMB_00338_r1920_c480,0,0.7100274562835693,509.9896240234375,535.9744262695312,273341.39613937587,True,True,1.0,True,True
38SMB_00338_r1920_c480,1,0.1346824169158935,433.961181640625,455.68336486816406,197748.89147216454,True,True,1.0,True,True
38SMB_00338_r1920_c480,2,0.1312675327062606,929.4554138183594,487.860107421875,453444.2180292681,True,True,1.0,True,True
38SMB_00338_r1920_c480,3,0.113827921450138,98.41634750366211,598.6785888671875,58919.76004495518,True,True,1.0,True,True
38SMB_00338_r1920_c480,4,0.1098495796322822,399.6458435058594,419.3267822265625,167582.20558753237,True,True,1.0,True,True
38SMB_00339_r1920_c720,0,0.8254740834236145,411.5008544921875,399.920654296875,164567.69097223878,True,True,1.0,True,True
38SMB_00339_r1920_c720,1,0.7639726996421814,639.810791015625,710.41015625,454528.08401584625,True,True,1.0,True,True
38SMB_00339_r1920_c720,2,0.6864051222801208,492.83740997314453,542.216796875,267224.7218158096,True,True,1.0,True,True
38SMB_00339_r1920_c720,3,0.6497838497161865,562.6348876953125,561.1260986328125,315709.1194871813,True,True,1.0,True,True
38SMB_00339_r1920_c720,4,0.4218848347663879,414.510498046875,161.00215911865234,66737.0851628948,True,True,1.0,True,True
38SMB_00339_r1920_c720,5,0.1923495084047317,326.7144775390625,324.49127197265625,106015.99638853222,True,True,1.0,True,True
38SMB_00339_r1920_c720,6,0.1348986178636551,429.3048095703125,632.1322631835938,271377.4208692834,True,True,1.0,True,True
38SMB_00340_r1920_c960,0,0.77668297290802,612.5150299072266,715.618896484375,438327.3297823034,True,True,1.0,True,True
38SMB_00340_r1920_c960,1,0.4778243601322174,392.0744323730469,174.15645599365234,68282.29362781276,True,True,1.0,True,True
38SMB_00340_r1920_c960,2,0.3244900703430176,613.27392578125,621.3140869140625,381035.7292249799,True,True,1.0,True,True
38SMB_00340_r1920_c960,3,0.2091951817274093,334.56071853637695,329.2327880859375,110148.35814776598,True,True,1.0,True,True
38SMB_00340_r1920_c960,4,0.1842522174119949,487.1318054199219,501.0459899902344,244075.43770235498,True,True,1.0,True,True
38SMB_00340_r1920_c960,5,0.1314683705568313,477.01080322265625,476.143798828125,227125.73592849076,True,True,1.0,True,True
38SMB_00341_r1920_c1200,0,0.4826352596282959,526.2066650390625,530.2105712890625,279000.3364864737,True,True,1.0,True,True
38SMB_00341_r1920_c1200,1,0.4459101557731628,521.6653442382812,213.2568359375,111248.7007305026,True,True,1.0,True,True
38SMB_00341_r1920_c1200,2,0.2687220871448517,1293.5488891601562,1077.176513671875,1393380.4826896638,True,True,1.0,True,True
38SMB_00341_r1920_c1200,3,0.112291619181633,437.44873046875,413.16436767578125,180738.22811469436,True,True,1.0,True,True
38SMB_00342_r1920_c1440,0,0.5488664507865906,496.14946365356445,505.350341796875,250729.301039665,True,True,1.0,True,True
38SMB_00342_r1920_c1440,1,0.3800846040248871,569.732666015625,428.2659912109375,243997.12493643165,True,True,1.0,True,True
38SMB_00342_r1920_c1440,2,0.3734682500362396,274.70603942871094,575.3656005859375,158056.4053604845,True,True,1.0,True,True
38SMB_00343_r1920_c1680,0,0.5612537860870361,636.8551635742188,625.5117607116699,398360.3946856281,True,True,1.0,True,True
38SMB_00343_r1920_c1680,1,0.3368791043758392,672.9685974121094,664.2476654052734,447017.819722055,True,True,1.0,True,True
38SMB_00343_r1920_c1680,2,0.3294338583946228,228.85498046875,512.0616912841797,117187.86835763603,True,True,1.0,True,True
38SMB_00343_r1920_c1680,3,0.2779617309570312,615.5064392089844,245.7246208190918,151245.08638633706,True,True,1.0,True,True
38SMB_00343_r1920_c1680,4,0.1503077745437622,186.5234375,435.2924346923828,81192.2412365675,True,True,1.0,True,True
38SMB_00343_r1920_c1680,5,0.1274938285350799,215.96878051757812,451.01654052734375,97405.49225094728,True,True,1.0,True,True
38SMB_00343_r1920_c1680,6,0.1247945204377174,540.224609375,531.6614532470703,287216.6009001434,True,True,1.0,True,True
38SMB_00343_r1920_c1680,7,0.1193528473377227,273.16070556640625,527.445068359375,144077.26702056825,True,True,1.0,True,True
38SMB_00344_r1920_c1920,0,0.7036831378936768,528.1090927124023,533.9305114746094,281973.5579863249,True,True,1.0,True,True
38SMB_00344_r1920_c1920,1,0.6699490547180176,517.889404296875,537.9595947265625,278603.57404872775,True,True,1.0,True,True
38SMB_00344_r1920_c1920,2,0.447747528553009,410.25630950927734,620.5662536621094,254591.22103341506,True,True,1.0,True,True
38SMB_00344_r1920_c1920,3,0.3878311514854431,473.05419921875,470.54351806640625,222592.58713647723,True,True,1.0,True,True
38SMB_00344_r1920_c1920,4,0.2466287761926651,690.6696319580078,677.8534698486328,468172.80654181377,True,True,1.0,True,True
38SMB_00344_r1920_c1920,5,0.239192247390747,516.97021484375,515.2217102050781,266354.27821688354,True,True,1.0,True,True
38SMB_00344_r1920_c1920,6,0.1125074997544288,502.529296875,466.45263671875,234406.11555576324,True,True,1.0,True,True
38SMB_00344_r1920_c1920,7,0.1043001562356948,179.696044921875,455.291748046875,81814.12640959024,True,True,1.0,True,True
38SMB_00345_r1920_c2160,0,0.8011267781257629,377.5347900390625,370.7830810546875,139983.51265601814,True,True,1.0,True,True
38SMB_00345_r1920_c2160,1,0.7407850027084351,677.459716796875,684.6087646484375,463794.8598153889,True,True,1.0,True,True
38SMB_00345_r1920_c2160,2,0.6110396981239319,495.90648651123047,540.7010650634766,268137.1654285089,True,True,1.0,True,True
38SMB_00345_r1920_c2160,3,0.5243920683860779,663.8897705078125,906.6668701171875,601926.8603291363,True,True,1.0,True,True
38SMB_00345_r1920_c2160,4,0.5242889523506165,866.5264892578125,879.0056610107422,761681.6894733813,True,True,1.0,True,True
38SMB_00345_r1920_c2160,5,0.380693256855011,483.2257080078125,181.700439453125,87802.323500067,True,True,1.0,True,True
38SMB_00345_r1920_c2160,6,0.3663014471530914,651.4328002929688,652.8608703613281,425294.9849811848,True,True,1.0,True,True
38SMB_00345_r1920_c2160,7,0.1726510971784591,425.035400390625,467.95543670654297,198897.62640553527,True,True,1.0,True,True
38SMB_00345_r1920_c2160,8,0.1667953729629516,131.29638671875,201.8353271484375,26500.24916678667,True,True,1.0,True,True
38SMB_00345_r1920_c2160,9,0.1374743282794952,842.9000854492188,417.3451232910156,351780.2400838118,True,True,1.0,True,True
38SMB_00345_r1920_c2160,10,0.1337792128324508,699.6994018554688,231.4227294921875,161926.34540144354,True,True,1.0,True,True
38SMB_00345_r1920_c2160,11,0.1198983713984489,124.72423553466797,477.91709899902344,59607.84482159943,True,True,1.0,True,True
38SMB_00345_r1920_c2160,12,0.1113715320825576,489.7714424133301,445.8294677734375,218354.54150176374,True,True,1.0,True,True
38SMB_00345_r1920_c2160,13,0.1039559617638588,100.19922256469727,648.5531616210938,64984.52258631005,True,True,1.0,True,True
38SMB_00346_r1920_c2400,0,0.6223377585411072,623.4326171875,585.849609375,365237.7552509308,True,True,1.0,True,True
38SMB_00346_r1920_c2400,1,0.5180766582489014,652.2731018066406,287.4951171875,187525.33184215426,True,True,1.0,True,True
38SMB_00346_r1920_c2400,2,0.2260860502719879,492.00286865234375,521.461181640625,256560.3972580284,True,True,1.0,True,True
38SMB_00346_r1920_c2400,3,0.2218315005302429,541.2863159179688,559.4302368164062,302811.93189946935,True,True,1.0,True,True
38SMB_00346_r1920_c2400,4,0.1795668751001358,525.9896850585938,480.8462905883789,252920.18894817447,True,True,1.0,True,True
38SMB_00346_r1920_c2400,5,0.1371329575777053,819.7122955322266,869.2852020263672,712563.7684252288,True,True,1.0,True,True
38SMB_00346_r1920_c2400,6,0.103411965072155,830.079345703125,883.7777709960938,733605.6738954037,True,True,1.0,True,True
38SMB_00347_r1920_c2640,0,0.2431826293468475,477.52838134765625,585.615234375,279647.8949636221,True,True,1.0,True,True
38SMB_00347_r1920_c2640,1,0.1794694662094116,438.0633544921875,449.97314453125,197116.7451247573,True,True,1.0,True,True
38SMB_00347_r1920_c2640,2,0.1313163191080093,699.224853515625,513.2923126220703,358906.7421038635,True,True,1.0,True,True
38SMB_00347_r1920_c2640,3,0.1103370040655136,581.316032409668,941.9931793212891,547595.7375600206,True,True,1.0,True,True
38SMB_00348_r1920_c2880,0,0.3648752272129059,829.2917251586914,612.198486328125,507691.13886659034,True,True,1.0,True,True
38SMB_00348_r1920_c2880,1,0.1915139555931091,432.994384765625,442.93121337890625,191786.72823049128,True,True,1.0,True,True
38SMB_00349_r1920_c3120,0,0.1949713081121444,192.451171875,761.8112182617188,146611.46170198917,True,True,1.0,True,True
38SMB_00349_r1920_c3120,1,0.1480268537998199,140.2398681640625,651.2957763671875,91337.63381354511,True,True,1.0,True,True
38SMB_00349_r1920_c3120,2,0.1087465286254882,271.0406494140625,903.3563232421875,244846.28450386226,True,True,1.0,True,True
38SMB_00350_r1920_c3360,0,0.3796173334121704,611.1670303344727,646.2701416015625,394979.0032364661,True,True,1.0,True,True
38SMB_00350_r1920_c3360,1,0.1267536133527755,607.2308349609375,517.001953125,313939.5276725292,True,True,1.0,True,True
38SMB_00351_r1920_c3600,0,0.650947093963623,517.373046875,517.9978179931641,267998.109369725,True,True,1.0,True,True
38SMB_00351_r1920_c3600,1,0.423044890165329,625.548095703125,588.1986236572266,367946.52892397717,True,True,1.0,True,True
38SMB_00351_r1920_c3600,2,0.1612263321876526,887.4232482910156,945.5054092407227,839063.4815451282,True,True,1.0,True,True
38SMB_00352_r1920_c3840,0,0.1248909905552864,698.3477783203125,641.5251159667969,448007.63947209343,True,True,1.0,True,True
38SMB_00353_r1920_c4080,0,0.1721284836530685,465.60516357421875,455.997314453125,212314.70418535173,True,True,1.0,True,True
38SMB_00354_r1920_c4320,0,0.178529754281044,305.12977600097656,450.8164978027344,137557.53699209308,True,True,1.0,True,True
38SMB_00354_r1920_c4320,1,0.1271711736917495,1062.7037048339844,893.5887145996094,949620.0376028428,True,True,1.0,True,True
38SMB_00354_r1920_c4320,2,0.1139453575015068,714.4564819335938,880.0192260742188,628735.4402949102,True,True,1.0,True,True
38SMB_00355_r1920_c4560,0,0.3430113196372986,659.190673828125,700.1333618164062,461521.3825453073,True,True,1.0,True,True
38SMB_00355_r1920_c4560,1,0.2507316172122955,990.3244018554688,824.9153137207031,816933.7646418717,True,True,1.0,True,True
38SMB_00355_r1920_c4560,2,0.14986252784729,584.1653442382812,618.14453125,361098.61288666725,True,True,1.0,True,True
38SMB_00355_r1920_c4560,3,0.1428110748529434,441.61083221435547,1033.2935333251953,456313.61717345135,True,True,1.0,True,True
38SMB_00356_r1920_c4800,0,0.1156947612762451,700.3778076171875,394.4293212890625,276249.54330436885,True,True,1.0,True,True
38SMB_00357_r1920_c5040,0,0.4038155078887939,818.809814453125,559.989013671875,458524.50038045645,True,True,1.0,True,True
38SMB_00357_r1920_c5040,1,0.1430550664663314,658.7216186523438,314.8284912109375,207384.33332834393,True,True,1.0,True,True
38SMB_00358_r1920_c5280,0,0.4527150094509125,786.9037628173828,566.947021484375,446132.74452416226,True,True,1.0,True,True
38SMB_00360_r1920_c5760,0,0.1033160537481308,558.9480590820312,606.605224609375,339060.8129244298,True,True,1.0,True,True
38SMB_00361_r1920_c6000,0,0.245265394449234,330.4986572265625,757.559814453125,250372.50144556165,True,True,1.0,True,True
38SMB_00361_r1920_c6000,1,0.122484304010868,409.307861328125,910.7147216796875,372762.6950107515,True,True,1.0,True,True
38SMB_00362_r1920_c6240,0,0.3727794289588928,655.8152770996094,663.68896484375,435257.3623869568,True,True,1.0,True,True
38SMB_00364_r1920_c6720,0,0.1954067349433899,454.874267578125,457.9351806640625,208302.92990282178,True,True,1.0,True,True
38SMB_00372_r1920_c8640,0,0.243568554520607,969.0310668945312,923.7664794921875,895158.4171837196,True,True,1.0,True,True
38SMB_00372_r1920_c8640,1,0.1013392657041549,314.716796875,309.83917236328125,97511.5918725729,True,True,1.0,True,True
38SMB_00378_r2160_c0,0,0.3701053261756897,813.89892578125,754.4531631469727,614048.6190375872,True,True,1.0,True,True
38SMB_00378_r2160_c0,1,0.2639714777469635,507.3222541809082,472.1282958984375,239521.19133778615,True,True,1.0,True,True
38SMB_00378_r2160_c0,2,0.2282569408416748,781.9658660888672,708.7063598632812,554184.1824931791,True,True,1.0,True,True
38SMB_00378_r2160_c0,3,0.1617458313703537,571.5618896484375,555.2619934082031,317366.5942023508,True,True,1.0,True,True
38SMB_00378_r2160_c0,4,0.1297390609979629,627.8103637695312,161.5185546875,101403.0225738883,True,True,1.0,True,True
38SMB_00378_r2160_c0,5,0.1247789934277534,808.411865234375,183.3587646484375,148229.40093651414,True,True,1.0,True,True
38SMB_00379_r2160_c240,0,0.664981484413147,709.725341796875,692.8414154052734,491727.11035953835,True,True,1.0,True,True
38SMB_00379_r2160_c240,1,0.1953562200069427,546.4582824707031,583.5739135742188,318898.7985064741,True,True,1.0,True,True
38SMB_00379_r2160_c240,2,0.1672379374504089,952.0428466796875,1100.8978271484375,1048101.901261881,True,True,1.0,True,True
38SMB_00379_r2160_c240,3,0.1057057082653045,583.7918090820312,577.9438781738281,337398.9021869842,True,True,1.0,True,True
38SMB_00380_r2160_c480,0,0.4145354032516479,822.6278686523438,729.5926284790039,600183.2289501443,True,True,1.0,True,True
38SMB_00380_r2160_c480,1,0.2095262259244918,841.4679718017578,1120.9768676757812,943266.1312798271,True,True,1.0,True,True
38SMB_00380_r2160_c480,2,0.1169814020395279,634.7488403320312,732.0875549316406,464691.7265143711,True,True,1.0,True,True
38SMB_00381_r2160_c720,0,0.8226633667945862,412.89520263671875,398.8438415527344,164680.7087783236,True,True,1.0,True,True
38SMB_00381_r2160_c720,1,0.6205055117607117,577.5924682617188,535.0291442871094,309028.80404074676,True,True,1.0,True,True
38SMB_00381_r2160_c720,2,0.4519597589969635,783.39599609375,801.4474487304688,627850.7224150002,True,True,1.0,True,True
38SMB_00381_r2160_c720,3,0.3412509560585022,785.1692199707031,845.2456665039062,663660.8806524891,True,True,1.0,True,True
38SMB_00381_r2160_c720,4,0.3215717077255249,401.21551513671875,437.29248046875,175448.52781668305,True,True,1.0,True,True
38SMB_00381_r2160_c720,5,0.3155601620674133,481.634521484375,271.085205078125,130563.9930292964,True,True,1.0,True,True
38SMB_00381_r2160_c720,6,0.227403312921524,978.1158065795898,977.5390625,956146.4085802436,True,True,1.0,True,True
38SMB_00381_r2160_c720,7,0.2197455316781997,488.31329345703125,485.27099609375,236964.2783217132,True,True,1.0,True,True
38SMB_00381_r2160_c720,8,0.2023121118545532,451.82708740234375,208.458251953125,94187.0848249644,True,True,1.0,True,True
38SMB_00381_r2160_c720,9,0.1540542691946029,277.10784912109375,274.8797607421875,76171.33926618844,True,True,1.0,True,True
38SMB_00381_r2160_c720,10,0.1278257817029953,605.5374145507812,578.8507080078125,350515.76113794,True,True,1.0,True,True
38SMB_00381_r2160_c720,11,0.1106598526239395,610.7982635498047,243.50616455078125,148733.1424712902,True,True,1.0,True,True
38SMB_00382_r2160_c960,0,0.4270226061344147,550.3294372558594,427.335205078125,235175.1429302618,True,True,1.0,True,True
38SMB_00382_r2160_c960,1,0.3385568261146545,614.26513671875,651.3385009765625,400094.53335255384,True,True,1.0,True,True
38SMB_00382_r2160_c960,2,0.3101602494716644,763.4870147705078,822.3275756835938,627836.4259221358,True,True,1.0,True,True
38SMB_00382_r2160_c960,3,0.2486585080623626,477.79266357421875,465.25390625,222294.90310549736,True,True,1.0,True,True
38SMB_00382_r2160_c960,4,0.1580067425966262,466.36627197265625,464.27703857421875,216523.15164236352,True,True,1.0,True,True
38SMB_00382_r2160_c960,5,0.1107780709862709,322.0635986328125,350.6646728515625,112936.32645197213,True,True,1.0,True,True
38SMB_00383_r2160_c1200,0,0.721047043800354,535.7028198242188,533.1110000610352,285589.0660120058,True,True,1.0,True,True
38SMB_00383_r2160_c1200,1,0.4893583357334137,596.1102294921875,553.2733154296875,329811.88303269446,True,True,1.0,True,True
38SMB_00383_r2160_c1200,2,0.3397672772407532,993.8027954101562,630.9967041015625,627086.288430728,True,True,1.0,True,True
38SMB_00383_r2160_c1200,3,0.1645944118499755,393.82080078125,285.3253173828125,112367.04497486353,True,True,1.0,True,True
38SMB_00383_r2160_c1200,4,0.1573236882686615,1016.004638671875,810.7614135742188,823737.3570475727,True,True,1.0,True,True
38SMB_00384_r2160_c1440,0,0.6907650828361511,500.159912109375,504.3019104003906,252231.59918244928,True,True,1.0,True,True
38SMB_00384_r2160_c1440,1,0.5134162902832031,830.391845703125,796.81884765625,661671.8735963106,True,True,1.0,True,True
38SMB_00384_r2160_c1440,2,0.4908530414104461,515.0213623046875,542.4652099609375,279381.17143698037,True,True,1.0,True,True
38SMB_00384_r2160_c1440,3,0.3470338582992553,536.7901611328125,508.8385009765625,273139.50092978776,True,True,1.0,True,True
38SMB_00384_r2160_c1440,4,0.2574579417705536,526.4102172851562,526.3385009765625,277069.9646646157,True,True,1.0,True,True
38SMB_00384_r2160_c1440,5,0.2265920490026474,871.3390350341797,800.0286865234375,697096.2237149943,True,True,1.0,True,True
38SMB_00384_r2160_c1440,6,0.100786879658699,534.9205017089844,514.7210693359375,275334.8526493646,True,True,1.0,True,True
38SMB_00385_r2160_c1680,0,0.5653660893440247,777.7690124511719,767.7630615234375,597142.3181575723,True,True,1.0,True,True
38SMB_00385_r2160_c1680,1,0.1394012421369552,199.06339645385742,826.2091064453125,164467.99091011053,True,True,1.0,True,True
38SMB_00385_r2160_c1680,2,0.1004012003540992,92.2906494140625,302.8459167480469,27949.846329074353,True,True,1.0,True,True
38SMB_00386_r2160_c1920,0,0.2789857387542724,630.6268310546875,606.4448547363281,382440.3969517909,True,True,1.0,True,True
38SMB_00386_r2160_c1920,1,0.1825124472379684,381.624755859375,335.870361328125,128176.44464224577,True,True,1.0,True,True
38SMB_00386_r2160_c1920,2,0.1793327033519745,524.8480224609375,552.9318237304688,290205.1742406562,True,True,1.0,True,True
38SMB_00387_r2160_c2160,0,0.6178570985794067,497.40386962890625,510.86883544921875,254108.13562525436,True,True,1.0,True,True
38SMB_00387_r2160_c2160,1,0.3134642839431762,135.823974609375,379.1322326660156,51495.24674322456,True,True,1.0,True,True
38SMB_00387_r2160_c2160,2,0.3101752400398254,735.3758239746094,695.419921875,511394.9980571866,True,True,1.0,True,True
38SMB_00387_r2160_c2160,3,0.252142459154129,910.3823852539062,891.1590576171875,811295.5085141584,True,True,1.0,True,True
38SMB_00387_r2160_c2160,4,0.1947949826717376,801.6751480102539,380.95855712890625,305405.0076720887,True,True,1.0,True,True
38SMB_00387_r2160_c2160,5,0.1778179705142974,607.1221923828125,317.4626350402832,192738.6109852814,True,True,1.0,True,True
38SMB_00387_r2160_c2160,6,0.1073414906859397,124.2535400390625,531.1265563964844,65994.35484101996,True,True,1.0,True,True
38SMB_00388_r2160_c2400,0,0.7786306142807007,497.54425048828125,509.47998046875,253488.8350211084,True,True,1.0,True,True
38SMB_00388_r2160_c2400,1,0.7035253643989563,629.1159057617188,588.6429214477539,370324.62469682796,True,True,1.0,True,True
38SMB_00388_r2160_c2400,2,0.6193452477455139,627.9006958007812,599.3032836914062,376302.948825527,True,True,1.0,True,True
38SMB_00388_r2160_c2400,3,0.1623498052358627,468.775634765625,454.5263671875,213070.88629603386,True,True,1.0,True,True
38SMB_00388_r2160_c2400,4,0.142515555024147,472.4090576171875,195.74176788330078,92470.18410207238,True,True,1.0,True,True
38SMB_00389_r2160_c2640,0,0.726966381072998,438.69140625,454.1766357421875,199243.38701963425,True,True,1.0,True,True
38SMB_00389_r2160_c2640,1,0.4431855082511902,813.768310546875,774.200439453125,630019.7836384177,True,True,1.0,True,True
38SMB_00389_r2160_c2640,2,0.1849677711725235,467.4139404296875,448.785400390625,209768.55240389705,True,True,1.0,True,True
38SMB_00389_r2160_c2640,3,0.1686344146728515,501.2921905517578,166.2759017944336,83352.81104650057,True,True,1.0,True,True
38SMB_00389_r2160_c2640,4,0.1484133005142212,409.86473083496094,910.0390625,372992.9154008627,True,True,1.0,True,True
38SMB_00390_r2160_c2880,0,0.7149531245231628,448.9045715332031,453.948974609375,203779.7699449584,True,True,1.0,True,True
38SMB_00390_r2160_c2880,1,0.2233480960130691,527.3025131225586,756.4642333984375,398885.4913583258,True,True,1.0,True,True
38SMB_00390_r2160_c2880,2,0.2072706520557403,870.0694274902344,897.6105117797852,780983.464093454,True,True,1.0,True,True
38SMB_00390_r2160_c2880,3,0.1631371527910232,751.8673706054688,679.6685791015625,511020.62745224684,True,True,1.0,True,True
38SMB_00391_r2160_c3120,0,0.1441459059715271,159.85107421875,457.2533416748047,73092.43785683066,True,True,1.0,True,True
38SMB_00392_r2160_c3360,0,0.3856990933418274,556.9038391113281,481.5377426147461,268170.2175391547,True,True,1.0,True,True
38SMB_00392_r2160_c3360,1,0.2007960081100464,492.3876953125,446.46240234375,219832.59333372116,True,True,1.0,True,True
38SMB_00392_r2160_c3360,2,0.1651061922311782,529.639892578125,543.4112548828125,287812.2786618769,True,True,1.0,True,True
38SMB_00392_r2160_c3360,3,0.1135010719299316,194.99530792236328,572.8234100341797,111697.87722475303,True,True,1.0,True,True
38SMB_00392_r2160_c3360,4,0.1007644534111023,529.3023681640625,524.6715545654297,277709.8963398021,True,True,1.0,True,True
38SMB_00393_r2160_c3600,0,0.2482630312442779,531.2973785400391,518.68896484375,275578.08729913086,True,True,1.0,True,True
38SMB_00393_r2160_c3600,1,0.1488969624042511,658.3294677734375,720.2835083007812,474183.8586656377,True,True,1.0,True,True
38SMB_00393_r2160_c3600,2,0.1068844422698021,134.2816162109375,684.4830322265625,91913.48783634603,True,True,1.0,True,True
38SMB_00395_r2160_c4080,0,0.165433719754219,1024.5820617675781,823.4649658203125,843707.432473544,True,True,1.0,True,True
38SMB_00396_r2160_c4320,0,0.6047824025154114,556.3249969482422,569.4036865234375,316773.5041674692,True,True,1.0,True,True
38SMB_00396_r2160_c4320,1,0.4138056933879852,436.912841796875,442.393798828125,193287.53183931112,True,True,1.0,True,True
38SMB_00397_r2160_c4560,0,0.4441993236541748,438.21693420410156,444.8541259765625,194942.6112534944,True,True,1.0,True,True
38SMB_00397_r2160_c4560,1,0.1419658958911895,595.09521484375,604.8638153076172,359951.56212169677,True,True,1.0,True,True
38SMB_00398_r2160_c4800,0,0.1061982065439224,1231.0324096679688,1202.0674133300781,1479783.9444150683,True,True,1.0,True,True
38SMB_00399_r2160_c5040,0,0.1841701716184616,721.26953125,768.3598327636719,554194.536408782,True,True,1.0,True,True
38SMB_00399_r2160_c5040,1,0.1455232948064804,901.0800170898438,387.9888916015625,349609.0370750055,True,True,1.0,True,True
38SMB_00400_r2160_c5280,0,0.2022860199213028,739.847412109375,848.4320068359375,627710.2246083319,True,True,1.0,True,True
38SMB_00400_r2160_c5280,1,0.1097665205597877,573.963623046875,679.588623046875,390059.1482654214,True,True,1.0,True,True
38SMB_00402_r2160_c5760,0,0.1105168461799621,1010.3070068359375,940.4902648925781,950183.9044819586,True,True,1.0,True,True
38SMB_00403_r2160_c6000,0,0.1756157875061035,423.994140625,619.676513671875,262739.2108798027,True,True,1.0,True,True
38SMB_00404_r2160_c6240,0,0.2284027189016342,597.288818359375,593.46435546875,354469.6236163378,True,True,1.0,True,True
38SMB_00406_r2160_c6720,0,0.2153751701116562,198.0963134765625,288.0255126953125,57056.79225213826,True,True,1.0,True,True
38SMB_00406_r2160_c6720,1,0.1161682531237602,548.414306640625,1087.6654052734375,596491.2690900266,True,True,1.0,True,True
38SMB_00407_r2160_c6960,0,0.4132576882839203,658.9379119873047,646.0389709472656,425699.5705784182,True,True,1.0,True,True
38SMB_00407_r2160_c6960,1,0.2456202059984207,1161.0040283203125,1178.5195922851562,1368265.9940974787,True,True,1.0,True,True
38SMB_00407_r2160_c6960,2,0.1349207609891891,277.2208023071289,278.6431884765625,77245.68826688919,True,True,1.0,True,True
38SMB_00415_r2160_c8880,0,0.2156098186969757,1099.208984375,1017.8497314453125,1118829.5695483685,True,True,1.0,True,True
38SMB_00415_r2160_c8880,1,0.2122317999601364,359.395751953125,392.56439208984375,141085.9748851508,True,True,1.0,True,True
38SMB_00416_r2160_c9120,0,0.2356553077697754,345.13710021972656,384.8211669921875,132816.06167885475,True,True,1.0,True,True
38SMB_00420_r2400_c0,0,0.2209406197071075,1092.157859802246,920.9630966186523,1005837.0845598765,True,True,1.0,True,True
38SMB_00421_r2400_c240,0,0.5753916501998901,651.2646484375,578.77197265625,376933.725297451,True,True,1.0,True,True
38SMB_00421_r2400_c240,1,0.3524483740329742,689.0090942382812,723.7026977539062,498637.74027721956,True,True,1.0,True,True
38SMB_00421_r2400_c240,2,0.1702920198440551,498.67889404296875,498.3203125,248501.82231664658,True,True,1.0,True,True
38SMB_00421_r2400_c240,3,0.116128884255886,801.0556030273438,775.2218627929688,620995.8167796023,True,True,1.0,True,True
38SMB_00422_r2400_c480,0,0.5552570223808289,904.6408081054688,873.861083984375,790530.3971875459,True,True,1.0,True,True
38SMB_00422_r2400_c480,1,0.2211944162845611,710.8815002441406,622.0816040039062,442226.3039285783,True,True,1.0,True,True
38SMB_00422_r2400_c480,2,0.1919885575771331,1158.6895751953125,932.740478515625,1080756.668818742,True,True,1.0,True,True
38SMB_00422_r2400_c480,3,0.144498810172081,1277.9190063476562,912.877197265625,1166583.1208471209,True,True,1.0,True,True
38SMB_00422_r2400_c480,4,0.1272561699151992,505.8317184448242,659.8606872558594,333778.46536881407,True,True,1.0,True,True
38SMB_00422_r2400_c480,5,0.1155755668878555,732.6025390625,941.5776062011719,689802.1450273693,True,True,1.0,True,True
38SMB_00422_r2400_c480,6,0.1111597567796707,730.3284454345703,732.4798583984375,534950.876296265,True,True,1.0,True,True
38SMB_00423_r2400_c720,0,0.7600111365318298,531.7623901367188,560.4916381835938,298048.3731721528,True,True,1.0,True,True
38SMB_00423_r2400_c720,1,0.4665293395519256,492.38983154296875,472.21832275390625,232515.50039229915,True,True,1.0,True,True
38SMB_00423_r2400_c720,2,0.3072730600833893,989.9358367919922,840.283203125,831826.4558278024,True,True,1.0,True,True
38SMB_00423_r2400_c720,3,0.2746710181236267,620.8618927001953,670.3944396972656,416222.3606861313,True,True,1.0,True,True
38SMB_00423_r2400_c720,4,0.2363060265779495,505.50323486328125,513.2538032531738,259451.45785036148,True,True,1.0,True,True
38SMB_00423_r2400_c720,5,0.184538796544075,402.239990234375,668.3025741577148,268818.0209028069,True,True,1.0,True,True
38SMB_00423_r2400_c720,6,0.1623597294092178,597.2723388671875,487.845458984375,291376.59829333425,True,True,1.0,True,True
38SMB_00423_r2400_c720,7,0.145463541150093,838.3939361572266,788.658447265625,661206.4598866738,True,True,1.0,True,True
38SMB_00423_r2400_c720,8,0.1297739595174789,363.07373046875,345.1580810546875,125317.83208996058,True,True,1.0,True,True
38SMB_00423_r2400_c720,9,0.1193805709481239,785.8648681640625,679.34814453125,533875.8400395513,True,True,1.0,True,True
38SMB_00423_r2400_c720,10,0.1182784959673881,659.844970703125,608.4622192382812,401490.7352272421,True,True,1.0,True,True
38SMB_00424_r2400_c960,0,0.4228973090648651,525.8689880371094,645.6393814086914,339521.72813829384,True,True,1.0,True,True
38SMB_00424_r2400_c960,1,0.2546809911727905,462.403564453125,471.86424255371094,218191.70769480988,True,True,1.0,True,True
38SMB_00424_r2400_c960,2,0.1380455940961837,319.737548828125,336.8995666503906,107719.44164205343,True,True,1.0,True,True
38SMB_00424_r2400_c960,3,0.1314217746257782,341.239013671875,326.751708984375,111500.43088942766,True,True,1.0,True,True
38SMB_00424_r2400_c960,4,0.1044563502073288,491.1761474609375,475.8135986328125,233708.29028598964,True,True,1.0,True,True
38SMB_00425_r2400_c1200,0,0.2773254215717315,377.061767578125,370.8421325683594,139830.38999866694,True,True,1.0,True,True
38SMB_00425_r2400_c1200,1,0.2007381170988083,1159.0277099609375,1158.404312133789,1342622.6971013006,True,True,1.0,True,True
38SMB_00425_r2400_c1200,2,0.1521097123622894,484.3499755859375,468.26934814453125,226806.24734144658,True,True,1.0,True,True
38SMB_00425_r2400_c1200,3,0.146261379122734,246.3421630859375,578.4564208984375,142498.2059750706,True,True,1.0,True,True
38SMB_00425_r2400_c1200,4,0.1051657497882843,561.3616943359375,218.90625,122885.58340072632,True,True,1.0,True,True
38SMB_00426_r2400_c1440,0,0.7109248638153076,501.4422607421875,504.5634460449219,253009.43507263437,True,True,1.0,True,True
38SMB_00426_r2400_c1440,1,0.400583803653717,843.6654663085938,843.3804321289062,711530.945547577,True,True,1.0,True,True
38SMB_00426_r2400_c1440,2,0.3153714835643768,532.2210693359375,302.2007369995117,160837.59939998854,True,True,1.0,True,True
38SMB_00426_r2400_c1440,3,0.1989930570125579,869.5292663574219,1093.1927490234375,950563.0890456028,True,True,1.0,True,True
38SMB_00426_r2400_c1440,4,0.1169981211423873,991.4721298217773,772.7435302734375,766153.6737662042,True,True,1.0,True,True
38SMB_00427_r2400_c1680,0,0.6731118559837341,434.195556640625,397.945556640625,172786.19247823954,True,True,1.0,True,True
38SMB_00427_r2400_c1680,1,0.6313043236732483,715.1358032226562,672.406005859375,480861.60909198225,True,True,1.0,True,True
38SMB_00427_r2400_c1680,2,0.5875889658927917,685.701904296875,657.259521484375,450684.10549908876,True,True,1.0,True,True
38SMB_00427_r2400_c1680,3,0.451769471168518,429.559326171875,436.224365234375,187384.24438983202,True,True,1.0,True,True
38SMB_00427_r2400_c1680,4,0.4409604370594024,226.4569091796875,568.7564086914062,128798.81838839501,True,True,1.0,True,True
38SMB_00427_r2400_c1680,5,0.256580501794815,257.80029296875,721.1355590820312,185908.95840153098,True,True,1.0,True,True
38SMB_00427_r2400_c1680,6,0.2376200705766677,545.0928115844727,855.97900390625,466588.0018965341,True,True,1.0,True,True
38SMB_00427_r2400_c1680,7,0.2260663509368896,179.027099609375,468.201904296875,83820.8289578557,True,True,1.0,True,True
38SMB_00427_r2400_c1680,8,0.1428887844085693,443.8446044921875,125.56594848632812,55731.768743600696,True,True,1.0,True,True
38SMB_00427_r2400_c1680,9,0.1067614257335662,367.3924255371094,90.92620849609375,33405.600284272805,True,True,1.0,True,True
38SMB_00428_r2400_c1920,0,0.6368687152862549,586.0757064819336,593.8534545898438,348043.08294547955,True,True,1.0,True,True
38SMB_00428_r2400_c1920,1,0.5642492771148682,471.1587905883789,701.7953491210938,330657.0479324437,True,True,1.0,True,True
38SMB_00428_r2400_c1920,2,0.4745158553123474,142.46307373046875,405.15411376953125,57719.500382151455,True,True,1.0,True,True
38SMB_00428_r2400_c1920,3,0.4630990624427795,500.69583892822266,472.8331756591797,236745.60355976864,True,True,1.0,True,True
38SMB_00428_r2400_c1920,4,0.2045738101005554,344.9560546875,655.2798080444336,226042.73729939014,True,True,1.0,True,True
38SMB_00428_r2400_c1920,5,0.1902287602424621,136.63734436035156,520.067138671875,71060.5927172117,True,True,1.0,True,True
38SMB_00428_r2400_c1920,6,0.188008576631546,256.3995361328125,261.1376953125,66955.58394491673,True,True,1.0,True,True
38SMB_00428_r2400_c1920,7,0.1235513985157013,427.2271728515625,830.3709411621094,354757.02961077914,True,True,1.0,True,True
38SMB_00428_r2400_c1920,8,0.1124367266893386,174.4273567199707,623.6521911621094,108782.00321702461,True,True,1.0,True,True
38SMB_00428_r2400_c1920,9,0.1115584969520568,114.65230941772461,429.2420959472656,49213.59759965853,True,True,1.0,True,True
38SMB_00429_r2400_c2160,0,0.6342265009880066,474.1273498535156,458.6663818359375,217466.27608677372,True,True,1.0,True,True
38SMB_00429_r2400_c2160,1,0.5811356902122498,775.2392959594727,782.0069885253906,606242.5472198112,True,True,1.0,True,True
38SMB_00429_r2400_c2160,2,0.2764810025691986,658.748779296875,667.40966796875,439655.3040653467,True,True,1.0,True,True
38SMB_00429_r2400_c2160,3,0.1899434924125671,417.0208740234375,445.533447265625,185796.74758538604,True,True,1.0,True,True
38SMB_00429_r2400_c2160,4,0.1207724064588546,1096.4289855957031,1090.745506286621,1195924.9890009116,True,True,1.0,True,True
38SMB_00429_r2400_c2160,5,0.1009156554937362,1036.6842651367188,714.3150329589844,740519.1550191958,True,True,1.0,True,True
38SMB_00430_r2400_c2400,0,0.7650193572044373,493.0810546875,509.59455490112305,251271.42059365287,True,True,1.0,True,True
38SMB_00430_r2400_c2400,1,0.7112299799919128,573.179931640625,581.5289306640625,333320.7127250731,True,True,1.0,True,True
38SMB_00430_r2400_c2400,2,0.4721521437168121,598.1231689453125,563.826904296875,337237.9347346723,True,True,1.0,True,True
38SMB_00430_r2400_c2400,3,0.3021528422832489,482.7142333984375,516.4056396484375,249276.35246552527,True,True,1.0,True,True
38SMB_00430_r2400_c2400,4,0.1590594202280044,466.573486328125,478.5298156738281,223269.32441089302,True,True,1.0,True,True
38SMB_00430_r2400_c2400,5,0.1457123011350631,460.2166748046875,394.21512603759766,181424.37446273398,True,True,1.0,True,True
38SMB_00431_r2400_c2640,0,0.6770503520965576,478.41663360595703,568.5528564453125,272005.14360761736,True,True,1.0,True,True
38SMB_00431_r2400_c2640,1,0.6200726628303528,432.9901123046875,414.913330078125,179653.36938723922,True,True,1.0,True,True
38SMB_00431_r2400_c2640,2,0.3748161792755127,425.0164794921875,448.5987854003906,190661.87647534534,True,True,1.0,True,True
38SMB_00431_r2400_c2640,3,0.3694056868553161,693.2318115234375,642.298583984375,445261.81091442704,True,True,1.0,True,True
38SMB_00431_r2400_c2640,4,0.3292679786682129,1014.3450927734375,919.403076171875,932591.9985957444,True,True,1.0,True,True
38SMB_00431_r2400_c2640,5,0.2979909777641296,473.71593475341797,536.1380004882812,253977.1140581346,True,True,1.0,True,True
38SMB_00431_r2400_c2640,6,0.1832393109798431,460.49816131591797,438.21502685546875,201797.21412794897,True,True,1.0,True,True
38SMB_00431_r2400_c2640,7,0.1127925440669059,833.9813232421875,924.2083740234375,770772.522719577,True,True,1.0,True,True
38SMB_00431_r2400_c2640,8,0.1098801791667938,472.2137451171875,459.659423828125,217057.49800428748,True,True,1.0,True,True
38SMB_00431_r2400_c2640,9,0.1047449558973312,569.732666015625,365.57411193847656,208279.51342100278,True,True,1.0,True,True
38SMB_00432_r2400_c2880,0,0.6981304287910461,636.9110107421875,648.3056640625,412913.01576793194,True,True,1.0,True,True
38SMB_00432_r2400_c2880,1,0.658592939376831,469.7637939453125,442.47772216796875,207860.0135019049,True,True,1.0,True,True
38SMB_00432_r2400_c2880,2,0.5980671048164368,440.6397247314453,423.65234375,186678.05213183165,True,True,1.0,True,True
38SMB_00432_r2400_c2880,3,0.5660527348518372,599.1565704345703,604.0228271484375,361904.2455784511,True,True,1.0,True,True
38SMB_00432_r2400_c2880,4,0.4785431027412414,404.1525650024414,469.4798278808594,189741.47665495402,True,True,1.0,True,True
38SMB_00432_r2400_c2880,5,0.2838199436664581,599.0476989746094,655.025634765625,392391.59927573055,True,True,1.0,True,True
38SMB_00432_r2400_c2880,6,0.1797828525304794,453.720703125,207.0025634765625,93921.34864926338,True,True,1.0,True,True
38SMB_00432_r2400_c2880,7,0.1745400130748748,665.7353973388672,936.6268920898438,623545.6761637004,True,True,1.0,True,True
38SMB_00432_r2400_c2880,8,0.1474708765745163,340.07293701171875,187.032470703125,63604.68162856996,True,True,1.0,True,True
38SMB_00432_r2400_c2880,9,0.1269529908895492,432.8676986694336,632.950439453125,273983.8000978809,True,True,1.0,True,True
38SMB_00433_r2400_c3120,0,0.655298113822937,467.85579681396484,441.1431884765625,206391.39795375522,True,True,1.0,True,True
38SMB_00434_r2400_c3360,0,0.2750032544136047,814.976806640625,737.178955078125,600783.7507322431,True,True,1.0,True,True
38SMB_00435_r2400_c3600,0,0.3549030125141144,745.5817413330078,735.3271484375,548246.4957814664,True,True,1.0,True,True
38SMB_00437_r2400_c4080,0,0.341560810804367,524.302978515625,553.05908203125,289970.52400410175,True,True,1.0,True,True
38SMB_00437_r2400_c4080,1,0.2202620953321457,712.0065307617188,667.0135498046875,474918.00356749445,True,True,1.0,True,True
38SMB_00437_r2400_c4080,2,0.1390699595212936,451.458740234375,98.6395263671875,44531.676311045885,True,True,1.0,True,True
38SMB_00438_r2400_c4320,0,0.6408236622810364,828.9129638671875,781.81884765625,648059.7782179713,True,True,1.0,True,True
38SMB_00438_r2400_c4320,1,0.635310173034668,551.7160034179688,560.876636505127,309444.61630312144,True,True,1.0,True,True
38SMB_00438_r2400_c4320,2,0.5879892706871033,414.79248046875,330.4119873046875,137052.40779072046,True,True,1.0,True,True
38SMB_00438_r2400_c4320,3,0.3414767682552337,517.2124481201172,546.6314697265625,282724.6006767731,True,True,1.0,True,True
38SMB_00438_r2400_c4320,4,0.1979407519102096,559.30908203125,546.6357421875,305738.33516836166,True,True,1.0,True,True
38SMB_00438_r2400_c4320,5,0.1789092272520065,1076.2904357910156,1348.985595703125,1451900.2946751192,True,True,1.0,True,True
38SMB_00438_r2400_c4320,6,0.1496045291423797,147.88169860839844,553.6309814453125,81871.88993836753,True,True,1.0,True,True
38SMB_00438_r2400_c4320,7,0.1156499907374382,831.673583984375,1322.9605102539062,1100271.3090326637,True,True,1.0,True,True
38SMB_00438_r2400_c4320,8,0.1153137162327766,186.72176361083984,445.4217529296875,83169.93525766302,True,True,1.0,True,True
38SMB_00438_r2400_c4320,9,0.1068196296691894,364.40284729003906,91.5472412109375,33360.07535881363,True,True,1.0,True,True
38SMB_00438_r2400_c4320,10,0.1006280407309532,196.5450668334961,222.65289306640625,43761.327748408075,True,True,1.0,True,True
38SMB_00439_r2400_c4560,0,0.6048056483268738,420.13221740722656,335.89500427246094,141120.31296099885,True,True,1.0,True,True
38SMB_00439_r2400_c4560,1,0.2529899477958679,767.2308349609375,765.133056640625,587033.673902601,True,True,1.0,True,True
38SMB_00439_r2400_c4560,2,0.2409071028232574,727.3760986328125,742.4053955078125,540007.9401884228,True,True,1.0,True,True
38SMB_00440_r2400_c4800,0,0.375029593706131,631.6015625,904.88525390625,571526.9402503967,True,True,1.0,True,True
38SMB_00440_r2400_c4800,1,0.2732120752334595,407.506103515625,905.7366943359375,369093.23111996055,True,True,1.0,True,True
38SMB_00440_r2400_c4800,2,0.2643775641918182,544.6000289916992,851.9308471679688,463961.56406659866,True,True,1.0,True,True
38SMB_00440_r2400_c4800,3,0.1141985282301902,505.1947021484375,492.694091796875,248906.4449556172,True,True,1.0,True,True
38SMB_00440_r2400_c4800,4,0.1139724552631378,480.859375,649.9835205078125,312550.6694316864,True,True,1.0,True,True
38SMB_00441_r2400_c5040,0,0.3591015934944153,866.7129516601562,800.5821228027344,693874.8947007116,True,True,1.0,True,True
38SMB_00441_r2400_c5040,1,0.1769051998853683,1425.4078674316406,1408.03955078125,2007030.6533385068,True,True,1.0,True,True
38SMB_00441_r2400_c5040,2,0.163474902510643,346.4051818847656,579.044189453125,200583.90776682645,True,True,1.0,True,True
38SMB_00441_r2400_c5040,3,0.1340017765760421,1720.9951782226562,1737.7041625976562,2990580.485008005,True,True,1.0,True,True
38SMB_00441_r2400_c5040,4,0.1270229518413543,1044.452247619629,1124.4647216796875,1174449.70592733,True,True,1.0,True,True
38SMB_00443_r2400_c5520,0,0.1042246297001838,519.6588134765625,286.94543838500977,149113.72604366625,True,True,1.0,True,True
38SMB_00444_r2400_c5760,0,0.2064178735017776,736.8878173828125,761.0775756835938,560828.7936044857,True,True,1.0,True,True
38SMB_00445_r2400_c6000,0,0.1618371456861496,424.7369384765625,442.1498107910156,187797.35698336735,True,True,1.0,True,True
38SMB_00448_r2400_c6720,0,0.2197064310312271,189.920654296875,281.1805725097656,53401.99830662459,True,True,1.0,True,True
38SMB_00449_r2400_c6960,0,0.4180854260921478,659.9463653564453,693.1692504882812,457454.5274365926,True,True,1.0,True,True
38SMB_00449_r2400_c6960,1,0.1476954519748687,278.525390625,279.3290710449219,77800.23862570524,True,True,1.0,True,True
38SMB_00457_r2400_c8880,0,0.8584433794021606,413.26416015625,419.60968017578125,173409.6420712769,True,True,1.0,True,True
38SMB_00458_r2400_c9120,0,0.8563521504402161,414.06341552734375,419.7540283203125,173804.78664766997,True,True,1.0,True,True
38SMB_00460_r2400_c9600,0,0.3938535749912262,596.4012145996094,318.4295654296875,189911.7795866914,True,True,1.0,True,True
38SMB_00460_r2400_c9600,1,0.1988799273967743,572.6116943359375,600.814208984375,344033.242187649,True,True,1.0,True,True
38SMB_00460_r2400_c9600,2,0.1955702304840088,487.3584747314453,484.7381591796875,236241.24990194105,True,True,1.0,True,True
38SMB_00461_r2400_c9680,0,0.4394762217998504,546.0249328613281,323.4033203125,176586.2762607634,True,True,1.0,True,True
38SMB_00461_r2400_c9680,1,0.1986825317144394,573.4115600585938,601.781005859375,345068.18538345397,True,True,1.0,True,True
38SMB_00461_r2400_c9680,2,0.1966128051280975,489.59999084472656,486.3775634765625,238130.4506252054,True,True,1.0,True,True
38SMB_00462_r2640_c0,0,0.5329607129096985,319.63897705078125,889.1864013671875,284218.6317404732,True,True,1.0,True,True
38SMB_00462_r2640_c0,1,0.2042304426431656,263.7652587890625,737.0562744140625,194409.83896292746,True,True,1.0,True,True
38SMB_00462_r2640_c0,2,0.1975600272417068,503.42723846435547,179.810791015625,90521.64996708743,True,True,1.0,True,True
38SMB_00462_r2640_c0,3,0.1292887330055236,390.1092529296875,1124.7540283203125,438776.9537176937,True,True,1.0,True,True
38SMB_00463_r2640_c240,0,0.5150095224380493,792.1931457519531,824.8150634765625,653412.839799095,True,True,1.0,True,True
38SMB_00463_r2640_c240,1,0.4844001829624176,647.2268676757812,655.8206939697266,424464.77351498324,True,True,1.0,True,True
38SMB_00463_r2640_c240,2,0.2381204217672348,613.6093139648438,455.65338134765625,279593.1587344967,True,True,1.0,True,True
38SMB_00463_r2640_c240,3,0.2323548793792724,787.34375,876.2982177734375,689947.9249000549,True,True,1.0,True,True
38SMB_00463_r2640_c240,4,0.2004693150520324,459.3101501464844,452.4212646484375,207801.67899513617,True,True,1.0,True,True
38SMB_00463_r2640_c240,5,0.1779755800962448,495.3582763671875,490.0720977783203,242761.26965112053,True,True,1.0,True,True
38SMB_00463_r2640_c240,6,0.1078913211822509,872.7166748046875,1230.8737182617188,1074204.018505849,True,True,1.0,True,True
38SMB_00463_r2640_c240,7,0.1002258360385894,663.6878967285156,731.0469055175781,485186.9831328513,True,True,1.0,True,True
38SMB_00464_r2640_c480,0,0.5980412364006042,945.0281524658203,861.8836975097656,814504.3582980637,True,True,1.0,True,True
38SMB_00464_r2640_c480,1,0.4065384268760681,372.0574951171875,588.3746337890625,218909.1924380511,True,True,1.0,True,True
38SMB_00464_r2640_c480,2,0.2332272827625274,1138.8252258300781,839.3605041503906,955884.9156919168,True,True,1.0,True,True
38SMB_00464_r2640_c480,3,0.1874168813228607,1351.3166046142578,919.7402954101562,1242860.3331205668,True,True,1.0,True,True
38SMB_00464_r2640_c480,4,0.1544766277074813,520.5575180053711,849.7774505615234,442358.0405212386,True,True,1.0,True,True
38SMB_00464_r2640_c480,5,0.1539855003356933,986.4039611816406,1169.6013641357422,1153699.4185869466,True,True,1.0,True,True
38SMB_00464_r2640_c480,6,0.119345523416996,1663.9550018310547,1047.6954650878906,1743318.1095287087,True,True,1.0,True,True
38SMB_00465_r2640_c720,0,0.684323251247406,642.1912002563477,610.4872131347656,392049.51614416786,True,True,1.0,True,True
38SMB_00465_r2640_c720,1,0.6476139426231384,514.3405151367188,463.0889892578125,238185.4292890057,True,True,1.0,True,True
38SMB_00465_r2640_c720,2,0.2716743648052215,819.6917724609375,795.6646728515625,652199.7859742492,True,True,1.0,True,True
38SMB_00465_r2640_c720,3,0.2448397725820541,357.67578125,355.4499816894531,127135.84989607334,True,True,1.0,True,True
38SMB_00465_r2640_c720,4,0.1395967155694961,364.59228515625,340.6639099121094,124203.43338511884,True,True,1.0,True,True
38SMB_00465_r2640_c720,5,0.138495922088623,654.8558807373047,970.3445434570312,635435.830624192,True,True,1.0,True,True
38SMB_00465_r2640_c720,6,0.1230179071426391,435.14923095703125,522.7288818359375,227465.07092993706,True,True,1.0,True,True
38SMB_00465_r2640_c720,7,0.1194719299674034,1048.8681030273438,660.1234436035156,692382.4240562972,True,True,1.0,True,True
38SMB_00465_r2640_c720,8,0.1070470511913299,201.38946533203125,194.35302734375,39140.65226241946,True,True,1.0,True,True
38SMB_00465_r2640_c720,9,0.1031296998262405,422.20794677734375,417.97515869140625,176472.43355503306,True,True,1.0,True,True
38SMB_00466_r2640_c960,0,0.3897840082645416,237.92137145996094,462.379150390625,110009.88159542903,True,True,1.0,True,True
38SMB_00466_r2640_c960,1,0.3321883082389831,551.3162231445312,581.3101196289062,320485.69962950423,True,True,1.0,True,True
38SMB_00466_r2640_c960,2,0.1718793958425521,470.03662109375,330.85498809814453,155513.96067766473,True,True,1.0,True,True
38SMB_00466_r2640_c960,3,0.1607854813337326,523.9977264404297,519.56787109375,272252.38318461925,True,True,1.0,True,True
38SMB_00466_r2640_c960,4,0.1468332558870315,352.6233673095703,335.0286865234375,118138.94358719699,True,True,1.0,True,True
38SMB_00467_r2640_c1200,0,0.418565571308136,537.6617431640625,580.6686401367188,312203.3132566139,True,True,1.0,True,True
38SMB_00467_r2640_c1200,1,0.1940924227237701,270.5718994140625,704.7477722167969,190684.9433365278,True,True,1.0,True,True
38SMB_00467_r2640_c1200,2,0.1841342747211456,565.0357055664062,493.0523681640625,278592.19272676855,True,True,1.0,True,True
38SMB_00467_r2640_c1200,3,0.1714300066232681,653.6614990234375,634.3634414672852,414658.95807517227,True,True,1.0,True,True
38SMB_00467_r2640_c1200,4,0.1332823485136032,390.0611114501953,420.86639404296875,164163.61343243625,True,True,1.0,True,True
38SMB_00467_r2640_c1200,5,0.1028571501374244,819.3328857421875,740.3738784790039,606612.6663823379,True,True,1.0,True,True
38SMB_00467_r2640_c1200,6,0.1003658846020698,163.388671875,197.420654296875,32256.29850625992,True,True,1.0,True,True
38SMB_00468_r2640_c1440,0,0.4737668037414551,334.3206787109375,329.722900390625,110233.18384513259,True,True,1.0,True,True
38SMB_00468_r2640_c1440,1,0.1159447357058525,939.1441345214844,869.0966796875,816207.0490606129,True,True,1.0,True,True
38SMB_00468_r2640_c1440,2,0.1003437563776969,746.4405822753906,724.0866851806641,540487.6869041123,True,True,1.0,True,True
38SMB_00469_r2640_c1680,0,0.5342739224433899,434.549560546875,204.02587890625,88659.35601890087,True,True,1.0,True,True
38SMB_00469_r2640_c1680,1,0.5026540756225586,331.31370544433594,327.7093505859375,108574.59925138392,True,True,1.0,True,True
38SMB_00469_r2640_c1680,2,0.3545657396316528,421.1236572265625,421.75323486328125,177610.26471275836,True,True,1.0,True,True
38SMB_00469_r2640_c1680,3,0.1815756261348724,1034.8934936523438,919.2512512207031,951327.1389200818,True,True,1.0,True,True
38SMB_00469_r2640_c1680,4,0.123251274228096,430.7647705078125,427.38525390625,184102.51081734896,True,True,1.0,True,True
38SMB_00470_r2640_c1920,0,0.5802869200706482,563.2635498046875,569.7885131835938,320941.100573726,True,True,1.0,True,True
38SMB_00470_r2640_c1920,1,0.500900387763977,418.900146484375,198.4820556640625,83144.16219219565,True,True,1.0,True,True
38SMB_00470_r2640_c1920,2,0.4158919155597687,543.00537109375,525.845947265625,285537.1737331152,True,True,1.0,True,True
38SMB_00470_r2640_c1920,3,0.3827266097068786,128.2244873046875,264.2790412902832,33887.0445748209,True,True,1.0,True,True
38SMB_00470_r2640_c1920,4,0.3761418461799621,306.63818359375,638.487548828125,195784.662219882,True,True,1.0,True,True
38SMB_00470_r2640_c1920,5,0.210454449057579,212.82482147216797,388.49395751953125,82681.15715211025,True,True,1.0,True,True
38SMB_00470_r2640_c1920,6,0.1803377270698547,139.36420440673828,517.8353118896484,72167.70625521604,True,True,1.0,True,True
38SMB_00470_r2640_c1920,7,0.1276662647724151,132.298583984375,341.9443130493164,45238.7484179344,True,True,1.0,True,True
38SMB_00470_r2640_c1920,8,0.1167600750923156,112.1841049194336,414.6873664855957,46521.33103058368,True,True,1.0,True,True
38SMB_00471_r2640_c2160,0,0.6512054204940796,583.4423828125,584.818115234375,341207.67466425896,True,True,1.0,True,True
38SMB_00471_r2640_c2160,1,0.6454030275344849,677.44384765625,649.49462890625,439996.14043831825,True,True,1.0,True,True
38SMB_00471_r2640_c2160,2,0.598309338092804,512.71728515625,525.98876953125,269683.53393673897,True,True,1.0,True,True
38SMB_00471_r2640_c2160,3,0.5910221338272095,469.588623046875,482.2113037109375,226440.9421272576,True,True,1.0,True,True
38SMB_00471_r2640_c2160,4,0.4704027771949768,472.06085205078125,284.9380302429199,134508.08933814405,True,True,1.0,True,True
38SMB_00471_r2640_c2160,5,0.258259117603302,642.4176025390625,656.1343383789062,421512.24860493094,True,True,1.0,True,True
38SMB_00471_r2640_c2160,6,0.1824319213628769,408.7939453125,441.4161682128906,180448.2569284737,True,True,1.0,True,True
38SMB_00471_r2640_c2160,7,0.1299075037240982,220.53743362426758,620.5075073242188,136845.13320987462,True,True,1.0,True,True
38SMB_00471_r2640_c2160,8,0.114439733326435,189.06457901000977,413.5382080078125,78185.42720155092,True,True,1.0,True,True
38SMB_00472_r2640_c2400,0,0.7530917525291443,657.193603515625,647.3440551757812,425430.37233538926,True,True,1.0,True,True
38SMB_00472_r2640_c2400,1,0.7051306962966919,577.039794921875,592.8720855712891,342110.78667296097,True,True,1.0,True,True
38SMB_00472_r2640_c2400,2,0.6325501203536987,319.9560546875,585.0762939453125,187198.70270192623,True,True,1.0,True,True
38SMB_00472_r2640_c2400,3,0.5928621292114258,468.26759338378906,481.519775390625,225480.10638887063,True,True,1.0,True,True
38SMB_00472_r2640_c2400,4,0.1878410577774047,504.444580078125,491.54052734375,247954.9549072981,True,True,1.0,True,True
38SMB_00473_r2640_c2640,0,0.7919591069221497,512.325439453125,523.2400512695312,268069.18920613825,True,True,1.0,True,True
38SMB_00473_r2640_c2640,1,0.6456781029701233,482.2101593017578,587.4105834960938,283255.3510431899,True,True,1.0,True,True
38SMB_00473_r2640_c2640,2,0.3356276750564575,757.763671875,469.6934127807617,355916.60512425005,True,True,1.0,True,True
38SMB_00473_r2640_c2640,3,0.2402476221323013,566.878662109375,437.80162811279297,248180.40121388622,True,True,1.0,True,True
38SMB_00474_r2640_c2880,0,0.6560566425323486,630.2337646484375,640.9011077880859,403917.5179286394,True,True,1.0,True,True
38SMB_00474_r2640_c2880,1,0.3517317473888397,456.59717559814453,456.7329406738281,208542.97071430483,True,True,1.0,True,True
38SMB_00474_r2640_c2880,2,0.1700540482997894,427.26806640625,421.8623352050781,180248.30425269902,True,True,1.0,True,True
38SMB_00475_r2640_c3120,0,0.733169674873352,544.58984375,557.6052856445312,303666.1753833294,True,True,1.0,True,True
38SMB_00475_r2640_c3120,1,0.3062587082386017,539.1751098632812,536.0818481445312,289041.9893690385,True,True,1.0,True,True
38SMB_00476_r2640_c3360,0,0.7503809928894043,541.2799835205078,556.5237426757812,301235.1622643182,True,True,1.0,True,True
38SMB_00476_r2640_c3360,1,0.2703542411327362,702.2216796875,661.57470703125,464572.1020102501,True,True,1.0,True,True
38SMB_00477_r2640_c3600,0,0.6158056259155273,762.6051330566406,748.634033203125,570912.1565015987,True,True,1.0,True,True
38SMB_00478_r2640_c3840,0,0.5268891453742981,812.0184326171875,725.11474609375,588806.5395906568,True,True,1.0,True,True
38SMB_00478_r2640_c3840,1,0.2136254906654358,351.834716796875,845.1226806640625,297343.49901005626,True,True,1.0,True,True
38SMB_00478_r2640_c3840,2,0.126823604106903,293.966064453125,692.7459716796875,203643.80696043372,True,True,1.0,True,True
38SMB_00478_r2640_c3840,3,0.1130468845367431,640.3631591796875,631.7724609375,404563.8089686632,True,True,1.0,True,True
38SMB_00479_r2640_c4080,0,0.2669059038162231,545.294189453125,439.2959976196289,239545.55495199747,True,True,1.0,True,True
38SMB_00479_r2640_c4080,1,0.2086131423711776,1100.6268310546875,1120.865478515625,1233654.6196572483,True,True,1.0,True,True
38SMB_00479_r2640_c4080,2,0.1981758326292038,461.84112548828125,455.15228271484375,210208.04251758382,True,True,1.0,True,True
38SMB_00479_r2640_c4080,3,0.1585520505905151,546.1706161499023,571.151123046875,311945.9607892204,True,True,1.0,True,True
38SMB_00480_r2640_c4320,0,0.2638055086135864,547.0340728759766,439.54227447509766,240444.60060728306,True,True,1.0,True,True
38SMB_00480_r2640_c4320,1,0.2169719189405441,549.6836853027344,498.1989288330078,273851.8232148024,True,True,1.0,True,True
38SMB_00480_r2640_c4320,2,0.1925362348556518,677.3013305664062,1112.9638671875,753811.9081184268,True,True,1.0,True,True
38SMB_00480_r2640_c4320,3,0.1851957589387893,969.31640625,834.8794555664062,809262.3535215855,True,True,1.0,True,True
38SMB_00480_r2640_c4320,4,0.1446526646614074,817.1620178222656,861.5608215332031,704034.7794006811,True,True,1.0,True,True
38SMB_00481_r2640_c4560,0,0.7100737690925598,510.552978515625,521.1712646484375,266085.5414830148,True,True,1.0,True,True
38SMB_00481_r2640_c4560,1,0.2670471966266632,233.326416015625,616.9708251953125,143955.59142902493,True,True,1.0,True,True
38SMB_00481_r2640_c4560,2,0.2172300070524215,1020.0131225585938,825.1617431640625,841675.8062606677,True,True,1.0,True,True
38SMB_00481_r2640_c4560,3,0.1799312531948089,192.529296875,512.496337890625,98670.55958509445,True,True,1.0,True,True
38SMB_00481_r2640_c4560,4,0.1556572914123535,291.7425537109375,740.01708984375,215894.4755807519,True,True,1.0,True,True
38SMB_00481_r2640_c4560,5,0.1540970355272293,1423.7393188476562,846.3539123535156,1204987.3426782433,True,True,1.0,True,True
38SMB_00481_r2640_c4560,6,0.1341848820447921,1461.9610595703125,912.7000427246094,1334331.9215315394,True,True,1.0,True,True
38SMB_00482_r2640_c4800,0,0.706009566783905,490.54840087890625,510.2435302734375,250299.14783444256,True,True,1.0,True,True
38SMB_00482_r2640_c4800,1,0.5102777481079102,619.4415283203125,760.8602905273438,471308.4612024948,True,True,1.0,True,True
38SMB_00482_r2640_c4800,2,0.3940988183021545,538.7889862060547,264.293212890625,142398.27223448083,True,True,1.0,True,True
38SMB_00482_r2640_c4800,3,0.2085331976413726,176.98997497558594,767.9742431640625,135923.74207950197,True,True,1.0,True,True
38SMB_00482_r2640_c4800,4,0.1664780527353286,140.70158004760742,664.9639892578125,93561.48396333447,True,True,1.0,True,True
38SMB_00482_r2640_c4800,5,0.1617735773324966,443.7591552734375,882.2943115234375,391526.17838419974,True,True,1.0,True,True
38SMB_00482_r2640_c4800,6,0.1172268614172935,496.524658203125,488.6488342285156,242626.1953966692,True,True,1.0,True,True
38SMB_00482_r2640_c4800,7,0.1010248959064483,146.85821533203125,480.4052734375,70551.46109312773,True,True,1.0,True,True
38SMB_00483_r2640_c5040,0,0.3327218890190124,844.4277954101562,642.2148132324219,542304.0389175992,True,True,1.0,True,True
38SMB_00483_r2640_c5040,1,0.2044806331396103,1270.5648803710938,715.7778930664062,909442.253076192,True,True,1.0,True,True
38SMB_00483_r2640_c5040,2,0.1406527012586593,1331.5603637695312,1144.033203125,1523349.268117547,True,True,1.0,True,True
38SMB_00483_r2640_c5040,3,0.1344216614961624,709.400634765625,244.9072265625,173737.34198212624,True,True,1.0,True,True
38SMB_00484_r2640_c5280,0,0.1576380580663681,742.4192047119141,291.12579345703125,216137.3800494941,True,True,1.0,True,True
38SMB_00484_r2640_c5280,1,0.1022993698716163,101.05180740356445,682.7996826171875,68998.14202304697,True,True,1.0,True,True
38SMB_00485_r2640_c5520,0,0.5348944067955017,503.33740234375,502.2552490234375,252803.8523569703,True,True,1.0,True,True
38SMB_00485_r2640_c5520,1,0.186409130692482,556.0757446289062,499.06982421875,277520.62412425876,True,True,1.0,True,True
38SMB_00486_r2640_c5760,0,0.2400990128517151,273.01151275634766,588.0926513671875,160556.06439064723,True,True,1.0,True,True
38SMB_00491_r2640_c6960,0,0.7458216547966003,529.9903869628906,547.1026611328125,289959.1510822065,True,True,1.0,True,True
38SMB_00491_r2640_c6960,1,0.2337939739227295,769.90234375,840.7479858398438,647293.8448011875,True,True,1.0,True,True
38SMB_00492_r2640_c7200,0,0.7390928268432617,458.6853790283203,523.5079956054688,240125.46338865068,True,True,1.0,True,True
38SMB_00496_r2640_c8160,0,0.355126291513443,468.7548828125,616.8038940429688,289129.8370704055,True,True,1.0,True,True
38SMB_00497_r2640_c8400,0,0.1427061557769775,541.1994934082031,595.8349609375,322465.5790142715,True,True,1.0,True,True
38SMB_00500_r2640_c9120,0,0.1704250574111938,435.0640869140625,580.9814453125,252764.16201889515,True,True,1.0,True,True
38SMB_00502_r2640_c9600,0,0.3428511023521423,594.9383544921875,589.8858642578125,350945.72541974485,True,True,1.0,True,True
38SMB_00503_r2640_c9680,0,0.351294457912445,591.9807815551758,629.3268203735352,372549.38297835906,True,True,1.0,True,True
38SMB_00505_r2880_c240,0,0.3007668554782867,740.72998046875,748.3267211914062,554308.0375723541,True,True,1.0,True,True
38SMB_00505_r2880_c240,1,0.2049494683742523,755.6100463867188,1023.5645294189453,773415.6415540492,True,True,1.0,True,True
38SMB_00505_r2880_c240,2,0.2024621367454528,353.6977767944336,403.582763671875,142746.3262632955,True,True,1.0,True,True
38SMB_00505_r2880_c240,3,0.1347735226154327,438.958740234375,384.8478317260742,168932.31939640827,True,True,1.0,True,True
38SMB_00506_r2880_c480,0,0.5791354775428772,299.04998779296875,461.63818359375,138052.8931684792,True,True,1.0,True,True
38SMB_00506_r2880_c480,1,0.1472721844911575,1303.3401489257812,1215.6898498535156,1584457.3899556417,True,True,1.0,True,True
38SMB_00506_r2880_c480,2,0.1359094679355621,1034.3146514892578,747.9806518554688,773647.347244597,True,True,1.0,True,True
38SMB_00507_r2880_c720,0,0.7701958417892456,455.6729507446289,448.31085205078125,204283.12880481826,True,True,1.0,True,True
38SMB_00507_r2880_c720,1,0.6467827558517456,511.3525390625,494.1497802734375,252684.74481999874,True,True,1.0,True,True
38SMB_00507_r2880_c720,2,0.1005976721644401,1455.9817504882812,1502.8382873535156,2188105.1203217823,True,True,1.0,True,True
38SMB_00508_r2880_c960,0,0.412792295217514,238.9292335510254,538.6683654785156,128703.61970196536,True,True,1.0,True,True
38SMB_00508_r2880_c960,1,0.260642260313034,974.195556640625,886.5879821777344,863710.0728085265,True,True,1.0,True,True
38SMB_00508_r2880_c960,2,0.2270546555519104,1125.3297424316406,1100.5734252929688,1238508.009212045,True,True,1.0,True,True
38SMB_00508_r2880_c960,3,0.1667458266019821,526.7776489257812,517.0367431640625,272363.39997220784,True,True,1.0,True,True
38SMB_00508_r2880_c960,4,0.1050462648272514,756.1790466308594,1016.3861083984375,768569.8784575798,True,True,1.0,True,True
38SMB_00509_r2880_c1200,0,0.2433899790048599,543.250732421875,700.4335784912109,380511.0545282252,True,True,1.0,True,True
38SMB_00510_r2880_c1440,0,0.4671694040298462,806.522216796875,738.0227661132812,595231.7573722452,True,True,1.0,True,True
38SMB_00510_r2880_c1440,1,0.1501979380846023,1070.6146240234375,1005.1699447631836,1076149.6424922952,True,True,1.0,True,True
38SMB_00510_r2880_c1440,2,0.1345110088586807,1089.9024200439453,1067.3667907714844,1163325.6483363803,True,True,1.0,True,True
38SMB_00511_r2880_c1680,0,0.7976341247558594,566.0169982910156,573.1840515136719,324431.9163060514,True,True,1.0,True,True
38SMB_00511_r2880_c1680,1,0.7078898549079895,758.6517333984375,720.3921508789062,546526.753990911,True,True,1.0,True,True
38SMB_00511_r2880_c1680,2,0.1824128627777099,622.283935546875,615.1187515258789,382778.51752820425,True,True,1.0,True,True
38SMB_00512_r2880_c1920,0,0.7729172110557556,553.3202362060547,576.7922973632812,319150.8502188837,True,True,1.0,True,True
38SMB_00512_r2880_c1920,1,0.6477760076522827,562.386474609375,534.7018432617188,300709.0845990926,True,True,1.0,True,True
38SMB_00512_r2880_c1920,2,0.5593490600585938,583.5162353515625,327.9164505004883,191344.57270589191,True,True,1.0,True,True
38SMB_00512_r2880_c1920,3,0.2530674636363983,966.9171142578125,861.6201782226562,833115.2963133529,True,True,1.0,True,True
38SMB_00512_r2880_c1920,4,0.129075288772583,119.31238174438477,415.30826568603516,49551.4183371306,True,True,1.0,True,True
38SMB_00512_r2880_c1920,5,0.1193909421563148,387.264404296875,367.6434326171875,142375.21492615342,True,True,1.0,True,True
38SMB_00512_r2880_c1920,6,0.1169256493449211,198.1412696838379,168.06137084960938,33299.89340494794,True,True,1.0,True,True
38SMB_00513_r2880_c2160,0,0.5941330194473267,583.511962890625,328.59458923339844,191738.87375881895,True,True,1.0,True,True
38SMB_00513_r2880_c2160,1,0.5676157474517822,517.7371215820312,535.2775573730469,277133.0618017819,True,True,1.0,True,True
38SMB_00513_r2880_c2160,2,0.4348720014095306,898.3526611328125,753.8278198242188,677203.2279750332,True,True,1.0,True,True
38SMB_00513_r2880_c2160,3,0.4281097650527954,781.5863037109375,773.1163024902344,604257.1132020094,True,True,1.0,True,True
38SMB_00513_r2880_c2160,4,0.2383269667625427,429.315185546875,447.7325439453125,192218.3801792562,True,True,1.0,True,True
38SMB_00513_r2880_c2160,5,0.1935661733150482,800.6153106689453,859.3243408203125,687988.2240912411,True,True,1.0,True,True
38SMB_00513_r2880_c2160,6,0.1423647105693817,78.04934978485107,207.78955459594727,16217.839628297497,True,True,1.0,True,True
38SMB_00513_r2880_c2160,7,0.1269287317991256,160.14511108398438,149.0301513671875,23866.450145561248,True,True,1.0,True,True
38SMB_00513_r2880_c2160,8,0.1197710186243057,376.70204162597656,362.581787109375,136585.29946049675,True,True,1.0,True,True
38SMB_00514_r2880_c2400,0,0.6766838431358337,675.6147003173828,419.7446823120117,283585.67775004485,True,True,1.0,True,True
38SMB_00514_r2880_c2400,1,0.1431672275066375,513.81591796875,348.58997344970703,179111.0772027634,True,True,1.0,True,True
38SMB_00516_r2880_c2880,0,0.8290579915046692,554.0911102294922,544.5867919921875,301750.7001912687,True,True,1.0,True,True
38SMB_00516_r2880_c2880,1,0.5234536528587341,496.448974609375,485.284423828125,240918.954603374,True,True,1.0,True,True
38SMB_00516_r2880_c2880,2,0.1328027546405792,441.2986755371094,464.72320556640625,205081.7351078149,True,True,1.0,True,True
38SMB_00518_r2880_c3360,0,0.3374134302139282,582.2283935546875,228.1005859375,132806.63771927357,True,True,1.0,True,True
38SMB_00518_r2880_c3360,1,0.2622976303100586,606.5380859375,620.0628662109375,376091.7440325022,True,True,1.0,True,True
38SMB_00518_r2880_c3360,2,0.1508592516183853,475.662841796875,130.936279296875,62281.52270466089,True,True,1.0,True,True
38SMB_00519_r2880_c3600,0,0.6524941325187683,758.9852905273438,505.7024383544922,383820.7120948704,True,True,1.0,True,True
38SMB_00519_r2880_c3600,1,0.5349814891815186,522.6748657226562,516.546630859375,269985.9409239143,True,True,1.0,True,True
38SMB_00520_r2880_c3840,0,0.5991414189338684,859.7946166992188,500.79967498779297,430584.8645992228,True,True,1.0,True,True
38SMB_00520_r2880_c3840,1,0.2916585505008697,573.6016845703125,562.8314208984375,322841.05115644634,True,True,1.0,True,True
38SMB_00521_r2880_c4080,0,0.5306922197341919,724.267578125,698.4158325195312,505839.9435430765,True,True,1.0,True,True
38SMB_00521_r2880_c4080,1,0.4932178556919098,469.4873046875,492.63763427734375,231287.11510449648,True,True,1.0,True,True
38SMB_00521_r2880_c4080,2,0.2098391354084015,1029.1607666015625,944.9498748779297,972505.3376294207,True,True,1.0,True,True
38SMB_00521_r2880_c4080,3,0.1947616189718246,616.5679931640625,647.10693359375,398985.4234084487,True,True,1.0,True,True
38SMB_00521_r2880_c4080,4,0.1380497962236404,594.7654724121094,655.711669921875,389994.6611272171,True,True,1.0,True,True
38SMB_00522_r2880_c4320,0,0.7027502655982971,633.3763122558594,656.0617065429688,415533.94430247135,True,True,1.0,True,True
38SMB_00522_r2880_c4320,1,0.517017126083374,425.5574417114258,510.9034729003906,217418.77488897298,True,True,1.0,True,True
38SMB_00522_r2880_c4320,2,0.4914365708827972,808.5188293457031,712.2418212890625,575860.9235596843,True,True,1.0,True,True
38SMB_00522_r2880_c4320,3,0.3941711187362671,683.7503051757812,660.8209228515625,451836.50766629726,True,True,1.0,True,True
38SMB_00522_r2880_c4320,4,0.3834744691848755,597.7603149414062,640.789794921875,383038.7096237391,True,True,1.0,True,True
38SMB_00522_r2880_c4320,5,0.2394545674324035,499.58080291748047,736.5951538085938,367988.7983648223,True,True,1.0,True,True
38SMB_00522_r2880_c4320,6,0.1595305055379867,672.3080444335938,963.4904479980469,647762.378924014,True,True,1.0,True,True
38SMB_00523_r2880_c4560,0,0.7064313888549805,510.2069091796875,525.9178733825684,268326.93266087444,True,True,1.0,True,True
38SMB_00523_r2880_c4560,1,0.6535040736198425,579.6250152587891,642.2985076904297,372292.28232076275,True,True,1.0,True,True
38SMB_00523_r2880_c4560,2,0.2932325005531311,209.80714797973633,686.6229248046875,144058.39759077644,True,True,1.0,True,True
38SMB_00523_r2880_c4560,3,0.1419710218906402,1298.7066650390625,1216.8086242675781,1580277.470413316,True,True,1.0,True,True
38SMB_00524_r2880_c4800,0,0.7018594741821289,497.8608512878418,521.3014221191406,259535.5697937979,True,True,1.0,True,True
38SMB_00524_r2880_c4800,1,0.6957923769950867,710.4702758789062,734.2512512207031,521663.68901920505,True,True,1.0,True,True
38SMB_00524_r2880_c4800,2,0.2273066490888595,446.3299560546875,746.8296813964844,333332.45887802914,True,True,1.0,True,True
38SMB_00524_r2880_c4800,3,0.1875506788492202,174.3683624267578,652.5483703613281,113783.79074415425,True,True,1.0,True,True
38SMB_00524_r2880_c4800,4,0.1524637937545776,152.76466369628906,527.5905609130859,80597.19460722408,True,True,1.0,True,True
38SMB_00524_r2880_c4800,5,0.1070175692439079,448.93333435058594,722.0001220703125,324129.92220255546,True,True,1.0,True,True
38SMB_00524_r2880_c4800,6,0.104744054377079,784.461669921875,259.6847152709961,203712.70539467223,True,True,1.0,True,True
38SMB_00525_r2880_c5040,0,0.5242965817451477,646.5681457519531,607.1185302734375,392543.5023705475,True,True,1.0,True,True
38SMB_00525_r2880_c5040,1,0.2202163189649582,1515.3022766113281,1132.649917602539,1716306.9987467607,True,True,1.0,True,True
38SMB_00525_r2880_c5040,2,0.1377792358398437,1143.233642578125,1110.5468368530273,1269614.5055491012,True,True,1.0,True,True
38SMB_00525_r2880_c5040,3,0.1283274739980697,1753.8507080078125,1591.4227294921875,2791117.8808595985,True,True,1.0,True,True
38SMB_00525_r2880_c5040,4,0.1187709420919418,1572.415771484375,1346.0321807861328,2116522.2299936228,True,True,1.0,True,True
38SMB_00526_r2880_c5280,0,0.1982792019844055,608.0967712402344,613.426513671875,373022.6823570207,True,True,1.0,True,True
38SMB_00526_r2880_c5280,1,0.1747367978096008,710.0323486328125,644.266357421875,457449.95490536094,True,True,1.0,True,True
38SMB_00526_r2880_c5280,2,0.1166635304689407,1429.3144226074219,1445.433349609375,2065978.7335144356,True,True,1.0,True,True
38SMB_00526_r2880_c5280,3,0.1127302423119545,601.7597961425781,397.2589111328125,239054.4413791038,True,True,1.0,True,True
38SMB_00527_r2880_c5520,0,0.1549673527479171,446.9573974609375,200.33185958862305,89539.80659024091,True,True,1.0,True,True
38SMB_00527_r2880_c5520,1,0.150565817952156,554.9102783203125,511.4598083496094,283814.30460093543,True,True,1.0,True,True
38SMB_00527_r2880_c5520,2,0.1324861645698547,692.1065521240234,572.601318359375,396301.1241913773,True,True,1.0,True,True
38SMB_00527_r2880_c5520,3,0.1146598979830741,859.7628784179688,880.7162475585938,757207.1360704489,True,True,1.0,True,True
38SMB_00528_r2880_c5760,0,0.6497129797935486,504.81719970703125,504.58770751953125,254724.55351660028,True,True,1.0,True,True
38SMB_00528_r2880_c5760,1,0.3235297203063965,660.693359375,601.4511108398438,397374.75492060184,True,True,1.0,True,True
38SMB_00528_r2880_c5760,2,0.2803758680820465,378.19984436035156,615.9771728515625,232962.4709019903,True,True,1.0,True,True
38SMB_00528_r2880_c5760,3,0.1041517928242683,1123.36181640625,1065.0018310546875,1196382.391409576,True,True,1.0,True,True
38SMB_00529_r2880_c6000,0,0.3381394445896148,654.0333557128906,593.7704467773438,388345.67782892846,True,True,1.0,True,True
38SMB_00530_r2880_c6240,0,0.1002140492200851,564.4097900390625,528.7374877929688,298424.61447101086,True,True,1.0,True,True
38SMB_00531_r2880_c6480,0,0.310854434967041,522.984619140625,501.38580322265625,262217.06334091723,True,True,1.0,True,True
38SMB_00531_r2880_c6480,1,0.1468273401260376,764.8120880126953,744.0345001220703,569046.5795918426,True,True,1.0,True,True
38SMB_00532_r2880_c6720,0,0.1108261793851852,431.61376953125,427.2816467285156,184420.64219601452,True,True,1.0,True,True
38SMB_00537_r2880_c7920,0,0.4946886599063873,527.0401000976562,539.9835205078125,284592.9686995223,True,True,1.0,True,True
38SMB_00543_r2880_c9360,0,0.4955093264579773,705.6649780273438,655.7037353515625,462707.1619993076,True,True,1.0,True,True
38SMB_00547_r3120_c240,0,0.100122332572937,349.8931121826172,410.43121337890625,143607.05458603334,True,True,1.0,True,True
38SMB_00548_r3120_c480,0,0.1332776993513107,982.02392578125,956.5473937988281,939352.4268541485,True,True,1.0,True,True
38SMB_00548_r3120_c480,1,0.1258679777383804,1743.4770202636719,1801.175537109375,3140308.158411272,True,True,1.0,True,True
38SMB_00550_r3120_c960,0,0.2966399192810058,993.54248046875,694.6188354492188,690133.3207525313,True,True,1.0,True,True
38SMB_00550_r3120_c960,1,0.1564507037401199,525.4421997070312,513.639965057373,269888.11309718876,True,True,1.0,True,True
38SMB_00550_r3120_c960,2,0.1140657663345336,602.9078674316406,101.9773006439209,61482.91685766162,True,True,1.0,True,True
38SMB_00550_r3120_c960,3,0.1066790521144867,832.3361206054688,587.646598815918,489119.4903454394,True,True,1.0,True,True
38SMB_00550_r3120_c960,4,0.1065929308533668,483.0458068847656,86.31818771362305,41695.63863295771,True,True,1.0,True,True
38SMB_00550_r3120_c960,5,0.1059433370828628,1200.1275634765625,828.2538604736328,994010.2875102777,True,True,1.0,True,True
38SMB_00551_r3120_c1200,0,0.4398523867130279,495.0823974609375,502.91259765625,248983.1745609641,True,True,1.0,True,True
38SMB_00551_r3120_c1200,1,0.385227620601654,366.524658203125,351.78466796875,128937.75518834591,True,True,1.0,True,True
38SMB_00551_r3120_c1200,2,0.3157805800437927,865.2471923828125,751.6674423217773,650378.1440744875,True,True,1.0,True,True
38SMB_00551_r3120_c1200,3,0.1223657131195068,734.0499877929688,593.8763427734375,435934.9221633747,True,True,1.0,True,True
38SMB_00551_r3120_c1200,4,0.1100819930434227,456.94305419921875,84.29052352905273,38515.96926141647,True,True,1.0,True,True
38SMB_00551_r3120_c1200,5,0.1039394438266754,492.97000885009766,664.4534301757812,327555.6133542326,True,True,1.0,True,True
38SMB_00552_r3120_c1440,0,0.7884403467178345,491.86767578125,478.9080810546875,235559.40474122763,True,True,1.0,True,True
38SMB_00552_r3120_c1440,1,0.2067448794841766,1062.9830932617188,689.2759704589844,732688.7031894643,True,True,1.0,True,True
38SMB_00552_r3120_c1440,2,0.20283243060112,374.64996337890625,369.8052978515625,138547.5412974134,True,True,1.0,True,True
38SMB_00552_r3120_c1440,3,0.1127840057015419,462.989501953125,557.69287109375,258205.94463050365,True,True,1.0,True,True
38SMB_00553_r3120_c1680,0,0.5582806468009949,277.67078399658203,490.394287109375,136168.1661691051,True,True,1.0,True,True
38SMB_00553_r3120_c1680,1,0.5274356007575989,790.6826782226562,400.7880401611328,316896.160994214,True,True,1.0,True,True
38SMB_00553_r3120_c1680,2,0.4829675257205963,517.83447265625,499.5208740234375,258669.12838071585,True,True,1.0,True,True
38SMB_00553_r3120_c1680,3,0.4171743094921112,200.9063720703125,468.939208984375,94212.87519857287,True,True,1.0,True,True
38SMB_00553_r3120_c1680,4,0.1644654124975204,1078.4814453125,510.4088592529297,550466.484227404,True,True,1.0,True,True
38SMB_00554_r3120_c1920,0,0.2438022047281265,579.8887634277344,506.181640625,293529.0456518531,True,True,1.0,True,True
38SMB_00554_r3120_c1920,1,0.2262090593576431,1193.5308837890625,1112.6184844970703,1327944.5231218357,True,True,1.0,True,True
38SMB_00554_r3120_c1920,2,0.2256171405315399,934.7552490234375,829.3507385253906,775239.9561180733,True,True,1.0,True,True
38SMB_00554_r3120_c1920,3,0.1164794564247131,842.3667907714844,982.1597290039062,827338.7389460113,True,True,1.0,True,True
38SMB_00554_r3120_c1920,4,0.1022300198674202,381.8890380859375,173.3224105834961,66189.92865646724,True,True,1.0,True,True
38SMB_00555_r3120_c2160,0,0.3922049403190613,936.217041015625,529.3020248413086,495541.57550050877,True,True,1.0,True,True
38SMB_00555_r3120_c2160,1,0.2588858604431152,396.8238830566406,368.212890625,146115.6690493226,True,True,1.0,True,True
38SMB_00555_r3120_c2160,2,0.2025358378887176,786.5620422363281,827.1255493164062,650585.5612561572,True,True,1.0,True,True
38SMB_00555_r3120_c2160,3,0.1700905412435531,712.6832580566406,540.6553649902344,385316.02700704243,True,True,1.0,True,True
38SMB_00555_r3120_c2160,4,0.1388164162635803,378.02452087402344,174.80138778686523,66079.2108662441,True,True,1.0,True,True
38SMB_00555_r3120_c2160,5,0.1040829718112945,759.0731811523438,346.3074493408203,262872.6972278906,True,True,1.0,True,True
38SMB_00556_r3120_c2400,0,0.2236142307519912,383.8898468017578,365.30670166015625,140237.53373597283,True,True,1.0,True,True
38SMB_00557_r3120_c2640,0,0.7915177941322327,497.72216796875,497.45849609375,247596.1211502552,True,True,1.0,True,True
38SMB_00557_r3120_c2640,1,0.7091109752655029,463.2069396972656,468.2476806640625,216895.5751807429,True,True,1.0,True,True
38SMB_00557_r3120_c2640,2,0.4732387959957123,676.3409423828125,467.8131103515625,316401.15991421044,True,True,1.0,True,True
38SMB_00557_r3120_c2640,3,0.4517651200294494,665.931396484375,647.481689453125,431178.38565558195,True,True,1.0,True,True
38SMB_00558_r3120_c2880,0,0.7051857709884644,460.0599670410156,466.27685546875,214515.31475894153,True,True,1.0,True,True
38SMB_00558_r3120_c2880,1,0.4372428953647613,505.21484375,190.86849212646484,96429.59542647004,True,True,1.0,True,True
38SMB_00558_r3120_c2880,2,0.1557147055864334,609.0634155273438,504.405517578125,307214.94734697044,True,True,1.0,True,True
38SMB_00559_r3120_c3120,0,0.5980356335639954,592.288818359375,590.3240966796875,349642.36167147756,True,True,1.0,True,True
38SMB_00559_r3120_c3120,1,0.3739200234413147,467.418212890625,961.5789794921875,449459.5281474292,True,True,1.0,True,True
38SMB_00560_r3120_c3360,0,0.6538074016571045,511.39404296875,488.0029296875,249561.79119348526,True,True,1.0,True,True
38SMB_00560_r3120_c3360,1,0.6377046704292297,566.8878936767578,543.5714721679688,308144.0869200742,True,True,1.0,True,True
38SMB_00560_r3120_c3360,2,0.3939433991909027,506.668701171875,532.0834350585938,269590.0229562074,True,True,1.0,True,True
38SMB_00561_r3120_c3600,0,0.7633912563323975,577.1646118164062,592.7294921875,342102.48727053404,True,True,1.0,True,True
38SMB_00561_r3120_c3600,1,0.3788885772228241,201.5185546875,458.3775329589844,92371.57794311643,True,True,1.0,True,True
38SMB_00561_r3120_c3600,2,0.3566515743732452,395.9197998046875,803.4091186523438,318085.57741809636,True,True,1.0,True,True
38SMB_00561_r3120_c3600,3,0.2786538004875183,633.2025146484375,674.32373046875,426983.4818199277,True,True,1.0,True,True
38SMB_00561_r3120_c3600,4,0.2040838003158569,583.3565902709961,276.38240814208984,161229.49922465632,True,True,1.0,True,True
38SMB_00561_r3120_c3600,5,0.1818393021821975,489.8406982421875,706.9046020507812,346270.6438591704,True,True,1.0,True,True
38SMB_00561_r3120_c3600,6,0.1066010892391204,410.1148986816406,231.5979766845703,94981.78074286552,True,True,1.0,True,True
38SMB_00562_r3120_c3840,0,0.4693908989429474,809.8852157592773,782.0355224609375,633359.0078396956,True,True,1.0,True,True
38SMB_00562_r3120_c3840,1,0.1812973171472549,724.3414306640625,827.8031921386719,599612.1485020034,True,True,1.0,True,True
38SMB_00563_r3120_c4080,0,0.4484216570854187,730.3720092773438,450.3242874145508,328904.2546253535,True,True,1.0,True,True
38SMB_00563_r3120_c4080,1,0.2891734838485718,1142.8076171875,994.20654296875,1136186.810362339,True,True,1.0,True,True
38SMB_00563_r3120_c4080,2,0.1836351454257965,641.9121551513672,854.8088836669922,548712.2127572133,True,True,1.0,True,True
38SMB_00563_r3120_c4080,3,0.1694711148738861,544.5245361328125,475.0703430175781,258687.45816210285,True,True,1.0,True,True
38SMB_00563_r3120_c4080,4,0.1322732865810394,703.1439208984375,524.841423034668,369039.05604251195,True,True,1.0,True,True
38SMB_00563_r3120_c4080,5,0.1306589543819427,850.498046875,717.5723266601562,610293.8623160124,True,True,1.0,True,True
38SMB_00563_r3120_c4080,6,0.1003712266683578,451.17919921875,394.4207763671875,177954.45003658533,True,True,1.0,True,True
38SMB_00564_r3120_c4320,0,0.6555220484733582,640.1995849609375,621.8743896484375,398123.726150766,True,True,1.0,True,True
38SMB_00564_r3120_c4320,1,0.5746947526931763,686.4169311523438,572.2245788574219,392784.63934925385,True,True,1.0,True,True
38SMB_00564_r3120_c4320,2,0.3101948201656341,882.8018188476562,453.9284133911133,400728.8289683056,True,True,1.0,True,True
38SMB_00564_r3120_c4320,3,0.2213061600923538,445.7696533203125,440.7598876953125,196477.38233543932,True,True,1.0,True,True
38SMB_00564_r3120_c4320,4,0.1404482871294021,629.094352722168,1017.2857666015625,639968.7308736844,True,True,1.0,True,True
38SMB_00565_r3120_c4560,0,0.3270269930362701,712.5518798828125,672.9739379882812,479528.8446256891,True,True,1.0,True,True
38SMB_00565_r3120_c4560,1,0.2569040656089782,529.078369140625,482.884521484375,255483.75511020422,True,True,1.0,True,True
38SMB_00565_r3120_c4560,2,0.1814716309309005,871.1959838867188,896.685791015625,781189.0599410981,True,True,1.0,True,True
38SMB_00565_r3120_c4560,3,0.1289931833744049,643.5455322265625,591.5690422058105,380701.61411509616,True,True,1.0,True,True
38SMB_00565_r3120_c4560,4,0.1116135194897651,681.1502075195312,177.113037109375,120640.58198146522,True,True,1.0,True,True
38SMB_00565_r3120_c4560,5,0.1078336462378501,179.3018341064453,492.4113464355469,88290.2575507178,True,True,1.0,True,True
38SMB_00566_r3120_c4800,0,0.34968963265419,706.2022399902344,648.2919311523438,457825.21394737996,True,True,1.0,True,True
38SMB_00566_r3120_c4800,1,0.1267414689064026,447.70843505859375,770.9366607666016,345154.84592111316,True,True,1.0,True,True
38SMB_00567_r3120_c5040,0,0.1092206835746765,406.4141845703125,688.3453750610352,279753.3243081765,True,True,1.0,True,True
38SMB_00568_r3120_c5280,0,0.2089501321315765,679.4656372070312,513.3259582519531,348787.34931857325,True,True,1.0,True,True
38SMB_00568_r3120_c5280,1,0.1422204226255417,578.2891845703125,596.7362976074219,345086.1469469033,True,True,1.0,True,True
38SMB_00568_r3120_c5280,2,0.1374420523643493,659.268798828125,533.9446830749512,352013.06985148694,True,True,1.0,True,True
38SMB_00568_r3120_c5280,3,0.1072984561324119,678.692626953125,734.5276641845703,498518.50997516885,True,True,1.0,True,True
38SMB_00569_r3120_c5520,0,0.758709728717804,820.9672546386719,621.02294921875,509839.5056877285,True,True,1.0,True,True
38SMB_00569_r3120_c5520,1,0.2549188435077667,357.23724365234375,529.4345092773438,189133.7247886695,True,True,1.0,True,True
38SMB_00569_r3120_c5520,2,0.11094830930233,629.9545288085938,492.61329650878906,310323.9770870423,True,True,1.0,True,True
38SMB_00570_r3120_c5760,0,0.8418030738830566,389.2364501953125,343.42315673828125,133672.810443677,True,True,1.0,True,True
38SMB_00570_r3120_c5760,1,0.3180324137210846,1307.1328735351562,710.7344055175781,929024.3058044929,True,True,1.0,True,True
38SMB_00570_r3120_c5760,2,0.1526843309402465,872.0736694335938,705.1622009277344,614953.3881089184,True,True,1.0,True,True
38SMB_00570_r3120_c5760,3,0.1171902045607566,1512.64892578125,1443.8015747070312,2183964.901021868,True,True,1.0,True,True
38SMB_00571_r3120_c6000,0,0.118310660123825,188.1721305847168,530.8636474609375,99893.74359269859,True,True,1.0,True,True
38SMB_00573_r3120_c6480,0,0.2939556241035461,511.86309814453125,352.1043014526367,180229.1986115626,True,True,1.0,True,True
38SMB_00579_r3120_c7920,0,0.7024298310279846,518.84521484375,528.472900390625,274195.6355422735,True,True,1.0,True,True
38SMB_00579_r3120_c7920,1,0.5999850630760193,557.4896240234375,549.6658325195312,306432.99830984324,True,True,1.0,True,True
38SMB_00579_r3120_c7920,2,0.1739367544651031,620.8792114257812,586.026611328125,363851.74031592906,True,True,1.0,True,True
38SMB_00579_r3120_c7920,3,0.1444322168827057,510.2435302734375,488.760986328125,249387.13112398982,True,True,1.0,True,True
38SMB_00579_r3120_c7920,4,0.1320881843566894,291.8963623046875,307.8594970703125,89863.06729577482,True,True,1.0,True,True
38SMB_00580_r3120_c8160,0,0.705405056476593,485.56196212768555,490.928955078125,238376.42669302877,True,True,1.0,True,True
38SMB_00580_r3120_c8160,1,0.1627633720636367,182.56366729736328,303.02490234375,55321.337454300374,True,True,1.0,True,True
38SMB_00585_r3120_c9360,0,0.1226517856121063,721.0794067382812,748.3755493164062,539638.1971185096,True,True,1.0,True,True
38SMB_00586_r3120_c9600,0,0.2441658228635788,501.888427734375,487.75543212890625,244798.8069500774,True,True,1.0,True,True
38SMB_00587_r3120_c9680,0,0.2441234141588211,501.8656921386719,487.6849365234375,244752.33821393922,True,True,1.0,True,True
38SMB_00593_r3360_c1200,0,0.3918369710445404,490.123291015625,376.87705993652344,184716.22492438182,True,True,1.0,True,True
38SMB_00593_r3360_c1200,1,0.2327807396650314,389.1162109375,262.4329376220703,102116.91031269729,True,True,1.0,True,True
38SMB_00593_r3360_c1200,2,0.1663081496953964,509.530029296875,518.9488983154297,264420.0473622419,True,True,1.0,True,True
38SMB_00594_r3360_c1440,0,0.2505068480968475,870.1797485351562,592.174186706543,515297.9848773102,True,True,1.0,True,True
38SMB_00594_r3360_c1440,1,0.1014091521501541,153.34511756896973,519.5285034179688,79667.15943705931,True,True,1.0,True,True
38SMB_00595_r3360_c1680,0,0.5355059504508972,523.07373046875,498.87489318847656,260948.35141729563,True,True,1.0,True,True
38SMB_00595_r3360_c1680,1,0.3888827264308929,205.3424072265625,491.84370040893555,100996.36942119105,True,True,1.0,True,True
38SMB_00595_r3360_c1680,2,0.2364175766706466,836.0638427734375,820.8596801757812,686291.0985855386,True,True,1.0,True,True
38SMB_00595_r3360_c1680,3,0.2185295522212982,458.05389404296875,497.6361083984375,227944.1572682932,True,True,1.0,True,True
38SMB_00595_r3360_c1680,4,0.1914112120866775,837.0918273925781,529.3157958984375,443085.92685637996,True,True,1.0,True,True
38SMB_00595_r3360_c1680,5,0.138258159160614,635.997314453125,405.1715087890625,257687.99148276448,True,True,1.0,True,True
38SMB_00595_r3360_c1680,6,0.1071318015456199,430.9027099609375,389.7998046875,167965.7921820879,True,True,1.0,True,True
38SMB_00596_r3360_c1920,0,0.6850841045379639,372.0733642578125,377.37274169921875,140410.3455832228,True,True,1.0,True,True
38SMB_00596_r3360_c1920,1,0.358178973197937,570.1358413696289,589.2669677734375,335962.2184628388,True,True,1.0,True,True
38SMB_00596_r3360_c1920,2,0.1339938640594482,202.25101470947266,518.28369140625,104823.40249428526,True,True,1.0,True,True
38SMB_00598_r3360_c2400,0,0.2179357409477234,659.0853881835938,342.890625,225994.20068264008,True,True,1.0,True,True
38SMB_00598_r3360_c2400,1,0.2133240401744842,530.9896850585938,525.9542846679688,279276.2999710627,True,True,1.0,True,True
38SMB_00598_r3360_c2400,2,0.1375894397497177,1093.927001953125,967.7587890625,1058657.4707329273,True,True,1.0,True,True
38SMB_00598_r3360_c2400,3,0.1019619852304458,415.709228515625,408.4881591796875,169812.2975103557,True,True,1.0,True,True
38SMB_00599_r3360_c2640,0,0.6323012709617615,669.3347930908203,665.3219604492188,445323.13673605677,True,True,1.0,True,True
38SMB_00599_r3360_c2640,1,0.4535632133483886,714.1748046875,500.2091979980469,357236.80628314614,True,True,1.0,True,True
38SMB_00599_r3360_c2640,2,0.3749284744262695,866.8057250976562,856.2165832519531,742173.436286347,True,True,1.0,True,True
38SMB_00599_r3360_c2640,3,0.3609271347522735,535.477294921875,407.90771484375,218425.3197222948,True,True,1.0,True,True
38SMB_00599_r3360_c2640,4,0.3106585443019867,505.4154968261719,865.5426025390625,437458.6444864981,True,True,1.0,True,True
38SMB_00599_r3360_c2640,5,0.2955948710441589,886.5225219726562,729.7970581054688,646981.5284798853,True,True,1.0,True,True
38SMB_00599_r3360_c2640,6,0.2047663927078247,461.5916442871094,140.596923828125,64898.36525153369,True,True,1.0,True,True
38SMB_00599_r3360_c2640,7,0.1968696117401123,591.3740539550781,163.9093017578125,96931.70826146379,True,True,1.0,True,True
38SMB_00599_r3360_c2640,8,0.1671087443828582,574.0567016601562,579.229736328125,332510.7119400054,True,True,1.0,True,True
38SMB_00600_r3360_c2880,0,0.4315240383148193,634.7726440429688,389.278564453125,247103.38362716138,True,True,1.0,True,True
38SMB_00600_r3360_c2880,1,0.1453480422496795,538.30078125,475.6302261352539,256032.12231472135,True,True,1.0,True,True
38SMB_00600_r3360_c2880,2,0.1332045346498489,256.783447265625,420.0726318359375,107867.69850477576,True,True,1.0,True,True
38SMB_00600_r3360_c2880,3,0.1305549442768097,902.5692749023438,445.184326171875,401809.6944708377,True,True,1.0,True,True
38SMB_00600_r3360_c2880,4,0.1181719675660133,401.3077926635742,712.43896484375,285907.30838896707,True,True,1.0,True,True
38SMB_00601_r3360_c3120,0,0.7320981025695801,801.9189453125,780.8599853515625,626186.4158898592,True,True,1.0,True,True
38SMB_00601_r3360_c3120,1,0.4823981821537018,674.5924377441406,640.9674072265625,432391.7657555081,True,True,1.0,True,True
38SMB_00601_r3360_c3120,2,0.4524811208248138,951.4556121826172,1019.7521209716797,970248.8785336318,True,True,1.0,True,True
38SMB_00601_r3360_c3120,3,0.3115065395832062,578.69873046875,286.8334770202637,165990.16900756396,True,True,1.0,True,True
38SMB_00601_r3360_c3120,4,0.1721494048833847,394.55108642578125,420.93780517578125,166081.46834978834,True,True,1.0,True,True
38SMB_00601_r3360_c3120,5,0.1300841271877288,117.3004150390625,413.22399139404297,48471.34569461923,True,True,1.0,True,True
38SMB_00601_r3360_c3120,6,0.1257795542478561,421.7591857910156,424.288330078125,178947.50063437968,True,True,1.0,True,True
38SMB_00601_r3360_c3120,7,0.1166853010654449,80.5975341796875,399.80613708496094,32223.388798953965,True,True,1.0,True,True
38SMB_00601_r3360_c3120,8,0.1137604191899299,160.6207275390625,449.0641784667969,72129.01505706832,True,True,1.0,True,True
38SMB_00601_r3360_c3120,9,0.1011097654700279,275.9002685546875,520.8737182617188,143709.19875148684,True,True,1.0,True,True
38SMB_00602_r3360_c3360,0,0.6956801414489746,633.4265899658203,566.4154052734375,358782.57866646163,True,True,1.0,True,True
38SMB_00602_r3360_c3360,1,0.6112689971923828,641.2043762207031,694.1888427734375,445116.92390991375,True,True,1.0,True,True
38SMB_00602_r3360_c3360,2,0.5136573910713196,637.1551704406738,614.0435791015625,391241.04130045744,True,True,1.0,True,True
38SMB_00602_r3360_c3360,3,0.505125105381012,526.1624145507812,417.666015625,219760.15925705433,True,True,1.0,True,True
38SMB_00602_r3360_c3360,4,0.3428906798362732,877.3545837402344,973.3234024047852,853949.7485614789,True,True,1.0,True,True
38SMB_00602_r3360_c3360,5,0.319096952676773,712.8656005859375,735.4412841796875,524270.79274244606,True,True,1.0,True,True
38SMB_00602_r3360_c3360,6,0.3081979751586914,556.4108276367188,274.0851020812988,152503.91849195003,True,True,1.0,True,True
38SMB_00602_r3360_c3360,7,0.2248754054307937,636.7327880859375,673.5723876953125,428885.62439493835,True,True,1.0,True,True
38SMB_00602_r3360_c3360,8,0.1552765071392059,379.0545654296875,190.4412841796875,72187.63821460307,True,True,1.0,True,True
38SMB_00602_r3360_c3360,9,0.1057930141687393,436.88385009765625,442.26470947265625,193218.30903673545,True,True,1.0,True,True
38SMB_00603_r3360_c3600,0,0.6551101207733154,762.2100830078125,685.82275390625,522741.0181835294,True,True,1.0,True,True
38SMB_00603_r3360_c3600,1,0.4456883072853088,821.8658447265625,708.375244140625,582189.4184090197,True,True,1.0,True,True
38SMB_00603_r3360_c3600,2,0.413786768913269,207.66357421875,390.70308685302734,81134.79947419837,True,True,1.0,True,True
38SMB_00603_r3360_c3600,3,0.1691210567951202,388.9681625366211,844.478759765625,328475.3514872398,True,True,1.0,True,True
38SMB_00604_r3360_c3840,0,0.3607042133808136,201.7249298095703,313.7762451171875,63296.49102217518,True,True,1.0,True,True
38SMB_00604_r3360_c3840,1,0.3052149713039398,452.3333740234375,467.57110595703125,211498.01595341414,True,True,1.0,True,True
38SMB_00605_r3360_c4080,0,0.6289798021316528,656.59423828125,724.60205078125,475769.5315897465,True,True,1.0,True,True
38SMB_00605_r3360_c4080,1,0.2403628826141357,1156.9482421875,1189.0554809570312,1375675.6485566497,True,True,1.0,True,True
38SMB_00605_r3360_c4080,2,0.1843715757131576,298.641357421875,875.6853485107422,261515.86115369573,True,True,1.0,True,True
38SMB_00605_r3360_c4080,3,0.1306468248367309,386.0589599609375,976.4635467529297,376972.5012992043,True,True,1.0,True,True
38SMB_00605_r3360_c4080,4,0.1213429346680641,416.46728515625,482.1937561035156,200817.9245237261,True,True,1.0,True,True
38SMB_00605_r3360_c4080,5,0.1179531067609787,478.563232421875,583.7744140625,279372.9705989361,True,True,1.0,True,True
38SMB_00605_r3360_c4080,6,0.1135880947113037,311.86832427978516,566.9119262695312,176801.87245990383,True,True,1.0,True,True
38SMB_00605_r3360_c4080,7,0.1044883802533149,325.565185546875,329.7578430175781,107357.6733475551,True,True,1.0,True,True
38SMB_00606_r3360_c4320,0,0.8679761290550232,522.266845703125,512.1649169921875,267486.7556773126,True,True,1.0,True,True
38SMB_00606_r3360_c4320,1,0.8164207935333252,594.7750854492188,626.9003295898438,372864.6970999427,True,True,1.0,True,True
38SMB_00606_r3360_c4320,2,0.6610032916069031,610.3739547729492,723.4776306152344,441591.9025883835,True,True,1.0,True,True
38SMB_00606_r3360_c4320,3,0.622707188129425,731.1587524414062,705.5105590820312,515840.220212657,True,True,1.0,True,True
38SMB_00606_r3360_c4320,4,0.6080512404441833,632.5555419921875,468.37589263916016,296273.7666244386,True,True,1.0,True,True
38SMB_00606_r3360_c4320,5,0.4662352502346039,893.35205078125,851.42822265625,760625.1488029957,True,True,1.0,True,True
38SMB_00606_r3360_c4320,6,0.2088060975074768,241.9573974609375,200.5279541015625,48519.22189258039,True,True,1.0,True,True
38SMB_00606_r3360_c4320,7,0.1179636195302009,430.565185546875,353.36669921875,152147.39841520786,True,True,1.0,True,True
38SMB_00606_r3360_c4320,8,0.1161640062928199,892.9966735839844,840.1476287841797,750249.0378237446,True,True,1.0,True,True
38SMB_00607_r3360_c4560,0,0.862953245639801,525.9119415283203,509.7723388671875,268095.3604710754,True,True,1.0,True,True
38SMB_00607_r3360_c4560,1,0.2827365100383758,248.97689819335938,670.484619140625,166935.18075998873,True,True,1.0,True,True
38SMB_00607_r3360_c4560,2,0.1932573765516281,522.528076171875,495.7068634033203,259020.7536793314,True,True,1.0,True,True
38SMB_00607_r3360_c4560,3,0.1629629731178283,759.5797729492188,915.5303955078125,695418.3699479327,True,True,1.0,True,True
38SMB_00607_r3360_c4560,4,0.1541739404201507,776.507568359375,1012.43408203125,786162.7271622419,True,True,1.0,True,True
38SMB_00608_r3360_c4800,0,0.2231130450963974,752.5059509277344,776.09375,584015.1653528214,True,True,1.0,True,True
38SMB_00609_r3360_c5040,0,0.4449116587638855,516.4178466796875,320.1171875,165314.22865390778,True,True,1.0,True,True
38SMB_00610_r3360_c5280,0,0.3520399034023285,518.7176322937012,312.650146484375,162177.14372065384,True,True,1.0,True,True
38SMB_00610_r3360_c5280,1,0.1443728953599929,557.7978515625,565.65673828125,315522.1133351326,True,True,1.0,True,True
38SMB_00611_r3360_c5520,0,0.706976592540741,834.8753356933594,1019.7761535644531,851385.9585392056,True,True,1.0,True,True
38SMB_00612_r3360_c5760,0,0.5605068802833557,585.58837890625,586.8914031982422,343676.785392873,True,True,1.0,True,True
38SMB_00612_r3360_c5760,1,0.4179860949516296,848.43505859375,922.7239990234375,782871.3901773095,True,True,1.0,True,True
38SMB_00612_r3360_c5760,2,0.2922771871089935,1268.8706970214844,1080.8818817138672,1371499.3466481683,True,True,1.0,True,True
38SMB_00613_r3360_c6000,0,0.4149106442928314,829.6975708007812,903.5739135742188,749693.0811314844,True,True,1.0,True,True
38SMB_00613_r3360_c6000,1,0.1121263206005096,287.5920104980469,309.50103759765625,89010.02565394156,True,True,1.0,True,True
38SMB_00621_r3360_c7920,0,0.7240543365478516,489.13330078125,492.4656295776367,240881.33891662583,True,True,1.0,True,True
38SMB_00621_r3360_c7920,1,0.2077465504407882,284.66064453125,260.0262260437012,74019.23310062848,True,True,1.0,True,True
38SMB_00622_r3360_c8160,0,0.7144677639007568,476.8254089355469,488.38401794433594,232873.90907389345,True,True,1.0,True,True
38SMB_00622_r3360_c8160,1,0.2127033472061157,188.28733444213867,266.74495697021484,50224.69692380473,True,True,1.0,True,True
38SMB_00627_r3360_c9360,0,0.1680502295494079,295.9619140625,95.5438232421875,28277.332803606987,True,True,1.0,True,True
38SMB_00628_r3360_c9600,0,0.1513073593378067,321.9329833984375,484.9232482910156,156112.78804158792,True,True,1.0,True,True
38SMB_00629_r3360_c9680,0,0.1849518120288849,451.1279296875,478.71978759765625,215963.8666793704,True,True,1.0,True,True
38SMB_00632_r3600_c480,0,0.1780587583780288,804.3536376953125,1016.705322265625,817790.6244285405,True,True,1.0,True,True
38SMB_00632_r3600_c480,1,0.1464019566774368,1092.9351806640625,861.7076110839844,941790.5635996722,True,True,1.0,True,True
38SMB_00633_r3600_c720,0,0.1558475196361541,1113.3837127685547,859.1352844238281,956547.23274227,True,True,1.0,True,True
38SMB_00635_r3600_c1200,0,0.1759526580572128,320.42755126953125,395.13336181640625,126611.61555172876,True,True,1.0,True,True
38SMB_00635_r3600_c1200,1,0.1290720254182815,530.8333587646484,502.2920608520508,266633.3817429113,True,True,1.0,True,True
38SMB_00636_r3600_c1440,0,0.8568763732910156,391.66656494140625,373.7629699707031,146390.45855072327,True,True,1.0,True,True
38SMB_00636_r3600_c1440,1,0.204118013381958,327.1505355834961,512.0578002929688,167519.9836155516,True,True,1.0,True,True
38SMB_00637_r3600_c1680,0,0.5711172223091125,621.2896728515625,580.2325439453125,360492.48740561306,True,True,1.0,True,True
38SMB_00637_r3600_c1680,1,0.4291040301322937,562.2679901123047,582.5925064086914,327573.1176329049,True,True,1.0,True,True
38SMB_00637_r3600_c1680,2,0.3277592658996582,831.8568420410156,847.4270629882812,704938.0004775245,True,True,1.0,True,True
38SMB_00638_r3600_c1920,0,0.1422488838434219,485.71685791015625,461.01806640625,223924.2466546595,True,True,1.0,True,True
38SMB_00639_r3600_c2160,0,0.5646747946739197,535.6065368652344,564.034423828125,302100.52441935986,True,True,1.0,True,True
38SMB_00639_r3600_c2160,1,0.3663233518600464,542.3553466796875,561.488037109375,304526.0390229523,True,True,1.0,True,True
38SMB_00639_r3600_c2160,2,0.1587571948766708,959.9896240234375,995.6282043457031,955792.7455569617,True,True,1.0,True,True
38SMB_00639_r3600_c2160,3,0.1140255257487297,601.0980224609375,580.7915878295898,349112.67490631435,True,True,1.0,True,True
38SMB_00639_r3600_c2160,4,0.1033036857843399,681.4837646484375,662.1466064453125,451242.1621095389,True,True,1.0,True,True
38SMB_00640_r3600_c2400,0,0.5528011918067932,499.4338607788086,552.5289916992188,275951.6875165631,True,True,1.0,True,True
38SMB_00640_r3600_c2400,1,0.411345899105072,625.372314453125,578.2192993164062,361602.3414749652,True,True,1.0,True,True
38SMB_00640_r3600_c2400,2,0.2441617846488952,671.2420654296875,719.0875244140625,482681.79511241615,True,True,1.0,True,True
38SMB_00640_r3600_c2400,3,0.1314814835786819,722.9058837890625,977.5172424316406,706652.9660590924,True,True,1.0,True,True
38SMB_00640_r3600_c2400,4,0.1012605801224708,885.3536987304688,923.5516357421875,817669.8566729203,True,True,1.0,True,True
38SMB_00641_r3600_c2640,0,0.3623409569263458,454.1827392578125,275.4840087890625,125120.0817335397,True,True,1.0,True,True
38SMB_00641_r3600_c2640,1,0.3484297096729278,574.8222351074219,618.6676025390625,355623.894080054,True,True,1.0,True,True
38SMB_00641_r3600_c2640,2,0.1999871134757995,516.7340087890625,673.5693359375,348056.1831563711,True,True,1.0,True,True
38SMB_00641_r3600_c2640,3,0.1833463162183761,762.9013061523438,770.3364562988281,587690.6886871438,True,True,1.0,True,True
38SMB_00641_r3600_c2640,4,0.1003860309720039,154.09602165222168,445.57830810546875,68661.84461358062,True,True,1.0,True,True
38SMB_00642_r3600_c2880,0,0.4527034759521484,748.507080078125,436.0479736328125,326384.9955178797,True,True,1.0,True,True
38SMB_00642_r3600_c2880,1,0.3945817053318023,563.9616394042969,307.1527099609375,173222.34585704282,True,True,1.0,True,True
38SMB_00642_r3600_c2880,2,0.1532694399356842,546.88232421875,542.5460815429688,296708.8620699942,True,True,1.0,True,True
38SMB_00642_r3600_c2880,3,0.1002573519945144,255.035400390625,425.49522399902344,108516.34481688961,True,True,1.0,True,True
38SMB_00643_r3600_c3120,0,0.7141703963279724,797.3260498046875,761.3264465332031,607025.4082261585,True,True,1.0,True,True
38SMB_00643_r3600_c3120,1,0.5899311900138855,383.621826171875,600.4107666015625,230330.67473694682,True,True,1.0,True,True
38SMB_00643_r3600_c3120,2,0.3021941781044006,637.2606658935547,200.48828125,127763.29561322927,True,True,1.0,True,True
38SMB_00643_r3600_c3120,3,0.257327139377594,559.7610473632812,506.7018127441406,283631.93740253337,True,True,1.0,True,True
38SMB_00643_r3600_c3120,4,0.2380324453115463,1106.5643310546875,1151.7852020263672,1274524.421598995,True,True,1.0,True,True
38SMB_00643_r3600_c3120,5,0.1638043522834777,838.3627319335938,782.6641845703125,656156.4839629456,True,True,1.0,True,True
38SMB_00643_r3600_c3120,6,0.1466187536716461,507.7508544921875,267.68199920654297,135915.76382929925,True,True,1.0,True,True
38SMB_00643_r3600_c3120,7,0.134178340435028,555.6201171875,157.4365234375,87474.89960193634,True,True,1.0,True,True
38SMB_00643_r3600_c3120,8,0.1066833138465881,421.16058349609375,432.54241943359375,182169.81775546446,True,True,1.0,True,True
38SMB_00644_r3600_c3360,0,0.6463723182678223,669.1350936889648,642.962646484375,430228.87069382705,True,True,1.0,True,True
38SMB_00644_r3600_c3360,1,0.5952200889587402,648.9152526855469,715.8038330078125,464496.02516954765,True,True,1.0,True,True
38SMB_00644_r3600_c3360,2,0.3240509033203125,422.68798828125,407.169189453125,172105.52558004856,True,True,1.0,True,True
38SMB_00644_r3600_c3360,3,0.2308365404605865,850.650634765625,886.2211608886719,753864.5930526778,True,True,1.0,True,True
38SMB_00644_r3600_c3360,4,0.1806574016809463,1292.7432250976562,1214.9075317382812,1570563.4807747789,True,True,1.0,True,True
38SMB_00644_r3600_c3360,5,0.1793625354766845,774.5089721679688,917.9498672485352,710960.4081843863,True,True,1.0,True,True
38SMB_00644_r3600_c3360,6,0.1735985577106475,776.39892578125,468.22303771972656,363527.8635116294,True,True,1.0,True,True
38SMB_00644_r3600_c3360,7,0.135659247636795,443.8423156738281,190.26927947998047,84449.55760598532,True,True,1.0,True,True
38SMB_00644_r3600_c3360,8,0.1349741071462631,606.8491363525391,268.71875762939453,163071.74598912534,True,True,1.0,True,True
38SMB_00645_r3600_c3600,0,0.2978805601596832,436.2769317626953,406.93756103515625,177537.47054741252,True,True,1.0,True,True
38SMB_00645_r3600_c3600,1,0.2022321671247482,443.0741882324219,429.51080322265625,190305.1504749339,True,True,1.0,True,True
38SMB_00645_r3600_c3600,2,0.1713215261697769,414.58587646484375,433.39866638183594,179680.96596060786,True,True,1.0,True,True
38SMB_00645_r3600_c3600,3,0.1362230777740478,896.0957336425781,680.1913452148438,609516.5625076275,True,True,1.0,True,True
38SMB_00646_r3600_c3840,0,0.7783575654029846,692.3416137695312,591.072998046875,409224.43332336843,True,True,1.0,True,True
38SMB_00646_r3600_c3840,1,0.3451396524906158,614.4334411621094,704.840087890625,433077.32067164034,True,True,1.0,True,True
38SMB_00646_r3600_c3840,2,0.1229827776551246,540.0625610351562,214.94892120361328,116085.86487696739,True,True,1.0,True,True
38SMB_00646_r3600_c3840,3,0.1217021197080612,784.4248199462891,575.858154296875,451717.4289989285,True,True,1.0,True,True
38SMB_00646_r3600_c3840,4,0.1179294437170028,452.6177978515625,420.2301025390625,190203.62360216677,True,True,1.0,True,True
38SMB_00647_r3600_c4080,0,0.5722622275352478,597.94189453125,609.6368408203125,364527.40757614374,True,True,1.0,True,True
38SMB_00647_r3600_c4080,1,0.5721754431724548,651.2718200683594,730.1383972167969,475518.56285717804,True,True,1.0,True,True
38SMB_00647_r3600_c4080,2,0.4624438881874084,655.2848052978516,739.8279571533203,484798.01885712077,True,True,1.0,True,True
38SMB_00647_r3600_c4080,3,0.1946678608655929,1273.8225555419922,1179.7242736816406,1502759.389136068,True,True,1.0,True,True
38SMB_00647_r3600_c4080,4,0.1240099146962165,1209.4631958007812,1344.949951171875,1626667.4661364406,True,True,1.0,True,True
38SMB_00647_r3600_c4080,5,0.1037907525897026,467.806396484375,459.60693359375,215007.06340372562,True,True,1.0,True,True
38SMB_00648_r3600_c4320,0,0.6168177723884583,607.4579620361328,729.1942596435547,442954.8588915204,True,True,1.0,True,True
38SMB_00648_r3600_c4320,1,0.5842761993408203,483.41796875,234.4611358642578,113342.72605031729,True,True,1.0,True,True
38SMB_00648_r3600_c4320,2,0.396825760602951,503.20526123046875,480.56121826171875,241820.9333726205,True,True,1.0,True,True
38SMB_00648_r3600_c4320,3,0.2322972863912582,737.9104614257812,1204.9151611328125,889119.5025304332,True,True,1.0,True,True
38SMB_00648_r3600_c4320,4,0.1133476346731185,572.8121948242188,308.9215087890625,176954.00747787207,True,True,1.0,True,True
38SMB_00649_r3600_c4560,0,0.5882908701896667,479.7637939453125,234.40622329711914,112459.61901341798,True,True,1.0,True,True
38SMB_00650_r3600_c4800,0,0.2988788187503814,392.28271484375,387.742919921875,152104.84528839588,True,True,1.0,True,True
38SMB_00650_r3600_c4800,1,0.2429936379194259,776.4212036132812,587.5061416625977,456152.225639869,True,True,1.0,True,True
38SMB_00650_r3600_c4800,2,0.1039748862385749,598.1832885742188,606.424560546875,362753.0379001051,True,True,1.0,True,True
38SMB_00651_r3600_c5040,0,0.331141710281372,538.978271484375,662.9154968261719,357297.0486195758,True,True,1.0,True,True
38SMB_00651_r3600_c5040,1,0.3003958165645599,626.5631103515625,612.2137451171875,383590.5483406037,True,True,1.0,True,True
38SMB_00651_r3600_c5040,2,0.1082153618335723,208.19463729858398,462.1112060546875,96209.07493616687,True,True,1.0,True,True
38SMB_00652_r3600_c5280,0,0.2732916176319122,1453.7176513671875,1422.5902557373047,2068044.5654282812,True,True,1.0,True,True
38SMB_00652_r3600_c5280,1,0.2567051351070404,622.846851348877,621.6194152832031,387173.695546473,True,True,1.0,True,True
38SMB_00652_r3600_c5280,2,0.1840907931327819,921.4768981933594,1355.72509765625,1249269.3577911705,True,True,1.0,True,True
38SMB_00652_r3600_c5280,3,0.1295988261699676,717.63427734375,649.7590637207031,466289.3761407584,True,True,1.0,True,True
38SMB_00652_r3600_c5280,4,0.1235203072428703,662.7339172363281,707.4737548828125,468866.85291538015,True,True,1.0,True,True
38SMB_00652_r3600_c5280,5,0.1213524267077446,425.1849365234375,398.1622314453125,169292.58310310543,True,True,1.0,True,True
38SMB_00652_r3600_c5280,6,0.1016940325498581,212.08574295043945,545.355224609375,115662.06798318308,True,True,1.0,True,True
38SMB_00653_r3600_c5520,0,0.6547727584838867,518.333740234375,498.5472869873047,258413.87994783,True,True,1.0,True,True
38SMB_00653_r3600_c5520,1,0.5168299674987793,425.2880859375,896.9149780273438,381447.2542539239,True,True,1.0,True,True
38SMB_00653_r3600_c5520,2,0.3688254058361053,364.5458984375,375.02197265625,136712.72195577621,True,True,1.0,True,True
38SMB_00653_r3600_c5520,3,0.3103459775447845,1163.9723205566406,1155.028076171875,1344420.7101298496,True,True,1.0,True,True
38SMB_00653_r3600_c5520,4,0.2773482501506805,740.648193359375,763.023681640625,565132.1112975478,True,True,1.0,True,True
38SMB_00653_r3600_c5520,5,0.1968758106231689,356.168212890625,727.2271728515625,259015.20252004266,True,True,1.0,True,True
38SMB_00653_r3600_c5520,6,0.1715350151062011,1220.65673828125,899.9398803710938,1098517.6790229976,True,True,1.0,True,True
38SMB_00653_r3600_c5520,7,0.1591521799564361,1809.83642578125,1683.0352020263672,3046018.4144994244,True,True,1.0,True,True
38SMB_00653_r3600_c5520,8,0.128650277853012,776.9113159179688,388.232421875,301622.16176092625,True,True,1.0,True,True
38SMB_00654_r3600_c5760,0,0.6683353185653687,519.3987274169922,504.11041259765625,261834.30678087752,True,True,1.0,True,True
38SMB_00654_r3600_c5760,1,0.4045832455158233,356.75647735595703,367.6800537109375,131172.24075596314,True,True,1.0,True,True
38SMB_00654_r3600_c5760,2,0.3916794657707214,844.3756103515625,878.682861328125,741938.3773393929,True,True,1.0,True,True
38SMB_00654_r3600_c5760,3,0.2650842368602752,729.1067504882812,731.636962890625,533441.4485502988,True,True,1.0,True,True
38SMB_00654_r3600_c5760,4,0.1328340619802475,408.7603569030762,434.02191162109375,177410.95149799366,True,True,1.0,True,True
38SMB_00655_r3600_c6000,0,0.2126556783914566,572.9344177246094,569.324951171875,326185.85939574987,True,True,1.0,True,True
38SMB_00655_r3600_c6000,1,0.1003424599766731,512.7178955078125,185.4730224609375,95095.33774964511,True,True,1.0,True,True
38SMB_00656_r3600_c6240,0,0.6962928771972656,471.74652099609375,401.951904296875,189619.4124598056,True,True,1.0,True,True
38SMB_00657_r3600_c6480,0,0.22955983877182,549.7772216796875,565.1470947265625,310704.9995791167,True,True,1.0,True,True
38SMB_00659_r3600_c6960,0,0.267375111579895,908.1719970703125,852.8048706054688,774493.502449058,True,True,1.0,True,True
38SMB_00660_r3600_c7200,0,0.1500676125288009,509.8126220703125,498.87969970703125,254335.1678052917,True,True,1.0,True,True
38SMB_00661_r3600_c7440,0,0.2383544892072677,677.2113037109375,638.5809326171875,432454.2259026319,True,True,1.0,True,True
38SMB_00661_r3600_c7440,1,0.2372931689023971,586.578369140625,280.927734375,164786.1322760582,True,True,1.0,True,True
38SMB_00662_r3600_c7680,0,0.1591025441884994,558.1048583984375,523.1063842773438,291948.21452442557,True,True,1.0,True,True
38SMB_00673_r3840_c240,0,0.1052799522876739,282.481689453125,274.45587158203125,77528.7582848221,True,True,1.0,True,True
38SMB_00677_r3840_c1200,0,0.2108697593212127,996.4300537109375,738.8197326660156,736182.1859030984,True,True,1.0,True,True
38SMB_00678_r3840_c1440,0,0.2125570029020309,1352.0896911621094,900.8981323242188,1218095.077502774,True,True,1.0,True,True
38SMB_00678_r3840_c1440,1,0.1029597148299217,441.7034912109375,449.1436767578125,198388.3300792426,True,True,1.0,True,True
38SMB_00680_r3840_c1920,0,0.6804705262184143,562.0684814453125,575.177001953125,323288.8640500605,True,True,1.0,True,True
38SMB_00680_r3840_c1920,1,0.574775218963623,639.9325561523438,653.251953125,418037.1921747923,True,True,1.0,True,True
38SMB_00680_r3840_c1920,2,0.4235551357269287,1061.8628692626953,954.9703979492188,1014047.6068272954,True,True,1.0,True,True
38SMB_00680_r3840_c1920,3,0.3324511051177978,239.8284912109375,449.9383544921875,107908.03669579327,True,True,1.0,True,True
38SMB_00680_r3840_c1920,4,0.1625084280967712,514.6044921875,537.7410888671875,276723.97996485233,True,True,1.0,True,True
38SMB_00680_r3840_c1920,5,0.1264433711767196,476.93359375,423.78780364990234,202118.6401821673,True,True,1.0,True,True
38SMB_00680_r3840_c1920,6,0.1148742213845253,190.885009765625,384.66278076171875,73426.35866217315,True,True,1.0,True,True
38SMB_00681_r3840_c2160,0,0.5660495758056641,519.8821640014648,437.6025390625,227501.75498034805,True,True,1.0,True,True
38SMB_00681_r3840_c2160,1,0.4278595745563507,361.0198211669922,725.9271240234375,262074.08049521036,True,True,1.0,True,True
38SMB_00681_r3840_c2160,2,0.3311358988285064,477.952880859375,182.54072189331055,87245.86390305776,True,True,1.0,True,True
38SMB_00681_r3840_c2160,3,0.2927925288677215,434.197998046875,405.84808349609375,176218.42536516488,True,True,1.0,True,True
38SMB_00681_r3840_c2160,4,0.1636313498020172,520.1946258544922,533.092041015625,277311.61482213065,True,True,1.0,True,True
38SMB_00681_r3840_c2160,5,0.1256050020456314,426.5155029296875,429.8248291015625,183326.9531559199,True,True,1.0,True,True
38SMB_00682_r3840_c2400,0,0.4768948853015899,610.7764434814453,256.16607666015625,156460.2052430855,True,True,1.0,True,True
38SMB_00682_r3840_c2400,1,0.3864291906356811,456.8492126464844,212.2088623046875,96947.4516605027,True,True,1.0,True,True
38SMB_00682_r3840_c2400,2,0.3010183870792389,452.4552917480469,186.56394958496094,84411.84623913141,True,True,1.0,True,True
38SMB_00682_r3840_c2400,3,0.2680022418498993,506.43653869628906,398.31787109375,201722.7239375934,True,True,1.0,True,True
38SMB_00682_r3840_c2400,4,0.1694063991308212,503.08685302734375,208.267822265625,104776.80329047143,True,True,1.0,True,True
38SMB_00682_r3840_c2400,5,0.1117438003420829,545.21484375,659.8809814453125,359776.9061923027,True,True,1.0,True,True
38SMB_00683_r3840_c2640,0,0.4029605090618133,528.2278442382812,312.2375679016113,164932.5773828721,True,True,1.0,True,True
38SMB_00683_r3840_c2640,1,0.3774555325508117,400.39730072021484,227.83050537109375,91222.71937230835,True,True,1.0,True,True
38SMB_00683_r3840_c2640,2,0.2851088643074035,501.4166259765625,612.9234313964844,307329.99895280227,True,True,1.0,True,True
38SMB_00683_r3840_c2640,3,0.2824156880378723,671.9641876220703,652.3345947265625,438345.48600320704,True,True,1.0,True,True
38SMB_00683_r3840_c2640,4,0.2818637490272522,963.123779296875,1016.9656372070312,979463.7879218906,True,True,1.0,True,True
38SMB_00683_r3840_c2640,5,0.2654532194137573,511.9854736328125,857.6616668701172,439110.3147292044,True,True,1.0,True,True
38SMB_00683_r3840_c2640,6,0.1455753594636917,547.2137451171875,359.49974060058594,196723.19942270406,True,True,1.0,True,True
38SMB_00684_r3840_c2880,0,0.408007800579071,449.28741455078125,458.5687255859375,206029.15711235255,True,True,1.0,True,True
38SMB_00684_r3840_c2880,1,0.4074932038784027,735.9779357910156,683.9808654785156,503394.82549543027,True,True,1.0,True,True
38SMB_00684_r3840_c2880,2,0.404375821352005,657.4026489257812,644.4918823242188,423690.6706511043,True,True,1.0,True,True
38SMB_00684_r3840_c2880,3,0.3293207287788391,549.3310546875,552.213134765625,303347.82373309135,True,True,1.0,True,True
38SMB_00684_r3840_c2880,4,0.2758589684963226,637.1197509765625,667.4859619140625,425268.4898350388,True,True,1.0,True,True
38SMB_00684_r3840_c2880,5,0.2611580193042755,589.9360466003418,581.3970947265625,342987.1035679127,True,True,1.0,True,True
38SMB_00684_r3840_c2880,6,0.260285884141922,704.5068359375,745.8680725097656,525469.1557906568,True,True,1.0,True,True
38SMB_00684_r3840_c2880,7,0.2210533320903778,334.049072265625,335.00152587890625,111906.9489274174,True,True,1.0,True,True
38SMB_00684_r3840_c2880,8,0.1191582605242729,811.4410400390625,599.0841293334961,486121.4489772683,True,True,1.0,True,True
38SMB_00685_r3840_c3120,0,0.6733457446098328,594.5901489257812,653.12744140625,388343.14265325665,True,True,1.0,True,True
38SMB_00685_r3840_c3120,1,0.6547843813896179,396.4892578125,499.9038314819336,198206.49912189692,True,True,1.0,True,True
38SMB_00685_r3840_c3120,2,0.5245760083198547,481.1383056640625,509.18853759765625,244990.1102432981,True,True,1.0,True,True
38SMB_00685_r3840_c3120,3,0.481485515832901,474.5379638671875,619.3098449707031,293886.032835301,True,True,1.0,True,True
38SMB_00685_r3840_c3120,4,0.4272485375404358,847.8738403320312,927.3992156982422,786317.5345349824,True,True,1.0,True,True
38SMB_00685_r3840_c3120,5,0.3531455993652344,666.146240234375,735.4454040527344,489914.1908073798,True,True,1.0,True,True
38SMB_00685_r3840_c3120,6,0.2802697718143463,566.4938354492188,526.1486053466797,298059.9414590979,True,True,1.0,True,True
38SMB_00685_r3840_c3120,7,0.2441667318344116,1062.7523803710938,1114.82666015625,1184784.686782211,True,True,1.0,True,True
38SMB_00685_r3840_c3120,8,0.2162820249795913,337.0555877685547,335.531005859375,113092.60039450601,True,True,1.0,True,True
38SMB_00685_r3840_c3120,9,0.2025626301765442,532.9840087890625,824.9264526367188,439672.60768245906,True,True,1.0,True,True
38SMB_00685_r3840_c3120,10,0.2002400606870651,270.7596969604492,582.7310180664062,157780.07386111422,True,True,1.0,True,True
38SMB_00685_r3840_c3120,11,0.1871329694986343,287.6262092590332,785.8587646484375,226033.5774888168,True,True,1.0,True,True
38SMB_00685_r3840_c3120,12,0.1844188421964645,490.9361267089844,645.3086853027344,316805.3464941913,True,True,1.0,True,True
38SMB_00685_r3840_c3120,13,0.1778801679611206,648.1366729736328,571.9973754882812,370732.4758986244,True,True,1.0,True,True
38SMB_00685_r3840_c3120,14,0.1491215974092483,567.0940399169922,316.74217224121094,179622.5980683521,True,True,1.0,True,True
38SMB_00685_r3840_c3120,15,0.1426135897636413,733.253173828125,751.2826538085938,550880.3903471678,True,True,1.0,True,True
38SMB_00686_r3840_c3360,0,0.8298026919364929,485.3343200683594,447.933349609375,217397.42766860873,True,True,1.0,True,True
38SMB_00686_r3840_c3360,1,0.6550568342208862,683.2670593261719,518.8385772705078,354505.3089565947,True,True,1.0,True,True
38SMB_00686_r3840_c3360,2,0.5389173626899719,433.3390426635742,652.5274658203125,282765.62735026237,True,True,1.0,True,True
38SMB_00686_r3840_c3360,3,0.5200541019439697,533.3397102355957,518.9035034179688,276751.8441531749,True,True,1.0,True,True
38SMB_00686_r3840_c3360,4,0.2377582043409347,363.8966369628906,727.5753784179688,264762.23334330134,True,True,1.0,True,True
38SMB_00686_r3840_c3360,5,0.2274401783943176,443.2781982421875,446.28021240234375,197826.28846485168,True,True,1.0,True,True
38SMB_00686_r3840_c3360,6,0.2112514376640319,285.4412841796875,649.3536376953125,185352.33623050153,True,True,1.0,True,True
38SMB_00686_r3840_c3360,7,0.1434407383203506,683.5962677001953,821.0186767578125,561245.3031437937,True,True,1.0,True,True
38SMB_00687_r3840_c3600,0,0.8268098831176758,479.55352783203125,445.7666015625,213768.94636899233,True,True,1.0,True,True
38SMB_00687_r3840_c3600,1,0.3623408675193786,431.93267822265625,404.974365234375,174921.66218720376,True,True,1.0,True,True
38SMB_00687_r3840_c3600,2,0.2066744416952133,1248.4933471679688,1187.7301025390625,1482873.1312511489,True,True,1.0,True,True
38SMB_00687_r3840_c3600,3,0.2038453370332718,187.2225570678711,497.67181396484375,93175.38959110389,True,True,1.0,True,True
38SMB_00687_r3840_c3600,4,0.1486839205026626,853.5675048828125,941.3983154296875,803547.0112022012,True,True,1.0,True,True
38SMB_00687_r3840_c3600,5,0.108833447098732,578.880615234375,604.398193359375,349874.39801841974,True,True,1.0,True,True
38SMB_00687_r3840_c3600,6,0.1056734398007392,618.5858154296875,710.6802368164062,439616.7138008401,True,True,1.0,True,True
38SMB_00688_r3840_c3840,0,0.7680712938308716,691.8423461914062,611.0501098632812,422750.34164832905,True,True,1.0,True,True
38SMB_00688_r3840_c3840,1,0.3081381916999817,470.05859375,468.60107421875,220269.961977005,True,True,1.0,True,True
38SMB_00688_r3840_c3840,2,0.2520614564418793,751.0846710205078,718.4508514404297,539617.4213985389,True,True,1.0,True,True
38SMB_00688_r3840_c3840,3,0.2091530859470367,922.5553894042969,915.2010345458984,844323.6468087067,True,True,1.0,True,True
38SMB_00688_r3840_c3840,4,0.1647844910621643,731.5545654296875,791.461181640625,578997.0407895744,True,True,1.0,True,True
38SMB_00688_r3840_c3840,5,0.1276020854711532,601.6564178466797,551.5059089660645,331817.06960979936,True,True,1.0,True,True
38SMB_00688_r3840_c3840,6,0.1001794412732124,605.5751037597656,580.8802795410156,351766.6355550522,True,True,1.0,True,True
38SMB_00689_r3840_c4080,0,0.5169435143470764,584.3606567382812,591.2667083740234,345513.00201292615,True,True,1.0,True,True
38SMB_00689_r3840_c4080,1,0.2256408929824829,893.846435546875,653.7425231933594,584345.4241218045,True,True,1.0,True,True
38SMB_00689_r3840_c4080,2,0.211836576461792,397.35931396484375,495.963134765625,197075.5709823221,True,True,1.0,True,True
38SMB_00689_r3840_c4080,3,0.2055297642946243,728.6847686767578,762.520751953125,555637.2577481903,True,True,1.0,True,True
38SMB_00689_r3840_c4080,4,0.1783779710531234,559.5489501953125,164.2477035522461,91904.6300946502,True,True,1.0,True,True
38SMB_00689_r3840_c4080,5,0.1694021224975586,438.1536865234375,144.64557647705078,63376.99257272761,True,True,1.0,True,True
38SMB_00689_r3840_c4080,6,0.1377773433923721,769.1278076171875,642.0619201660156,493827.67701176926,True,True,1.0,True,True
38SMB_00689_r3840_c4080,7,0.1332762241363525,376.427001953125,878.3793640136719,330645.71057315916,True,True,1.0,True,True
38SMB_00689_r3840_c4080,8,0.1231818944215774,476.29638671875,596.3108825683594,284020.7187283784,True,True,1.0,True,True
38SMB_00690_r3840_c4320,0,0.710608720779419,520.2667236328125,532.0672607421875,276816.89049862325,True,True,1.0,True,True
38SMB_00690_r3840_c4320,1,0.4705624580383301,582.7374267578125,626.4776611328125,365071.980169788,True,True,1.0,True,True
38SMB_00690_r3840_c4320,2,0.192377507686615,704.9217224121094,663.4013366699219,467646.012895857,True,True,1.0,True,True
38SMB_00690_r3840_c4320,3,0.1609697043895721,955.2394104003906,903.5511779785156,863107.6945187757,True,True,1.0,True,True
38SMB_00691_r3840_c4560,0,0.7198987007141113,523.5616111755371,536.143798828125,280704.31113622617,True,True,1.0,True,True
38SMB_00691_r3840_c4560,1,0.5759010910987854,580.3710174560547,593.6114501953125,344514.88132341765,True,True,1.0,True,True
38SMB_00691_r3840_c4560,2,0.5716035962104797,521.6571044921875,529.4915771484375,276213.0429882556,True,True,1.0,True,True
38SMB_00691_r3840_c4560,3,0.1473724693059921,473.251953125,473.3270263671875,224002.93969511986,True,True,1.0,True,True
38SMB_00692_r3840_c4800,0,0.8091028332710266,532.6498413085938,515.6939697265625,274684.31113865227,True,True,1.0,True,True
38SMB_00692_r3840_c4800,1,0.2488093674182891,693.8735961914062,665.2510070800781,461600.10865260847,True,True,1.0,True,True
38SMB_00692_r3840_c4800,2,0.1554057598114013,483.9407730102539,477.3939514160156,231030.3978786862,True,True,1.0,True,True
38SMB_00692_r3840_c4800,3,0.1141304448246955,552.1380615234375,546.3846206665039,301679.7453010222,True,True,1.0,True,True
38SMB_00694_r3840_c5280,0,0.1595351696014404,316.18011474609375,472.547607421875,149410.1567376405,True,True,1.0,True,True
38SMB_00694_r3840_c5280,1,0.1470398753881454,627.9034423828125,598.5275268554688,375817.4944734201,True,True,1.0,True,True
38SMB_00694_r3840_c5280,2,0.1167869716882705,786.1114501953125,790.7281112670898,621600.4222583724,True,True,1.0,True,True
38SMB_00695_r3840_c5520,0,0.6956900358200073,416.4434814453125,458.89862060546875,191105.33919539303,True,True,1.0,True,True
38SMB_00695_r3840_c5520,1,0.2543131411075592,992.8924560546875,597.0083618164062,592765.0986490771,True,True,1.0,True,True
38SMB_00695_r3840_c5520,2,0.2261484563350677,678.6676025390625,391.4580535888672,265669.89872376435,True,True,1.0,True,True
38SMB_00695_r3840_c5520,3,0.1978849619626999,381.04522705078125,131.11092567443848,49959.192442454514,True,True,1.0,True,True
38SMB_00695_r3840_c5520,4,0.1930120140314102,926.4561462402344,989.42138671875,916655.5249471217,True,True,1.0,True,True
38SMB_00695_r3840_c5520,5,0.1926967054605484,440.95211029052734,450.682373046875,198729.3434657622,True,True,1.0,True,True
38SMB_00695_r3840_c5520,6,0.1429287940263748,763.5153198242188,745.3347778320312,569074.5212725364,True,True,1.0,True,True
38SMB_00695_r3840_c5520,7,0.117353469133377,797.6650238037109,1117.9647064208984,891761.3441589347,True,True,1.0,True,True
38SMB_00696_r3840_c5760,0,0.6807385087013245,376.8934631347656,408.36761474609375,153911.08455373906,True,True,1.0,True,True
38SMB_00696_r3840_c5760,1,0.168130025267601,641.5525054931641,341.4283752441406,219044.2295843386,True,True,1.0,True,True
38SMB_00697_r3840_c6000,0,0.3884016573429107,333.4119415283203,335.9747314453125,112017.98751563765,True,True,1.0,True,True
38SMB_00697_r3840_c6000,1,0.1174779757857322,329.2732238769531,333.6004829406738,109845.70650478418,True,True,1.0,True,True
38SMB_00698_r3840_c6240,0,0.6990728974342346,477.68829345703125,477.24266052246094,227973.23206986766,True,True,1.0,True,True
38SMB_00698_r3840_c6240,1,0.2024964094161987,520.2397155761719,539.481201171875,280659.5466563478,True,True,1.0,True,True
38SMB_00703_r3840_c7440,0,0.4691254198551178,672.9638671875,673.3587646484375,453146.11826241016,True,True,1.0,True,True
38SMB_00703_r3840_c7440,1,0.3854010999202728,626.8383026123047,633.7741470336914,397273.91056616034,True,True,1.0,True,True
38SMB_00703_r3840_c7440,2,0.2294912934303283,668.7518310546875,622.2212219238281,416111.5814826451,True,True,1.0,True,True
38SMB_00703_r3840_c7440,3,0.1048866957426071,472.8562927246094,479.422607421875,226697.9967938736,True,True,1.0,True,True
38SMB_00707_r3840_c8400,0,0.827133059501648,371.80694580078125,468.9557647705078,174361.01061499212,True,True,1.0,True,True
38SMB_00708_r3840_c8640,0,0.8301432728767395,467.61959075927734,465.8038330078125,217818.99776521605,True,True,1.0,True,True
38SMB_00714_r4080_c0,0,0.2284356653690338,299.94773864746094,578.1016540527344,173400.28384147445,True,True,1.0,True,True
38SMB_00714_r4080_c0,1,0.1535506695508957,248.00098419189453,485.2862548828125,120351.46882573608,True,True,1.0,True,True
38SMB_00714_r4080_c0,2,0.1060075610876083,194.46151733398438,401.0797119140625,77994.56935068592,True,True,1.0,True,True
38SMB_00721_r4080_c1680,0,0.3009487986564636,482.82958984375,779.9923706054688,376603.3963806927,True,True,1.0,True,True
38SMB_00721_r4080_c1680,1,0.2413064688444137,1360.2769470214844,893.0474090576172,1214791.8031383422,True,True,1.0,True,True
38SMB_00721_r4080_c1680,2,0.1533059030771255,1516.5863800048828,1450.3366088867188,2199560.7474600663,True,True,1.0,True,True
38SMB_00721_r4080_c1680,3,0.1325955837965011,1013.0105590820312,872.9902648925781,884348.3563120011,True,True,1.0,True,True
38SMB_00722_r4080_c1920,0,0.5738978981971741,648.846435546875,568.7666320800781,369042.2018831596,True,True,1.0,True,True
38SMB_00722_r4080_c1920,1,0.5444998145103455,816.4434814453125,790.242919921875,645188.6807285249,True,True,1.0,True,True
38SMB_00722_r4080_c1920,2,0.4057565927505493,780.8180236816406,449.2852783203125,350810.04308732226,True,True,1.0,True,True
38SMB_00722_r4080_c1920,3,0.3810316920280456,234.3310546875,570.2481079101562,133626.84056013823,True,True,1.0,True,True
38SMB_00722_r4080_c1920,4,0.2913571000099182,726.7578125,688.155517578125,500122.3986148834,True,True,1.0,True,True
38SMB_00722_r4080_c1920,5,0.2440504878759384,641.514892578125,284.4192695617676,182459.1971600661,True,True,1.0,True,True
38SMB_00722_r4080_c1920,6,0.1777044385671615,512.9043579101562,247.27163314819336,126826.69822926982,True,True,1.0,True,True
38SMB_00722_r4080_c1920,7,0.1514169424772262,521.1585998535156,493.0462646484375,256955.3009471856,True,True,1.0,True,True
38SMB_00722_r4080_c1920,8,0.1510938555002212,501.0955810546875,313.59270095825195,157139.91670118412,True,True,1.0,True,True
38SMB_00722_r4080_c1920,9,0.1382289081811905,452.880859375,487.9180145263672,220968.7297232449,True,True,1.0,True,True
38SMB_00722_r4080_c1920,10,0.1331103146076202,179.2706298828125,453.7339782714844,81341.17608396336,True,True,1.0,True,True
38SMB_00722_r4080_c1920,11,0.1021719872951507,1238.0938720703125,1133.4323120117188,1403295.5999081954,True,True,1.0,True,True
38SMB_00723_r4080_c2160,0,0.7831684947013855,485.6610107421875,490.72021484375,238323.67553263903,True,True,1.0,True,True
38SMB_00723_r4080_c2160,1,0.5794886946678162,540.1337051391602,568.0453491210938,306820.43910784414,True,True,1.0,True,True
38SMB_00723_r4080_c2160,2,0.4671224951744079,365.1274108886719,622.6673889160156,227352.9315597145,True,True,1.0,True,True
38SMB_00723_r4080_c2160,3,0.3845301866531372,861.358642578125,827.4807739257812,712757.7161882073,True,True,1.0,True,True
38SMB_00723_r4080_c2160,4,0.3604941964149475,785.8605194091797,443.065185546875,348187.43684599176,True,True,1.0,True,True
38SMB_00723_r4080_c2160,5,0.2372996807098388,1141.1285400390625,1018.2245635986328,1161925.1096912194,True,True,1.0,True,True
38SMB_00723_r4080_c2160,6,0.2288145124912262,468.49822998046875,470.13824462890625,220258.9354547672,True,True,1.0,True,True
38SMB_00723_r4080_c2160,7,0.2171873599290847,513.8360595703125,515.6805419921875,264975.2576943487,True,True,1.0,True,True
38SMB_00723_r4080_c2160,8,0.1562214493751526,463.30413818359375,472.6666259765625,218988.40379621834,True,True,1.0,True,True
38SMB_00723_r4080_c2160,9,0.1524256020784378,442.82470703125,567.6977920532227,251390.6084482558,True,True,1.0,True,True
38SMB_00723_r4080_c2160,10,0.150333359837532,500.3534126281738,310.0918960571289,155155.5384205254,True,True,1.0,True,True
38SMB_00723_r4080_c2160,11,0.1285014301538467,417.9292297363281,440.68206787109375,184173.91718397848,True,True,1.0,True,True
38SMB_00723_r4080_c2160,12,0.1021638736128807,428.99169921875,427.2706413269043,183295.55844911374,True,True,1.0,True,True
38SMB_00724_r4080_c2400,0,0.7190693020820618,515.8145141601562,506.6925048828125,261359.34823472053,True,True,1.0,True,True
38SMB_00724_r4080_c2400,1,0.6659535765647888,540.9185791015625,532.8208923339844,288212.71999692544,True,True,1.0,True,True
38SMB_00724_r4080_c2400,2,0.6643538475036621,658.7387084960938,656.3633728027344,432371.96050421335,True,True,1.0,True,True
38SMB_00724_r4080_c2400,3,0.5628206133842468,720.299072265625,490.654296875,353417.83484220505,True,True,1.0,True,True
38SMB_00724_r4080_c2400,4,0.4367010593414306,457.5819396972656,473.35296630859375,216597.76848494075,True,True,1.0,True,True
38SMB_00724_r4080_c2400,5,0.2138576209545135,507.80303955078125,508.1361389160156,258033.07584715076,True,True,1.0,True,True
38SMB_00724_r4080_c2400,6,0.2101778835058212,737.1839904785156,842.9724884033203,621425.8228647639,True,True,1.0,True,True
38SMB_00724_r4080_c2400,7,0.1772408634424209,407.064208984375,401.01226806640625,163237.7416934818,True,True,1.0,True,True
38SMB_00725_r4080_c2640,0,0.5253666639328003,423.93798828125,541.5110778808594,229567.11698882282,True,True,1.0,True,True
38SMB_00725_r4080_c2640,1,0.4640846252441406,473.0420684814453,471.89788818359375,223227.55313839298,True,True,1.0,True,True
38SMB_00725_r4080_c2640,2,0.1969017535448074,365.272216796875,959.1439819335938,350348.6485082656,True,True,1.0,True,True
38SMB_00725_r4080_c2640,3,0.1871676445007324,295.037841796875,822.5628662109375,242687.17278912663,True,True,1.0,True,True
38SMB_00725_r4080_c2640,4,0.1753806471824646,465.887451171875,597.8955078125,278552.0142018795,True,True,1.0,True,True
38SMB_00725_r4080_c2640,5,0.1133327856659889,160.0421142578125,767.8373718261719,122886.31639322266,True,True,1.0,True,True
38SMB_00726_r4080_c2880,0,0.8257594108581543,525.855712890625,537.9681396484375,282893.6195872724,True,True,1.0,True,True
38SMB_00726_r4080_c2880,1,0.6856025457382202,427.3162841796875,397.0672607421875,169673.30642975867,True,True,1.0,True,True
38SMB_00726_r4080_c2880,2,0.5608281493186951,962.3764038085938,1030.6857299804688,991907.6262754388,True,True,1.0,True,True
38SMB_00726_r4080_c2880,3,0.3856751322746277,842.4566650390625,784.98046875,661312.027823925,True,True,1.0,True,True
38SMB_00726_r4080_c2880,4,0.2739756107330322,614.588623046875,502.48706817626953,308822.8353293147,True,True,1.0,True,True
38SMB_00726_r4080_c2880,5,0.261383593082428,491.1199951171875,459.09759521484375,225472.0087202266,True,True,1.0,True,True
38SMB_00726_r4080_c2880,6,0.1593856066465377,564.4570922851562,558.00537109375,314970.0892470777,True,True,1.0,True,True
38SMB_00726_r4080_c2880,7,0.1213136538863182,908.6679077148438,1004.60205078125,912849.6435694396,True,True,1.0,True,True
38SMB_00726_r4080_c2880,8,0.1125074997544288,1176.5853881835938,1150.2301025390625,1353343.9316963777,True,True,1.0,True,True
38SMB_00726_r4080_c2880,9,0.1115270256996154,158.11431884765625,161.226806640625,25492.266711965203,True,True,1.0,True,True
38SMB_00727_r4080_c3120,0,0.8266705274581909,524.2619323730469,537.9135131835938,282007.5778712053,True,True,1.0,True,True
38SMB_00727_r4080_c3120,1,0.6920392513275146,422.08534240722656,396.4141845703125,167320.61682944186,True,True,1.0,True,True
38SMB_00727_r4080_c3120,2,0.437650978565216,208.30093383789062,553.7692260742188,115350.64692194574,True,True,1.0,True,True
38SMB_00727_r4080_c3120,3,0.400150865316391,586.19140625,633.858642578125,371562.4890565872,True,True,1.0,True,True
38SMB_00727_r4080_c3120,4,0.3633829653263092,539.7222900390625,547.8761291503906,295700.959082786,True,True,1.0,True,True
38SMB_00727_r4080_c3120,5,0.3346841633319855,229.92582321166992,649.9485778808594,149439.96181451075,True,True,1.0,True,True
38SMB_00727_r4080_c3120,6,0.2934402525424957,481.7156982421875,497.0440673828125,239433.92997644842,True,True,1.0,True,True
38SMB_00727_r4080_c3120,7,0.2493119090795517,1035.8917236328125,790.0839233398438,818441.3971630856,True,True,1.0,True,True
38SMB_00727_r4080_c3120,8,0.2070651352405548,479.4195556640625,505.06866455078125,242139.79473877698,True,True,1.0,True,True
38SMB_00727_r4080_c3120,9,0.205748900771141,543.897705078125,575.6356811523438,313086.92593984306,True,True,1.0,True,True
38SMB_00727_r4080_c3120,10,0.1564673036336898,162.4856948852539,434.1215515136719,70538.54196236352,True,True,1.0,True,True
38SMB_00727_r4080_c3120,11,0.1463920623064041,548.0364990234375,535.4715347290039,293457.9452195903,True,True,1.0,True,True
38SMB_00727_r4080_c3120,12,0.1295130103826522,167.81991958618164,632.4615478515625,106139.64610180119,True,True,1.0,True,True
38SMB_00727_r4080_c3120,13,0.1118972450494766,687.0831298828125,686.4117431640625,471621.9288814813,True,True,1.0,True,True
38SMB_00727_r4080_c3120,14,0.1104091256856918,315.8576202392578,701.5577697753906,221592.367621616,True,True,1.0,True,True
38SMB_00728_r4080_c3360,0,0.4800830483436584,320.306396484375,746.669921875,239163.15203905106,True,True,1.0,True,True
38SMB_00728_r4080_c3360,1,0.3502111732959747,620.7090950012207,644.0948486328125,399795.5305898213,True,True,1.0,True,True
38SMB_00728_r4080_c3360,2,0.2941530048847198,149.80215072631836,408.86260986328125,61248.49830909516,True,True,1.0,True,True
38SMB_00728_r4080_c3360,3,0.2874041795730591,474.7270965576172,492.81005859375,233950.28827060014,True,True,1.0,True,True
38SMB_00728_r4080_c3360,4,0.2199606299400329,330.4564666748047,800.9914398193359,264692.8010394622,True,True,1.0,True,True
38SMB_00728_r4080_c3360,5,0.1971448063850402,533.0264282226562,573.1637573242188,305511.43035320565,True,True,1.0,True,True
38SMB_00728_r4080_c3360,6,0.1224130243062973,189.949951171875,266.85577392578125,50689.24122713506,True,True,1.0,True,True
38SMB_00728_r4080_c3360,7,0.1050977259874343,256.36016845703125,564.8663330078125,144809.22828558832,True,True,1.0,True,True
38SMB_00728_r4080_c3360,8,0.1006603389978408,174.79366302490234,553.5397338867188,96755.23771588923,True,True,1.0,True,True
38SMB_00729_r4080_c3600,0,0.7389068603515625,658.6688232421875,671.4349365234375,442253.25952358544,True,True,1.0,True,True
38SMB_00729_r4080_c3600,1,0.5848472714424133,410.1885986328125,417.200927734375,171131.06389567256,True,True,1.0,True,True
38SMB_00729_r4080_c3600,2,0.4378575384616852,434.0608215332031,406.455078125,176426.22512727976,True,True,1.0,True,True
38SMB_00729_r4080_c3600,3,0.3092069923877716,992.6307678222656,1059.8001098632812,1051990.1967917103,True,True,1.0,True,True
38SMB_00729_r4080_c3600,4,0.1606374233961105,372.49752044677734,207.94193267822266,77457.85431954864,True,True,1.0,True,True
38SMB_00729_r4080_c3600,5,0.1018431037664413,199.17587280273438,530.6103515625,105684.77989062667,True,True,1.0,True,True
38SMB_00730_r4080_c3840,0,0.5323180556297302,624.949951171875,789.5953369140625,493457.56724998355,True,True,1.0,True,True
38SMB_00730_r4080_c3840,1,0.2765790820121765,504.5623779296875,496.2141418457031,250370.98737200722,True,True,1.0,True,True
38SMB_00730_r4080_c3840,2,0.2544279992580414,875.3500366210938,942.4087524414062,824937.5359616242,True,True,1.0,True,True
38SMB_00730_r4080_c3840,3,0.2253468632698059,1044.6440124511719,958.5305786132812,1001323.2296997216,True,True,1.0,True,True
38SMB_00730_r4080_c3840,4,0.1253925859928131,483.170166015625,485.93048095703125,234787.1111560613,True,True,1.0,True,True
38SMB_00730_r4080_c3840,5,0.1142100542783737,606.2156677246094,591.4067268371582,358520.0238064135,True,True,1.0,True,True
38SMB_00731_r4080_c4080,0,0.5991904735565186,521.8316650390625,501.141357421875,261511.42896339297,True,True,1.0,True,True
38SMB_00731_r4080_c4080,1,0.5887665748596191,783.4915924072266,729.9420166015625,571903.4329521004,True,True,1.0,True,True
38SMB_00731_r4080_c4080,2,0.5046585202217102,514.7915649414062,521.666259765625,268549.39024187624,True,True,1.0,True,True
38SMB_00731_r4080_c4080,3,0.223770797252655,397.50598907470703,491.1040496826172,195216.8010076828,True,True,1.0,True,True
38SMB_00731_r4080_c4080,4,0.1308114975690841,488.79467010498047,594.1265678405762,290405.8997282387,True,True,1.0,True,True
38SMB_00733_r4080_c4560,0,0.4199345707893371,466.26861572265625,121.27260208129883,56545.608297531726,True,True,1.0,True,True
38SMB_00733_r4080_c4560,1,0.331841766834259,560.1610565185547,375.3141403198242,210236.36536790582,True,True,1.0,True,True
38SMB_00733_r4080_c4560,2,0.2024556696414947,523.2028198242188,159.0366554260254,83208.42657430912,True,True,1.0,True,True
38SMB_00733_r4080_c4560,3,0.1260356456041336,456.2176513671875,414.3434524536133,189030.79673775937,True,True,1.0,True,True
38SMB_00733_r4080_c4560,4,0.105158507823944,582.9257202148438,108.8897705078125,63474.647897295654,True,True,1.0,True,True
38SMB_00734_r4080_c4800,0,0.7760775089263916,521.7425537109375,449.0020751953125,234263.48933391273,True,True,1.0,True,True
38SMB_00734_r4080_c4800,1,0.1362449079751968,483.17256927490234,400.9693145751953,193737.37392369367,True,True,1.0,True,True
38SMB_00735_r4080_c5040,0,0.1335485726594925,851.9970703125,526.4079284667969,448498.012842983,True,True,1.0,True,True
38SMB_00736_r4080_c5280,0,0.2450747787952423,739.1915893554688,761.05712890625,562567.0287065208,True,True,1.0,True,True
38SMB_00736_r4080_c5280,1,0.2337232530117035,424.456787109375,257.09503173828125,109125.73115341365,True,True,1.0,True,True
38SMB_00736_r4080_c5280,2,0.1335199326276779,650.723876953125,864.9061584472656,562815.0886254385,True,True,1.0,True,True
38SMB_00736_r4080_c5280,3,0.1315002739429474,451.849365234375,412.71026611328125,186482.87176899612,True,True,1.0,True,True
38SMB_00736_r4080_c5280,4,0.1083063259720802,552.9632568359375,680.242919921875,376149.34043958783,True,True,1.0,True,True
38SMB_00737_r4080_c5520,0,0.7347605228424072,427.3187255859375,422.7471923828125,180647.79149405658,True,True,1.0,True,True
38SMB_00737_r4080_c5520,1,0.5586622953414917,414.6881103515625,255.00619888305664,105748.03874274949,True,True,1.0,True,True
38SMB_00737_r4080_c5520,2,0.3471537828445434,587.1092224121094,221.46913528442383,130026.57180512033,True,True,1.0,True,True
38SMB_00737_r4080_c5520,3,0.1848762184381485,1470.7201385498047,1081.4434814453125,1590500.7068650331,True,True,1.0,True,True
38SMB_00737_r4080_c5520,4,0.1735325008630752,476.6253662109375,179.99645233154297,85790.87500919122,True,True,1.0,True,True
38SMB_00737_r4080_c5520,5,0.1350090205669403,1253.3420181274414,1267.735595703125,1588906.2899705488,True,True,1.0,True,True
38SMB_00738_r4080_c5760,0,0.5400785207748413,372.371826171875,231.4077377319336,86169.72188954242,True,True,1.0,True,True
38SMB_00738_r4080_c5760,1,0.1399943083524704,391.80145263671875,366.1024475097656,143439.47074818425,True,True,1.0,True,True
38SMB_00740_r4080_c6240,0,0.2349779158830642,471.1006164550781,521.8702697753906,245853.40580076445,True,True,1.0,True,True
38SMB_00740_r4080_c6240,1,0.1337229162454605,495.9308624267578,167.479248046875,83058.12792247161,True,True,1.0,True,True
38SMB_00740_r4080_c6240,2,0.109536737203598,421.54754638671875,122.52693176269531,51650.927450857125,True,True,1.0,True,True
38SMB_00745_r4080_c7440,0,0.3351434469223022,453.2666015625,463.7687683105469,210210.89352294803,True,True,1.0,True,True
38SMB_00745_r4080_c7440,1,0.3068494796752929,558.8250732421875,171.82086944580078,96017.80995258596,True,True,1.0,True,True
38SMB_00745_r4080_c7440,2,0.1166185811161995,526.611328125,126.02116584777832,66364.17351895943,True,True,1.0,True,True
38SMB_00749_r4080_c8400,0,0.3586902916431427,895.2313232421875,912.2610473632812,816684.6645733342,True,True,1.0,True,True
38SMB_00750_r4080_c8640,0,0.1727275401353836,565.2915573120117,944.9671173095703,534181.9333525695,True,True,1.0,True,True
38SMB_00750_r4080_c8640,1,0.1588878482580185,519.5277786254883,691.0857391357422,359038.2388929458,True,True,1.0,True,True
38SMB_00756_r4320_c0,0,0.2358810156583786,302.44524002075195,576.6715240478516,174411.5575037853,True,True,1.0,True,True
38SMB_00756_r4320_c0,1,0.1551590412855148,248.70553970336914,486.3439750671387,120956.44080055463,True,True,1.0,True,True
38SMB_00756_r4320_c0,2,0.1011085137724876,195.2248764038086,413.92744064331055,80808.93343973512,True,True,1.0,True,True
38SMB_00763_r4320_c1680,0,0.1317080110311508,259.7991943359375,501.1260986328125,130192.15668551624,True,True,1.0,True,True
38SMB_00764_r4320_c1920,0,0.1814623475074768,478.9996337890625,336.0792541503906,160981.83966213837,True,True,1.0,True,True
38SMB_00764_r4320_c1920,1,0.176778644323349,922.3056411743164,837.9766082763672,772870.5529854138,True,True,1.0,True,True
38SMB_00764_r4320_c1920,2,0.1511315256357193,432.16033935546875,432.9283142089844,187094.4471851457,True,True,1.0,True,True
38SMB_00764_r4320_c1920,3,0.1232230588793754,333.0157470703125,336.17340087890625,111951.03623885661,True,True,1.0,True,True
38SMB_00764_r4320_c1920,4,0.1060262769460678,776.37451171875,374.05128479003906,290403.8835866377,True,True,1.0,True,True
38SMB_00765_r4320_c2160,0,0.7467077970504761,466.951904296875,390.8527374267578,182509.43004107103,True,True,1.0,True,True
38SMB_00765_r4320_c2160,1,0.5915824174880981,971.285400390625,911.243896484375,885077.8928503394,True,True,1.0,True,True
38SMB_00765_r4320_c2160,2,0.1792671680450439,491.91158294677734,338.7844467163086,166651.9934619675,True,True,1.0,True,True
38SMB_00765_r4320_c2160,3,0.1612977981567382,533.2608032226562,586.1180877685547,312553.8022667868,True,True,1.0,True,True
38SMB_00766_r4320_c2400,0,0.6635345220565796,673.9932250976562,675.9416961669922,455580.12377757113,True,True,1.0,True,True
38SMB_00766_r4320_c2400,1,0.4628303647041321,716.448974609375,693.1289672851562,496591.5378835052,True,True,1.0,True,True
38SMB_00766_r4320_c2400,2,0.2964097559452057,620.63720703125,644.7634887695312,400164.2108656466,True,True,1.0,True,True
38SMB_00766_r4320_c2400,3,0.2872802913188934,412.327880859375,396.82830810546875,163623.37534613907,True,True,1.0,True,True
38SMB_00766_r4320_c2400,4,0.2796590030193329,484.53521728515625,161.17704391479492,78095.95399463433,True,True,1.0,True,True
38SMB_00766_r4320_c2400,5,0.1286088973283767,136.5354061126709,377.99346923828125,51609.491830386105,True,True,1.0,True,True
38SMB_00766_r4320_c2400,6,0.1140805557370185,547.584228515625,574.0005493164062,314313.6479649693,True,True,1.0,True,True
38SMB_00767_r4320_c2640,0,0.5568057298660278,211.435546875,505.4412841796875,106868.25433373451,True,True,1.0,True,True
38SMB_00767_r4320_c2640,1,0.450839102268219,550.5218505859375,556.9857788085938,306632.8416997567,True,True,1.0,True,True
38SMB_00767_r4320_c2640,2,0.3239052295684814,380.8167266845703,382.1728515625,145537.81435973942,True,True,1.0,True,True
38SMB_00767_r4320_c2640,3,0.2750354707241058,522.7938842773438,543.6968994140625,284241.413914226,True,True,1.0,True,True
38SMB_00767_r4320_c2640,4,0.1918608248233795,463.873291015625,666.3506317138672,309102.2605034523,True,True,1.0,True,True
38SMB_00767_r4320_c2640,5,0.1583656966686248,274.0301513671875,450.9559631347656,123575.53083775565,True,True,1.0,True,True
38SMB_00767_r4320_c2640,6,0.1532712280750274,733.3020782470703,608.426513671875,446160.4269362055,True,True,1.0,True,True
38SMB_00767_r4320_c2640,7,0.1420004516839981,665.0692749023438,700.0570678710938,465586.44651928917,True,True,1.0,True,True
38SMB_00767_r4320_c2640,8,0.1346829682588577,171.5794563293457,607.044677734375,104156.39577328693,True,True,1.0,True,True
38SMB_00767_r4320_c2640,9,0.1231930628418922,179.1701316833496,436.3421630859375,78179.48281910503,True,True,1.0,True,True
38SMB_00767_r4320_c2640,10,0.1203597262501716,1160.095558166504,919.708251953125,1066949.4578999002,True,True,1.0,True,True
38SMB_00768_r4320_c2880,0,0.8217240571975708,432.7481460571289,450.1898193359375,194818.80969142076,True,True,1.0,True,True
38SMB_00768_r4320_c2880,1,0.719113826751709,570.7009887695312,541.05224609375,308779.0518216789,True,True,1.0,True,True
38SMB_00768_r4320_c2880,2,0.6634484529495239,630.2597045898438,630.7611083984375,397543.30984596163,True,True,1.0,True,True
38SMB_00768_r4320_c2880,3,0.4681764245033264,865.589599609375,514.9094390869141,445700.2552143298,True,True,1.0,True,True
38SMB_00768_r4320_c2880,4,0.4130967557430267,837.0953369140625,751.8649291992188,629382.6262218878,True,True,1.0,True,True
38SMB_00768_r4320_c2880,5,0.2176916897296905,292.0802307128906,632.8619384765625,184846.46099964157,True,True,1.0,True,True
38SMB_00768_r4320_c2880,6,0.2001149207353592,563.5343933105469,576.8530082702637,325076.5100449469,True,True,1.0,True,True
38SMB_00768_r4320_c2880,7,0.1750748753547668,336.14925384521484,1012.047119140625,340198.88395532034,True,True,1.0,True,True
38SMB_00768_r4320_c2880,8,0.1681998670101165,438.46435546875,839.2352294921875,367974.7339859605,True,True,1.0,True,True
38SMB_00768_r4320_c2880,9,0.1317190825939178,1094.8558044433594,671.0623168945312,734716.4727951866,True,True,1.0,True,True
38SMB_00768_r4320_c2880,10,0.1156903877854347,428.936767578125,432.69287109375,185597.88148105145,True,True,1.0,True,True
38SMB_00769_r4320_c3120,0,0.5885391235351562,863.4331512451172,881.69921875,761288.3348956704,True,True,1.0,True,True
38SMB_00769_r4320_c3120,1,0.5791252255439758,518.323974609375,501.78741455078125,260088.44711892307,True,True,1.0,True,True
38SMB_00769_r4320_c3120,2,0.4759207665920257,907.62939453125,1006.8893432617188,913882.3649846017,True,True,1.0,True,True
38SMB_00769_r4320_c3120,3,0.4597528278827667,709.9542236328125,513.343505859375,364450.3901593387,True,True,1.0,True,True
38SMB_00769_r4320_c3120,4,0.4490115642547607,717.1258544921875,773.8742065429688,554965.2016365901,True,True,1.0,True,True
38SMB_00769_r4320_c3120,5,0.3075307011604309,703.7985229492188,751.0704803466797,528602.2946987534,True,True,1.0,True,True
38SMB_00769_r4320_c3120,6,0.2999087274074554,428.092041015625,430.0083923339844,184083.170328103,True,True,1.0,True,True
38SMB_00769_r4320_c3120,7,0.2986026108264923,226.80213928222656,607.1518707275391,137703.34315021173,True,True,1.0,True,True
38SMB_00769_r4320_c3120,8,0.2961355745792389,507.286376953125,350.999755859375,178057.39446133375,True,True,1.0,True,True
38SMB_00769_r4320_c3120,9,0.263069748878479,481.160888671875,491.6557502746582,236565.517722792,True,True,1.0,True,True
38SMB_00769_r4320_c3120,10,0.2380392849445343,710.1239013671875,886.522216796875,629540.6152404845,True,True,1.0,True,True
38SMB_00769_r4320_c3120,11,0.1347149759531021,645.1622772216797,789.2064666748047,509166.24123799265,True,True,1.0,True,True
38SMB_00769_r4320_c3120,12,0.1187002882361412,135.73583602905273,595.1403045654297,80781.86679477367,True,True,1.0,True,True
38SMB_00770_r4320_c3360,0,0.6027301549911499,583.131103515625,582.8848266601562,339898.2721928507,True,True,1.0,True,True
38SMB_00770_r4320_c3360,1,0.549042820930481,427.8082275390625,259.815673828125,111151.28290727735,True,True,1.0,True,True
38SMB_00770_r4320_c3360,2,0.4386743307113647,330.2984619140625,467.27294921875,154339.53642100096,True,True,1.0,True,True
38SMB_00770_r4320_c3360,3,0.3925816118717193,821.7864990234375,745.8056640625,612893.0256217718,True,True,1.0,True,True
38SMB_00770_r4320_c3360,4,0.2706034779548645,585.8296203613281,558.9368438720703,327441.7590515339,True,True,1.0,True,True
38SMB_00770_r4320_c3360,5,0.2703172862529754,475.5121612548828,488.81914138793945,232439.44638413523,True,True,1.0,True,True
38SMB_00770_r4320_c3360,6,0.2649977803230285,523.2422637939453,344.3050765991211,180154.96771547187,True,True,1.0,True,True
38SMB_00770_r4320_c3360,7,0.2632191479206085,742.6791381835938,936.4602661132812,695489.5033801906,True,True,1.0,True,True
38SMB_00770_r4320_c3360,8,0.2560531497001648,382.822265625,393.95111083984375,150813.25679719448,True,True,1.0,True,True
38SMB_00770_r4320_c3360,9,0.2459096908569336,190.11014938354492,471.48406982421875,89633.90694624395,True,True,1.0,True,True
38SMB_00770_r4320_c3360,10,0.2148976325988769,591.9572448730469,1060.2279663085938,627609.6258733887,True,True,1.0,True,True
38SMB_00770_r4320_c3360,11,0.1580073833465576,235.711669921875,494.71832275390625,116610.88199727237,True,True,1.0,True,True
38SMB_00770_r4320_c3360,12,0.1503477394580841,677.6666259765625,729.7429656982422,494522.45339485817,True,True,1.0,True,True
38SMB_00770_r4320_c3360,13,0.1198309585452079,1041.9003295898438,944.4207763671875,983992.3181684688,True,True,1.0,True,True
38SMB_00770_r4320_c3360,14,0.1087774038314819,446.4105224609375,483.8615417480469,216000.88365050033,True,True,1.0,True,True
38SMB_00770_r4320_c3360,15,0.1039739996194839,374.35302734375,356.2646484375,133368.74967813492,True,True,1.0,True,True
38SMB_00771_r4320_c3600,0,0.7982598543167114,573.03955078125,578.1597900390625,331308.4263637662,True,True,1.0,True,True
38SMB_00771_r4320_c3600,1,0.6629872918128967,532.640380859375,554.8640441894531,295542.9958222434,True,True,1.0,True,True
38SMB_00771_r4320_c3600,2,0.6026552319526672,608.525390625,608.6781311035156,370396.0974946618,True,True,1.0,True,True
38SMB_00771_r4320_c3600,3,0.566869854927063,414.4630432128906,378.3473587036133,156810.9976798587,True,True,1.0,True,True
38SMB_00771_r4320_c3600,4,0.5003800392150879,889.6562957763672,835.37109375,743193.1528642774,True,True,1.0,True,True
38SMB_00771_r4320_c3600,5,0.4622589647769928,443.5496520996094,445.18096923828125,197459.86402700655,True,True,1.0,True,True
38SMB_00771_r4320_c3600,6,0.3183194696903229,651.1419677734375,659.9191284179688,429701.039849408,True,True,1.0,True,True
38SMB_00771_r4320_c3600,7,0.2417095750570297,290.526123046875,765.26611328125,222329.79699075222,True,True,1.0,True,True
38SMB_00771_r4320_c3600,8,0.2000386118888855,296.7917251586914,402.16766357421875,119360.0346752326,True,True,1.0,True,True
38SMB_00771_r4320_c3600,9,0.1885522305965423,526.3162231445312,548.2916259765625,288574.77776575834,True,True,1.0,True,True
38SMB_00771_r4320_c3600,10,0.1320882886648178,361.65992736816406,344.88555908203125,124731.28624793608,True,True,1.0,True,True
38SMB_00771_r4320_c3600,11,0.1154151782393455,442.47636795043945,444.6820068359375,196761.2792776781,True,True,1.0,True,True
38SMB_00771_r4320_c3600,12,0.1074044704437255,601.8413543701172,670.091552734375,403288.80764963105,True,True,1.0,True,True
38SMB_00771_r4320_c3600,13,0.103988878428936,502.90313720703125,514.57763671875,258782.7078424394,True,True,1.0,True,True
38SMB_00772_r4320_c3840,0,0.8081680536270142,563.3222198486328,574.0216064453125,323359.1255838517,True,True,1.0,True,True
38SMB_00772_r4320_c3840,1,0.6694251894950867,687.4473571777344,723.048095703125,497057.50250350684,True,True,1.0,True,True
38SMB_00772_r4320_c3840,2,0.6204031705856323,509.3853759765625,503.49365234375,256472.30340093374,True,True,1.0,True,True
38SMB_00772_r4320_c3840,3,0.5725701451301575,591.75537109375,622.4163818359375,368318.2370081544,True,True,1.0,True,True
38SMB_00772_r4320_c3840,4,0.5629345178604126,504.08905029296875,587.7349853515625,296270.77058982104,True,True,1.0,True,True
38SMB_00772_r4320_c3840,5,0.5301266312599182,702.6284790039062,935.54931640625,657343.5932196677,True,True,1.0,True,True
38SMB_00772_r4320_c3840,6,0.4114425778388977,621.7330932617188,694.4485473632812,431761.64346328005,True,True,1.0,True,True
38SMB_00772_r4320_c3840,7,0.2352632880210876,791.9638061523438,855.1370239257812,677237.5722500496,True,True,1.0,True,True
38SMB_00772_r4320_c3840,8,0.1634232699871063,539.9560546875,358.3978271484375,193519.0767556429,True,True,1.0,True,True
38SMB_00772_r4320_c3840,9,0.105070374906063,477.5794982910156,433.3555603027344,206961.73107100185,True,True,1.0,True,True
38SMB_00772_r4320_c3840,10,0.1004862487316131,218.2107925415039,648.4434509277344,141497.3593452887,True,True,1.0,True,True
38SMB_00773_r4320_c4080,0,0.6683956384658813,498.10546875,507.1356201171875,252607.0257782936,True,True,1.0,True,True
38SMB_00773_r4320_c4080,1,0.5900339484214783,510.3064727783203,501.53778076171875,255937.9758655792,True,True,1.0,True,True
38SMB_00773_r4320_c4080,2,0.5885145664215088,588.9888000488281,559.71923828125,329668.36251951754,True,True,1.0,True,True
38SMB_00773_r4320_c4080,3,0.5636981725692749,464.4671630859375,808.731689453125,375629.31349799037,True,True,1.0,True,True
38SMB_00773_r4320_c4080,4,0.4944753348827362,822.9600524902344,679.9795532226562,559596.0088124033,True,True,1.0,True,True
38SMB_00773_r4320_c4080,5,0.4741103947162628,812.3321533203125,914.5736694335938,742937.5982610509,True,True,1.0,True,True
38SMB_00773_r4320_c4080,6,0.4475383162498474,519.9063110351562,516.4578247070312,268509.682448674,True,True,1.0,True,True
38SMB_00773_r4320_c4080,7,0.2072111219167709,984.3323516845703,832.2929382324219,819252.8651807806,True,True,1.0,True,True
38SMB_00773_r4320_c4080,8,0.1927353739738464,444.72633361816406,457.7685546875,203581.7309718579,True,True,1.0,True,True
38SMB_00773_r4320_c4080,9,0.1689254939556121,446.05712890625,439.7174835205078,196139.118229039,True,True,1.0,True,True
38SMB_00773_r4320_c4080,10,0.1573530882596969,596.1129760742188,536.3446044921875,319721.9783851877,True,True,1.0,True,True
38SMB_00773_r4320_c4080,11,0.1351219266653061,423.4910202026367,378.0975341796875,160120.91048585717,True,True,1.0,True,True
38SMB_00773_r4320_c4080,12,0.1321617215871811,990.7746887207031,1101.7337036132812,1091569.8672505561,True,True,1.0,True,True
38SMB_00773_r4320_c4080,13,0.1022387742996215,488.0795669555664,627.8863525390625,306458.4990445757,True,True,1.0,True,True
38SMB_00774_r4320_c4320,0,0.6573911309242249,520.4278564453125,586.9183349609375,305448.6509721726,True,True,1.0,True,True
38SMB_00774_r4320_c4320,1,0.6471031904220581,716.6540145874023,746.1196899414062,534709.6711592167,True,True,1.0,True,True
38SMB_00774_r4320_c4320,2,0.6389749646186829,286.2818908691406,514.178466796875,147199.98371880502,True,True,1.0,True,True
38SMB_00774_r4320_c4320,3,0.528502881526947,721.397705078125,717.0008087158203,517242.73794675246,True,True,1.0,True,True
38SMB_00774_r4320_c4320,4,0.210917517542839,399.6728515625,393.5028076171875,157272.38921821117,True,True,1.0,True,True
38SMB_00774_r4320_c4320,5,0.1734572649002075,433.114013671875,428.4264373779297,185557.49385589734,True,True,1.0,True,True
38SMB_00774_r4320_c4320,6,0.1288090050220489,212.17544555664062,230.7952880859375,48969.09308200702,True,True,1.0,True,True
38SMB_00775_r4320_c4560,0,0.7209284901618958,647.677001953125,676.0560607910156,437865.9626053646,True,True,1.0,True,True
38SMB_00775_r4320_c4560,1,0.2697876989841461,973.9805603027344,937.2808837890625,912893.3603539132,True,True,1.0,True,True
38SMB_00776_r4320_c4800,0,0.4839837551116943,335.7218933105469,658.3837890625,221033.85218903422,True,True,1.0,True,True
38SMB_00776_r4320_c4800,1,0.4115270972251892,378.585205078125,691.0867309570312,261635.21176613867,True,True,1.0,True,True
38SMB_00776_r4320_c4800,2,0.2685495316982269,663.7139892578125,342.5830078125,227377.13476717472,True,True,1.0,True,True
38SMB_00777_r4320_c5040,0,0.4887310564517975,639.4230651855469,653.3609008789062,417774.0299123805,True,True,1.0,True,True
38SMB_00777_r4320_c5040,1,0.13426373898983,816.9166564941406,453.575439453125,370533.3314659074,True,True,1.0,True,True
38SMB_00778_r4320_c5280,0,0.6575583219528198,424.8321533203125,392.86102294921875,166899.9943351373,True,True,1.0,True,True
38SMB_00778_r4320_c5280,1,0.3314476311206817,468.541259765625,520.2494812011719,243758.3473144099,True,True,1.0,True,True
38SMB_00778_r4320_c5280,2,0.1883357018232345,376.7486572265625,900.081787109375,339104.6046875417,True,True,1.0,True,True
38SMB_00778_r4320_c5280,3,0.1165107488632202,900.6257629394531,449.83154296875,405129.87658046186,True,True,1.0,True,True
38SMB_00778_r4320_c5280,4,0.1097103431820869,506.08612060546875,1077.3452758789062,545229.4912221842,True,True,1.0,True,True
38SMB_00779_r4320_c5520,0,0.5696640014648438,727.3640441894531,767.364501953125,558153.3475080505,True,True,1.0,True,True
38SMB_00779_r4320_c5520,1,0.4131988286972046,854.3670272827148,941.4717102050781,804362.3863186862,True,True,1.0,True,True
38SMB_00779_r4320_c5520,2,0.2986645400524139,490.33966064453125,522.4879455566406,256196.56191510148,True,True,1.0,True,True
38SMB_00779_r4320_c5520,3,0.291122555732727,574.6150207519531,416.9500732421875,239585.77498858795,True,True,1.0,True,True
38SMB_00779_r4320_c5520,4,0.2111773937940597,1864.1748809814453,1288.2711791992188,2401562.77215553,True,True,1.0,True,True
38SMB_00779_r4320_c5520,5,0.1166096851229667,995.6422424316406,597.7493667602539,595144.5199332724,True,True,1.0,True,True
38SMB_00780_r4320_c5760,0,0.1724225580692291,405.904541015625,385.6216049194336,156525.56055053137,True,True,1.0,True,True
38SMB_00780_r4320_c5760,1,0.1180058047175407,371.22955322265625,230.8421516418457,85695.42881895904,True,True,1.0,True,True
38SMB_00783_r4320_c6480,0,0.6471858024597168,673.6883544921875,790.5389404296875,532576.8779400736,True,True,1.0,True,True
38SMB_00783_r4320_c6480,1,0.3404493331909179,548.486328125,632.828369140625,347097.70852327347,True,True,1.0,True,True
38SMB_00783_r4320_c6480,2,0.2245922833681106,941.2237548828125,320.63232421875,301786.7601379752,True,True,1.0,True,True
38SMB_00783_r4320_c6480,3,0.2105447947978973,555.5450439453125,285.7916259765625,158770.12141235173,True,True,1.0,True,True
38SMB_00784_r4320_c6720,0,0.5710771083831787,578.7405014038086,350.611572265625,202913.11713098548,True,True,1.0,True,True
38SMB_00784_r4320_c6720,1,0.1681087613105774,329.9936294555664,774.090576171875,255444.95875830762,True,True,1.0,True,True
38SMB_00787_r4320_c7440,0,0.1223664209246635,242.24309921264648,408.011474609375,98837.96412369702,True,True,1.0,True,True
38SMB_00787_r4320_c7440,1,0.114445723593235,361.1191940307617,418.6187744140625,151171.2744225515,True,True,1.0,True,True
38SMB_00795_r4320_c9360,0,0.6939805746078491,411.2127685546875,414.1436767578125,170301.16789899766,True,True,1.0,True,True
38SMB_00806_r4560_c1920,0,0.1147746071219444,752.9620361328125,1328.9535522460938,1000651.5726251528,True,True,1.0,True,True
38SMB_00807_r4560_c2160,0,0.1719452440738678,566.3519287109375,160.34954071044922,90814.2716492759,True,True,1.0,True,True
38SMB_00809_r4560_c2640,0,0.2529141902923584,555.7913208007812,546.4517211914062,303713.12387483194,True,True,1.0,True,True
38SMB_00809_r4560_c2640,1,0.2183978706598281,540.8267211914062,402.9270935058594,217913.73885995708,True,True,1.0,True,True
38SMB_00810_r4560_c2880,0,0.6396206617355347,498.7162780761719,442.5975036621094,220730.57971217204,True,True,1.0,True,True
38SMB_00810_r4560_c2880,1,0.3934042751789093,546.688232421875,475.6609344482422,260038.23548564687,True,True,1.0,True,True
38SMB_00810_r4560_c2880,2,0.2066562920808792,271.19787216186523,368.08963775634766,99825.12652435325,True,True,1.0,True,True
38SMB_00810_r4560_c2880,3,0.134109228849411,394.085693359375,394.0911674499512,155305.69097131956,True,True,1.0,True,True
38SMB_00811_r4560_c3120,0,0.7021897435188293,636.3571166992188,691.3223648071289,439927.90677835,True,True,1.0,True,True
38SMB_00811_r4560_c3120,1,0.4185084402561188,532.8695678710938,512.412109375,273048.8192945719,True,True,1.0,True,True
38SMB_00811_r4560_c3120,2,0.2274616211652755,374.8638916015625,395.7421875,148349.45647716522,True,True,1.0,True,True
38SMB_00811_r4560_c3120,3,0.1918110996484756,95.77966690063477,484.31793212890625,46387.81021331088,True,True,1.0,True,True
38SMB_00811_r4560_c3120,4,0.1355870813131332,140.16087532043457,565.83740234375,79308.26560154092,True,True,1.0,True,True
38SMB_00812_r4560_c3360,0,0.7507697939872742,473.9106750488281,472.27996826171875,223818.51857095025,True,True,1.0,True,True
38SMB_00812_r4560_c3360,1,0.6996838450431824,394.2645263671875,412.6799011230469,162705.04575753585,True,True,1.0,True,True
38SMB_00812_r4560_c3360,2,0.358980655670166,804.351806640625,633.2552337646484,509359.9913432263,True,True,1.0,True,True
38SMB_00812_r4560_c3360,3,0.2975066006183624,119.4384765625,290.6610107421875,34716.10831916332,True,True,1.0,True,True
38SMB_00812_r4560_c3360,4,0.2626789808273315,640.0419616699219,255.36724090576172,163445.74981555925,True,True,1.0,True,True
38SMB_00812_r4560_c3360,5,0.1794306337833404,407.135009765625,388.262939453125,158075.43564587831,True,True,1.0,True,True
38SMB_00812_r4560_c3360,6,0.1651461571455001,132.40478515625,455.499267578125,60310.28266251087,True,True,1.0,True,True
38SMB_00812_r4560_c3360,7,0.143145352602005,530.711669921875,177.11841583251953,93998.8102403935,True,True,1.0,True,True
38SMB_00812_r4560_c3360,8,0.1211749985814094,782.4334716796875,293.4203910827637,229581.9352564984,True,True,1.0,True,True
38SMB_00813_r4560_c3600,0,0.8175356388092041,569.6221923828125,552.3290252685547,314618.87029013596,True,True,1.0,True,True
38SMB_00813_r4560_c3600,1,0.7196453809738159,679.4778823852539,655.7391357421875,445560.2393512381,True,True,1.0,True,True
38SMB_00813_r4560_c3600,2,0.6066470742225647,608.3834838867188,605.7156181335449,368507.3780046834,True,True,1.0,True,True
38SMB_00813_r4560_c3600,3,0.4234868884086609,495.672607421875,309.677734375,153498.77005815506,True,True,1.0,True,True
38SMB_00813_r4560_c3600,4,0.3109979629516601,405.1500701904297,396.6546630859375,160704.66459062882,True,True,1.0,True,True
38SMB_00813_r4560_c3600,5,0.289969801902771,769.2246246337891,270.28491973876953,207909.8159302288,True,True,1.0,True,True
38SMB_00813_r4560_c3600,6,0.1334509402513504,605.4525756835938,677.1432495117188,409978.1245236285,True,True,1.0,True,True
38SMB_00813_r4560_c3600,7,0.1312070339918136,1204.8062133789062,800.7150268554688,964706.4395013265,True,True,1.0,True,True
38SMB_00813_r4560_c3600,8,0.1270067393779754,652.2956085205078,186.00078582763672,121327.49577673094,True,True,1.0,True,True
38SMB_00813_r4560_c3600,9,0.1089746281504631,498.868408203125,513.1634521484375,256001.03452131152,True,True,1.0,True,True
38SMB_00814_r4560_c3840,0,0.8291177749633789,560.1659393310547,546.2397003173828,305984.87482820055,True,True,1.0,True,True
38SMB_00814_r4560_c3840,1,0.5131925940513611,924.1156005859375,985.283203125,910515.5790030956,True,True,1.0,True,True
38SMB_00814_r4560_c3840,2,0.301942229270935,1239.7189331054688,1018.759765625,1262975.7697314024,True,True,1.0,True,True
38SMB_00814_r4560_c3840,3,0.2622954547405243,561.456298828125,157.3420238494873,88340.67036065971,True,True,1.0,True,True
38SMB_00814_r4560_c3840,4,0.1886818259954452,444.34356689453125,136.27758026123047,60554.06610103091,True,True,1.0,True,True
38SMB_00814_r4560_c3840,5,0.1733587086200714,456.890869140625,484.8486328125,221522.91324734688,True,True,1.0,True,True
38SMB_00814_r4560_c3840,6,0.1411869674921035,534.7689819335938,513.7696838378906,274748.0907743331,True,True,1.0,True,True
38SMB_00814_r4560_c3840,7,0.1191781386733055,472.1124267578125,430.9959411621094,203478.53970481083,True,True,1.0,True,True
38SMB_00815_r4560_c4080,0,0.536213755607605,478.28948974609375,405.65284729003906,194019.49334440287,True,True,1.0,True,True
38SMB_00815_r4560_c4080,1,0.2538859248161316,617.2238159179688,505.7492446899414,312160.4787051561,True,True,1.0,True,True
38SMB_00815_r4560_c4080,2,0.182975485920906,616.9355773925781,552.0095825195312,340554.350517923,True,True,1.0,True,True
38SMB_00815_r4560_c4080,3,0.1752036213874817,618.8035583496094,614.04541015625,379973.48479293287,True,True,1.0,True,True
38SMB_00815_r4560_c4080,4,0.1530367732048034,437.37060546875,447.17376708984375,195580.66126182675,True,True,1.0,True,True
38SMB_00815_r4560_c4080,5,0.1507688164710998,949.84130859375,888.0230712890625,843480.9960946441,True,True,1.0,True,True
38SMB_00815_r4560_c4080,6,0.1495509594678878,487.2512435913086,765.4437255859375,372963.4071909124,True,True,1.0,True,True
38SMB_00816_r4560_c4320,0,0.8302715420722961,457.52044677734375,470.57525634765625,215297.80152654275,True,True,1.0,True,True
38SMB_00816_r4560_c4320,1,0.5222585797309875,268.0928421020508,404.14257049560547,108347.73033859528,True,True,1.0,True,True
38SMB_00817_r4560_c4560,0,0.6714680194854736,430.9478759765625,434.7430419921875,187351.59054212272,True,True,1.0,True,True
38SMB_00817_r4560_c4560,1,0.5383634567260742,241.70013427734375,597.1575927734375,144333.0703580752,True,True,1.0,True,True
38SMB_00817_r4560_c4560,2,0.5328174233436584,549.2950439453125,528.8890838623047,290516.1525623407,True,True,1.0,True,True
38SMB_00818_r4560_c4800,0,0.6805457472801208,533.544921875,486.51611328125,259578.20165157318,True,True,1.0,True,True
38SMB_00818_r4560_c4800,1,0.5697557330131531,616.610107421875,573.504638671875,353628.75685840845,True,True,1.0,True,True
38SMB_00818_r4560_c4800,2,0.4986428022384643,578.360595703125,588.8031387329102,340540.5340694357,True,True,1.0,True,True
38SMB_00818_r4560_c4800,3,0.4306274354457855,598.57421875,581.968994140625,348351.63600444794,True,True,1.0,True,True
38SMB_00818_r4560_c4800,4,0.3979677557945251,122.68138885498047,464.8016357421875,57022.51021491829,True,True,1.0,True,True
38SMB_00818_r4560_c4800,5,0.3863778710365295,371.8829345703125,555.2503204345703,206488.11858431436,True,True,1.0,True,True
38SMB_00818_r4560_c4800,6,0.365608274936676,399.23583984375,415.4930114746094,165879.70138527453,True,True,1.0,True,True
38SMB_00818_r4560_c4800,7,0.3450540602207184,306.7427062988281,494.7183609008789,151751.24887845595,True,True,1.0,True,True
38SMB_00818_r4560_c4800,8,0.3313451409339905,836.7092895507812,948.2996368408203,793451.1154223466,True,True,1.0,True,True
38SMB_00818_r4560_c4800,9,0.2961679697036743,145.84474563598633,556.22314453125,81122.22303100862,True,True,1.0,True,True
38SMB_00818_r4560_c4800,10,0.1626249551773071,165.4842758178711,465.684814453125,77063.51427915506,True,True,1.0,True,True
38SMB_00819_r4560_c5040,0,0.696923553943634,470.77980041503906,426.6790771484375,200871.89078121446,True,True,1.0,True,True
38SMB_00819_r4560_c5040,1,0.5718402862548828,501.0041809082031,438.504638671875,219692.6573222503,True,True,1.0,True,True
38SMB_00819_r4560_c5040,2,0.2597707211971283,320.3562545776367,431.37603759765625,138194.01171932695,True,True,1.0,True,True
38SMB_00819_r4560_c5040,3,0.137100338935852,637.3993301391602,519.10888671875,330879.6566638164,True,True,1.0,True,True
38SMB_00819_r4560_c5040,4,0.1049560084939003,741.0595703125,584.2048645019531,432930.60586228967,True,True,1.0,True,True
38SMB_00819_r4560_c5040,5,0.1035654321312904,313.90628814697266,614.4699096679688,192885.96852187766,True,True,1.0,True,True
38SMB_00820_r4560_c5280,0,0.7611340284347534,383.328857421875,412.9768371582031,158305.93912955374,True,True,1.0,True,True
38SMB_00820_r4560_c5280,1,0.1683592498302459,283.35693359375,514.2297744750977,145710.57205786929,True,True,1.0,True,True
38SMB_00820_r4560_c5280,2,0.1148332059383392,211.48529052734375,466.2847137451172,98612.35815484542,True,True,1.0,True,True
38SMB_00820_r4560_c5280,3,0.1079384759068489,317.7703857421875,342.47802734375,108829.37485724688,True,True,1.0,True,True
38SMB_00821_r4560_c5520,0,0.2488411962985992,630.9819030761719,452.48416900634766,285509.32207146543,True,True,1.0,True,True
38SMB_00822_r4560_c5760,0,0.1894135177135467,866.3671875,473.2666015625,410022.65453338623,True,True,1.0,True,True
38SMB_00823_r4560_c6000,0,0.1978733837604522,346.3035583496094,512.6904296875,177546.52013257146,True,True,1.0,True,True
38SMB_00825_r4560_c6480,0,0.5336084961891174,861.5493774414062,550.5410385131836,474318.2889869786,True,True,1.0,True,True
38SMB_00825_r4560_c6480,1,0.1750036031007766,1318.0364990234375,1357.7296447753906,1789537.2276200913,True,True,1.0,True,True
38SMB_00826_r4560_c6720,0,0.5567935705184937,466.22314453125,446.27288818359375,208062.749247998,True,True,1.0,True,True
38SMB_00826_r4560_c6720,1,0.4194844365119934,577.7470779418945,847.9367065429688,489892.9544848739,True,True,1.0,True,True
38SMB_00826_r4560_c6720,2,0.1504285186529159,1045.660400390625,1200.9939575195312,1255831.8224865943,True,True,1.0,True,True
38SMB_00827_r4560_c6960,0,0.5059443712234497,451.1341857910156,433.48388671875,195559.40028838813,True,True,1.0,True,True
38SMB_00827_r4560_c6960,1,0.1383626163005828,878.2861328125,577.3736572265625,507099.2765933275,True,True,1.0,True,True
38SMB_00828_r4560_c7200,0,0.7254505157470703,529.0469360351562,427.303466796875,226063.58986608684,True,True,1.0,True,True
38SMB_00828_r4560_c7200,1,0.4620088636875152,277.4945068359375,412.74505615234375,114534.48580596596,True,True,1.0,True,True
38SMB_00828_r4560_c7200,2,0.1028797701001167,259.0061950683594,85.8819580078125,22243.959168624133,True,True,1.0,True,True
38SMB_00829_r4560_c7440,0,0.5078505873680115,434.8468017578125,417.77008056640625,181665.98340440542,True,True,1.0,True,True
38SMB_00829_r4560_c7440,1,0.344577819108963,143.9266586303711,394.759521484375,56816.418889770284,True,True,1.0,True,True
38SMB_00829_r4560_c7440,2,0.1498550027608871,263.7343215942383,82.442626953125,21742.950289929286,True,True,1.0,True,True
38SMB_00829_r4560_c7440,3,0.110466793179512,713.6114501953125,149.95849609375,107012.09986656904,True,True,1.0,True,True
38SMB_00829_r4560_c7440,4,0.1082750186324119,202.92266845703125,422.16796875,85667.45075583458,True,True,1.0,True,True
38SMB_00829_r4560_c7440,5,0.1056571677327156,363.5906219482422,850.0754165649414,309079.4494117581,True,True,1.0,True,True
38SMB_00832_r4560_c8160,0,0.1728779077529907,853.5773468017578,844.1506958007812,720547.9112224886,True,True,1.0,True,True
38SMB_00840_r4800_c0,0,0.1193543598055839,457.825927734375,264.2431640625,120977.37173438072,True,True,1.0,True,True
38SMB_00840_r4800_c0,1,0.1150676533579826,427.19879150390625,428.7408447265625,183157.57073555142,True,True,1.0,True,True
38SMB_00841_r4800_c240,0,0.2150580883026123,264.4902801513672,677.4447631835938,179177.5552015053,True,True,1.0,True,True
38SMB_00841_r4800_c240,1,0.1368896067142486,197.61072158813477,516.1508178710938,101996.93556781276,True,True,1.0,True,True
38SMB_00841_r4800_c240,2,0.1118170022964477,1128.2501220703125,1268.0270385742188,1430651.6610598192,True,True,1.0,True,True
38SMB_00842_r4800_c480,0,0.122859388589859,647.97119140625,681.4324951171875,441548.6257240176,True,True,1.0,True,True
38SMB_00844_r4800_c960,0,0.2998633980751037,719.6438598632812,770.1513671875,554234.7025617957,True,True,1.0,True,True
38SMB_00849_r4800_c2160,0,0.2122279852628708,594.9072265625,132.51705169677734,78835.35169716924,True,True,1.0,True,True
38SMB_00849_r4800_c2160,1,0.1320080161094665,702.6486206054688,172.76622772216797,121393.95159619162,True,True,1.0,True,True
38SMB_00849_r4800_c2160,2,0.118427000939846,741.8341064453125,478.10546875,354674.9431967735,True,True,1.0,True,True
38SMB_00853_r4800_c3120,0,0.4640637338161468,575.5889129638672,569.5398712158203,327820.8353626949,True,True,1.0,True,True
38SMB_00853_r4800_c3120,1,0.2428922653198242,433.924560546875,444.5050048828125,192881.63890466094,True,True,1.0,True,True
38SMB_00853_r4800_c3120,2,0.2127172946929931,439.54071044921875,448.4373474121094,197106.47027348168,True,True,1.0,True,True
38SMB_00853_r4800_c3120,3,0.17879319190979,611.6421508789062,638.8143539428711,390725.7854579366,True,True,1.0,True,True
38SMB_00854_r4800_c3360,0,0.7724471688270569,447.508544921875,449.114990234375,200982.79578238726,True,True,1.0,True,True
38SMB_00854_r4800_c3360,1,0.7280128598213196,501.094970703125,495.15289306640625,248118.62444467843,True,True,1.0,True,True
38SMB_00854_r4800_c3360,2,0.3436700999736786,501.21368408203125,490.6451416015625,245918.05899906904,True,True,1.0,True,True
38SMB_00854_r4800_c3360,3,0.3008861839771271,497.5390625,497.222900390625,247387.81571388245,True,True,1.0,True,True
38SMB_00854_r4800_c3360,4,0.284781277179718,419.852294921875,193.57986450195312,81274.95036181062,True,True,1.0,True,True
38SMB_00855_r4800_c3600,0,0.7882866859436035,551.6949462890625,519.4854736328125,286597.5104738027,True,True,1.0,True,True
38SMB_00855_r4800_c3600,1,0.7776860594749451,463.30841064453125,459.00390625,212660.37028431892,True,True,1.0,True,True
38SMB_00855_r4800_c3600,2,0.3390328288078308,411.55317306518555,192.43988037109375,79199.24339100835,True,True,1.0,True,True
38SMB_00855_r4800_c3600,3,0.315277099609375,576.0531234741211,288.04128646850586,165927.0827596869,True,True,1.0,True,True
38SMB_00855_r4800_c3600,4,0.3006175458431244,644.9334716796875,681.278076171875,439379.0348447859,True,True,1.0,True,True
38SMB_00855_r4800_c3600,5,0.2961369454860687,495.716552734375,215.909423828125,107029.87528294325,True,True,1.0,True,True
38SMB_00855_r4800_c3600,6,0.2784749865531921,446.5234375,437.73345947265625,195458.2490324974,True,True,1.0,True,True
38SMB_00855_r4800_c3600,7,0.2591948211193084,1214.4036865234375,1018.5986328125,1236989.9347752333,True,True,1.0,True,True
38SMB_00855_r4800_c3600,8,0.2278942018747329,346.3037109375,351.2866973876953,121651.88690833747,True,True,1.0,True,True
38SMB_00855_r4800_c3600,9,0.2090202867984771,417.7593994140625,357.63427734375,149405.08091300726,True,True,1.0,True,True
38SMB_00855_r4800_c3600,10,0.1645215153694152,486.522216796875,257.20550537109375,125136.19264550507,True,True,1.0,True,True
38SMB_00855_r4800_c3600,11,0.1059387549757957,472.6948547363281,367.02789306640625,173492.19659720547,True,True,1.0,True,True
38SMB_00856_r4800_c3840,0,0.3518410921096802,848.4149169921875,458.2467269897461,388783.35884094704,True,True,1.0,True,True
38SMB_00856_r4800_c3840,1,0.3339816033840179,627.6467132568359,684.47998046875,429611.6100313142,True,True,1.0,True,True
38SMB_00856_r4800_c3840,2,0.2485178261995315,839.9492645263672,880.7601928710938,739793.8762261765,True,True,1.0,True,True
38SMB_00856_r4800_c3840,3,0.2263200730085373,1150.8773803710938,978.9112854003906,1126606.8557573017,True,True,1.0,True,True
38SMB_00856_r4800_c3840,4,0.2134124040603637,457.66845703125,483.4695625305176,221268.76870491542,True,True,1.0,True,True
38SMB_00856_r4800_c3840,5,0.1538123786449432,455.9700012207031,336.746826171875,153546.45074065775,True,True,1.0,True,True
38SMB_00856_r4800_c3840,6,0.1312158852815628,444.007568359375,242.22412109375,107549.34300482273,True,True,1.0,True,True
38SMB_00856_r4800_c3840,7,0.1162142679095268,705.7168579101562,382.5020217895508,269938.1249616039,True,True,1.0,True,True
38SMB_00857_r4800_c4080,0,0.8667485117912292,856.6696166992188,771.39404296875,660829.8391140997,True,True,1.0,True,True
38SMB_00857_r4800_c4080,1,0.8308221101760864,650.7208251953125,665.4541015625,433024.8420983553,True,True,1.0,True,True
38SMB_00857_r4800_c4080,2,0.3741314709186554,475.32012939453125,486.1126708984375,231059.1376317665,True,True,1.0,True,True
38SMB_00857_r4800_c4080,3,0.2726548314094543,472.36083984375,487.55615234375,230302.43359208107,True,True,1.0,True,True
38SMB_00857_r4800_c4080,4,0.1226153969764709,407.96356201171875,92.7685546875,37846.19001299143,True,True,1.0,True,True
38SMB_00858_r4800_c4320,0,0.668637752532959,656.3300323486328,604.0087890625,396429.10806424916,True,True,1.0,True,True
38SMB_00858_r4800_c4320,1,0.3366443514823913,460.27099609375,137.7291202545166,63392.719370662235,True,True,1.0,True,True
38SMB_00858_r4800_c4320,2,0.3182452917098999,250.0054168701172,629.520263671875,157383.4759474732,True,True,1.0,True,True
38SMB_00858_r4800_c4320,3,0.2581067681312561,352.2540283203125,389.04998779296875,137044.42541804165,True,True,1.0,True,True
38SMB_00858_r4800_c4320,4,0.1392425745725631,556.8112182617188,613.260498046875,341470.32502926886,True,True,1.0,True,True
38SMB_00858_r4800_c4320,5,0.1026340126991272,637.24853515625,176.6556739807129,112573.56947124936,True,True,1.0,True,True
38SMB_00859_r4800_c4560,0,0.3069819211959839,368.39447021484375,389.542236328125,143505.20577840507,True,True,1.0,True,True
38SMB_00860_r4800_c4800,0,0.5092060565948486,598.9544677734375,661.9977569580078,396506.514185993,True,True,1.0,True,True
38SMB_00860_r4800_c4800,1,0.1570929586887359,389.84405517578125,398.9996337890625,155547.6352499798,True,True,1.0,True,True
38SMB_00860_r4800_c4800,2,0.1392279416322708,162.5762939453125,511.6192626953125,83177.16364003718,True,True,1.0,True,True
38SMB_00860_r4800_c4800,3,0.126089334487915,457.68829345703125,412.42919921875,188764.01636227965,True,True,1.0,True,True
38SMB_00860_r4800_c4800,4,0.1019850373268127,270.301456451416,448.6871337890625,121280.78575419495,True,True,1.0,True,True
38SMB_00861_r4800_c5040,0,0.754278838634491,660.7427978515625,720.9136962890625,476338.53269554675,True,True,1.0,True,True
38SMB_00861_r4800_c5040,1,0.2417677491903305,104.7076416015625,299.25048828125,31333.812876045704,True,True,1.0,True,True
38SMB_00861_r4800_c5040,2,0.1284074634313583,125.3045654296875,374.2279052734375,46892.465041950345,True,True,1.0,True,True
38SMB_00862_r4800_c5280,0,0.8852337002754211,423.544921875,431.170654296875,182620.14108896255,True,True,1.0,True,True
38SMB_00862_r4800_c5280,1,0.8427078723907471,509.26910400390625,512.9640197753906,261236.72673725523,True,True,1.0,True,True
38SMB_00862_r4800_c5280,2,0.7004149556159973,726.4389801025391,752.7462768554688,546824.2376348702,True,True,1.0,True,True
38SMB_00862_r4800_c5280,3,0.6467533111572266,480.4327392578125,347.18536376953125,166799.215346016,True,True,1.0,True,True
38SMB_00862_r4800_c5280,4,0.5924490690231323,347.31231689453125,337.0538330078125,117062.94766012579,True,True,1.0,True,True
38SMB_00863_r4800_c5520,0,0.754306972026825,464.5635986328125,492.2125244140625,228664.02163393795,True,True,1.0,True,True
38SMB_00863_r4800_c5520,1,0.2869239747524261,453.4141540527344,105.6170654296875,47888.272375334054,True,True,1.0,True,True
38SMB_00863_r4800_c5520,2,0.2435021996498108,413.71826171875,77.7349853515625,32160.383014380932,True,True,1.0,True,True
38SMB_00863_r4800_c5520,3,0.2424777448177337,381.93328857421875,201.35009765625,76902.30495259166,True,True,1.0,True,True
38SMB_00863_r4800_c5520,4,0.167963296175003,433.211669921875,629.7070693969727,272796.45109507255,True,True,1.0,True,True
38SMB_00864_r4800_c5760,0,0.2762871384620666,460.5526542663574,105.1812744140625,48441.51511051459,True,True,1.0,True,True
38SMB_00864_r4800_c5760,1,0.2394131571054458,417.16712951660156,78.402099609375,32706.778842117637,True,True,1.0,True,True
38SMB_00865_r4800_c6000,0,0.1214439272880554,355.0839614868164,886.1611938476562,314661.6272273124,True,True,1.0,True,True
38SMB_00865_r4800_c6000,1,0.114097811281681,391.7303466796875,181.21002197265625,70985.46472918242,True,True,1.0,True,True
38SMB_00866_r4800_c6240,0,0.1845139563083648,612.6470184326172,656.6128540039062,402271.90727002453,True,True,1.0,True,True
38SMB_00867_r4800_c6480,0,0.2058215886354446,900.6407165527344,794.5731353759766,715624.9179985723,True,True,1.0,True,True
38SMB_00869_r4800_c6960,0,0.2842265367507934,806.5459442138672,812.4865341186523,655307.7188217809,True,True,1.0,True,True
38SMB_00869_r4800_c6960,1,0.1328967213630676,755.3375244140625,1262.8317260742188,953864.1897244379,True,True,1.0,True,True
38SMB_00870_r4800_c7200,0,0.8219431042671204,521.2045288085938,549.0573120117188,286171.1575959809,True,True,1.0,True,True
38SMB_00870_r4800_c7200,1,0.3031746447086334,903.3987426757812,1245.1538848876953,1124870.4540454084,True,True,1.0,True,True
38SMB_00870_r4800_c7200,2,0.1825339198112487,1163.9030456542969,1517.4639129638672,1766180.869969132,True,True,1.0,True,True
38SMB_00870_r4800_c7200,3,0.1699066460132599,1873.046875,1812.6275634765625,3395136.3933086395,True,True,1.0,True,True
38SMB_00870_r4800_c7200,4,0.1145495697855949,335.24932861328125,368.8775634765625,123665.95549602062,True,True,1.0,True,True
38SMB_00871_r4800_c7440,0,0.3235764801502228,140.91716766357422,444.073486328125,62577.577927848324,True,True,1.0,True,True
38SMB_00871_r4800_c7440,1,0.2427055388689041,708.6907958984375,1328.6467742919922,941599.7399408836,True,True,1.0,True,True
38SMB_00871_r4800_c7440,2,0.1918766647577285,188.76434326171875,216.2396240234375,40818.33061594516,True,True,1.0,True,True
38SMB_00871_r4800_c7440,3,0.1095188781619072,792.4789428710938,1716.707763671875,1360454.753773287,True,True,1.0,True,True
38SMB_00872_r4800_c7680,0,0.1120344474911689,180.8367919921875,173.863525390625,31440.922176092863,True,True,1.0,True,True
38SMB_00874_r4800_c8160,0,0.1119574233889579,960.8294677734375,937.305908203125,900591.1369197071,True,True,1.0,True,True
38SMB_00875_r4800_c8400,0,0.5999768972396851,509.47418212890625,458.8525390625,233773.5220566392,True,True,1.0,True,True
38SMB_00875_r4800_c8400,1,0.3122491538524627,641.727294921875,700.8811950683594,449774.59337282926,True,True,1.0,True,True
38SMB_00876_r4800_c8640,0,0.1258855611085891,343.22235107421875,376.15478515625,129104.72972914577,True,True,1.0,True,True
38SMB_00882_r5040_c0,0,0.1052500456571579,413.126220703125,379.814453125,156911.30958795547,True,True,1.0,True,True
38SMB_00883_r5040_c240,0,0.1185988709330558,481.34490966796875,311.1004638671875,149746.62467781454,True,True,1.0,True,True
38SMB_00884_r5040_c480,0,0.2442698627710342,993.572998046875,1157.5411987304688,1150101.6791854054,True,True,1.0,True,True
38SMB_00885_r5040_c720,0,0.1679263114929199,760.7156372070312,737.8167724609375,561268.7562046573,True,True,1.0,True,True
38SMB_00885_r5040_c720,1,0.1435767114162445,906.2496948242188,904.7979736328125,819972.8874823079,True,True,1.0,True,True
38SMB_00885_r5040_c720,2,0.1019391417503357,990.6935119628906,907.2109985351562,898768.0502301548,True,True,1.0,True,True
38SMB_00887_r5040_c1200,0,0.1606735587120056,778.7210083007812,762.518310546875,593789.0276368707,True,True,1.0,True,True
38SMB_00887_r5040_c1200,1,0.119655080139637,1196.1029052734375,692.999267578125,828898.4373025596,True,True,1.0,True,True
38SMB_00888_r5040_c1440,0,0.1709514111280441,1008.6405944824219,635.17822265625,640666.5401022881,True,True,1.0,True,True
38SMB_00889_r5040_c1680,0,0.149779200553894,640.9954071044922,557.8466796875,357577.1595481783,True,True,1.0,True,True
38SMB_00889_r5040_c1680,1,0.1055674776434898,993.7030029296875,600.426025390625,596645.1444678009,True,True,1.0,True,True
38SMB_00891_r5040_c2160,0,0.2487038820981979,550.78369140625,558.5812377929688,307657.43610188365,True,True,1.0,True,True
38SMB_00891_r5040_c2160,1,0.1034496277570724,525.0259399414062,450.7610321044922,236661.2345696194,True,True,1.0,True,True
38SMB_00896_r5040_c3360,0,0.4896466135978699,578.984375,601.7901611328125,348427.10032463074,True,True,1.0,True,True
38SMB_00896_r5040_c3360,1,0.1482352316379547,585.4701232910156,742.3056030273438,434597.75292403065,True,True,1.0,True,True
38SMB_00896_r5040_c3360,2,0.1369274705648422,480.6951904296875,488.1732177734375,234662.51788027585,True,True,1.0,True,True
38SMB_00896_r5040_c3360,3,0.1083086729049682,494.578857421875,542.9478454589844,268530.52504677325,True,True,1.0,True,True
38SMB_00897_r5040_c3600,0,0.7758027911186218,698.8629150390625,699.9832534790039,489192.33700486366,True,True,1.0,True,True
38SMB_00897_r5040_c3600,1,0.7756668925285339,464.12628173828125,453.2098388671875,210346.5973606333,True,True,1.0,True,True
38SMB_00897_r5040_c3600,2,0.7337448000907898,560.518798828125,573.8637542724609,321661.4222357981,True,True,1.0,True,True
38SMB_00897_r5040_c3600,3,0.5555862784385681,466.119384765625,446.7510986328125,208239.34723809361,True,True,1.0,True,True
38SMB_00897_r5040_c3600,4,0.4653103649616241,600.5194091796875,651.93115234375,391497.3104313016,True,True,1.0,True,True
38SMB_00897_r5040_c3600,5,0.4143128991127014,805.9600830078125,566.0014343261719,456174.5629920624,True,True,1.0,True,True
38SMB_00897_r5040_c3600,6,0.2354377657175064,1193.150634765625,1135.8523559570312,1355242.9595101625,True,True,1.0,True,True
38SMB_00897_r5040_c3600,7,0.1684575378894806,352.14111328125,592.1063232421875,208504.97984737158,True,True,1.0,True,True
38SMB_00897_r5040_c3600,8,0.1342780292034149,472.5363349914551,486.729736328125,229997.48573584948,True,True,1.0,True,True
38SMB_00897_r5040_c3600,9,0.1050440445542335,613.018798828125,961.439208984375,589380.3090378642,True,True,1.0,True,True
38SMB_00898_r5040_c3840,0,0.7322295904159546,420.9442138671875,487.646484375,205271.9660103321,True,True,1.0,True,True
38SMB_00898_r5040_c3840,1,0.4663982987403869,385.17913818359375,378.73291015625,145880.01593574882,True,True,1.0,True,True
38SMB_00898_r5040_c3840,2,0.4650940895080566,414.4538116455078,435.916748046875,180667.35778814182,True,True,1.0,True,True
38SMB_00898_r5040_c3840,3,0.3874650001525879,507.7978515625,515.147705078125,261590.89787602425,True,True,1.0,True,True
38SMB_00898_r5040_c3840,4,0.3870218098163605,572.1583557128906,590.7968139648438,338029.33363853954,True,True,1.0,True,True
38SMB_00898_r5040_c3840,5,0.3237399458885193,683.1386947631836,742.9644775390625,507547.7834414458,True,True,1.0,True,True
38SMB_00898_r5040_c3840,6,0.2250774502754211,539.2571640014648,574.7564315795898,309941.5232852116,True,True,1.0,True,True
38SMB_00898_r5040_c3840,7,0.2061986327171325,1043.1842041015625,596.79443359375,622566.5262207389,True,True,1.0,True,True
38SMB_00898_r5040_c3840,8,0.1938443332910537,723.4235000610352,843.017578125,609858.7269801646,True,True,1.0,True,True
38SMB_00898_r5040_c3840,9,0.1916415840387344,631.0719299316406,136.6143798828125,86213.50036906078,True,True,1.0,True,True
38SMB_00898_r5040_c3840,10,0.1791663020849228,375.3684997558594,115.2557373046875,43263.37320031598,True,True,1.0,True,True
38SMB_00898_r5040_c3840,11,0.1336917728185653,524.1897583007812,564.59228515625,295953.49349454045,True,True,1.0,True,True
38SMB_00898_r5040_c3840,12,0.1331061869859695,617.5152587890625,177.41241455078125,109554.87308371812,True,True,1.0,True,True
38SMB_00899_r5040_c4080,0,0.8224930763244629,669.4464111328125,642.5098419189453,430125.90779014863,True,True,1.0,True,True
38SMB_00899_r5040_c4080,1,0.7952941060066223,865.8160400390625,822.7616882324219,712360.2668012492,True,True,1.0,True,True
38SMB_00899_r5040_c4080,2,0.7670094966888428,556.6122436523438,538.0548095703125,299487.8947628662,True,True,1.0,True,True
38SMB_00899_r5040_c4080,3,0.7505157589912415,485.08460998535156,488.3935546875,236912.1969949454,True,True,1.0,True,True
38SMB_00899_r5040_c4080,4,0.333903968334198,415.726318359375,431.3658142089844,179330.12180719525,True,True,1.0,True,True
38SMB_00899_r5040_c4080,5,0.2028097659349441,260.08872985839844,416.571044921875,108345.4339695163,True,True,1.0,True,True
38SMB_00899_r5040_c4080,6,0.1840842813253402,385.0985336303711,115.89111328125,44629.4977854006,True,True,1.0,True,True
38SMB_00899_r5040_c4080,7,0.1675995737314224,607.0164680480957,134.3115234375,81529.30657519028,True,True,1.0,True,True
38SMB_00899_r5040_c4080,8,0.1518211364746093,698.7504577636719,648.3599853515625,453041.8365600519,True,True,1.0,True,True
38SMB_00899_r5040_c4080,9,0.1512892991304397,502.6983642578125,230.29891967773438,115770.89021233842,True,True,1.0,True,True
38SMB_00899_r5040_c4080,10,0.136554017663002,296.2977981567383,593.380126953125,175817.22508617677,True,True,1.0,True,True
38SMB_00900_r5040_c4320,0,0.8073250651359558,493.0078887939453,472.83203125,233109.92148071527,True,True,1.0,True,True
38SMB_00900_r5040_c4320,1,0.5885319113731384,751.5576171875,404.0874481201172,303694.9996445328,True,True,1.0,True,True
38SMB_00900_r5040_c4320,2,0.3453578054904938,273.39813232421875,650.2897644042969,177788.007057691,True,True,1.0,True,True
38SMB_00900_r5040_c4320,3,0.2184253931045532,443.6956787109375,231.676025390625,102793.65132674575,True,True,1.0,True,True
38SMB_00900_r5040_c4320,4,0.1152486503124237,475.12359619140625,455.0301933288574,216195.58183007757,True,True,1.0,True,True
38SMB_00901_r5040_c4560,0,0.5768806338310242,674.66064453125,671.2896728515625,452892.7233532071,True,True,1.0,True,True
38SMB_00901_r5040_c4560,1,0.5481456518173218,552.72705078125,525.6915283203125,290563.9280691743,True,True,1.0,True,True
38SMB_00901_r5040_c4560,2,0.3080962896347046,568.065185546875,749.8406982421875,425958.39537754655,True,True,1.0,True,True
38SMB_00901_r5040_c4560,3,0.1275618523359298,409.33135986328125,249.59108352661133,102165.45762969763,True,True,1.0,True,True
38SMB_00901_r5040_c4560,4,0.124627023935318,252.99068450927734,278.388671875,70429.74065728486,True,True,1.0,True,True
38SMB_00901_r5040_c4560,5,0.1071318015456199,364.993896484375,370.1429748535156,135099.9266481027,True,True,1.0,True,True
38SMB_00902_r5040_c4800,0,0.3172332048416137,713.900146484375,735.5010986328125,525074.3420533836,True,True,1.0,True,True
38SMB_00902_r5040_c4800,1,0.1806685477495193,610.2578735351562,602.2262573242188,367513.31518171355,True,True,1.0,True,True
38SMB_00902_r5040_c4800,2,0.1333959698677063,546.1337280273438,555.1634216308594,303193.4691196773,True,True,1.0,True,True
38SMB_00902_r5040_c4800,3,0.1074144840240478,361.25732421875,366.2501525878906,132310.55011861026,True,True,1.0,True,True
38SMB_00903_r5040_c5040,0,0.1587065309286117,118.45367431640625,222.96112060546875,26410.56396542117,True,True,1.0,True,True
38SMB_00903_r5040_c5040,1,0.149135336279869,495.074462890625,77.14553356170654,38192.78359247255,True,True,1.0,True,True
38SMB_00903_r5040_c5040,2,0.106422945857048,566.832275390625,229.02334213256836,129817.82213856932,True,True,1.0,True,True
38SMB_00903_r5040_c5040,3,0.1049329936504364,156.651611328125,261.25118255615234,40925.41870879941,True,True,1.0,True,True
38SMB_00903_r5040_c5040,4,0.1034448966383934,368.7749481201172,725.6366729736328,267596.6264299059,True,True,1.0,True,True
38SMB_00904_r5040_c5280,0,0.8371185064315796,571.031494140625,503.9266586303711,287757.9928149935,True,True,1.0,True,True
38SMB_00904_r5040_c5280,1,0.7339538335800171,500.0567626953125,493.6647033691406,246860.3734237142,True,True,1.0,True,True
38SMB_00904_r5040_c5280,2,0.7088760137557983,473.2928466796875,467.5177001953125,221272.78319858015,True,True,1.0,True,True
38SMB_00904_r5040_c5280,3,0.5590260028839111,583.7051391601562,578.7496948242188,337819.17115626857,True,True,1.0,True,True
38SMB_00904_r5040_c5280,4,0.4627515375614166,351.5264892578125,345.75439453125,121541.82845503092,True,True,1.0,True,True
38SMB_00904_r5040_c5280,5,0.33514204621315,386.8804931640625,231.49858474731445,89562.28663382353,True,True,1.0,True,True
38SMB_00904_r5040_c5280,6,0.1595514118671417,527.6466369628906,254.4652557373047,134267.73641369073,True,True,1.0,True,True
38SMB_00904_r5040_c5280,7,0.1144362613558769,602.2550201416016,82.81209945678711,49874.00262631563,True,True,1.0,True,True
38SMB_00905_r5040_c5520,0,0.7431856989860535,406.58935546875,373.59100341796875,151898.1252886355,True,True,1.0,True,True
38SMB_00905_r5040_c5520,1,0.6673609018325806,440.76141357421875,436.70654296875,192483.39319601655,True,True,1.0,True,True
38SMB_00905_r5040_c5520,2,0.1977291703224182,407.6513671875,436.9797134399414,178135.37761699408,True,True,1.0,True,True
38SMB_00906_r5040_c5760,0,0.7559314966201782,420.2167510986328,386.600341796875,162455.9396035038,True,True,1.0,True,True
38SMB_00906_r5040_c5760,1,0.4764610826969147,125.48924446105957,415.9832763671875,52201.4270597545,True,True,1.0,True,True
38SMB_00906_r5040_c5760,2,0.3301092088222503,147.05801010131836,526.3131713867188,77398.56767424499,True,True,1.0,True,True
38SMB_00909_r5040_c6480,0,0.1876118779182434,609.9969482421875,569.2547607421875,347243.666825071,True,True,1.0,True,True
38SMB_00910_r5040_c6720,0,0.2215674221515655,404.4850158691406,532.6760864257812,215459.49527104385,True,True,1.0,True,True
38SMB_00911_r5040_c6960,0,0.2126451134681701,1201.7236328125,980.74462890625,1178583.998310566,True,True,1.0,True,True
38SMB_00911_r5040_c6960,1,0.170315682888031,535.474853515625,491.69891357421875,263292.40371994674,True,True,1.0,True,True
38SMB_00912_r5040_c7200,0,0.1358837038278579,527.7745819091797,491.3525390625,259323.38087372482,True,True,1.0,True,True
38SMB_00912_r5040_c7200,1,0.1326376497745514,1541.1927795410156,1377.4127197265625,2122858.538090531,True,True,1.0,True,True
38SMB_00912_r5040_c7200,2,0.109404057264328,235.05126953125,230.56854248046875,54195.428624004126,True,True,1.0,True,True
38SMB_00913_r5040_c7440,0,0.3975516557693481,633.638916015625,641.678466796875,406592.4481317401,True,True,1.0,True,True
38SMB_00913_r5040_c7440,1,0.1756715923547744,837.7229309082031,632.6052093505859,529947.8900849703,True,True,1.0,True,True
38SMB_00914_r5040_c7680,0,0.2357375025749206,512.7194213867188,480.9918212890625,246613.84830307215,True,True,1.0,True,True
38SMB_00914_r5040_c7680,1,0.1193298548460006,194.593505859375,187.50185012817383,36486.64237156045,True,True,1.0,True,True
38SMB_00917_r5040_c8400,0,0.565985381603241,572.1353149414062,334.1470718383789,191177.34018299961,True,True,1.0,True,True
38SMB_00917_r5040_c8400,1,0.3474257588386535,469.95819091796875,499.91943359375,234941.23261645436,True,True,1.0,True,True
38SMB_00918_r5040_c8640,0,0.1092483326792717,371.0881805419922,398.07220458984375,147719.8901255848,True,True,1.0,True,True
38SMB_00928_r5280_c960,0,0.103346899151802,440.59032440185547,361.5087890625,159277.27464716882,True,True,1.0,True,True
38SMB_00930_r5280_c1440,0,0.2827169895172119,968.7649536132812,1140.9048461914062,1105268.6303977855,True,True,1.0,True,True
38SMB_00931_r5280_c1680,0,0.3199284970760345,938.3720397949219,1064.8736572265625,999247.6658555679,True,True,1.0,True,True
38SMB_00931_r5280_c1680,1,0.1074321717023849,671.3751983642578,204.36767578125,137207.38886687905,True,True,1.0,True,True
38SMB_00932_r5280_c1920,0,0.1542519330978393,279.437255859375,600.3988647460938,167773.81118573248,True,True,1.0,True,True
38SMB_00933_r5280_c2160,0,0.1211629435420036,1156.7698669433594,1091.0479736328125,1262091.4192880504,True,True,1.0,True,True
38SMB_00934_r5280_c2400,0,0.1456485092639923,236.18408203125,523.167724609375,123563.88878524303,True,True,1.0,True,True
38SMB_00934_r5280_c2400,1,0.1428266167640686,999.89990234375,926.7156982421875,926622.9361727834,True,True,1.0,True,True
38SMB_00934_r5280_c2400,2,0.1001504808664321,198.7738037109375,414.3614196777344,82364.19550040737,True,True,1.0,True,True
38SMB_00938_r5280_c3360,0,0.3513874411582947,577.486572265625,499.05555725097656,288197.88312697783,True,True,1.0,True,True
38SMB_00939_r5280_c3600,0,0.3740501701831817,775.5564880371094,821.9540405273438,637471.7889992986,True,True,1.0,True,True
38SMB_00939_r5280_c3600,1,0.1095528379082679,805.0579833984375,513.5160064697266,413410.16061133705,True,True,1.0,True,True
38SMB_00940_r5280_c3840,0,0.7307136058807373,492.3950958251953,495.54931640625,244006.0531379655,True,True,1.0,True,True
38SMB_00940_r5280_c3840,1,0.6888567209243774,422.5006103515625,498.8886260986328,210780.74902412482,True,True,1.0,True,True
38SMB_00940_r5280_c3840,2,0.5630848407745361,662.1221923828125,633.4548950195312,419424.54386595637,True,True,1.0,True,True
38SMB_00940_r5280_c3840,3,0.4675974249839782,397.4407958984375,381.99108123779297,151818.83935325313,True,True,1.0,True,True
38SMB_00940_r5280_c3840,4,0.3643766045570373,323.68896484375,481.4588928222656,155842.93063245714,True,True,1.0,True,True
38SMB_00940_r5280_c3840,5,0.2966086864471435,448.7060546875,501.263427734375,224919.93501782417,True,True,1.0,True,True
38SMB_00940_r5280_c3840,6,0.2470548748970031,883.7750244140625,787.0524597167969,695577.3068013601,True,True,1.0,True,True
38SMB_00940_r5280_c3840,7,0.2460119277238845,583.6260986328125,608.0419921875,354869.1757053137,True,True,1.0,True,True
38SMB_00940_r5280_c3840,8,0.1731157153844833,455.4498291015625,447.44873046875,203790.4478237033,True,True,1.0,True,True
38SMB_00940_r5280_c3840,9,0.1190963312983512,448.23150634765625,544.74365234375,244171.26786336303,True,True,1.0,True,True
38SMB_00940_r5280_c3840,10,0.109914131462574,580.624885559082,867.8611755371094,503901.79572740453,True,True,1.0,True,True
38SMB_00940_r5280_c3840,11,0.1094812229275703,319.498291015625,120.12939453125,38381.13625347614,True,True,1.0,True,True
38SMB_00941_r5280_c4080,0,0.8489332795143127,477.2027587890625,488.941650390625,233324.30445328355,True,True,1.0,True,True
38SMB_00941_r5280_c4080,1,0.726233184337616,471.7012023925781,500.0255584716797,235862.6571581117,True,True,1.0,True,True
38SMB_00941_r5280_c4080,2,0.5628940463066101,465.2241516113281,451.8890380859375,210229.69436598942,True,True,1.0,True,True
38SMB_00941_r5280_c4080,3,0.3497734665870666,411.10504150390625,435.8143615722656,179165.48120216466,True,True,1.0,True,True
38SMB_00941_r5280_c4080,4,0.2143784463405609,496.7462158203125,490.4412841796875,243624.85199831426,True,True,1.0,True,True
38SMB_00941_r5280_c4080,5,0.2077989131212234,459.5314025878906,459.8095703125,211296.93676903844,True,True,1.0,True,True
38SMB_00941_r5280_c4080,6,0.1979037374258041,266.5798568725586,461.240234375,122957.35566355288,True,True,1.0,True,True
38SMB_00941_r5280_c4080,7,0.1755133122205734,268.3404350280762,461.7323303222656,123901.45438520412,True,True,1.0,True,True
38SMB_00941_r5280_c4080,8,0.1571373492479324,594.0398788452148,131.4105224609375,78063.0908416817,True,True,1.0,True,True
38SMB_00941_r5280_c4080,9,0.1501215100288391,864.063720703125,704.8907470703125,609070.5216027796,True,True,1.0,True,True
38SMB_00941_r5280_c4080,10,0.149498626589775,635.3576278686523,177.5323486328125,112796.53189729434,True,True,1.0,True,True
38SMB_00941_r5280_c4080,11,0.1384380161762237,675.921630859375,617.2342300415039,417201.96739188395,True,True,1.0,True,True
38SMB_00941_r5280_c4080,12,0.1228792443871498,427.8736114501953,638.9825439453125,273403.768731514,True,True,1.0,True,True
38SMB_00942_r5280_c4320,0,0.5938027501106262,699.2478942871094,643.5301208496094,449987.0819144184,True,True,1.0,True,True
38SMB_00942_r5280_c4320,1,0.2115246504545211,405.184326171875,392.41119384765625,158998.86516146362,True,True,1.0,True,True
38SMB_00942_r5280_c4320,2,0.1824599504470825,1198.7163925170898,1009.757080078125,1210412.3643498402,True,True,1.0,True,True
38SMB_00942_r5280_c4320,3,0.1385068446397781,285.43994903564453,534.3115234375,152513.8540191576,True,True,1.0,True,True
38SMB_00942_r5280_c4320,4,0.1020295843482017,131.86781883239746,580.9243774414062,76605.23055976664,True,True,1.0,True,True
38SMB_00943_r5280_c4560,0,0.4174226820468902,511.063232421875,326.9447708129883,167089.45139511488,True,True,1.0,True,True
38SMB_00943_r5280_c4560,1,0.2283671796321869,245.69124221801758,482.8030014038086,118620.46916148902,True,True,1.0,True,True
38SMB_00943_r5280_c4560,2,0.2058864533901214,473.0479431152344,485.20111083984375,229523.38748001494,True,True,1.0,True,True
38SMB_00944_r5280_c4800,0,0.3438786268234253,517.037181854248,326.1839294433594,168649.21964553942,True,True,1.0,True,True
38SMB_00944_r5280_c4800,1,0.2147857397794723,460.1747131347656,470.1104736328125,216332.9523456283,True,True,1.0,True,True
38SMB_00946_r5280_c5280,0,0.7159423232078552,460.7562255859375,454.99534606933594,209641.93831407465,True,True,1.0,True,True
38SMB_00948_r5280_c5760,0,0.6046003699302673,480.3416442871094,482.3077392578125,231672.49252749607,True,True,1.0,True,True
38SMB_00953_r5280_c6960,0,0.4630221724510193,692.1875,743.9952087402344,514984.183549881,True,True,1.0,True,True
38SMB_00953_r5280_c6960,1,0.3254770040512085,585.4539489746094,218.8224220275879,128110.45110023988,True,True,1.0,True,True
38SMB_00953_r5280_c6960,2,0.2531194686889648,393.023681640625,831.0472869873047,326621.26434920356,True,True,1.0,True,True
38SMB_00953_r5280_c6960,3,0.1721829921007156,1243.8220977783203,900.028076171875,1119474.8097634874,True,True,1.0,True,True
38SMB_00954_r5280_c7200,0,0.388866513967514,728.9298248291016,742.1633911132812,540985.0306787761,True,True,1.0,True,True
38SMB_00954_r5280_c7200,1,0.3853824734687805,763.223876953125,657.1697998046875,501567.6824234426,True,True,1.0,True,True
38SMB_00954_r5280_c7200,2,0.2297680526971817,1593.0197143554688,954.5168304443359,1520564.1285819234,True,True,1.0,True,True
38SMB_00955_r5280_c7440,0,0.5625759959220886,405.04302978515625,404.493408203125,163837.23558671772,True,True,1.0,True,True
38SMB_00955_r5280_c7440,1,0.3533200025558471,697.9751586914062,679.9835205078125,474611.6056339815,True,True,1.0,True,True
38SMB_00958_r5280_c8160,0,0.3414755761623382,600.7250213623047,626.649169921875,376443.83598798886,True,True,1.0,True,True
38SMB_00958_r5280_c8160,1,0.2463006526231765,454.8272705078125,527.650146484375,239989.67590853572,True,True,1.0,True,True
38SMB_00958_r5280_c8160,2,0.235321894288063,491.3739013671875,427.8681945800781,210243.2640417479,True,True,1.0,True,True
38SMB_00958_r5280_c8160,3,0.1060145124793052,688.9149475097656,734.4856262207031,505998.126634513,True,True,1.0,True,True
38SMB_00959_r5280_c8400,0,0.1237297505140304,150.30517578125,460.291748046875,69184.23210084438,True,True,1.0,True,True
38SMB_00959_r5280_c8400,1,0.1163507401943206,688.7164306640625,724.6769714355469,499096.9371515326,True,True,1.0,True,True
38SMB_00959_r5280_c8400,2,0.1001837402582168,402.0947265625,535.7865905761719,215436.96263357997,True,True,1.0,True,True
38SMB_00960_r5280_c8640,0,0.136112168431282,1460.8895874023438,673.0653381347656,983274.1441225167,True,True,1.0,True,True
38SMB_00960_r5280_c8640,1,0.1218339279294014,1554.2560577392578,624.886474609375,971233.58856095,True,True,1.0,True,True
38SMB_00960_r5280_c8640,2,0.1061264276504516,408.2444763183594,293.31512451171875,119744.279402541,True,True,1.0,True,True
38SMB_00960_r5280_c8640,3,0.1013669297099113,493.5555648803711,404.8077392578125,199795.11241733562,True,True,1.0,True,True
38SMB_00961_r5280_c8880,0,0.5146588087081909,743.775634765625,779.293212890625,579619.304086268,True,True,1.0,True,True
38SMB_00962_r5280_c9120,0,0.3701159060001373,539.5112228393555,800.6353759765625,431951.77074156236,True,True,1.0,True,True
38SMB_00972_r5520_c1440,0,0.1608181148767471,363.75,654.8382568359375,238197.41592407227,True,True,1.0,True,True
38SMB_00972_r5520_c1440,1,0.1378953158855438,560.85693359375,571.1288452148438,320321.57281413674,True,True,1.0,True,True
38SMB_00973_r5520_c1680,0,0.6082034707069397,566.1798095703125,591.74560546875,335034.41421836615,True,True,1.0,True,True
38SMB_00973_r5520_c1680,1,0.1286467462778091,366.0750961303711,708.4648132324219,259351.32460904424,True,True,1.0,True,True
38SMB_00974_r5520_c1920,0,0.6406815052032471,513.6643981933594,573.0194091796875,294339.6699693985,True,True,1.0,True,True
38SMB_00974_r5520_c1920,1,0.1051284074783325,196.826171875,643.9138793945312,126739.10389840603,True,True,1.0,True,True
38SMB_00975_r5520_c2160,0,0.3534921705722809,890.2987670898438,882.7581787109375,785918.5181448236,True,True,1.0,True,True
38SMB_00975_r5520_c2160,1,0.2523579597473144,589.1238784790039,609.9984741210938,359364.66694049304,True,True,1.0,True,True
38SMB_00975_r5520_c2160,2,0.1119970306754112,496.8315124511719,256.03538513183594,127206.44763606833,True,True,1.0,True,True
38SMB_00976_r5520_c2400,0,0.4887903332710266,737.5460815429688,646.1502075195312,476565.5536442064,True,True,1.0,True,True
38SMB_00976_r5520_c2400,1,0.2666206061840057,387.10205078125,388.973388671875,150572.39645421505,True,True,1.0,True,True
38SMB_00976_r5520_c2400,2,0.1316211223602295,217.97607421875,476.77839279174805,103926.28233307041,True,True,1.0,True,True
38SMB_00976_r5520_c2400,3,0.1237820163369178,493.69232177734375,141.82398796081543,70017.41390009702,True,True,1.0,True,True
38SMB_00976_r5520_c2400,4,0.1175761893391609,705.6585693359375,166.34902954101562,117385.61819633469,True,True,1.0,True,True
38SMB_00982_r5520_c3840,0,0.7201507091522217,492.4011993408203,495.82542419433594,244145.033536962,True,True,1.0,True,True
38SMB_00982_r5520_c3840,1,0.2931939661502838,447.74810791015625,496.3086700439453,222221.26795158256,True,True,1.0,True,True
38SMB_00982_r5520_c3840,2,0.2233205586671829,442.6318359375,750.0047302246094,331975.97070112824,True,True,1.0,True,True
38SMB_00982_r5520_c3840,3,0.1667825877666473,563.0633544921875,615.8001708984375,346734.50992293656,True,True,1.0,True,True
38SMB_00982_r5520_c3840,4,0.1004379838705062,446.065673828125,524.9716949462891,234171.8528469093,True,True,1.0,True,True
38SMB_00983_r5520_c4080,0,0.5773873329162598,786.4508056640625,735.2922821044922,578271.207659645,True,True,1.0,True,True
38SMB_00983_r5520_c4080,1,0.3579744100570678,568.0033874511719,566.6207885742188,321842.5273104105,True,True,1.0,True,True
38SMB_00983_r5520_c4080,2,0.215705320239067,499.86602783203125,494.478759765625,247173.1334913522,True,True,1.0,True,True
38SMB_00983_r5520_c4080,3,0.197035551071167,957.1808624267578,1046.3858032226562,1001580.4655597778,True,True,1.0,True,True
38SMB_00983_r5520_c4080,4,0.1784828305244445,461.72698974609375,467.39952087402344,215810.97378192935,True,True,1.0,True,True
38SMB_00983_r5520_c4080,5,0.1606398671865463,326.62879943847656,708.7057495117188,231483.7081181584,True,True,1.0,True,True
38SMB_00983_r5520_c4080,6,0.1365028023719787,885.9823608398438,469.83997344970703,416269.92889390094,True,True,1.0,True,True
38SMB_00984_r5520_c4320,0,0.8325462937355042,590.1689147949219,588.946533203125,347577.9363727197,True,True,1.0,True,True
38SMB_00984_r5520_c4320,1,0.650399923324585,532.5586700439453,304.0179443359375,161907.39210504107,True,True,1.0,True,True
38SMB_00984_r5520_c4320,2,0.6253674030303955,695.3450012207031,500.3944778442383,347946.79880743497,True,True,1.0,True,True
38SMB_00984_r5520_c4320,3,0.5201614499092102,678.5300445556641,720.0845336914062,488598.99072947446,True,True,1.0,True,True
38SMB_00984_r5520_c4320,4,0.4865385591983795,257.9437255859375,624.459228515625,161075.3398798406,True,True,1.0,True,True
38SMB_00984_r5520_c4320,5,0.2058117687702179,589.0835571289062,512.4771118164062,301891.8399759568,True,True,1.0,True,True
38SMB_00984_r5520_c4320,6,0.1981387138366699,192.401123046875,479.39300537109375,92235.75261421502,True,True,1.0,True,True
38SMB_00984_r5520_c4320,7,0.1360417306423187,736.2792587280273,262.5592041015625,193316.89616811927,True,True,1.0,True,True
38SMB_00984_r5520_c4320,8,0.1293004900217056,292.7288055419922,547.2435760498047,160193.9583575877,True,True,1.0,True,True
38SMB_00985_r5520_c4560,0,0.8260876536369324,538.1811904907227,548.011474609375,294929.46780784987,True,True,1.0,True,True
38SMB_00985_r5520_c4560,1,0.5957748889923096,437.2344970703125,420.869140625,184018.5070335865,True,True,1.0,True,True
38SMB_00986_r5520_c4800,0,0.4389991462230682,823.6624145507812,342.413330078125,282032.9902265221,True,True,1.0,True,True
38SMB_00987_r5520_c5040,0,0.5887660384178162,561.1334228515625,579.698486328125,325288.1958551705,True,True,1.0,True,True
38SMB_00987_r5520_c5040,1,0.5480208992958069,465.9930419921875,451.920166015625,210591.6528992355,True,True,1.0,True,True
38SMB_00987_r5520_c5040,2,0.2416663169860839,400.023193359375,368.876953125,147559.33674573898,True,True,1.0,True,True
38SMB_00987_r5520_c5040,3,0.128670647740364,873.0154418945312,739.4107055664062,645516.9638616033,True,True,1.0,True,True
38SMB_00988_r5520_c5280,0,0.5997384786605835,453.76708984375,497.003173828125,225523.6838310957,True,True,1.0,True,True
38SMB_00988_r5520_c5280,1,0.3936167061328888,361.0873031616211,432.55126953125,156188.77139417455,True,True,1.0,True,True
38SMB_00988_r5520_c5280,2,0.2326700538396835,483.33251953125,456.639404296875,220708.6737960577,True,True,1.0,True,True
38SMB_00989_r5520_c5520,0,0.2810662090778351,456.090087890625,537.9297637939453,245344.43324776366,True,True,1.0,True,True
38SMB_00991_r5520_c6000,0,0.6857014298439026,381.92901611328125,375.1458740234375,143279.09456472844,True,True,1.0,True,True
38SMB_00991_r5520_c6000,1,0.2047553658485412,750.9695816040039,659.1619873046875,495010.6018154649,True,True,1.0,True,True
38SMB_00991_r5520_c6000,2,0.118399977684021,644.7959899902344,519.415283203125,334916.89174901694,True,True,1.0,True,True
38SMB_00992_r5520_c6240,0,0.5259328484535217,377.9815673828125,364.10888671875,137626.44769996405,True,True,1.0,True,True
38SMB_00998_r5520_c7680,0,0.1744215488433838,731.900634765625,675.4058837890625,494329.9950696528,True,True,1.0,True,True
38SMB_01000_r5520_c8160,0,0.1273132860660553,1109.4744873046875,1056.572265625,1172239.972704649,True,True,1.0,True,True
38SMB_01001_r5520_c8400,0,0.2097324430942535,184.080810546875,524.0013122558594,96458.58628768474,True,True,1.0,True,True
38SMB_01001_r5520_c8400,1,0.194005936384201,326.6461181640625,382.48321533203125,124936.65755111724,True,True,1.0,True,True
38SMB_01001_r5520_c8400,2,0.1154687404632568,159.425048828125,359.89261627197266,57375.897922040895,True,True,1.0,True,True
38SMB_01002_r5520_c8640,0,0.4751483798027038,297.9827880859375,533.3087158203125,158916.81805066764,True,True,1.0,True,True
38SMB_01002_r5520_c8640,1,0.4184559881687164,400.39794921875,613.0152893066406,245450.06467811763,True,True,1.0,True,True
38SMB_01002_r5520_c8640,2,0.1188091188669204,1751.214599609375,1326.0792541503906,2322249.350107275,True,True,1.0,True,True
38SMB_01002_r5520_c8640,3,0.1145331263542175,423.558349609375,451.978759765625,191439.3775448203,True,True,1.0,True,True
38SMB_01003_r5520_c8880,0,0.7379554510116577,622.0102310180664,598.6883544921875,372390.2816855116,True,True,1.0,True,True
38SMB_01003_r5520_c8880,1,0.6762756109237671,563.6604309082031,540.3335571289062,304564.6456454415,True,True,1.0,True,True
38SMB_01003_r5520_c8880,2,0.3412767052650451,663.95263671875,462.76477813720703,307253.89462476596,True,True,1.0,True,True
38SMB_01003_r5520_c8880,3,0.1903335899114608,517.9644775390625,467.723388671875,242264.1006462276,True,True,1.0,True,True
38SMB_01004_r5520_c9120,0,0.2817966639995575,520.5893325805664,473.3682632446289,246430.46822734323,True,True,1.0,True,True
38SMB_01005_r5520_c9360,0,0.5310721397399902,755.0569152832031,682.9888916015625,515695.4856653698,True,True,1.0,True,True
38SMB_01006_r5520_c9600,0,0.1201546564698219,510.52581787109375,509.0031433105469,259859.24603757448,True,True,1.0,True,True
38SMB_01006_r5520_c9600,1,0.1081490740180015,607.5634765625,623.4977722167969,378814.47411701083,True,True,1.0,True,True
38SMB_01007_r5520_c9680,0,0.1176942810416221,509.5039367675781,508.1153106689453,258886.75111770863,True,True,1.0,True,True
38SMB_01007_r5520_c9680,1,0.1075233370065689,606.2963676452637,622.6852035522461,377531.7771001784,True,True,1.0,True,True
38SMB_01014_r5760_c1440,0,0.2013084441423416,505.7867431640625,505.9808349609375,255918.3986183256,True,True,1.0,True,True
38SMB_01014_r5760_c1440,1,0.1237671822309494,642.0013427734375,618.28369140625,396938.96009773016,True,True,1.0,True,True
38SMB_01014_r5760_c1440,2,0.1051995828747749,750.001220703125,900.1811218261719,675136.9402235374,True,True,1.0,True,True
38SMB_01015_r5760_c1680,0,0.6070396304130554,554.0533447265625,581.6955375671387,322290.35820158897,True,True,1.0,True,True
38SMB_01015_r5760_c1680,1,0.1663457751274109,510.6150817871094,516.1004638671875,263528.68056790903,True,True,1.0,True,True
38SMB_01015_r5760_c1680,2,0.1000324413180351,671.2779235839844,641.8521499633789,430861.17847533314,True,True,1.0,True,True
38SMB_01016_r5760_c1920,0,0.6302855610847473,520.7442092895508,582.3062133789062,303232.588650391,True,True,1.0,True,True
38SMB_01016_r5760_c1920,1,0.1848519146442413,595.5192565917969,578.7310791015625,344645.5019931309,True,True,1.0,True,True
38SMB_01016_r5760_c1920,2,0.1347110867500305,168.297119140625,743.2264709472656,125082.87392947823,True,True,1.0,True,True
38SMB_01016_r5760_c1920,3,0.1178574934601783,150.37353515625,262.44171142578125,39464.287919551134,True,True,1.0,True,True
38SMB_01016_r5760_c1920,4,0.1168144717812538,455.1731872558594,449.0965270996094,204416.69762546662,True,True,1.0,True,True
38SMB_01016_r5760_c1920,5,0.1100262850522995,182.371826171875,463.5865020751953,84545.11697208509,True,True,1.0,True,True
38SMB_01016_r5760_c1920,6,0.1096281707286834,123.546142578125,684.820556640625,84606.93813115358,True,True,1.0,True,True
38SMB_01016_r5760_c1920,7,0.100471593439579,833.8172912597656,869.1987609863281,724752.9564519646,True,True,1.0,True,True
38SMB_01017_r5760_c2160,0,0.278752714395523,1057.1537780761719,1119.9224853515625,1183930.2865418606,True,True,1.0,True,True
38SMB_01017_r5760_c2160,1,0.2150378227233886,767.73193359375,830.572509765625,637657.0389121771,True,True,1.0,True,True
38SMB_01017_r5760_c2160,2,0.1694970875978469,551.4508056640625,786.6680908203125,433808.7524730712,True,True,1.0,True,True
38SMB_01017_r5760_c2160,3,0.155287891626358,1411.25,1553.0171203613281,2191695.4111099243,True,True,1.0,True,True
38SMB_01017_r5760_c2160,4,0.1015319228172302,422.9189682006836,681.9810485839844,288422.72139955894,True,True,1.0,True,True
38SMB_01018_r5760_c2400,0,0.204024389386177,338.6590576171875,308.2142639160156,104379.55216197297,True,True,1.0,True,True
38SMB_01018_r5760_c2400,1,0.1336385905742645,871.8629455566406,859.68505859375,749527.5474365801,True,True,1.0,True,True
38SMB_01019_r5760_c2640,0,0.1886270195245742,734.8069763183594,947.6519775390625,696341.2842175923,True,True,1.0,True,True
38SMB_01021_r5760_c3120,0,0.3208628296852112,522.269287109375,552.1145629882812,288352.47921459377,True,True,1.0,True,True
38SMB_01022_r5760_c3360,0,0.1804233342409134,606.2338256835938,573.316650390625,347563.946294412,True,True,1.0,True,True
38SMB_01022_r5760_c3360,1,0.1483280956745147,672.4539184570312,337.0721435546875,226665.48373606056,True,True,1.0,True,True
38SMB_01025_r5760_c4080,0,0.788716733455658,434.2274475097656,426.7254638671875,185295.90896246955,True,True,1.0,True,True
38SMB_01025_r5760_c4080,1,0.7834705114364624,741.6363525390625,719.2682647705078,533435.4923815001,True,True,1.0,True,True
38SMB_01025_r5760_c4080,2,0.4825591146945953,761.038818359375,774.3330383300781,589297.5005073473,True,True,1.0,True,True
38SMB_01025_r5760_c4080,3,0.4639966189861297,585.2789306640625,329.3695068359375,192773.03275428712,True,True,1.0,True,True
38SMB_01025_r5760_c4080,4,0.3165412247180938,421.20208740234375,404.5757293701172,170408.14172301907,True,True,1.0,True,True
38SMB_01025_r5760_c4080,5,0.2927497029304504,419.60174560546875,413.05328369140625,173317.87886498496,True,True,1.0,True,True
38SMB_01025_r5760_c4080,6,0.2569944858551025,263.017578125,490.574951171875,129029.8355460167,True,True,1.0,True,True
38SMB_01025_r5760_c4080,7,0.1773656457662582,1210.9457397460938,1206.0980224609375,1460519.2620152608,True,True,1.0,True,True
38SMB_01025_r5760_c4080,8,0.1635732799768448,246.75445556640625,521.99951171875,128805.70532009006,True,True,1.0,True,True
38SMB_01025_r5760_c4080,9,0.118586353957653,519.444580078125,481.064453125,249886.32284402847,True,True,1.0,True,True
38SMB_01026_r5760_c4320,0,0.8270742297172546,544.6300506591797,527.8771591186523,287497.7639126155,True,True,1.0,True,True
38SMB_01026_r5760_c4320,1,0.7952286005020142,429.69940185546875,435.47882080078125,187124.98881882057,True,True,1.0,True,True
38SMB_01026_r5760_c4320,2,0.7288013100624084,584.5530700683594,416.90528869628906,243703.26643515145,True,True,1.0,True,True
38SMB_01026_r5760_c4320,3,0.6254700422286987,805.8795166015625,779.9122619628906,628515.3166622855,True,True,1.0,True,True
38SMB_01026_r5760_c4320,4,0.5106495022773743,675.0472640991211,625.4906845092773,422235.7752974742,True,True,1.0,True,True
38SMB_01026_r5760_c4320,5,0.3849656581878662,833.7048721313477,747.5112915039062,623203.8057000027,True,True,1.0,True,True
38SMB_01026_r5760_c4320,6,0.2418947517871856,371.56227111816406,793.2363891601562,294736.7142899195,True,True,1.0,True,True
38SMB_01026_r5760_c4320,7,0.1391231715679168,542.0938110351562,529.0383911132812,286788.4376225062,True,True,1.0,True,True
38SMB_01026_r5760_c4320,8,0.1251897662878036,409.01123046875,396.7926025390625,162292.6306053996,True,True,1.0,True,True
38SMB_01026_r5760_c4320,9,0.1071013063192367,196.7270278930664,644.7512817382812,126840.00338661717,True,True,1.0,True,True
38SMB_01026_r5760_c4320,10,0.1070431768894195,497.0784378051758,230.85140228271484,114751.25441182608,True,True,1.0,True,True
38SMB_01027_r5760_c4560,0,0.834164023399353,608.5589599609375,621.9461059570312,378490.875392966,True,True,1.0,True,True
38SMB_01027_r5760_c4560,1,0.636157214641571,435.8782958984375,424.365234375,184971.59519791603,True,True,1.0,True,True
38SMB_01027_r5760_c4560,2,0.5839260816574097,442.6416015625,428.12217712402344,189504.68614660203,True,True,1.0,True,True
38SMB_01027_r5760_c4560,3,0.5263007879257202,596.9122314453125,622.559814453125,371613.56805339456,True,True,1.0,True,True
38SMB_01027_r5760_c4560,4,0.5118790864944458,516.8157958984375,421.236572265625,217701.71435698867,True,True,1.0,True,True
38SMB_01027_r5760_c4560,5,0.4597010314464569,373.2623291015625,840.1776123046875,313606.65242783725,True,True,1.0,True,True
38SMB_01027_r5760_c4560,6,0.4477415978908539,598.099365234375,558.1884765625,333852.17351317406,True,True,1.0,True,True
38SMB_01027_r5760_c4560,7,0.4401192963123321,568.1832885742188,578.033447265625,328428.94497327507,True,True,1.0,True,True
38SMB_01028_r5760_c4800,0,0.7935792207717896,524.5731735229492,636.6436767578125,333966.19392016437,True,True,1.0,True,True
38SMB_01028_r5760_c4800,1,0.7589388489723206,665.0384902954102,702.9217529296875,467470.0213641627,True,True,1.0,True,True
38SMB_01028_r5760_c4800,2,0.6465353965759277,559.6978759765625,557.0620727539062,311786.45890746266,True,True,1.0,True,True
38SMB_01028_r5760_c4800,3,0.6220092177391052,760.1840209960938,659.1379165649414,501066.1118053249,True,True,1.0,True,True
38SMB_01028_r5760_c4800,4,0.5225321054458618,474.93743896484375,464.4091796875,220565.30643254519,True,True,1.0,True,True
38SMB_01028_r5760_c4800,5,0.3841219842433929,429.75341796875,531.13037109375,228255.09236454964,True,True,1.0,True,True
38SMB_01028_r5760_c4800,6,0.3364649713039398,425.74493408203125,555.7879638671875,236623.9100402221,True,True,1.0,True,True
38SMB_01028_r5760_c4800,7,0.2074902057647705,414.11041259765625,387.9180908203125,160640.9206436947,True,True,1.0,True,True
38SMB_01029_r5760_c5040,0,0.5499932765960693,516.9188690185547,535.084228515625,276595.13423396274,True,True,1.0,True,True
38SMB_01029_r5760_c5040,1,0.540274441242218,377.8664016723633,636.8185043334961,240632.31675087445,True,True,1.0,True,True
38SMB_01029_r5760_c5040,2,0.2934798002243042,253.4267234802246,498.26568603515625,126273.84023451596,True,True,1.0,True,True
38SMB_01029_r5760_c5040,3,0.2648163139820099,477.05322265625,264.49785232543945,126179.5528375078,True,True,1.0,True,True
38SMB_01029_r5760_c5040,4,0.1345408260822296,868.7347412109375,769.486083984375,668479.2940355837,True,True,1.0,True,True
38SMB_01029_r5760_c5040,5,0.1140007674694061,395.3253173828125,222.09836959838867,87801.1084516882,True,True,1.0,True,True
38SMB_01030_r5760_c5280,0,0.3148472905158996,483.8446044921875,234.0867042541504,113261.58883672906,True,True,1.0,True,True
38SMB_01030_r5760_c5280,1,0.2714475095272064,381.1321258544922,249.73901748657227,95183.56264346949,True,True,1.0,True,True
38SMB_01031_r5760_c5520,0,0.7233781814575195,450.33233642578125,519.0087890625,233726.4406040311,True,True,1.0,True,True
38SMB_01032_r5760_c5760,0,0.7493215799331665,511.59996032714844,518.7991333007812,265417.6160144387,True,True,1.0,True,True
38SMB_01032_r5760_c5760,1,0.6402098536491394,495.5914306640625,516.812744140625,256127.96725407243,True,True,1.0,True,True
38SMB_01032_r5760_c5760,2,0.1769249141216278,386.1920928955078,374.98046875,144814.49202150106,True,True,1.0,True,True
38SMB_01033_r5760_c6000,0,0.2876890301704407,177.7569580078125,515.0457763671875,91552.97044180334,True,True,1.0,True,True
38SMB_01035_r5760_c6480,0,0.6893893480300903,705.206298828125,669.6826171875,472264.39985632896,True,True,1.0,True,True
38SMB_01035_r5760_c6480,1,0.3631775975227356,338.7334442138672,327.31201171875,110871.52506206185,True,True,1.0,True,True
38SMB_01035_r5760_c6480,2,0.1027935743331909,625.4542541503906,267.1624755859375,167097.90690457448,True,True,1.0,True,True
38SMB_01036_r5760_c6720,0,0.8941628932952881,466.636962890625,457.8997802734375,213672.9627750814,True,True,1.0,True,True
38SMB_01036_r5760_c6720,1,0.7131480574607849,695.9360504150391,670.5123901367188,466633.74454609584,True,True,1.0,True,True
38SMB_01036_r5760_c6720,2,0.1178360134363174,397.4659729003906,244.039306640625,96997.32043985277,True,True,1.0,True,True
38SMB_01036_r5760_c6720,3,0.1011065170168876,394.7431182861328,432.5238037109375,170735.7950098347,True,True,1.0,True,True
38SMB_01037_r5760_c6960,0,0.813651442527771,349.26868438720703,450.946044921875,157501.33183947764,True,True,1.0,True,True
38SMB_01038_r5760_c7200,0,0.6770666837692261,448.6724853515625,685.8944702148438,307741.9766401872,True,True,1.0,True,True
38SMB_01039_r5760_c7440,0,0.4754564166069031,1066.7628479003906,684.6453857421875,730354.2614961974,True,True,1.0,True,True
38SMB_01039_r5760_c7440,1,0.4418757557868957,460.936279296875,628.23974609375,289578.4910708666,True,True,1.0,True,True
38SMB_01040_r5760_c7680,0,0.4847022593021393,493.69171142578125,511.4959716796875,252521.32164593786,True,True,1.0,True,True
38SMB_01040_r5760_c7680,1,0.3065713346004486,397.4609375,399.1868591308594,158661.1832678318,True,True,1.0,True,True
38SMB_01040_r5760_c7680,2,0.1972952634096145,928.3554077148438,829.9169921875,770457.9276517034,True,True,1.0,True,True
38SMB_01040_r5760_c7680,3,0.1713455766439438,743.4042358398438,689.3710327148438,512481.34578550234,True,True,1.0,True,True
38SMB_01040_r5760_c7680,4,0.1137886941432952,398.17962646484375,498.114013671875,198338.85190077126,True,True,1.0,True,True
38SMB_01041_r5760_c7920,0,0.1905422210693359,1045.721435546875,560.1455307006836,585756.188479485,True,True,1.0,True,True
38SMB_01042_r5760_c8160,0,0.1722029745578766,555.8230590820312,553.3622741699219,307571.51200971566,True,True,1.0,True,True
38SMB_01043_r5760_c8400,0,0.1720259040594101,452.451171875,230.24890899658203,104176.38869844377,True,True,1.0,True,True
38SMB_01044_r5760_c8640,0,0.3996338248252868,398.526611328125,613.1148529052734,244342.58468328044,True,True,1.0,True,True
38SMB_01044_r5760_c8640,1,0.2649911046028137,270.6939697265625,236.64199829101562,64057.56192142144,True,True,1.0,True,True
38SMB_01044_r5760_c8640,2,0.1320729851722717,323.79150390625,339.37381744384766,109886.35873654857,True,True,1.0,True,True
38SMB_01045_r5760_c8880,0,0.7346854209899902,618.2418441772461,584.8106384277344,361554.40759603516,True,True,1.0,True,True
38SMB_01045_r5760_c8880,1,0.2500642836093902,500.4856872558594,246.84852600097656,123544.15418369463,True,True,1.0,True,True
38SMB_01045_r5760_c8880,2,0.2306895107030868,577.1234130859375,439.8409652709961,253842.51909221057,True,True,1.0,True,True
38SMB_01045_r5760_c8880,3,0.191712349653244,631.0845947265625,486.74625396728516,307178.0624196166,True,True,1.0,True,True
38SMB_01045_r5760_c8880,4,0.1628787517547607,342.0051574707031,224.69635009765625,76847.31059824117,True,True,1.0,True,True
38SMB_01045_r5760_c8880,5,0.1614627391099929,648.0578231811523,280.92626571655273,182056.46423467915,True,True,1.0,True,True
38SMB_01045_r5760_c8880,6,0.1445296555757522,643.7951278686523,630.6027984619141,405979.00927011797,True,True,1.0,True,True
38SMB_01045_r5760_c8880,7,0.1265074908733368,582.9310607910156,141.3772678375244,82413.20071226364,True,True,1.0,True,True
38SMB_01045_r5760_c8880,8,0.1146653145551681,1091.8296813964844,1150.1560974121094,1255774.5653936872,True,True,1.0,True,True
38SMB_01046_r5760_c9120,0,0.8974799513816833,629.7042846679688,645.48828125,406466.7364060879,True,True,1.0,True,True
38SMB_01046_r5760_c9120,1,0.5558860301971436,483.29254150390625,271.029052734375,130986.31971739233,True,True,1.0,True,True
38SMB_01046_r5760_c9120,2,0.1976769864559173,264.81231689453125,292.0159912109375,77329.43120282143,True,True,1.0,True,True
38SMB_01046_r5760_c9120,3,0.1199051588773727,436.61563873291016,485.8464050292969,212128.13845795463,True,True,1.0,True,True
38SMB_01047_r5760_c9360,0,0.775050163269043,388.9854431152344,601.4537048339844,233956.7358881468,True,True,1.0,True,True
38SMB_01047_r5760_c9360,1,0.4563806653022766,721.3438415527344,619.47021484375,446851.0245028883,True,True,1.0,True,True
38SMB_01053_r6000_c720,0,0.1733404844999313,934.5897674560547,1110.087890625,1037476.783555001,True,True,1.0,True,True
38SMB_01053_r6000_c720,1,0.1494975388050079,921.0285949707031,1005.3964233398438,925998.8551772665,True,True,1.0,True,True
38SMB_01053_r6000_c720,2,0.1127806156873703,439.31396484375,442.095947265625,194218.92343461514,True,True,1.0,True,True
38SMB_01054_r6000_c960,0,0.149372324347496,467.58129119873047,451.356201171875,211045.71533449925,True,True,1.0,True,True
38SMB_01054_r6000_c960,1,0.1038710251450538,409.1983413696289,447.313232421875,183039.83277971856,True,True,1.0,True,True
38SMB_01058_r6000_c1920,0,0.1528431326150894,355.478515625,746.1788940429688,265250.5656450987,True,True,1.0,True,True
38SMB_01058_r6000_c1920,1,0.1188922598958015,451.0462951660156,445.3302001953125,200864.53692363575,True,True,1.0,True,True
38SMB_01058_r6000_c1920,2,0.103325679898262,138.5467529296875,618.1099700927734,85637.12930982001,True,True,1.0,True,True
38SMB_01059_r6000_c2160,0,0.3172778189182281,954.3229675292969,685.2083587646484,653910.0743121584,True,True,1.0,True,True
38SMB_01059_r6000_c2160,1,0.2904941439628601,712.7813720703125,681.9088745117188,486051.94320138544,True,True,1.0,True,True
38SMB_01059_r6000_c2160,2,0.1604266613721847,845.3021240234375,983.6415863037109,831474.3221803103,True,True,1.0,True,True
38SMB_01059_r6000_c2160,3,0.1083946451544761,1067.879638671875,1189.53125,1270276.2014389038,True,True,1.0,True,True
38SMB_01060_r6000_c2400,0,0.2639612853527069,1019.9951171875,615.711669921875,628022.8969156742,True,True,1.0,True,True
38SMB_01060_r6000_c2400,1,0.2197523862123489,778.7689208984375,832.2459411621094,648127.2735209204,True,True,1.0,True,True
38SMB_01060_r6000_c2400,2,0.2067531645298004,353.65234375,362.6806640625,128262.86687850952,True,True,1.0,True,True
38SMB_01060_r6000_c2400,3,0.1496289074420929,300.5609130859375,286.6265869140625,86148.74867759645,True,True,1.0,True,True
38SMB_01060_r6000_c2400,4,0.1175403669476509,349.6826171875,870.0468444824219,304240.2576543391,True,True,1.0,True,True
38SMB_01061_r6000_c2640,0,0.2849094867706299,748.7803649902344,646.8505859375,484349.0178324282,True,True,1.0,True,True
38SMB_01061_r6000_c2640,1,0.2742199897766113,652.3670196533203,639.0021514892578,416863.9291191066,True,True,1.0,True,True
38SMB_01061_r6000_c2640,2,0.270817369222641,1050.7794570922852,1049.4715881347656,1102763.1856140273,True,True,1.0,True,True
38SMB_01061_r6000_c2640,3,0.1689604371786117,1024.2556762695312,994.058837890625,1018170.4072553664,True,True,1.0,True,True
38SMB_01061_r6000_c2640,4,0.1666253358125686,473.2586669921875,990.81787109375,468913.1449058652,True,True,1.0,True,True
38SMB_01061_r6000_c2640,5,0.1536026746034622,357.7037048339844,372.716064453125,133321.91710602492,True,True,1.0,True,True
38SMB_01062_r6000_c2880,0,0.1074109524488449,811.7088317871094,718.4063720703125,583136.7970216088,True,True,1.0,True,True
38SMB_01062_r6000_c2880,1,0.1042916476726532,1280.9286499023438,1548.4402465820312,1983441.4745087735,True,True,1.0,True,True
38SMB_01063_r6000_c3120,0,0.1664374321699142,598.5931777954102,809.5867919921875,484613.13051979523,True,True,1.0,True,True
38SMB_01065_r6000_c3600,0,0.4676700532436371,867.1754455566406,798.03955078125,692040.3030205518,True,True,1.0,True,True
38SMB_01065_r6000_c3600,1,0.1464839726686477,690.0604248046875,645.7048797607422,445575.3836261574,True,True,1.0,True,True
38SMB_01066_r6000_c3840,0,0.2461752295494079,436.5386962890625,443.30047607421875,193517.8118897602,True,True,1.0,True,True
38SMB_01067_r6000_c4080,0,0.6846765875816345,577.5909423828125,596.4031982421875,344477.0853128284,True,True,1.0,True,True
38SMB_01067_r6000_c4080,1,0.2607433497905731,1095.875244140625,917.2840881347656,1005228.9240309969,True,True,1.0,True,True
38SMB_01067_r6000_c4080,2,0.222954973578453,155.02862930297852,460.2392578125,71350.26129009202,True,True,1.0,True,True
38SMB_01067_r6000_c4080,3,0.1969024986028671,123.87822151184082,399.317626953125,49466.75744528184,True,True,1.0,True,True
38SMB_01068_r6000_c4320,0,0.8551273941993713,490.2105712890625,467.8314208984375,229335.9081055969,True,True,1.0,True,True
38SMB_01068_r6000_c4320,1,0.6961731910705566,398.4759521484375,402.54638671875,160405.05473166704,True,True,1.0,True,True
38SMB_01068_r6000_c4320,2,0.6872514486312866,628.5781860351562,670.8291625976562,421668.57816511765,True,True,1.0,True,True
38SMB_01068_r6000_c4320,3,0.5581203699111938,800.1681518554688,745.8122253417969,596775.18998296,True,True,1.0,True,True
38SMB_01068_r6000_c4320,4,0.4629561603069305,321.04949951171875,330.0697326660156,105968.72247639112,True,True,1.0,True,True
38SMB_01068_r6000_c4320,5,0.4378436505794525,236.6094970703125,440.2600860595703,104169.71754268743,True,True,1.0,True,True
38SMB_01068_r6000_c4320,6,0.2747865319252014,769.5240783691406,313.094482421875,240933.74302815646,True,True,1.0,True,True
38SMB_01069_r6000_c4560,0,0.7457181811332703,341.19293212890625,477.8717041015625,163046.44790384918,True,True,1.0,True,True
38SMB_01069_r6000_c4560,1,0.6966309547424316,395.49591064453125,390.7080078125,154523.41934591532,True,True,1.0,True,True
38SMB_01069_r6000_c4560,2,0.6927141547203064,397.9219055175781,390.1960754394531,155267.56586434785,True,True,1.0,True,True
38SMB_01069_r6000_c4560,3,0.6301624774932861,510.5816650390625,513.0333709716797,261945.43277132325,True,True,1.0,True,True
38SMB_01069_r6000_c4560,4,0.3733843564987182,508.20804595947266,490.34088134765625,249195.18116373802,True,True,1.0,True,True
38SMB_01069_r6000_c4560,5,0.37135711312294,591.2115478515625,564.7134399414062,333865.10692033917,True,True,1.0,True,True
38SMB_01069_r6000_c4560,6,0.2468255758285522,165.24463653564453,698.3343505859375,115396.0059429286,True,True,1.0,True,True
38SMB_01069_r6000_c4560,7,0.2382183670997619,409.2413330078125,95.57271957397461,39112.30715763522,True,True,1.0,True,True
38SMB_01069_r6000_c4560,8,0.2091797441244125,303.24462890625,383.9027404785156,116416.44407249987,True,True,1.0,True,True
38SMB_01069_r6000_c4560,9,0.1612552851438522,416.187744140625,84.332275390625,35098.059453070164,True,True,1.0,True,True
38SMB_01069_r6000_c4560,10,0.1409773826599121,595.0765991210938,142.9036521911621,85038.61934790039,True,True,1.0,True,True
38SMB_01069_r6000_c4560,11,0.1373772174119949,489.7601318359375,105.064697265625,51456.49998411536,True,True,1.0,True,True
38SMB_01069_r6000_c4560,12,0.1304223984479904,131.4542579650879,605.9912109375,79660.12496715412,True,True,1.0,True,True
38SMB_01069_r6000_c4560,13,0.1270160377025604,217.008056640625,364.1761016845703,79029.14810152724,True,True,1.0,True,True
38SMB_01069_r6000_c4560,14,0.1254981607198715,122.1234130859375,517.01904296875,63140.130157768726,True,True,1.0,True,True
38SMB_01069_r6000_c4560,15,0.1244053617119789,304.7076416015625,95.83648681640625,29202.109877206385,True,True,1.0,True,True
38SMB_01069_r6000_c4560,16,0.1037951037287712,100.80406188964844,469.1429901123047,47291.51901037549,True,True,1.0,True,True
38SMB_01069_r6000_c4560,17,0.1032990515232086,159.7723388671875,681.2838745117188,108850.31806323677,True,True,1.0,True,True
38SMB_01070_r6000_c4800,0,0.6962310671806335,442.061767578125,232.1417236328125,102620.98067775369,True,True,1.0,True,True
38SMB_01070_r6000_c4800,1,0.5436967015266418,366.47247314453125,455.972900390625,167101.51649303734,True,True,1.0,True,True
38SMB_01070_r6000_c4800,2,0.4806045889854431,569.8167419433594,525.4541015625,299412.5441931188,True,True,1.0,True,True
38SMB_01070_r6000_c4800,3,0.4335222244262695,536.9183349609375,319.40393447875977,171493.82868030807,True,True,1.0,True,True
38SMB_01070_r6000_c4800,4,0.218587264418602,422.64598846435547,572.3283386230469,241892.2764035,True,True,1.0,True,True
38SMB_01070_r6000_c4800,5,0.2021189481019973,409.46807861328125,386.5574264526367,158282.92668325594,True,True,1.0,True,True
38SMB_01070_r6000_c4800,6,0.1821744590997696,394.58251953125,648.4515380859375,255867.64169186354,True,True,1.0,True,True
38SMB_01070_r6000_c4800,7,0.1470559686422348,1009.5550537109375,912.4394226074219,921157.8302984126,True,True,1.0,True,True
38SMB_01071_r6000_c5040,0,0.7242581844329834,483.8572692871094,427.38189697265625,206791.83761193417,True,True,1.0,True,True
38SMB_01071_r6000_c5040,1,0.6419863104820251,448.319091796875,456.41326904296875,204618.7822613865,True,True,1.0,True,True
38SMB_01071_r6000_c5040,2,0.1813598126173019,448.0104064941406,231.793212890625,103845.77152971178,True,True,1.0,True,True
38SMB_01072_r6000_c5280,0,0.6418650150299072,449.33189392089844,456.453857421875,205099.27624287084,True,True,1.0,True,True
38SMB_01072_r6000_c5280,1,0.1954208314418792,470.4498291015625,235.0,110555.70983886719,True,True,1.0,True,True
38SMB_01072_r6000_c5280,2,0.1834143698215484,521.768798828125,333.55712890625,174039.70248997211,True,True,1.0,True,True
38SMB_01072_r6000_c5280,3,0.124904915690422,366.3335418701172,207.156982421875,75888.55109373108,True,True,1.0,True,True
38SMB_01074_r6000_c5760,0,0.6210833787918091,492.5811767578125,513.4112548828125,252896.720090881,True,True,1.0,True,True
38SMB_01074_r6000_c5760,1,0.1682355552911758,399.1607666015625,365.5558776855469,145915.5643726699,True,True,1.0,True,True
38SMB_01074_r6000_c5760,2,0.1216584369540214,404.1314697265625,324.36309814453125,131085.33557821065,True,True,1.0,True,True
38SMB_01075_r6000_c6000,0,0.863120436668396,450.06591796875,459.89410400390625,206982.66208693385,True,True,1.0,True,True
38SMB_01075_r6000_c6000,1,0.5674879550933838,503.1846618652344,465.4156494140625,234190.0161772035,True,True,1.0,True,True
38SMB_01075_r6000_c6000,2,0.2772887051105499,175.4489517211914,505.70451736450195,88725.3274522729,True,True,1.0,True,True
38SMB_01075_r6000_c6000,3,0.1178801879286766,391.3243293762207,321.1309814453125,125666.36595601449,True,True,1.0,True,True
38SMB_01076_r6000_c6240,0,0.8738117218017578,481.1334228515625,482.6934814453125,232239.96691592038,True,True,1.0,True,True
38SMB_01076_r6000_c6240,1,0.5396848320960999,461.48963928222656,477.1588134765625,220203.84871163405,True,True,1.0,True,True
38SMB_01077_r6000_c6480,0,0.1048416197299957,426.1737060546875,448.4796142578125,191130.21929822862,True,True,1.0,True,True
38SMB_01078_r6000_c6720,0,0.5080804824829102,437.586669921875,165.60646057128906,72467.17959893867,True,True,1.0,True,True
38SMB_01078_r6000_c6720,1,0.3168108165264129,687.491455078125,685.5175018310547,471287.424815353,True,True,1.0,True,True
38SMB_01078_r6000_c6720,2,0.1284372508525848,542.7523803710938,570.2175903320312,309486.95448217914,True,True,1.0,True,True
38SMB_01078_r6000_c6720,3,0.1180926710367202,308.49143981933594,418.98681640625,129253.84625848383,True,True,1.0,True,True
38SMB_01078_r6000_c6720,4,0.1034676805138588,281.2738800048828,274.89776611328125,77321.56127935741,True,True,1.0,True,True
38SMB_01078_r6000_c6720,5,0.1007503345608711,267.2129821777344,312.7290344238281,83565.25790195446,True,True,1.0,True,True
38SMB_01079_r6000_c6960,0,0.4921174943447113,348.2402038574219,168.58734130859375,58708.89010508545,True,True,1.0,True,True
38SMB_01080_r6000_c7200,0,0.5747351050376892,483.2061767578125,969.2289733886719,468337.42663403973,True,True,1.0,True,True
38SMB_01081_r6000_c7440,0,0.4661055505275726,967.7255249023438,1012.230224609375,979561.0254321247,True,True,1.0,True,True
38SMB_01082_r6000_c7680,0,0.1853618025779724,469.37164306640625,482.6609802246094,226547.37733206712,True,True,1.0,True,True
38SMB_01082_r6000_c7680,1,0.1095286458730697,622.9570007324219,329.285888671875,205130.94959054142,True,True,1.0,True,True
38SMB_01083_r6000_c7920,0,0.3138055205345154,478.49884033203125,561.4820098876953,268668.4905985603,True,True,1.0,True,True
38SMB_01084_r6000_c8160,0,0.2657366991043091,557.7777099609375,532.7639770507812,297163.8710690662,True,True,1.0,True,True
38SMB_01084_r6000_c8160,1,0.1671042293310165,324.134521484375,331.4990234375,107450.27733445168,True,True,1.0,True,True
38SMB_01085_r6000_c8400,0,0.1683194488286972,332.0803642272949,339.4854736328125,112736.4597338601,True,True,1.0,True,True
38SMB_01088_r6000_c9120,0,0.898452639579773,616.76025390625,502.0265579223633,309630.0273318775,True,True,1.0,True,True
38SMB_01088_r6000_c9120,1,0.5045769214630127,545.859375,569.1064834594727,310652.1093696356,True,True,1.0,True,True
38SMB_01089_r6000_c9360,0,0.6943908333778381,375.5609130859375,490.6201934814453,184257.76784229092,True,True,1.0,True,True
38SMB_01090_r6000_c9600,0,0.3156909346580505,1146.593017578125,1059.8872375488281,1215259.3059936538,True,True,1.0,True,True
38SMB_01090_r6000_c9600,1,0.2782878279685974,456.94244384765625,459.808349609375,210105.95097206533,True,True,1.0,True,True
38SMB_01090_r6000_c9600,2,0.2129451483488083,494.697265625,462.65625,228874.7817993164,True,True,1.0,True,True
38SMB_01090_r6000_c9600,3,0.1736609488725662,125.858154296875,410.238037109375,51631.80217295885,True,True,1.0,True,True
38SMB_01090_r6000_c9600,4,0.1275370270013809,139.08203125,570.191650390625,79303.41293811798,True,True,1.0,True,True
38SMB_01091_r6000_c9680,0,0.3166201412677765,1161.3653564453125,1036.5525817871094,1203816.2586214952,True,True,1.0,True,True
38SMB_01091_r6000_c9680,1,0.279562771320343,457.244873046875,460.14434814453125,210398.64405058324,True,True,1.0,True,True
38SMB_01091_r6000_c9680,2,0.2112369090318679,494.6844482421875,462.9681396484375,229023.13871569932,True,True,1.0,True,True
38SMB_01091_r6000_c9680,3,0.1073837131261825,172.99896240234375,164.36767578125,28435.437362641096,True,True,1.0,True,True
38SMB_01092_r6240_c0,0,0.1626704186201095,1218.2009887695312,1101.3101196289062,1341617.0766738243,True,True,1.0,True,True
38SMB_01092_r6240_c0,1,0.1207391023635864,1210.7275390625,982.0806884765625,1189032.1351200342,True,True,1.0,True,True
38SMB_01094_r6240_c480,0,0.1104136034846305,1044.5831298828125,922.0745849609375,963183.5559438914,True,True,1.0,True,True
38SMB_01095_r6240_c720,0,0.1430807113647461,953.8410949707031,1220.4348754882812,1164100.937976176,True,True,1.0,True,True
38SMB_01095_r6240_c720,1,0.1295790374279022,474.527587890625,451.89666748046875,214437.43559531868,True,True,1.0,True,True
38SMB_01095_r6240_c720,2,0.1112024560570716,666.4535522460938,643.1698226928711,428642.8130311542,True,True,1.0,True,True
38SMB_01095_r6240_c720,3,0.1019037067890167,633.30322265625,655.0363159179688,414836.6098277271,True,True,1.0,True,True
38SMB_01096_r6240_c960,0,0.1667547672986984,474.2710876464844,465.5027961730957,220774.51744349382,True,True,1.0,True,True
38SMB_01096_r6240_c960,1,0.1345633119344711,487.1689987182617,963.6714172363281,469470.8394284302,True,True,1.0,True,True
38SMB_01096_r6240_c960,2,0.116434596478939,427.4672317504883,768.2065200805664,328383.1145515156,True,True,1.0,True,True
38SMB_01096_r6240_c960,3,0.1025699526071548,939.68505859375,854.07470703125,802561.2411201,True,True,1.0,True,True
38SMB_01101_r6240_c2160,0,0.2136664986610412,703.7207794189453,724.5932769775391,509911.3456363615,True,True,1.0,True,True
38SMB_01101_r6240_c2160,1,0.1732694953680038,205.250244140625,520.3265380859375,106797.14897498488,True,True,1.0,True,True
38SMB_01102_r6240_c2400,0,0.3361173570156097,654.6618270874023,666.76513671875,436505.6826424785,True,True,1.0,True,True
38SMB_01102_r6240_c2400,1,0.2677381336688995,803.6358642578125,640.0843811035156,514394.7648060508,True,True,1.0,True,True
38SMB_01102_r6240_c2400,2,0.2455631494522094,356.300048828125,359.66773986816406,128149.63327692822,True,True,1.0,True,True
38SMB_01102_r6240_c2400,3,0.2310407161712646,517.1759033203125,513.0792236328125,265352.21095718443,True,True,1.0,True,True
38SMB_01102_r6240_c2400,4,0.1828694343566894,212.47949600219727,529.6636962890625,112542.67523816088,True,True,1.0,True,True
38SMB_01102_r6240_c2400,5,0.1659311205148697,529.1409301757812,549.70703125,290872.48983979225,True,True,1.0,True,True
38SMB_01102_r6240_c2400,6,0.1442273408174514,424.8302459716797,469.27490234375,199362.17219103128,True,True,1.0,True,True
38SMB_01102_r6240_c2400,7,0.1432089358568191,303.302001953125,297.8849792480469,90349.11055769771,True,True,1.0,True,True
38SMB_01102_r6240_c2400,8,0.1125771254301071,528.5430908203125,898.525390625,474909.38714146614,True,True,1.0,True,True
38SMB_01102_r6240_c2400,9,0.1110660508275032,678.8822937011719,722.9217529296875,490778.7777953781,True,True,1.0,True,True
38SMB_01103_r6240_c2640,0,0.1852639019489288,570.9161376953125,613.3377075195312,350164.395079948,True,True,1.0,True,True
38SMB_01103_r6240_c2640,1,0.1774425357580185,358.6353302001953,365.3047180175781,131011.17816992337,True,True,1.0,True,True
38SMB_01103_r6240_c2640,2,0.1320412307977676,440.8543395996094,742.3583984375,327271.92148938775,True,True,1.0,True,True
38SMB_01103_r6240_c2640,3,0.130470260977745,1169.19921875,1172.3483276367188,1370708.7487757206,True,True,1.0,True,True
38SMB_01104_r6240_c2880,0,0.2404795885086059,510.0927734375,542.0447540283203,276493.1119095534,True,True,1.0,True,True
38SMB_01104_r6240_c2880,1,0.1001306176185607,198.31281661987305,464.0380859375,92024.69984116033,True,True,1.0,True,True
38SMB_01105_r6240_c3120,0,0.2789855599403381,1135.7638549804688,1238.6920166015625,1406861.6199089214,True,True,1.0,True,True
38SMB_01105_r6240_c3120,1,0.271092027425766,546.4123344421387,535.6735229492188,292698.62017352716,True,True,1.0,True,True
38SMB_01105_r6240_c3120,2,0.1708023846149444,730.8526611328125,527.0952606201172,385228.973894706,True,True,1.0,True,True
38SMB_01107_r6240_c3600,0,0.6127578020095825,388.36761474609375,520.7223510742188,202231.69743167236,True,True,1.0,True,True
38SMB_01107_r6240_c3600,1,0.2746707499027252,614.7393798828125,613.853759765625,377360.07961705327,True,True,1.0,True,True
38SMB_01107_r6240_c3600,2,0.1549197137355804,418.4136962890625,433.68896484375,181461.40282005072,True,True,1.0,True,True
38SMB_01108_r6240_c3840,0,0.8325615525245667,410.65765380859375,414.45220947265625,170197.97195782885,True,True,1.0,True,True
38SMB_01108_r6240_c3840,1,0.817696213722229,463.656005859375,460.3773498535156,213456.72322120517,True,True,1.0,True,True
38SMB_01108_r6240_c3840,2,0.6754688620567322,476.6994857788086,505.5108642578125,240976.76904730033,True,True,1.0,True,True
38SMB_01108_r6240_c3840,3,0.5014059543609619,672.532958984375,699.605712890625,470507.90021270514,True,True,1.0,True,True
38SMB_01108_r6240_c3840,4,0.4313682615756988,458.7890625,189.98046875,87160.96115112305,True,True,1.0,True,True
38SMB_01108_r6240_c3840,5,0.2952403426170349,787.3573303222656,847.4658203125,667258.4258206189,True,True,1.0,True,True
38SMB_01108_r6240_c3840,6,0.1473483741283416,177.89306640625,181.8670654296875,32352.889947593212,True,True,1.0,True,True
38SMB_01108_r6240_c3840,7,0.1015381440520286,516.5512084960938,528.404541015625,272948.00423644483,True,True,1.0,True,True
38SMB_01109_r6240_c4080,0,0.8463161587715149,450.6001663208008,454.0155029296875,204579.4611323392,True,True,1.0,True,True
38SMB_01109_r6240_c4080,1,0.5123642683029175,519.6914672851562,551.63330078125,286679.11948636174,True,True,1.0,True,True
38SMB_01109_r6240_c4080,2,0.5057519674301147,373.34716796875,561.173095703125,209512.38602101803,True,True,1.0,True,True
38SMB_01109_r6240_c4080,3,0.3941885232925415,156.0317039489746,346.51153564453125,54066.78534459206,True,True,1.0,True,True
38SMB_01109_r6240_c4080,4,0.2437736392021179,451.2307357788086,764.53125,344979.99846339226,True,True,1.0,True,True
38SMB_01109_r6240_c4080,5,0.1571541577577591,711.9845581054688,775.1632690429688,551904.2775691487,True,True,1.0,True,True
38SMB_01109_r6240_c4080,6,0.1177283450961113,182.4053955078125,623.9297485351562,113808.15255064517,True,True,1.0,True,True
38SMB_01109_r6240_c4080,7,0.1083945482969284,641.4617919921875,694.5016479492188,445496.2716350332,True,True,1.0,True,True
38SMB_01110_r6240_c4320,0,0.6884023547172546,604.2329406738281,592.5335693359375,358028.30104781315,True,True,1.0,True,True
38SMB_01110_r6240_c4320,1,0.548407793045044,827.2705459594727,833.1353759765625,689228.3573422814,True,True,1.0,True,True
38SMB_01110_r6240_c4320,2,0.4963586926460266,322.6354217529297,333.4416961669922,107580.10227284976,True,True,1.0,True,True
38SMB_01110_r6240_c4320,3,0.4037861227989197,419.36248779296875,643.287353515625,269770.58493606746,True,True,1.0,True,True
38SMB_01111_r6240_c4560,0,0.8223499655723572,382.00225830078125,417.6031494140625,159525.34614969045,True,True,1.0,True,True
38SMB_01111_r6240_c4560,1,0.6912552118301392,390.59295654296875,389.2820739746094,152050.83620292135,True,True,1.0,True,True
38SMB_01111_r6240_c4560,2,0.5310129523277283,408.8958740234375,505.43792724609375,206671.48302588612,True,True,1.0,True,True
38SMB_01111_r6240_c4560,3,0.48797208070755,573.0206298828125,305.3253173828125,174957.70568586886,True,True,1.0,True,True
38SMB_01111_r6240_c4560,4,0.1479168385267257,342.332763671875,403.6900329589844,138196.32464963943,True,True,1.0,True,True
38SMB_01111_r6240_c4560,5,0.1270494610071182,807.6443481445312,335.71807861328125,271140.80876195803,True,True,1.0,True,True
38SMB_01111_r6240_c4560,6,0.1209195628762245,414.0007019042969,417.39501953125,172801.8310572952,True,True,1.0,True,True
38SMB_01111_r6240_c4560,7,0.1177252754569053,102.7490234375,613.2508087158203,63010.92171780765,True,True,1.0,True,True
38SMB_01112_r6240_c4800,0,0.848400890827179,443.25775146484375,447.71846771240234,198454.6812874847,True,True,1.0,True,True
38SMB_01112_r6240_c4800,1,0.6993587613105774,472.82859802246094,467.7093505859375,221146.3565195445,True,True,1.0,True,True
38SMB_01112_r6240_c4800,2,0.5137794613838196,729.8552703857422,272.850341796875,199141.25998700038,True,True,1.0,True,True
38SMB_01112_r6240_c4800,3,0.5068042874336243,515.335693359375,479.1517639160156,246924.00648202747,True,True,1.0,True,True
38SMB_01112_r6240_c4800,4,0.450815737247467,345.2685546875,526.0062408447266,181613.41453306377,True,True,1.0,True,True
38SMB_01112_r6240_c4800,5,0.1935430169105529,364.4676208496094,389.62432861328125,142005.452074809,True,True,1.0,True,True
38SMB_01112_r6240_c4800,6,0.1126465201377868,397.4871826171875,550.9149169921875,218981.61821700633,True,True,1.0,True,True
38SMB_01112_r6240_c4800,7,0.1001484990119934,546.5211486816406,217.5958251953125,118920.72033407167,True,True,1.0,True,True
38SMB_01113_r6240_c5040,0,0.651351273059845,453.58673095703125,488.78997802734375,221708.648257982,True,True,1.0,True,True
38SMB_01113_r6240_c5040,1,0.5978012084960938,276.209716796875,459.9676513671875,127047.5347198546,True,True,1.0,True,True
38SMB_01113_r6240_c5040,2,0.2368601262569427,389.6058654785156,369.75982666015625,144060.5972851161,True,True,1.0,True,True
38SMB_01113_r6240_c5040,3,0.2331462800502777,892.0417022705078,620.0599670410156,553119.3485090625,True,True,1.0,True,True
38SMB_01113_r6240_c5040,4,0.1832208484411239,688.0950546264648,574.9285888671875,395605.51876288373,True,True,1.0,True,True
38SMB_01113_r6240_c5040,5,0.1400061398744583,640.7546997070312,534.3353271484375,342377.8720898554,True,True,1.0,True,True
38SMB_01113_r6240_c5040,6,0.1124380156397819,204.36599731445312,558.7286376953125,114185.13527074829,True,True,1.0,True,True
38SMB_01114_r6240_c5280,0,0.6158313155174255,456.35189056396484,451.74346923828125,206153.98623681394,True,True,1.0,True,True
38SMB_01114_r6240_c5280,1,0.4599293768405914,529.390869140625,511.6709899902344,270873.9501049742,True,True,1.0,True,True
38SMB_01114_r6240_c5280,2,0.2425714582204818,428.7155532836914,392.67391204833984,168345.4134638756,True,True,1.0,True,True
38SMB_01114_r6240_c5280,3,0.1590709686279297,433.9984130859375,435.4920959472656,189002.87855258211,True,True,1.0,True,True
38SMB_01114_r6240_c5280,4,0.1553168594837188,215.953369140625,403.778076171875,87197.23593443632,True,True,1.0,True,True
38SMB_01114_r6240_c5280,5,0.1253178268671035,826.5618896484375,880.7101440429688,727961.4408927038,True,True,1.0,True,True
38SMB_01114_r6240_c5280,6,0.1110769808292388,571.3703155517578,572.1912002563477,326933.0666464084,True,True,1.0,True,True
38SMB_01115_r6240_c5520,0,0.1085875183343887,599.3968200683594,545.9033203125,327212.7142600715,True,True,1.0,True,True
38SMB_01115_r6240_c5520,1,0.107156403362751,368.6671447753906,361.9630432128906,133443.88165550772,True,True,1.0,True,True
38SMB_01115_r6240_c5520,2,0.1007908955216407,232.0599365234375,252.59063720703125,58616.1672366783,True,True,1.0,True,True
38SMB_01116_r6240_c5760,0,0.1886987686157226,368.5150146484375,368.4527587890625,135780.37380240858,True,True,1.0,True,True
38SMB_01116_r6240_c5760,1,0.1299412995576858,421.9207763671875,416.31591796875,175652.33532339334,True,True,1.0,True,True
38SMB_01117_r6240_c6000,0,0.5565778017044067,496.4385986328125,427.6331329345703,212293.5932429973,True,True,1.0,True,True
38SMB_01117_r6240_c6000,1,0.1727825999259948,363.7523651123047,367.14111328125,133548.44828601927,True,True,1.0,True,True
38SMB_01117_r6240_c6000,2,0.1161579564213752,379.2303466796875,377.7994155883789,143273.00334896427,True,True,1.0,True,True
38SMB_01118_r6240_c6240,0,0.5062955617904663,462.8896713256836,422.8233337402344,195720.5539838469,True,True,1.0,True,True
38SMB_01120_r6240_c6720,0,0.7858730554580688,458.048095703125,443.8104248046875,203286.51993498206,True,True,1.0,True,True
38SMB_01120_r6240_c6720,1,0.2741724550724029,256.50390625,277.6171875,71209.89303588867,True,True,1.0,True,True
38SMB_01122_r6240_c7200,0,0.1255154311656952,579.6873664855957,599.1339111328125,347310.359116795,True,True,1.0,True,True
38SMB_01123_r6240_c7440,0,0.3314410746097564,622.51953125,467.158203125,290815.1056289673,True,True,1.0,True,True
38SMB_01124_r6240_c7680,0,0.3536204397678375,633.0415534973145,467.7032470703125,296075.5901011289,True,True,1.0,True,True
38SMB_01124_r6240_c7680,1,0.1937394440174102,247.75665283203125,570.8206176757812,141424.60560286418,True,True,1.0,True,True
38SMB_01124_r6240_c7680,2,0.1448956131935119,611.439208984375,318.951416015625,195019.40151304007,True,True,1.0,True,True
38SMB_01124_r6240_c7680,3,0.1264333724975586,450.4888916015625,296.4453125,133545.32024860382,True,True,1.0,True,True
38SMB_01124_r6240_c7680,4,0.1225542798638343,586.8944931030273,569.9811172485352,334518.77888587624,True,True,1.0,True,True
38SMB_01125_r6240_c7920,0,0.3089760541915893,523.4613037109375,498.7493896484375,261076.00573040545,True,True,1.0,True,True
38SMB_01126_r6240_c8160,0,0.2309615910053253,686.0336303710938,493.035888671875,338239.2006088048,True,True,1.0,True,True
38SMB_01126_r6240_c8160,1,0.1533419787883758,328.314208984375,232.79335021972656,76429.3646342121,True,True,1.0,True,True
38SMB_01127_r6240_c8400,0,0.1368280947208404,330.8191680908203,234.72265243530273,77650.75261071761,True,True,1.0,True,True
38SMB_01131_r6240_c9360,0,0.8834842443466187,501.85699462890625,524.57275390625,263260.50573959947,True,True,1.0,True,True
38SMB_01132_r6240_c9600,0,0.4210584759712219,1140.008544921875,744.1691589355469,848359.2000538483,True,True,1.0,True,True
38SMB_01132_r6240_c9600,1,0.2470330446958542,461.73004150390625,235.92586517333984,108934.0595183312,True,True,1.0,True,True
38SMB_01132_r6240_c9600,2,0.1866649985313415,832.6953125,1050.3448486328125,874617.231965065,True,True,1.0,True,True
38SMB_01132_r6240_c9600,3,0.1643325090408325,647.5592041015625,660.1763916015625,427503.29871214926,True,True,1.0,True,True
38SMB_01132_r6240_c9600,4,0.1569780260324478,128.0780029296875,257.29541778564453,32953.88327294495,True,True,1.0,True,True
38SMB_01133_r6240_c9680,0,0.4169632196426391,1159.5919799804688,741.3448333740234,859657.5231804745,True,True,1.0,True,True
38SMB_01133_r6240_c9680,1,0.2467691153287887,474.4415283203125,323.88622283935547,153665.0745657971,True,True,1.0,True,True
38SMB_01133_r6240_c9680,2,0.246477723121643,461.4031982421875,235.8391571044922,108816.94135875441,True,True,1.0,True,True
38SMB_01133_r6240_c9680,3,0.1641039699316024,647.19970703125,660.2508544921875,427314.1595944762,True,True,1.0,True,True
38SMB_01133_r6240_c9680,4,0.1160701364278793,1197.7197265625,1206.8695068359375,1445491.4157241583,True,True,1.0,True,True
38SMB_01133_r6240_c9680,5,0.1010606810450553,177.1978759765625,165.17864227294922,29269.30456745904,True,True,1.0,True,True
38SMB_01134_r6480_c0,0,0.1320047229528427,432.25555419921875,178.157958984375,77009.7672957927,True,True,1.0,True,True
38SMB_01135_r6480_c240,0,0.341156005859375,1128.9236450195312,1127.642822265625,1273022.6451922208,True,True,1.0,True,True
38SMB_01135_r6480_c240,1,0.2021532505750656,249.89471435546875,612.2235107421875,152991.4193386212,True,True,1.0,True,True
38SMB_01135_r6480_c240,2,0.2015528082847595,687.7304077148438,1007.5555419921875,692926.5836896375,True,True,1.0,True,True
38SMB_01135_r6480_c240,3,0.1970435529947281,661.17919921875,655.6297302246094,433488.7400139123,True,True,1.0,True,True
38SMB_01135_r6480_c240,4,0.1299850195646286,202.57965087890625,520.7489013671875,105493.13063453883,True,True,1.0,True,True
38SMB_01136_r6480_c480,0,0.3027136623859405,1358.7588500976562,1001.9029235839844,1361344.4643584546,True,True,1.0,True,True
38SMB_01136_r6480_c480,1,0.1418585777282714,689.9647521972656,664.8870468139648,458748.626494169,True,True,1.0,True,True
38SMB_01136_r6480_c480,2,0.1234005168080329,741.3479614257812,877.8750610351562,650810.8868849464,True,True,1.0,True,True
38SMB_01136_r6480_c480,3,0.1101942434906959,612.3779296875,533.59375,326761.03591918945,True,True,1.0,True,True
38SMB_01137_r6480_c720,0,0.1625284105539322,966.5325927734375,1069.6624755859375,1033863.64592053,True,True,1.0,True,True
38SMB_01137_r6480_c720,1,0.1276193857192993,742.9681396484375,754.3358612060547,560447.5114703644,True,True,1.0,True,True
38SMB_01138_r6480_c960,0,0.1937501728534698,577.1845245361328,589.4459533691406,340219.08233511494,True,True,1.0,True,True
38SMB_01138_r6480_c960,1,0.1107683405280113,475.1336669921875,490.3387451171875,232976.44603587687,True,True,1.0,True,True
38SMB_01138_r6480_c960,2,0.1086640134453773,736.0626220703125,883.3737182617188,650218.3753317222,True,True,1.0,True,True
38SMB_01142_r6480_c1920,0,0.1053121611475944,1228.7872314453125,1375.5960083007812,1690314.81062714,True,True,1.0,True,True
38SMB_01143_r6480_c2160,0,0.2589133083820343,230.479736328125,504.77806091308594,116341.11438347027,True,True,1.0,True,True
38SMB_01144_r6480_c2400,0,0.409550279378891,529.0830993652344,540.6338500976562,286040.2330314275,True,True,1.0,True,True
38SMB_01144_r6480_c2400,1,0.3258491456508636,651.7165756225586,636.0395812988281,414517.5378844782,True,True,1.0,True,True
38SMB_01144_r6480_c2400,2,0.3037824332714081,572.87353515625,565.1825714111328,323778.13769299537,True,True,1.0,True,True
38SMB_01144_r6480_c2400,3,0.2721163332462311,595.5282592773438,611.9517517089844,364434.56145697273,True,True,1.0,True,True
38SMB_01144_r6480_c2400,4,0.2420012354850769,645.4214477539062,351.6908645629883,226988.82696806686,True,True,1.0,True,True
38SMB_01144_r6480_c2400,5,0.1610595285892486,752.4679946899414,835.1899719238281,628453.7233586714,True,True,1.0,True,True
38SMB_01144_r6480_c2400,6,0.1359951645135879,97.0037841796875,409.06494140625,39680.84729164839,True,True,1.0,True,True
38SMB_01144_r6480_c2400,7,0.1347449421882629,426.21307373046875,476.3268280029297,203016.72146341298,True,True,1.0,True,True
38SMB_01144_r6480_c2400,8,0.1000763699412345,467.6171875,292.8327941894531,136933.6476266384,True,True,1.0,True,True
38SMB_01145_r6480_c2640,0,0.3887739479541778,469.2343521118164,544.92919921875,255699.4997422211,True,True,1.0,True,True
38SMB_01146_r6480_c2880,0,0.1018025875091552,392.15179443359375,407.315673828125,159729.5723926276,True,True,1.0,True,True
38SMB_01146_r6480_c2880,1,0.1012234166264534,165.49209594726562,428.2086181640625,70865.14172265306,True,True,1.0,True,True
38SMB_01147_r6480_c3120,0,0.1178692877292633,552.6498413085938,441.25732421875,243860.7902057469,True,True,1.0,True,True
38SMB_01148_r6480_c3360,0,0.6812555193901062,416.1500549316406,415.3399658203125,172843.7495914288,True,True,1.0,True,True
38SMB_01149_r6480_c3600,0,0.1711817234754562,410.48919677734375,502.904052734375,206436.68066300452,True,True,1.0,True,True
38SMB_01149_r6480_c3600,1,0.1022888571023941,526.8585205078125,739.3862915039062,389551.9676255062,True,True,1.0,True,True
38SMB_01150_r6480_c3840,0,0.7696770429611206,417.46337890625,426.70623779296875,178134.22782942653,True,True,1.0,True,True
38SMB_01150_r6480_c3840,1,0.7645062208175659,472.523193359375,479.796142578125,226714.80545252562,True,True,1.0,True,True
38SMB_01150_r6480_c3840,2,0.3845664262771606,197.967529296875,388.07861328125,76826.96424424648,True,True,1.0,True,True
38SMB_01150_r6480_c3840,3,0.3762691915035248,399.681396484375,405.806884765625,162193.46240609884,True,True,1.0,True,True
38SMB_01150_r6480_c3840,4,0.2363726496696472,440.58197021484375,588.5540771484375,259306.31488803774,True,True,1.0,True,True
38SMB_01150_r6480_c3840,5,0.2074883878231048,489.8566436767578,518.59375,254036.59380674362,True,True,1.0,True,True
38SMB_01150_r6480_c3840,6,0.189873069524765,568.3954620361328,646.881103515625,367684.28371520713,True,True,1.0,True,True
38SMB_01150_r6480_c3840,7,0.1127594336867332,1001.8899536132812,1143.66455078125,1145826.0237313807,True,True,1.0,True,True
38SMB_01150_r6480_c3840,8,0.1125377342104911,199.87701416015625,224.51885223388672,44876.157807174604,True,True,1.0,True,True
38SMB_01151_r6480_c4080,0,0.9009526371955872,526.739501953125,503.831787109375,265388.1046101451,True,True,1.0,True,True
38SMB_01151_r6480_c4080,1,0.7629380822181702,478.5446357727051,480.0177001953125,229709.89550441736,True,True,1.0,True,True
38SMB_01151_r6480_c4080,2,0.7284095883369446,438.8348388671875,405.59661865234375,177989.92679137737,True,True,1.0,True,True
38SMB_01151_r6480_c4080,3,0.6878570318222046,525.9869384765625,334.0521240234375,175707.05400668085,True,True,1.0,True,True
38SMB_01151_r6480_c4080,4,0.4050025939941406,493.3355712890625,516.585693359375,254850.09815320373,True,True,1.0,True,True
38SMB_01151_r6480_c4080,5,0.3837924003601074,560.04638671875,587.18994140625,328853.60500216484,True,True,1.0,True,True
38SMB_01151_r6480_c4080,6,0.3521509766578674,398.5932922363281,402.2125244140625,160319.21428488567,True,True,1.0,True,True
38SMB_01151_r6480_c4080,7,0.224102109670639,990.4074478149414,830.01953125,822057.5255818665,True,True,1.0,True,True
38SMB_01151_r6480_c4080,8,0.1866361945867538,323.0938720703125,256.0534858703613,82729.31220695609,True,True,1.0,True,True
38SMB_01151_r6480_c4080,9,0.1338229775428772,1139.9183654785156,1081.0772705078125,1232339.8351532407,True,True,1.0,True,True
38SMB_01152_r6480_c4320,0,0.673058807849884,512.0111083984375,531.99951171875,272389.6596625447,True,True,1.0,True,True
38SMB_01152_r6480_c4320,1,0.3539082109928131,535.0196838378906,255.26744842529297,136573.1095506053,True,True,1.0,True,True
38SMB_01152_r6480_c4320,2,0.2206050157546997,1031.7481994628906,1035.9451293945312,1068834.5219951589,True,True,1.0,True,True
38SMB_01152_r6480_c4320,3,0.1715957373380661,224.4331169128418,474.92584228515625,106589.08708651434,True,True,1.0,True,True
38SMB_01152_r6480_c4320,4,0.1399568766355514,462.8858947753906,475.33050537109375,220023.78629273735,True,True,1.0,True,True
38SMB_01152_r6480_c4320,5,0.1281054019927978,323.182373046875,330.1611328125,106702.25839018822,True,True,1.0,True,True
38SMB_01152_r6480_c4320,6,0.1199678257107734,326.3690185546875,323.3949279785156,105546.085249912,True,True,1.0,True,True
38SMB_01152_r6480_c4320,7,0.1034212410449981,97.8903579711914,309.11224365234375,30259.108184406068,True,True,1.0,True,True
38SMB_01153_r6480_c4560,0,0.8219091892242432,522.4542236328125,541.5667724609375,282943.8476514071,True,True,1.0,True,True
38SMB_01153_r6480_c4560,1,0.6624516248703003,450.028076171875,453.1475830078125,203929.1350029409,True,True,1.0,True,True
38SMB_01153_r6480_c4560,2,0.6312140822410583,767.5399780273438,768.1304931640625,589570.8618452772,True,True,1.0,True,True
38SMB_01153_r6480_c4560,3,0.4335015118122101,474.453125,452.928466796875,214893.32647323608,True,True,1.0,True,True
38SMB_01153_r6480_c4560,4,0.3296753466129303,408.7548828125,395.64605712890625,161722.25771695375,True,True,1.0,True,True
38SMB_01153_r6480_c4560,5,0.1805160641670227,571.6210174560547,588.1103515625,336176.2375365943,True,True,1.0,True,True
38SMB_01153_r6480_c4560,6,0.1456005126237869,99.1455078125,322.6727294921875,31991.551622748375,True,True,1.0,True,True
38SMB_01153_r6480_c4560,7,0.1224984005093574,715.6585693359375,570.4400634765625,408240.3197195381,True,True,1.0,True,True
38SMB_01153_r6480_c4560,8,0.1084179133176803,449.549560546875,472.1539306640625,212256.592040509,True,True,1.0,True,True
38SMB_01154_r6480_c4800,0,0.8851495385169983,502.1502685546875,509.100341796875,255644.87335458398,True,True,1.0,True,True
38SMB_01154_r6480_c4800,1,0.728175163269043,470.87127685546875,464.5989990234375,218766.3238959387,True,True,1.0,True,True
38SMB_01154_r6480_c4800,2,0.7034845948219299,857.3213958740234,733.3222961425781,628692.8945544991,True,True,1.0,True,True
38SMB_01154_r6480_c4800,3,0.6866261959075928,414.4873046875,426.8822479248047,176937.27236129344,True,True,1.0,True,True
38SMB_01154_r6480_c4800,4,0.5941066741943359,483.19091796875,498.13934326171875,240696.40654698014,True,True,1.0,True,True
38SMB_01154_r6480_c4800,5,0.5676045417785645,443.663330078125,440.9417724609375,195629.6951405704,True,True,1.0,True,True
38SMB_01154_r6480_c4800,6,0.5235098004341125,197.91736602783203,507.4285888671875,100428.92975581344,True,True,1.0,True,True
38SMB_01154_r6480_c4800,7,0.471741110086441,503.9569091796875,403.5691452026367,203381.4590566093,True,True,1.0,True,True
38SMB_01154_r6480_c4800,8,0.4187512397766113,495.0474166870117,446.74224853515625,221158.59606227605,True,True,1.0,True,True
38SMB_01154_r6480_c4800,9,0.2119668424129486,560.8349609375,510.152587890625,286111.4067018032,True,True,1.0,True,True
38SMB_01154_r6480_c4800,10,0.1475864946842193,172.70416259765625,164.6868896484375,28442.111367546022,True,True,1.0,True,True
38SMB_01154_r6480_c4800,11,0.1093498095870018,403.90625,548.8374328613281,221678.8693666458,True,True,1.0,True,True
38SMB_01154_r6480_c4800,12,0.1059160381555557,738.8154602050781,524.1001892089844,387213.3224840043,True,True,1.0,True,True
38SMB_01155_r6480_c5040,0,0.6207848191261292,652.3809814453125,589.2770385742188,384433.1327682361,True,True,1.0,True,True
38SMB_01155_r6480_c5040,1,0.5555991530418396,470.19073486328125,475.13885498046875,223405.88738536462,True,True,1.0,True,True
38SMB_01155_r6480_c5040,2,0.5135926604270935,275.7574462890625,356.6444778442383,98347.37044342328,True,True,1.0,True,True
38SMB_01155_r6480_c5040,3,0.2726640999317169,787.0978546142578,588.1194686889648,462907.5720619614,True,True,1.0,True,True
38SMB_01155_r6480_c5040,4,0.2445555329322815,400.62347412109375,327.55584716796875,131226.56146110967,True,True,1.0,True,True
38SMB_01155_r6480_c5040,5,0.1989989280700683,681.5390014648438,558.4096145629883,380577.9311176273,True,True,1.0,True,True
38SMB_01156_r6480_c5280,0,0.7374778985977173,635.4997253417969,633.7164306640625,402726.6176315956,True,True,1.0,True,True
38SMB_01156_r6480_c5280,1,0.4994289875030517,469.1707992553711,357.7613830566406,167851.19403139106,True,True,1.0,True,True
38SMB_01156_r6480_c5280,2,0.1403428018093109,511.6510009765625,634.3206787109375,324550.81020258367,True,True,1.0,True,True
38SMB_01156_r6480_c5280,3,0.1344162225723266,219.2633056640625,410.37109375,89979.3225646019,True,True,1.0,True,True
38SMB_01157_r6480_c5520,0,0.3930712342262268,659.7823333740234,626.190185546875,413149.2217560299,True,True,1.0,True,True
38SMB_01157_r6480_c5520,1,0.1191156506538391,545.6261825561523,447.57843017578125,244210.5102512869,True,True,1.0,True,True
38SMB_01157_r6480_c5520,2,0.1062451377511024,484.34661865234375,354.1496276855469,171531.1746664811,True,True,1.0,True,True
38SMB_01157_r6480_c5520,3,0.1041503995656967,535.6277465820312,403.9111328125,216346.00988775492,True,True,1.0,True,True
38SMB_01157_r6480_c5520,4,0.1017071008682251,397.74227142333984,410.79227447509766,163389.4523328854,True,True,1.0,True,True
38SMB_01158_r6480_c5760,0,0.8707171082496643,452.6860809326172,459.6754455566406,208088.67594999028,True,True,1.0,True,True
38SMB_01158_r6480_c5760,1,0.131883755326271,421.9366455078125,412.89085388183594,174213.78184775822,True,True,1.0,True,True
38SMB_01161_r6480_c6480,0,0.385261058807373,458.81866455078125,458.02276611328125,210149.39388195053,True,True,1.0,True,True
38SMB_01162_r6480_c6720,0,0.7810681462287903,462.74932861328125,451.08253479003906,208738.14012326766,True,True,1.0,True,True
38SMB_01162_r6480_c6720,1,0.3382946252822876,260.1947021484375,277.84156799316406,72292.90402843617,True,True,1.0,True,True
38SMB_01165_r6480_c7440,0,0.1834865808486938,586.8434143066406,560.5064392089844,328929.5125262579,True,True,1.0,True,True
38SMB_01166_r6480_c7680,0,0.2007681727409362,589.7048759460449,559.5500183105469,329969.3741334282,True,True,1.0,True,True
38SMB_01166_r6480_c7680,1,0.1056185215711593,527.88818359375,540.8723449707031,285520.1197426766,True,True,1.0,True,True
38SMB_01167_r6480_c7920,0,0.2143028825521469,263.12124252319336,580.3766250610352,152709.4187174771,True,True,1.0,True,True
38SMB_01167_r6480_c7920,1,0.1172207444906234,202.99938201904297,489.9565124511719,99460.86924379342,True,True,1.0,True,True
38SMB_01168_r6480_c8160,0,0.3262358009815216,675.567626953125,647.8916931152344,437694.6536405012,True,True,1.0,True,True
38SMB_01168_r6480_c8160,1,0.1488734185695648,733.856201171875,672.3155212402344,493382.91440624744,True,True,1.0,True,True
38SMB_01169_r6480_c8400,0,0.7030505537986755,290.335693359375,470.98907470703125,136744.9395697564,True,True,1.0,True,True
38SMB_01169_r6480_c8400,1,0.1945765912532806,444.04296875,736.0223388671875,326825.54441690445,True,True,1.0,True,True
38SMB_01170_r6480_c8640,0,0.8102557063102722,474.4234848022461,472.44964599609375,224141.20744705433,True,True,1.0,True,True
38SMB_01172_r6480_c9120,0,0.6609928607940674,453.4663391113281,424.0660095214844,192299.66087925714,True,True,1.0,True,True
38SMB_01173_r6480_c9360,0,0.8852935433387756,499.630126953125,507.49202728271484,253558.3060189616,True,True,1.0,True,True
38SMB_01174_r6480_c9600,0,0.7393106818199158,833.8677978515625,707.1878051757812,589701.1377694085,True,True,1.0,True,True
38SMB_01175_r6480_c9680,0,0.3577028512954712,1114.5022583007812,728.3515167236328,811749.410225288,True,True,1.0,True,True
38SMB_01175_r6480_c9680,1,0.1426660865545272,796.2770080566406,473.6847686767578,377184.29036393063,True,True,1.0,True,True
38SMB_01177_r6720_c240,0,0.1842487156391143,645.8169555664062,629.7023010253906,406672.42296137847,True,True,1.0,True,True
38SMB_01177_r6720_c240,1,0.1327590495347976,270.14257431030273,434.27417755126953,117315.94428018943,True,True,1.0,True,True
38SMB_01178_r6720_c480,0,0.1558003574609756,638.5186767578125,998.2580947875977,637406.4377465518,True,True,1.0,True,True
38SMB_01178_r6720_c480,1,0.1337365359067917,1213.6781311035156,1131.9144439697266,1373779.8069262528,True,True,1.0,True,True
38SMB_01178_r6720_c480,2,0.122754231095314,995.1361083984375,1044.6722030639648,1039591.0307090962,True,True,1.0,True,True
38SMB_01179_r6720_c720,0,0.1023138612508773,355.1580810546875,355.8692169189453,126389.82818736695,True,True,1.0,True,True
38SMB_01180_r6720_c960,0,0.1743887215852737,569.9221801757812,580.4585266113281,330816.18898794986,True,True,1.0,True,True
38SMB_01180_r6720_c960,1,0.1107427924871444,709.5663452148438,1216.5158081054688,863198.6758534797,True,True,1.0,True,True
38SMB_01180_r6720_c960,2,0.1058909371495246,561.0353088378906,277.95127868652344,155940.48147978028,True,True,1.0,True,True
38SMB_01180_r6720_c960,3,0.1052330955862999,1042.9296875,940.7820129394531,981169.4907605648,True,True,1.0,True,True
38SMB_01181_r6720_c1200,0,0.2305624186992645,709.0599060058594,787.4407958984375,558342.6967249252,True,True,1.0,True,True
38SMB_01181_r6720_c1200,1,0.1911260485649109,936.248779296875,944.43359375,884224.7992753983,True,True,1.0,True,True
38SMB_01181_r6720_c1200,2,0.1152050420641899,582.5288391113281,272.65161514282227,158827.42885097687,True,True,1.0,True,True
38SMB_01182_r6720_c1440,0,0.2070709466934204,752.2940063476562,792.6165771484375,596280.7003205642,True,True,1.0,True,True
38SMB_01182_r6720_c1440,1,0.1379962414503097,565.7186889648438,574.154052734375,324809.6779767424,True,True,1.0,True,True
38SMB_01182_r6720_c1440,2,0.1023424640297889,605.7266426086426,680.4583740234375,412171.76633215277,True,True,1.0,True,True
38SMB_01183_r6720_c1680,0,0.2559984624385834,1267.7340698242188,1374.3380737304688,1742295.1995247044,True,True,1.0,True,True
38SMB_01183_r6720_c1680,1,0.1572078466415405,1232.5807189941406,801.49169921875,987903.2148908824,True,True,1.0,True,True
38SMB_01184_r6720_c1920,0,0.1192320361733436,1253.1350708007812,1121.4630126953125,1405344.6318143979,True,True,1.0,True,True
38SMB_01186_r6720_c2400,0,0.2644041776657104,608.1570434570312,629.0683746337891,382572.36284960527,True,True,1.0,True,True
38SMB_01186_r6720_c2400,1,0.1543898284435272,565.9158325195312,695.5325317382812,393612.8717430867,True,True,1.0,True,True
38SMB_01186_r6720_c2400,2,0.1399200856685638,971.8867492675781,992.8868865966797,964973.6086048535,True,True,1.0,True,True
38SMB_01186_r6720_c2400,3,0.1378223747014999,804.4378662109375,911.9412231445312,733600.0516561791,True,True,1.0,True,True
38SMB_01186_r6720_c2400,4,0.1337209194898605,779.6087646484375,793.2854461669922,618452.2866998333,True,True,1.0,True,True
38SMB_01186_r6720_c2400,5,0.1109418720006942,399.4207763671875,593.7371826171875,237150.9664390236,True,True,1.0,True,True
38SMB_01187_r6720_c2640,0,0.2196472585201263,1447.8270721435547,1304.4802856445312,1888661.8726337096,True,True,1.0,True,True
38SMB_01187_r6720_c2640,1,0.1204145029187202,1278.6142349243164,1143.3938598632812,1461959.6653462504,True,True,1.0,True,True
38SMB_01188_r6720_c2880,0,0.1090107932686805,511.871337890625,443.79150390625,227164.15084898472,True,True,1.0,True,True
38SMB_01188_r6720_c2880,1,0.1004616394639015,561.2976837158203,665.799560546875,373711.751153972,True,True,1.0,True,True
38SMB_01189_r6720_c3120,0,0.4944611191749573,563.636474609375,586.3584899902344,330493.0321553722,True,True,1.0,True,True
38SMB_01189_r6720_c3120,1,0.293957769870758,295.4736328125,255.8416748046875,75594.46907937527,True,True,1.0,True,True
38SMB_01189_r6720_c3120,2,0.1822401136159896,428.311767578125,415.30487060546875,177879.9632128328,True,True,1.0,True,True
38SMB_01189_r6720_c3120,3,0.1200954020023346,349.417724609375,351.39801025390625,122784.69317518175,True,True,1.0,True,True
38SMB_01189_r6720_c3120,4,0.1107515320181846,473.7078857421875,221.3970947265625,104877.54965238273,True,True,1.0,True,True
38SMB_01190_r6720_c3360,0,0.6422370672225952,594.3081665039062,543.3685302734375,322928.3549627289,True,True,1.0,True,True
38SMB_01190_r6720_c3360,1,0.5674493312835693,582.4919128417969,279.1229248046875,162586.84638747945,True,True,1.0,True,True
38SMB_01190_r6720_c3360,2,0.5079198479652405,854.1836547851562,734.56298828125,627451.697999984,True,True,1.0,True,True
38SMB_01190_r6720_c3360,3,0.4054055213928222,642.19482421875,651.67724609375,418503.75450253487,True,True,1.0,True,True
38SMB_01190_r6720_c3360,4,0.3940590023994446,580.5062866210938,563.6835479736328,327221.84326357674,True,True,1.0,True,True
38SMB_01190_r6720_c3360,5,0.3929170966148376,366.412353515625,166.48681640625,61002.82622873783,True,True,1.0,True,True
38SMB_01190_r6720_c3360,6,0.3444380462169647,833.0047607421875,792.8443145751953,660443.0885685142,True,True,1.0,True,True
38SMB_01190_r6720_c3360,7,0.2118862271308899,861.495361328125,945.5767822265625,814610.0116677582,True,True,1.0,True,True
38SMB_01190_r6720_c3360,8,0.1799477934837341,789.244384765625,1046.3174438476562,825800.1672390848,True,True,1.0,True,True
38SMB_01190_r6720_c3360,9,0.1181515380740165,426.7439270019531,419.6142578125,179067.83620491624,True,True,1.0,True,True
38SMB_01190_r6720_c3360,10,0.1114952713251113,339.98291015625,90.8624267578125,30891.672272980213,True,True,1.0,True,True
38SMB_01191_r6720_c3600,0,0.2097142338752746,518.0029296875,576.7974090576172,298782.74772800505,True,True,1.0,True,True
38SMB_01191_r6720_c3600,1,0.1415150612592697,495.6357192993164,760.3289794921875,376846.20065472554,True,True,1.0,True,True
38SMB_01192_r6720_c3840,0,0.8607146739959717,503.6566162109375,619.3486022949219,311939.02128683403,True,True,1.0,True,True
38SMB_01192_r6720_c3840,1,0.7659869194030762,456.881103515625,367.36541748046875,167842.31733195484,True,True,1.0,True,True
38SMB_01192_r6720_c3840,2,0.3740972876548767,196.741943359375,388.5417938232422,76442.46759312227,True,True,1.0,True,True
38SMB_01192_r6720_c3840,3,0.3518739342689514,394.92919921875,393.43589782714844,155379.32407278568,True,True,1.0,True,True
38SMB_01192_r6720_c3840,4,0.27910315990448,642.8074645996094,228.421630859375,146831.12939242274,True,True,1.0,True,True
38SMB_01192_r6720_c3840,5,0.1916088461875915,560.7672119140625,177.78564453125,99696.36020213366,True,True,1.0,True,True
38SMB_01193_r6720_c4080,0,0.8985243439674377,527.305908203125,505.78046798706055,266701.02902331855,True,True,1.0,True,True
38SMB_01193_r6720_c4080,1,0.8460545539855957,599.9397277832031,612.3077392578125,367347.73840988055,True,True,1.0,True,True
38SMB_01193_r6720_c4080,2,0.8410434126853943,535.8538818359375,545.1309585571289,292110.5402517831,True,True,1.0,True,True
38SMB_01193_r6720_c4080,3,0.7205227017402649,460.0614929199219,367.9510498046875,169280.10929459706,True,True,1.0,True,True
38SMB_01193_r6720_c4080,4,0.3387824892997741,399.1149139404297,396.2178039550781,158136.43472719705,True,True,1.0,True,True
38SMB_01193_r6720_c4080,5,0.2828757762908935,439.1111755371094,433.53668212890625,190370.80212808214,True,True,1.0,True,True
38SMB_01193_r6720_c4080,6,0.2357517182826995,661.2150573730469,227.2100830078125,150234.72807174549,True,True,1.0,True,True
38SMB_01193_r6720_c4080,7,0.2281432449817657,611.7327880859375,697.0756530761719,426424.03276311234,True,True,1.0,True,True
38SMB_01193_r6720_c4080,8,0.2176287025213241,571.402587890625,182.3394775390625,104189.2493404448,True,True,1.0,True,True
38SMB_01193_r6720_c4080,9,0.1498382240533828,1062.9852676391602,1159.9417114257812,1233000.9505657596,True,True,1.0,True,True
38SMB_01193_r6720_c4080,10,0.1430474817752838,593.4951782226562,350.325927734375,207916.74891673028,True,True,1.0,True,True
38SMB_01193_r6720_c4080,11,0.1096546500921249,821.0784912109375,382.701416015625,314227.9012463987,True,True,1.0,True,True
38SMB_01194_r6720_c4320,0,0.6855213046073914,500.7293701171875,527.4668121337891,264118.12459747307,True,True,1.0,True,True
38SMB_01194_r6720_c4320,1,0.6335244178771973,263.443603515625,639.16259765625,168383.29795897007,True,True,1.0,True,True
38SMB_01194_r6720_c4320,2,0.6102437973022461,773.1004333496094,772.5042724609375,597223.3878039755,True,True,1.0,True,True
38SMB_01194_r6720_c4320,3,0.6020030379295349,471.30706787109375,486.4984130859375,229290.14059547335,True,True,1.0,True,True
38SMB_01194_r6720_c4320,4,0.3846172094345093,642.5537109375,618.5340881347656,397441.37367233634,True,True,1.0,True,True
38SMB_01194_r6720_c4320,5,0.2237947583198547,595.8897399902344,697.3274230957031,415530.2568365587,True,True,1.0,True,True
38SMB_01194_r6720_c4320,6,0.1742171496152877,138.01813125610352,557.9931259155273,77013.16849261275,True,True,1.0,True,True
38SMB_01194_r6720_c4320,7,0.1728130728006363,208.6279296875,540.6634521484375,112797.49667942524,True,True,1.0,True,True
38SMB_01194_r6720_c4320,8,0.1581522524356842,844.4894409179688,862.2061157226562,728123.9606226794,True,True,1.0,True,True
38SMB_01194_r6720_c4320,9,0.1509966850280761,890.816650390625,810.6268310546875,722119.8783569038,True,True,1.0,True,True
38SMB_01194_r6720_c4320,10,0.1340521425008773,325.7781982421875,321.9371032714844,104880.08945109323,True,True,1.0,True,True
38SMB_01194_r6720_c4320,11,0.115234263241291,498.8836669921875,571.6583251953125,285191.0015400499,True,True,1.0,True,True
38SMB_01194_r6720_c4320,12,0.1094821467995643,113.82217407226562,455.71956634521484,51870.99180868245,True,True,1.0,True,True
38SMB_01195_r6720_c4560,0,0.8876941800117493,520.2179336547852,575.5947875976562,299434.7310265177,True,True,1.0,True,True
38SMB_01195_r6720_c4560,1,0.660301148891449,439.48486328125,445.6889343261719,195873.54036830366,True,True,1.0,True,True
38SMB_01195_r6720_c4560,2,0.3614549934864044,609.52880859375,195.0128173828125,118865.93023985624,True,True,1.0,True,True
38SMB_01195_r6720_c4560,3,0.2583795189857483,192.44277954101562,517.7597045898438,99639.11668560468,True,True,1.0,True,True
38SMB_01195_r6720_c4560,4,0.1277427077293396,96.93267822265625,308.31984519958496,29886.268344390555,True,True,1.0,True,True
38SMB_01195_r6720_c4560,5,0.1162403151392936,298.82232666015625,753.8690185546875,225272.89412152022,True,True,1.0,True,True
38SMB_01195_r6720_c4560,6,0.1092298328876495,434.84771728515625,454.6684265136719,197711.52739110403,True,True,1.0,True,True
38SMB_01195_r6720_c4560,7,0.1048832833766937,413.905029296875,387.4856185913086,160382.24631515332,True,True,1.0,True,True
38SMB_01196_r6720_c4800,0,0.8744048476219177,498.54888916015625,495.5114936828613,247036.7047416803,True,True,1.0,True,True
38SMB_01196_r6720_c4800,1,0.7779231071472168,471.492919921875,442.77156829833984,208763.65959537216,True,True,1.0,True,True
38SMB_01196_r6720_c4800,2,0.7429615259170532,655.9027099609375,646.6596221923828,424145.7986182999,True,True,1.0,True,True
38SMB_01196_r6720_c4800,3,0.5840938687324524,444.4053649902344,442.6910400390625,196734.27322646603,True,True,1.0,True,True
38SMB_01196_r6720_c4800,4,0.3864739835262298,631.0650634765625,606.6900634765625,382860.90341843665,True,True,1.0,True,True
38SMB_01196_r6720_c4800,5,0.3083926737308502,344.9652099609375,547.1429443359375,188745.28067149222,True,True,1.0,True,True
38SMB_01196_r6720_c4800,6,0.2184229642152786,787.8179931640625,844.6051025390625,665395.0968984514,True,True,1.0,True,True
38SMB_01196_r6720_c4800,7,0.1400994062423706,429.9267578125,428.5691833496094,184253.35949584842,True,True,1.0,True,True
38SMB_01196_r6720_c4800,8,0.1082479506731033,703.8028335571289,675.302734375,475279.97796200216,True,True,1.0,True,True
38SMB_01197_r6720_c5040,0,0.830814778804779,552.8900146484375,555.4052734375,307078.0297666788,True,True,1.0,True,True
38SMB_01197_r6720_c5040,1,0.5376896858215332,588.7327575683594,581.5008544921875,342348.60159354284,True,True,1.0,True,True
38SMB_01197_r6720_c5040,2,0.522097110748291,581.988525390625,689.561767578125,401317.03627854586,True,True,1.0,True,True
38SMB_01197_r6720_c5040,3,0.4954766035079956,659.5947265625,290.06439208984375,191324.94338601828,True,True,1.0,True,True
38SMB_01197_r6720_c5040,4,0.4602398574352264,462.418212890625,319.50927734375,147746.90903127193,True,True,1.0,True,True
38SMB_01197_r6720_c5040,5,0.2797423005104065,397.1484375,389.6263122558594,154739.48112130165,True,True,1.0,True,True
38SMB_01198_r6720_c5280,0,0.7290499806404114,467.5776672363281,455.2593994140625,212869.1279654391,True,True,1.0,True,True
38SMB_01198_r6720_c5280,1,0.6821339726448059,405.31211853027344,570.281982421875,231142.1984550543,True,True,1.0,True,True
38SMB_01198_r6720_c5280,2,0.5061458945274353,589.1377258300781,691.541748046875,407413.3327608928,True,True,1.0,True,True
38SMB_01198_r6720_c5280,3,0.4977482557296753,740.797119140625,689.9923706054688,511144.3603735417,True,True,1.0,True,True
38SMB_01198_r6720_c5280,4,0.496658056974411,650.83984375,292.3158645629883,190250.81161782146,True,True,1.0,True,True
38SMB_01198_r6720_c5280,5,0.3492840528488159,326.1430358886719,336.241455078125,109662.80895080417,True,True,1.0,True,True
38SMB_01198_r6720_c5280,6,0.2578672766685486,342.41790771484375,344.7344970703125,118043.26520394534,True,True,1.0,True,True
38SMB_01198_r6720_c5280,7,0.2260884791612625,408.55682373046875,410.3984069824219,167671.0696207825,True,True,1.0,True,True
38SMB_01199_r6720_c5520,0,0.7809078097343445,629.2633056640625,636.56005859375,400563.88672441244,True,True,1.0,True,True
38SMB_01199_r6720_c5520,1,0.5126686096191406,355.020751953125,659.833984375,234254.75729703903,True,True,1.0,True,True
38SMB_01199_r6720_c5520,2,0.1574999541044235,113.66694450378418,684.4842529296875,77803.23359147296,True,True,1.0,True,True
38SMB_01199_r6720_c5520,3,0.1274117976427078,541.9905090332031,568.0563735961914,307881.1630849552,True,True,1.0,True,True
38SMB_01200_r6720_c5760,0,0.5859470367431641,569.2985534667969,591.0833740234375,336502.9098098166,True,True,1.0,True,True
38SMB_01202_r6720_c6240,0,0.4044231474399566,448.1195068359375,328.043212890625,147002.56278142333,True,True,1.0,True,True
38SMB_01203_r6720_c6480,0,0.2790480256080627,490.61683654785156,329.5025634765625,161659.50532727875,True,True,1.0,True,True
38SMB_01203_r6720_c6480,1,0.2426801472902298,523.6441040039062,251.06590270996094,131469.1796704894,True,True,1.0,True,True
38SMB_01207_r6720_c7440,0,0.8480628132820129,469.46197509765625,472.652587890625,221892.41744615138,True,True,1.0,True,True
38SMB_01207_r6720_c7440,1,0.3524712324142456,739.1082763671875,768.4869384765625,567995.056508109,True,True,1.0,True,True
38SMB_01207_r6720_c7440,2,0.214248314499855,935.0860595703125,879.1064453125,822040.18189013,True,True,1.0,True,True
38SMB_01207_r6720_c7440,3,0.1191486567258834,623.8292694091797,624.202880859375,389396.02712960914,True,True,1.0,True,True
38SMB_01209_r6720_c7920,0,0.2093977481126785,554.4161987304688,213.505859375,118371.10696136951,True,True,1.0,True,True
38SMB_01209_r6720_c7920,1,0.1619609147310257,958.3905029296875,940.4328918457031,901301.9521876238,True,True,1.0,True,True
38SMB_01209_r6720_c7920,2,0.1168999522924423,475.97412109375,519.7821044921875,247402.83034592867,True,True,1.0,True,True
38SMB_01210_r6720_c8160,0,0.6680245995521545,445.555419921875,422.1331787109375,188083.72570350766,True,True,1.0,True,True
38SMB_01210_r6720_c8160,1,0.3956893682479858,583.5107421875,197.8033447265625,115420.3764885664,True,True,1.0,True,True
38SMB_01210_r6720_c8160,2,0.1492195278406143,411.0076904296875,555.545654296875,228333.5363008082,True,True,1.0,True,True
38SMB_01210_r6720_c8160,3,0.1460993736982345,890.9585571289062,890.0286865234375,792978.6743482575,True,True,1.0,True,True
38SMB_01210_r6720_c8160,4,0.1141064316034317,803.397216796875,524.3249893188477,421241.2371158134,True,True,1.0,True,True
38SMB_01210_r6720_c8160,5,0.1110216081142425,126.82172775268555,211.89300537109375,26872.637039871188,True,True,1.0,True,True
38SMB_01211_r6720_c8400,0,0.6227692365646362,448.4410095214844,411.50970458984375,184537.82735415734,True,True,1.0,True,True
38SMB_01211_r6720_c8400,1,0.4561971426010132,456.339111328125,436.30126953125,199101.33360922337,True,True,1.0,True,True
38SMB_01211_r6720_c8400,2,0.4427462518215179,208.5491943359375,661.8414306640625,138026.49714313447,True,True,1.0,True,True
38SMB_01211_r6720_c8400,3,0.3761215209960937,941.4910125732422,914.5359802246094,861027.4060563301,True,True,1.0,True,True
38SMB_01211_r6720_c8400,4,0.2336931973695755,814.7589111328125,438.35693359375,357155.21790236235,True,True,1.0,True,True
38SMB_01211_r6720_c8400,5,0.207280695438385,279.478759765625,370.6951904296875,103601.43207237124,True,True,1.0,True,True
38SMB_01211_r6720_c8400,6,0.1660818308591842,156.43157958984375,542.6446533203125,84886.76027487963,True,True,1.0,True,True
38SMB_01211_r6720_c8400,7,0.153989091515541,556.7196655273438,566.9644165039062,315640.2403219603,True,True,1.0,True,True
38SMB_01212_r6720_c8640,0,0.7848201990127563,496.00799560546875,505.1959228515625,250581.21708165854,True,True,1.0,True,True
38SMB_01212_r6720_c8640,1,0.2779669165611267,659.3806457519531,436.4990234375,287819.0079443157,True,True,1.0,True,True
38SMB_01212_r6720_c8640,2,0.2451772093772888,371.5152359008789,366.40869140625,136126.4114239253,True,True,1.0,True,True
38SMB_01212_r6720_c8640,3,0.2428922653198242,878.7991333007812,236.9635009765625,208243.31928212196,True,True,1.0,True,True
38SMB_01212_r6720_c8640,4,0.1430494040250778,1172.3660278320312,313.10577392578125,367074.57246864215,True,True,1.0,True,True
38SMB_01212_r6720_c8640,5,0.1303711384534835,643.9070129394531,169.605712890625,109210.30796486884,True,True,1.0,True,True
38SMB_01214_r6720_c9120,0,0.6561166644096375,420.1287841796875,435.5072021484375,182969.11134012043,True,True,1.0,True,True
38SMB_01215_r6720_c9360,0,0.66300368309021,420.5607604980469,428.64471435546875,180271.147052804,True,True,1.0,True,True
38SMB_01215_r6720_c9360,1,0.2174816876649856,170.30517578125,496.95098876953125,84633.32549706101,True,True,1.0,True,True
38SMB_01215_r6720_c9360,2,0.1645328551530838,175.384521484375,684.1030883789062,119981.09280131757,True,True,1.0,True,True
38SMB_01215_r6720_c9360,3,0.1002490520477294,201.9366455078125,853.5693359375,172366.92840754986,True,True,1.0,True,True
38SMB_01216_r6720_c9600,0,0.552937388420105,748.2600402832031,772.2933959960938,577876.2875984889,True,True,1.0,True,True
38SMB_01216_r6720_c9600,1,0.2648690640926361,853.12744140625,807.2222900390625,688663.4869471192,True,True,1.0,True,True
38SMB_01216_r6720_c9600,2,0.1510548889636993,607.1115112304688,662.1380615234375,401991.63917470723,True,True,1.0,True,True
38SMB_01217_r6720_c9680,0,0.6007486581802368,503.82877349853516,798.5018920898438,402308.22892788565,True,True,1.0,True,True
38SMB_01217_r6720_c9680,1,0.265257328748703,850.9011840820312,804.8536682128906,684850.939295115,True,True,1.0,True,True
38SMB_01217_r6720_c9680,2,0.1502521783113479,603.8966369628906,659.3858337402344,398200.8874566993,True,True,1.0,True,True
38SMB_01224_r6960_c1440,0,0.1363846361637115,1162.4722290039062,1059.3743896484375,1231493.3080842718,True,True,1.0,True,True
38SMB_01224_r6960_c1440,1,0.1109059900045394,548.992919921875,544.0464782714844,298677.6646794751,True,True,1.0,True,True
38SMB_01225_r6960_c1680,0,0.2015740722417831,508.43505859375,686.7581176757812,349171.9038002193,True,True,1.0,True,True
38SMB_01226_r6960_c1920,0,0.2428852617740631,992.5083923339844,936.4080810546875,929392.8790961392,True,True,1.0,True,True
38SMB_01226_r6960_c1920,1,0.1098000779747963,502.5098419189453,536.22314453125,269457.4075916782,True,True,1.0,True,True
38SMB_01227_r6960_c2160,0,0.1238931342959404,862.9095458984375,897.266845703125,774260.126375407,True,True,1.0,True,True
38SMB_01228_r6960_c2400,0,0.3590475618839264,410.0030517578125,565.3924560546875,231812.63242326677,True,True,1.0,True,True
38SMB_01228_r6960_c2400,1,0.1689715534448623,681.005859375,671.7507934570312,457466.2263840437,True,True,1.0,True,True
38SMB_01229_r6960_c2640,0,0.2170119732618332,208.40559005737305,419.99847412109375,87530.02982240287,True,True,1.0,True,True
38SMB_01229_r6960_c2640,1,0.1633371710777282,220.162353515625,759.254150390625,167159.1806665063,True,True,1.0,True,True
38SMB_01229_r6960_c2640,2,0.1494509726762771,695.0287628173828,666.6796875,463361.5583986044,True,True,1.0,True,True
38SMB_01229_r6960_c2640,3,0.1250699758529663,543.2784652709961,539.2218017578125,292947.5928996457,True,True,1.0,True,True
38SMB_01229_r6960_c2640,4,0.1004040762782096,530.6878662109375,551.5985107421875,292726.6366709024,True,True,1.0,True,True
38SMB_01230_r6960_c2880,0,0.3381764590740204,873.1032943725586,528.42041015625,461365.6009211205,True,True,1.0,True,True
38SMB_01230_r6960_c2880,1,0.2590805888175964,515.8468627929688,518.140869140625,267281.34183101356,True,True,1.0,True,True
38SMB_01230_r6960_c2880,2,0.2379031479358673,603.4561157226562,748.8018798828125,451869.07387990505,True,True,1.0,True,True
38SMB_01230_r6960_c2880,3,0.1429927200078964,583.2452392578125,1173.9141845703125,684679.8594478518,True,True,1.0,True,True
38SMB_01231_r6960_c3120,0,0.4805192947387695,301.01806640625,562.0315933227539,169181.66348123923,True,True,1.0,True,True
38SMB_01231_r6960_c3120,1,0.4310756623744964,639.9310302734375,662.3951721191406,423887.2249423526,True,True,1.0,True,True
38SMB_01231_r6960_c3120,2,0.1883669793605804,1339.8614501953125,1474.9063110351562,1976170.108805783,True,True,1.0,True,True
38SMB_01231_r6960_c3120,3,0.1499570310115814,961.505126953125,1162.049560546875,1117316.6102394462,True,True,1.0,True,True
38SMB_01231_r6960_c3120,4,0.1201043128967285,450.73760986328125,500.25482177734375,225483.66269050166,True,True,1.0,True,True
38SMB_01231_r6960_c3120,5,0.1195024326443672,472.786865234375,497.22930908203125,235083.4863435477,True,True,1.0,True,True
38SMB_01232_r6960_c3360,0,0.6151347756385803,598.0783081054688,575.9972381591797,344491.45367166493,True,True,1.0,True,True
38SMB_01232_r6960_c3360,1,0.6097138524055481,610.6378173828125,598.8409423828125,365674.9260161072,True,True,1.0,True,True
38SMB_01232_r6960_c3360,2,0.5662323832511902,403.00140380859375,407.49446868896484,164220.84292588988,True,True,1.0,True,True
38SMB_01232_r6960_c3360,3,0.4352863132953644,639.2079162597656,649.7073364257812,415298.07269540615,True,True,1.0,True,True
38SMB_01232_r6960_c3360,4,0.1192641630768776,777.8402709960938,840.93505859375,654113.1538666785,True,True,1.0,True,True
38SMB_01232_r6960_c3360,5,0.1108920723199844,507.5275993347168,522.564697265625,265216.0063002957,True,True,1.0,True,True
38SMB_01232_r6960_c3360,6,0.1090796813368797,246.7354965209961,691.7314147949219,170674.69408859615,True,True,1.0,True,True
38SMB_01233_r6960_c3600,0,0.2546525001525879,546.4154052734375,537.2589111328125,293566.5456634015,True,True,1.0,True,True
38SMB_01233_r6960_c3600,1,0.1608165800571441,514.2150497436523,848.0191040039062,436064.18574893614,True,True,1.0,True,True
38SMB_01234_r6960_c3840,0,0.4055728614330292,595.614013671875,585.0982666015625,348492.7269630134,True,True,1.0,True,True
38SMB_01234_r6960_c3840,1,0.1967717856168747,334.3170166015625,329.2108154296875,110060.77764742076,True,True,1.0,True,True
38SMB_01234_r6960_c3840,2,0.159264326095581,390.90354919433594,746.768798828125,291914.5738895051,True,True,1.0,True,True
38SMB_01235_r6960_c4080,0,0.5543525218963623,757.2784423828125,784.6673583984375,594211.6749566048,True,True,1.0,True,True
38SMB_01235_r6960_c4080,1,0.4031536281108856,597.6808166503906,582.3692321777344,348070.9182800492,True,True,1.0,True,True
38SMB_01235_r6960_c4080,2,0.4003565311431885,948.97705078125,936.4549255371094,888674.2334257811,True,True,1.0,True,True
38SMB_01235_r6960_c4080,3,0.1387604624032974,837.4598693847656,922.6605224609375,772691.1606266163,True,True,1.0,True,True
38SMB_01235_r6960_c4080,4,0.1168253943324089,181.2530517578125,167.29736328125,30323.157645761967,True,True,1.0,True,True
38SMB_01235_r6960_c4080,5,0.1125793233513832,435.9312438964844,413.35693359375,180195.20223475993,True,True,1.0,True,True
38SMB_01236_r6960_c4320,0,0.6485567688941956,643.6853790283203,686.6387939453125,441979.3523362372,True,True,1.0,True,True
38SMB_01236_r6960_c4320,1,0.4807917475700378,864.0872192382812,781.8936157226562,675624.2801499553,True,True,1.0,True,True
38SMB_01236_r6960_c4320,2,0.3711341917514801,649.969482421875,628.3765411376953,408425.57520931587,True,True,1.0,True,True
38SMB_01236_r6960_c4320,3,0.2841428220272064,183.841552734375,438.6905288696289,80649.54799725674,True,True,1.0,True,True
38SMB_01236_r6960_c4320,4,0.1750124245882034,208.472900390625,405.18798828125,84470.71512043476,True,True,1.0,True,True
38SMB_01236_r6960_c4320,5,0.142865315079689,406.71142578125,186.754150390625,75955.04677593708,True,True,1.0,True,True
38SMB_01236_r6960_c4320,6,0.1360595077276229,747.821044921875,570.8575439453125,426899.2850147188,True,True,1.0,True,True
38SMB_01236_r6960_c4320,7,0.1195306330919265,459.4342041015625,425.924072265625,195684.0871490538,True,True,1.0,True,True
38SMB_01236_r6960_c4320,8,0.1123144477605819,888.1804656982422,745.8030700683594,662407.7180924942,True,True,1.0,True,True
38SMB_01236_r6960_c4320,9,0.1017367243766784,478.427734375,480.63201904296875,229947.6879388094,True,True,1.0,True,True
38SMB_01237_r6960_c4560,0,0.8447611331939697,676.1300659179688,639.4798278808594,432371.53817829676,True,True,1.0,True,True
38SMB_01237_r6960_c4560,1,0.384496659040451,636.3186645507812,610.4833984375,388461.9808241725,True,True,1.0,True,True
38SMB_01237_r6960_c4560,2,0.2024515271186828,455.90423583984375,420.443115234375,191681.7971650511,True,True,1.0,True,True
38SMB_01237_r6960_c4560,3,0.14928038418293,408.3753967285156,497.3541259765625,203107.18851024285,True,True,1.0,True,True
38SMB_01238_r6960_c4800,0,0.4321394562721252,597.6666259765625,579.3313598632812,346247.01917190105,True,True,1.0,True,True
38SMB_01238_r6960_c4800,1,0.2257548123598098,365.18798828125,444.2562484741211,162237.04566163942,True,True,1.0,True,True
38SMB_01238_r6960_c4800,2,0.2107053846120834,624.859619140625,439.0668487548828,274355.1438902505,True,True,1.0,True,True
38SMB_01238_r6960_c4800,3,0.1144599393010139,528.4109497070312,822.4331665039062,434582.69058289006,True,True,1.0,True,True
38SMB_01238_r6960_c4800,4,0.1000431701540947,527.0758056640625,484.20387268066406,255212.14629882015,True,True,1.0,True,True
38SMB_01239_r6960_c5040,0,0.8367181420326233,543.7875366210938,546.3584899902344,297102.93738381006,True,True,1.0,True,True
38SMB_01239_r6960_c5040,1,0.6232059001922607,888.1259155273438,899.678955078125,799028.1956594437,True,True,1.0,True,True
38SMB_01239_r6960_c5040,2,0.3454290628433227,441.5802001953125,379.0178680419922,167366.78604758345,True,True,1.0,True,True
38SMB_01239_r6960_c5040,3,0.3321300148963928,606.6241455078125,623.0319213867188,377946.2069353089,True,True,1.0,True,True
38SMB_01239_r6960_c5040,4,0.3154290616512298,610.3964233398438,455.9553527832031,278313.51654152386,True,True,1.0,True,True
38SMB_01239_r6960_c5040,5,0.1730787903070449,729.857177734375,740.3445434570312,540345.7790385932,True,True,1.0,True,True
38SMB_01239_r6960_c5040,6,0.1555264145135879,446.0406494140625,476.728515625,212640.29670357704,True,True,1.0,True,True
38SMB_01239_r6960_c5040,7,0.1515634357929229,666.3983154296875,675.2499008178711,449985.39639909286,True,True,1.0,True,True
38SMB_01239_r6960_c5040,8,0.137468546628952,913.233642578125,988.3544921875,902598.5730588436,True,True,1.0,True,True
38SMB_01239_r6960_c5040,9,0.1359504163265228,207.5555419921875,200.625,41640.83061218262,True,True,1.0,True,True
38SMB_01240_r6960_c5280,0,0.6973286271095276,408.2743835449219,557.1886444091797,227485.85031438852,True,True,1.0,True,True
38SMB_01240_r6960_c5280,1,0.6106349229812622,817.6923370361328,829.76806640625,678494.9894176796,True,True,1.0,True,True
38SMB_01240_r6960_c5280,2,0.5367853045463562,448.15155029296875,440.8599853515625,197572.08589743823,True,True,1.0,True,True
38SMB_01240_r6960_c5280,3,0.3331327438354492,441.92283630371094,380.3369140625,168079.56781350076,True,True,1.0,True,True
38SMB_01240_r6960_c5280,4,0.2650049328804016,591.861572265625,138.98505210876465,82259.91146251326,True,True,1.0,True,True
38SMB_01240_r6960_c5280,5,0.1781027317047119,209.63443756103516,599.2822265625,125630.19250575453,True,True,1.0,True,True
38SMB_01240_r6960_c5280,6,0.130424290895462,494.92919921875,488.9178466796875,241979.71834093332,True,True,1.0,True,True
38SMB_01240_r6960_c5280,7,0.1199527159333229,472.02301025390625,426.2164306640625,201183.9626217261,True,True,1.0,True,True
38SMB_01240_r6960_c5280,8,0.1189635917544364,926.8209075927734,1256.3140869140625,1164378.1622552779,True,True,1.0,True,True
38SMB_01240_r6960_c5280,9,0.1100375279784202,230.9225082397461,225.0030517578125,51958.269073511474,True,True,1.0,True,True
38SMB_01241_r6960_c5520,0,0.2146933376789093,438.23974609375,441.39404296875,193436.41331791878,True,True,1.0,True,True
38SMB_01241_r6960_c5520,1,0.1313261091709137,113.77182006835938,570.3195190429688,64886.2897020299,True,True,1.0,True,True
38SMB_01241_r6960_c5520,2,0.1062176972627639,354.930419921875,364.8760986328125,129505.62690719962,True,True,1.0,True,True
38SMB_01242_r6960_c5760,0,0.7219587564468384,553.8864135742188,569.7357177734375,315568.8734026626,True,True,1.0,True,True
38SMB_01242_r6960_c5760,1,0.2771169245243072,349.71466064453125,360.5279541015625,126081.91112149507,True,True,1.0,True,True
38SMB_01244_r6960_c6240,0,0.7672168612480164,511.4190673828125,661.3958740234375,338250.46106390655,True,True,1.0,True,True
38SMB_01244_r6960_c6240,1,0.5801331400871277,637.9388427734375,592.8350830078125,378192.52680949867,True,True,1.0,True,True
38SMB_01244_r6960_c6240,2,0.2289478182792663,465.5780029296875,479.8162841796875,223391.90736152232,True,True,1.0,True,True
38SMB_01244_r6960_c6240,3,0.2104244083166122,434.034423828125,384.95121002197266,167082.07664382644,True,True,1.0,True,True
38SMB_01245_r6960_c6480,0,0.6937309503555298,648.8929748535156,673.2767105102539,436884.5275825879,True,True,1.0,True,True
38SMB_01245_r6960_c6480,1,0.5675449371337891,662.7202606201172,631.204833984375,418312.2320828028,True,True,1.0,True,True
38SMB_01245_r6960_c6480,2,0.4627466201782226,455.2455139160156,454.0118408203125,206686.85379819945,True,True,1.0,True,True
38SMB_01246_r6960_c6720,0,0.5202596187591553,459.04632568359375,446.44927978515625,204940.9014894627,True,True,1.0,True,True
38SMB_01246_r6960_c6720,1,0.3985793590545654,575.0885772705078,186.483154296875,107244.33188950643,True,True,1.0,True,True
38SMB_01246_r6960_c6720,2,0.1269404143095016,760.22216796875,234.71282958984375,178433.8961608708,True,True,1.0,True,True
38SMB_01251_r6960_c7920,0,0.4681116640567779,611.475830078125,619.1265869140625,378580.94365671277,True,True,1.0,True,True
38SMB_01251_r6960_c7920,1,0.3282595574855804,509.7442626953125,466.9801330566406,238040.4436183162,True,True,1.0,True,True
38SMB_01251_r6960_c7920,2,0.2583510279655456,525.1611328125,516.62841796875,271313.1652235985,True,True,1.0,True,True
38SMB_01251_r6960_c7920,3,0.2111645340919494,583.9413452148438,592.4328231811523,345946.01971782977,True,True,1.0,True,True
38SMB_01251_r6960_c7920,4,0.1565442979335785,243.13629150390625,284.8841857910156,69265.68444133736,True,True,1.0,True,True
38SMB_01251_r6960_c7920,5,0.1255325973033905,410.5535888671875,400.1312255859375,164275.31068213284,True,True,1.0,True,True
38SMB_01252_r6960_c8160,0,0.7680230140686035,778.55224609375,783.8934326171875,610301.992662251,True,True,1.0,True,True
38SMB_01252_r6960_c8160,1,0.4526357650756836,627.224292755127,621.375732421875,389741.95430350956,True,True,1.0,True,True
38SMB_01252_r6960_c8160,2,0.2822570502758026,573.1295776367188,614.33349609375,352092.69714429975,True,True,1.0,True,True
38SMB_01252_r6960_c8160,3,0.2604631185531616,595.0332641601562,629.1748046875,374379.9377605319,True,True,1.0,True,True
38SMB_01252_r6960_c8160,4,0.2414011806249618,589.5750427246094,592.9583740234375,349593.45869878307,True,True,1.0,True,True
38SMB_01253_r6960_c8400,0,0.7805172801017761,562.4951171875,553.3096313476562,311233.9659258723,True,True,1.0,True,True
38SMB_01253_r6960_c8400,1,0.5424493551254272,450.3900146484375,440.7476806640625,198508.35435055196,True,True,1.0,True,True
38SMB_01253_r6960_c8400,2,0.4734850525856018,768.096923828125,690.3229141235352,530234.9067863543,True,True,1.0,True,True
38SMB_01253_r6960_c8400,3,0.3278599381446838,643.6470031738281,661.7798614501953,425952.6245832094,True,True,1.0,True,True
38SMB_01253_r6960_c8400,4,0.2832356691360473,602.2116851806641,596.26708984375,359079.0089925751,True,True,1.0,True,True
38SMB_01253_r6960_c8400,5,0.2144836038351059,930.4238891601562,788.487548828125,733627.6517350227,True,True,1.0,True,True
38SMB_01253_r6960_c8400,6,0.1548955589532852,750.313720703125,713.2640075683594,535171.7713622376,True,True,1.0,True,True
38SMB_01253_r6960_c8400,7,0.1243698522448539,144.412841796875,201.55498504638672,29107.12816887535,True,True,1.0,True,True
38SMB_01253_r6960_c8400,8,0.1071716398000717,134.2730712890625,277.3746871948242,37243.951147492044,True,True,1.0,True,True
38SMB_01254_r6960_c8640,0,0.6990522742271423,643.544921875,657.4420166015625,423093.471211195,True,True,1.0,True,True
38SMB_01254_r6960_c8640,1,0.6782974600791931,701.1822509765625,683.0429077148438,478937.5635450706,True,True,1.0,True,True
38SMB_01254_r6960_c8640,2,0.5493795275688171,783.114013671875,710.9888076782227,556785.2988566738,True,True,1.0,True,True
38SMB_01254_r6960_c8640,3,0.4845853149890899,664.7125244140625,606.83349609375,403369.8250874877,True,True,1.0,True,True
38SMB_01254_r6960_c8640,4,0.4578756690025329,667.2367095947266,683.4595108032227,456029.27512956376,True,True,1.0,True,True
38SMB_01254_r6960_c8640,5,0.4344139397144317,454.78607177734375,160.23727416992188,72873.680472048,True,True,1.0,True,True
38SMB_01254_r6960_c8640,6,0.1969842463731765,576.1643981933594,201.37115478515625,116022.89021029137,True,True,1.0,True,True
38SMB_01254_r6960_c8640,7,0.1867534816265106,586.6023254394531,510.118408203125,299236.6445014253,True,True,1.0,True,True
38SMB_01254_r6960_c8640,8,0.1537649780511856,629.302978515625,602.783203125,379333.2651257515,True,True,1.0,True,True
38SMB_01255_r6960_c8880,0,0.5274791121482849,542.34130859375,548.1744384765625,297297.642301023,True,True,1.0,True,True
38SMB_01255_r6960_c8880,1,0.4704657793045044,609.2668151855469,624.4210815429688,380439.04368639924,True,True,1.0,True,True
38SMB_01255_r6960_c8880,2,0.4284923672676086,604.4158172607422,603.43505859375,364725.69410372525,True,True,1.0,True,True
38SMB_01255_r6960_c8880,3,0.1551520824432373,654.6868896484375,657.8857421875,430709.1702967882,True,True,1.0,True,True
38SMB_01255_r6960_c8880,4,0.1205272823572158,126.17752075195312,577.5314331054688,72871.48438557051,True,True,1.0,True,True
38SMB_01255_r6960_c8880,5,0.1194756925106048,495.072021484375,470.1043701171875,232735.52082255483,True,True,1.0,True,True
38SMB_01256_r6960_c9120,0,0.4274131953716278,456.5402603149414,569.949951171875,260205.09907449596,True,True,1.0,True,True
38SMB_01256_r6960_c9120,1,0.3985714912414551,534.066162109375,352.0855712890625,188036.98979243636,True,True,1.0,True,True
38SMB_01256_r6960_c9120,2,0.3950036764144897,998.5595703125,919.5114135742188,918186.9220361114,True,True,1.0,True,True
38SMB_01256_r6960_c9120,3,0.3916626870632171,535.384521484375,520.897216796875,278880.30715733767,True,True,1.0,True,True
38SMB_01257_r6960_c9360,0,0.5500998497009277,583.306884765625,591.3829040527344,344957.719466649,True,True,1.0,True,True
38SMB_01257_r6960_c9360,1,0.4009515941143036,539.4016265869141,522.711181640625,281951.261612121,True,True,1.0,True,True
38SMB_01257_r6960_c9360,2,0.3216891586780548,613.6517524719238,334.464111328125,205244.48805546854,True,True,1.0,True,True
38SMB_01257_r6960_c9360,3,0.2159634083509445,300.4855537414551,639.0936279296875,192038.4026810876,True,True,1.0,True,True
38SMB_01258_r6960_c9600,0,0.1791581809520721,917.3193359375,714.2213439941406,655169.0489850938,True,True,1.0,True,True
38SMB_01259_r6960_c9680,0,0.1794183552265167,917.6335144042969,714.3135070800781,655478.0138883507,True,True,1.0,True,True
38SMB_01260_r7200_c0,0,0.1990589052438736,498.05206298828125,501.7347717285156,249890.03813234158,True,True,1.0,True,True
38SMB_01260_r7200_c0,1,0.1163907870650291,625.0860595703125,618.8665771484375,386844.8701094836,True,True,1.0,True,True
38SMB_01262_r7200_c480,0,0.1941271871328354,596.08642578125,262.744140625,156618.21568012238,True,True,1.0,True,True
38SMB_01262_r7200_c480,1,0.1870149224996566,787.2222900390625,320.2099609375,252076.4187425375,True,True,1.0,True,True
38SMB_01262_r7200_c480,2,0.1121782660484314,457.442626953125,177.916259765625,81386.48124486208,True,True,1.0,True,True
38SMB_01263_r7200_c720,0,0.2018262892961502,625.9556579589844,264.462890625,165542.0427069068,True,True,1.0,True,True
38SMB_01263_r7200_c720,1,0.1239611804485321,518.0576324462891,215.08575439453125,111426.81669455487,True,True,1.0,True,True
38SMB_01264_r7200_c960,0,0.1131398230791091,493.2391357421875,526.339111328125,259611.04837879539,True,True,1.0,True,True
38SMB_01265_r7200_c1200,0,0.1565355509519577,303.39874267578125,324.6319580078125,98492.92789194733,True,True,1.0,True,True
38SMB_01265_r7200_c1200,1,0.1018870323896408,196.56166076660156,452.3016357421875,88905.16068893485,True,True,1.0,True,True
38SMB_01266_r7200_c1440,0,0.1464807540178299,1099.7942352294922,773.4445190429688,850629.8233133042,True,True,1.0,True,True
38SMB_01267_r7200_c1680,0,0.104191243648529,501.5203857421875,591.5972900390625,296698.1011044234,True,True,1.0,True,True
38SMB_01268_r7200_c1920,0,0.1398186981678009,1207.07275390625,1137.62451171875,1373195.5522716045,True,True,1.0,True,True
38SMB_01268_r7200_c1920,1,0.1397611647844314,840.843505859375,641.0052490234375,538985.1008631289,True,True,1.0,True,True
38SMB_01268_r7200_c1920,2,0.1106242761015892,599.2699432373047,609.8234558105469,365448.8677483634,True,True,1.0,True,True
38SMB_01269_r7200_c2160,0,0.3559484779834747,688.0084228515625,172.227783203125,118494.16549280286,True,True,1.0,True,True
38SMB_01269_r7200_c2160,1,0.3351387083530426,551.435546875,139.20654296875,76763.43615055084,True,True,1.0,True,True
38SMB_01269_r7200_c2160,2,0.1731545627117157,624.114875793457,631.0032653808594,393818.52459844085,True,True,1.0,True,True
38SMB_01270_r7200_c2400,0,0.4111908674240112,412.7996826171875,539.1931915283203,222578.77833223902,True,True,1.0,True,True
38SMB_01270_r7200_c2400,1,0.2956416308879852,787.0399475097656,355.7928466796875,280023.18337513134,True,True,1.0,True,True
38SMB_01270_r7200_c2400,2,0.1476154029369354,542.2442626953125,289.219970703125,156827.8697706759,True,True,1.0,True,True
38SMB_01270_r7200_c2400,3,0.1110198199748992,297.83687591552734,110.8917236328125,33027.64453168493,True,True,1.0,True,True
38SMB_01270_r7200_c2400,4,0.1076584532856941,383.29437255859375,154.775390625,59324.53623712063,True,True,1.0,True,True
38SMB_01271_r7200_c2640,0,0.3058882653713226,907.7833557128906,872.9144287109375,792417.1893454157,True,True,1.0,True,True
38SMB_01271_r7200_c2640,1,0.140833780169487,461.62628173828125,1059.287986755371,488995.1746159117,True,True,1.0,True,True
38SMB_01271_r7200_c2640,2,0.1289908289909362,421.11328125,438.0712890625,184477.6379585266,True,True,1.0,True,True
38SMB_01271_r7200_c2640,3,0.1266271024942398,624.3824005126953,351.59912109375,219532.30324666947,True,True,1.0,True,True
38SMB_01271_r7200_c2640,4,0.122712604701519,549.9197769165039,523.5488128662109,287909.84637628717,True,True,1.0,True,True
38SMB_01272_r7200_c2880,0,0.5616713166236877,779.2042541503906,869.52392578125,677536.7420542985,True,True,1.0,True,True
38SMB_01272_r7200_c2880,1,0.4151357114315033,862.127685546875,912.7740859985352,786927.8101890814,True,True,1.0,True,True
38SMB_01272_r7200_c2880,2,0.4027870893478393,701.4474487304688,637.8546142578125,447421.49183209985,True,True,1.0,True,True
38SMB_01272_r7200_c2880,3,0.3535799980163574,588.1159973144531,342.2198486328125,201264.9675794877,True,True,1.0,True,True
38SMB_01272_r7200_c2880,4,0.3109068572521209,608.4918212890625,593.5089874267578,361145.36471073516,True,True,1.0,True,True
38SMB_01272_r7200_c2880,5,0.2713730335235595,658.1552124023438,581.1923217773438,382514.755985979,True,True,1.0,True,True
38SMB_01272_r7200_c2880,6,0.1361742317676544,426.2623405456543,441.83319091796875,188336.8500914483,True,True,1.0,True,True
38SMB_01273_r7200_c3120,0,0.1067893207073211,689.810791015625,1342.4392700195312,926029.094742611,True,True,1.0,True,True
38SMB_01274_r7200_c3360,0,0.5249890089035034,756.1289978027344,678.6297607421875,513131.64086909965,True,True,1.0,True,True
38SMB_01274_r7200_c3360,1,0.5113845467567444,824.53125,805.1675415039062,663885.7994556427,True,True,1.0,True,True
38SMB_01274_r7200_c3360,2,0.432460069656372,1294.249267578125,1154.041748046875,1493617.687164247,True,True,1.0,True,True
38SMB_01274_r7200_c3360,3,0.2990704178810119,798.2111358642578,693.0987548828125,553239.1444011126,True,True,1.0,True,True
38SMB_01274_r7200_c3360,4,0.2216202169656753,541.3140869140625,563.5073852539062,305034.4857180491,True,True,1.0,True,True
38SMB_01274_r7200_c3360,5,0.1794141381978988,514.9624633789062,198.668212890625,102306.67230524123,True,True,1.0,True,True
38SMB_01274_r7200_c3360,6,0.1251945793628692,1270.3067016601562,1288.0924987792969,1636272.5335575175,True,True,1.0,True,True
38SMB_01274_r7200_c3360,7,0.1225880235433578,1154.99755859375,1254.1616821289062,1448553.6809407175,True,True,1.0,True,True
38SMB_01275_r7200_c3600,0,0.7768096923828125,661.2301635742188,659.8695373535156,436325.6421219092,True,True,1.0,True,True
38SMB_01275_r7200_c3600,1,0.6124065518379211,788.2868194580078,810.8401489257812,639174.6020855615,True,True,1.0,True,True
38SMB_01275_r7200_c3600,2,0.4170288145542145,721.6998291015625,790.3515625,570396.5875864029,True,True,1.0,True,True
38SMB_01275_r7200_c3600,3,0.3596944212913513,547.7753829956055,710.9796142578125,389457.1305021411,True,True,1.0,True,True
38SMB_01275_r7200_c3600,4,0.2999372482299804,969.3618774414062,920.252685546875,892057.8709822148,True,True,1.0,True,True
38SMB_01275_r7200_c3600,5,0.2644426524639129,1377.1701049804688,1387.2232055664062,1910442.32764123,True,True,1.0,True,True
38SMB_01275_r7200_c3600,6,0.2484556436538696,243.0389404296875,516.3034057617188,125481.83267656714,True,True,1.0,True,True
38SMB_01275_r7200_c3600,7,0.2392005920410156,342.1044921875,360.5096435546875,123331.968536973,True,True,1.0,True,True
38SMB_01275_r7200_c3600,8,0.1624391227960586,997.6763916015625,1204.688720703125,1201889.4958741963,True,True,1.0,True,True
38SMB_01275_r7200_c3600,9,0.1331671625375747,1131.6043090820312,1518.7091064453125,1718577.769095637,True,True,1.0,True,True
38SMB_01276_r7200_c3840,0,0.3509682714939117,475.9480285644531,797.3675537109375,379505.5152299814,True,True,1.0,True,True
38SMB_01276_r7200_c3840,1,0.1360767632722854,102.9150390625,321.13372802734375,33049.49016422033,True,True,1.0,True,True
38SMB_01277_r7200_c4080,0,0.4436518251895904,413.10882568359375,749.3679809570312,309570.5266180448,True,True,1.0,True,True
38SMB_01277_r7200_c4080,1,0.3285904228687286,1190.0205993652344,748.8995361328125,891205.8748531155,True,True,1.0,True,True
38SMB_01277_r7200_c4080,2,0.1934331208467483,563.9593505859375,590.3619384765625,332940.1354338974,True,True,1.0,True,True
38SMB_01277_r7200_c4080,3,0.1390218883752823,849.1558837890625,965.9765625,820264.6816492081,True,True,1.0,True,True
38SMB_01277_r7200_c4080,4,0.1073671653866767,538.6871337890625,249.4439697265625,134372.25709296763,True,True,1.0,True,True
38SMB_01278_r7200_c4320,0,0.6520131230354309,597.598876953125,550.8090209960938,329162.8523629159,True,True,1.0,True,True
38SMB_01278_r7200_c4320,1,0.4852047562599182,594.6343994140625,597.9864501953125,355583.31366963685,True,True,1.0,True,True
38SMB_01278_r7200_c4320,2,0.4392345249652862,867.1111679077148,895.072021484375,776126.9459108356,True,True,1.0,True,True
38SMB_01278_r7200_c4320,3,0.4183355271816253,619.912109375,600.6588745117188,372355.709913373,True,True,1.0,True,True
38SMB_01278_r7200_c4320,4,0.3174358606338501,481.51214599609375,622.3583984375,299673.1280103326,True,True,1.0,True,True
38SMB_01278_r7200_c4320,5,0.2076763957738876,511.86676025390625,703.8012313842773,360252.4561713799,True,True,1.0,True,True
38SMB_01278_r7200_c4320,6,0.1763343513011932,269.90478515625,599.0248107910156,161679.66285981238,True,True,1.0,True,True
38SMB_01278_r7200_c4320,7,0.1171785071492195,299.6173095703125,300.96160888671875,90173.30753859133,True,True,1.0,True,True
38SMB_01278_r7200_c4320,8,0.1086872965097427,445.9796142578125,446.55311584472656,199153.5863500554,True,True,1.0,True,True
38SMB_01279_r7200_c4560,0,0.6890718340873718,913.7741088867188,820.40771484375,749667.3285551369,True,True,1.0,True,True
38SMB_01279_r7200_c4560,1,0.6388778686523438,543.9285278320312,549.71435546875,299005.3200982511,True,True,1.0,True,True
38SMB_01279_r7200_c4560,2,0.5081444978713989,319.3538475036621,468.13720703125,149501.4182250481,True,True,1.0,True,True
38SMB_01279_r7200_c4560,3,0.3366127610206604,576.3690948486328,618.03955078125,356218.8964644447,True,True,1.0,True,True
38SMB_01279_r7200_c4560,4,0.2700779736042022,571.7109680175781,271.18751525878906,155040.87686288403,True,True,1.0,True,True
38SMB_01279_r7200_c4560,5,0.1573474109172821,1155.570068359375,1485.611572265625,1716728.2661184669,True,True,1.0,True,True
38SMB_01279_r7200_c4560,6,0.148285761475563,398.53363037109375,396.09588623046875,157857.53151448444,True,True,1.0,True,True
38SMB_01280_r7200_c4800,0,0.2436242401599884,325.6580352783203,678.5629272460938,220979.4696996687,True,True,1.0,True,True
38SMB_01280_r7200_c4800,1,0.1343248188495636,507.071533203125,531.7192077636719,269619.67391427606,True,True,1.0,True,True
38SMB_01281_r7200_c5040,0,0.6596575379371643,584.16015625,655.28564453125,382791.76449775696,True,True,1.0,True,True
38SMB_01281_r7200_c5040,1,0.4284253716468811,458.47747802734375,501.72607421875,230030.1051683724,True,True,1.0,True,True
38SMB_01281_r7200_c5040,2,0.2411606907844543,764.4737243652344,259.36351776123047,198276.59438739647,True,True,1.0,True,True
38SMB_01281_r7200_c5040,3,0.1489635109901428,522.0046997070312,533.5406494140625,278510.72647888213,True,True,1.0,True,True
38SMB_01281_r7200_c5040,4,0.1480990946292877,519.2294311523438,537.5035095214844,279087.6414912287,True,True,1.0,True,True
38SMB_01281_r7200_c5040,5,0.1207959502935409,302.271728515625,68.26061248779297,20633.253326220438,True,True,1.0,True,True
38SMB_01281_r7200_c5040,6,0.1182461604475975,518.9703369140625,105.76847076416016,54890.698907361366,True,True,1.0,True,True
38SMB_01282_r7200_c5280,0,0.7145580053329468,546.636962890625,292.1630859375,159707.14196562767,True,True,1.0,True,True
38SMB_01282_r7200_c5280,1,0.6739432215690613,554.0153884887695,665.5224609375,368709.684744291,True,True,1.0,True,True
38SMB_01282_r7200_c5280,2,0.5340835452079773,449.4944763183594,442.63755798339844,198963.1373245851,True,True,1.0,True,True
38SMB_01282_r7200_c5280,3,0.2385650128126144,761.0402679443359,262.35116958618164,199659.8043973776,True,True,1.0,True,True
38SMB_01282_r7200_c5280,4,0.2362791746854782,485.9039306640625,502.8704833984375,244346.74449823797,True,True,1.0,True,True
38SMB_01282_r7200_c5280,5,0.1512767523527145,457.00103759765625,450.31585693359375,205794.81386533007,True,True,1.0,True,True
38SMB_01282_r7200_c5280,6,0.1100005581974983,561.3758850097656,381.29150390625,214047.8554520756,True,True,1.0,True,True
38SMB_01282_r7200_c5280,7,0.107600599527359,645.3082275390625,705.4345703125,455222.73221313953,True,True,1.0,True,True
38SMB_01282_r7200_c5280,8,0.1013995930552482,487.5028991699219,505.49049377441406,246428.0812178622,True,True,1.0,True,True
38SMB_01283_r7200_c5520,0,0.3959520757198334,498.6090087890625,473.2078552246094,235945.69964474067,True,True,1.0,True,True
38SMB_01283_r7200_c5520,1,0.385028064250946,931.3858032226562,944.3124389648438,879519.1994584166,True,True,1.0,True,True
38SMB_01283_r7200_c5520,2,0.3280201852321625,681.3552856445312,797.55615234375,543419.0999977291,True,True,1.0,True,True
38SMB_01283_r7200_c5520,3,0.2334591448307037,427.2894287109375,399.4464111328125,170679.22881357372,True,True,1.0,True,True
38SMB_01283_r7200_c5520,4,0.1850354373455047,424.10186767578125,427.88848876953125,181468.30724412575,True,True,1.0,True,True
38SMB_01283_r7200_c5520,5,0.1572578996419906,683.0764770507812,834.9142456054688,570310.2815276943,True,True,1.0,True,True
38SMB_01283_r7200_c5520,6,0.120926909148693,501.605224609375,448.67767333984375,225059.0651128441,True,True,1.0,True,True
38SMB_01283_r7200_c5520,7,0.1177140995860099,604.3063354492188,736.9406127929688,445337.8811606206,True,True,1.0,True,True
38SMB_01283_r7200_c5520,8,0.1096065640449523,466.4217758178711,389.24560546875,181552.6265320368,True,True,1.0,True,True
38SMB_01284_r7200_c5760,0,0.4943585395812988,493.1248474121094,476.98486328125,235213.08792345226,True,True,1.0,True,True
38SMB_01284_r7200_c5760,1,0.4482783675193786,330.80333709716797,479.93438720703125,158763.8968757703,True,True,1.0,True,True
38SMB_01284_r7200_c5760,2,0.3332745432853699,334.969482421875,339.79095458984375,113819.60019059479,True,True,1.0,True,True
38SMB_01284_r7200_c5760,3,0.1710885167121887,419.6295166015625,367.2406005859375,154104.99570034444,True,True,1.0,True,True
38SMB_01284_r7200_c5760,4,0.1414851695299148,937.657470703125,489.2291259765625,458729.3448574841,True,True,1.0,True,True
38SMB_01285_r7200_c6000,0,0.4666506946086883,511.3787841796875,496.3092041015625,253801.9973706454,True,True,1.0,True,True
38SMB_01285_r7200_c6000,1,0.3686887919902801,737.9788208007812,803.6660766601562,593088.5435712524,True,True,1.0,True,True
38SMB_01285_r7200_c6000,2,0.1972310841083526,1121.9180297851562,947.48291015625,1062998.1598176062,True,True,1.0,True,True
38SMB_01285_r7200_c6000,3,0.1832720786333084,514.86328125,496.77978515625,255773.67024421692,True,True,1.0,True,True
38SMB_01285_r7200_c6000,4,0.1608761548995971,787.3272705078125,762.939453125,600683.0371916294,True,True,1.0,True,True
38SMB_01285_r7200_c6000,5,0.1409017592668533,201.4990234375,484.193115234375,97564.43987488747,True,True,1.0,True,True
38SMB_01286_r7200_c6240,0,0.545716404914856,678.2704162597656,762.1768188476562,516961.9881833438,True,True,1.0,True,True
38SMB_01286_r7200_c6240,1,0.5440681576728821,449.79827880859375,451.2628173828125,202977.23854910582,True,True,1.0,True,True
38SMB_01286_r7200_c6240,2,0.4226118922233581,655.5650329589844,281.87896728515625,184789.99447873794,True,True,1.0,True,True
38SMB_01286_r7200_c6240,3,0.2461706399917602,483.9569091796875,474.86572265625,229814.54741209745,True,True,1.0,True,True
38SMB_01286_r7200_c6240,4,0.1796495765447616,817.5591659545898,721.14013671875,589574.7287121601,True,True,1.0,True,True
38SMB_01286_r7200_c6240,5,0.1652071326971054,783.9788818359375,537.5946044921875,421462.8169108182,True,True,1.0,True,True
38SMB_01286_r7200_c6240,6,0.1597917228937149,1097.8953552246094,880.64453125,966855.5404633284,True,True,1.0,True,True
38SMB_01286_r7200_c6240,7,0.142006903886795,1121.9674682617188,1133.4591674804688,1271704.312516097,True,True,1.0,True,True
38SMB_01286_r7200_c6240,8,0.1121689528226852,139.48063850402832,395.10772705078125,55109.87804691831,True,True,1.0,True,True
38SMB_01287_r7200_c6480,0,0.7542035579681396,526.3067626953125,534.329833984375,281221.4051358402,True,True,1.0,True,True
38SMB_01287_r7200_c6480,1,0.575046956539154,784.8545074462891,745.6515502929688,585227.9802317498,True,True,1.0,True,True
38SMB_01287_r7200_c6480,2,0.4358789920806885,632.3354911804199,279.8732566833496,176973.7932331296,True,True,1.0,True,True
38SMB_01287_r7200_c6480,3,0.3501772284507751,408.956298828125,636.1294555664062,260149.1477239877,True,True,1.0,True,True
38SMB_01287_r7200_c6480,4,0.2460436671972274,657.3870849609375,589.0081787109375,387206.3696209341,True,True,1.0,True,True
38SMB_01287_r7200_c6480,5,0.1435164362192154,423.848876953125,420.6976318359375,178312.21879050136,True,True,1.0,True,True
38SMB_01288_r7200_c6720,0,0.4433517158031463,918.6370849609375,862.032470703125,791894.9960283935,True,True,1.0,True,True
38SMB_01288_r7200_c6720,1,0.3531316220760345,568.7808609008789,634.6270751953125,360963.73418059666,True,True,1.0,True,True
38SMB_01288_r7200_c6720,2,0.1253986060619354,419.5617866516113,416.37481689453125,174694.96209300705,True,True,1.0,True,True
38SMB_01288_r7200_c6720,3,0.1184374615550041,763.1756210327148,686.0275268554688,523559.4838534598,True,True,1.0,True,True
38SMB_01289_r7200_c6960,0,0.2992689609527588,828.0245971679688,916.832275390625,759159.6755009145,True,True,1.0,True,True
38SMB_01290_r7200_c7200,0,0.2622930407524109,895.1205444335938,861.47705078125,771125.8067123592,True,True,1.0,True,True
38SMB_01293_r7200_c7920,0,0.2000844031572342,520.4339599609375,425.0033950805664,221186.199898622,True,True,1.0,True,True
38SMB_01294_r7200_c8160,0,0.5141165852546692,560.10986328125,624.06494140625,349544.929009676,True,True,1.0,True,True
38SMB_01294_r7200_c8160,1,0.3278988301753998,514.6771240234375,577.5551986694336,297254.44861596916,True,True,1.0,True,True
38SMB_01294_r7200_c8160,2,0.259949266910553,483.39752197265625,332.64404296875,160799.30607005954,True,True,1.0,True,True
38SMB_01294_r7200_c8160,3,0.252979040145874,461.9921875,495.3387451171875,228842.6304101944,True,True,1.0,True,True
38SMB_01294_r7200_c8160,4,0.1266100108623504,198.1756591796875,200.03814697265625,39642.69163738936,True,True,1.0,True,True
38SMB_01294_r7200_c8160,5,0.1113493889570236,914.3551635742188,911.7303466796875,833645.3502738848,True,True,1.0,True,True
38SMB_01295_r7200_c8400,0,0.2292370051145553,523.6279296875,546.9366455078125,286391.30335748196,True,True,1.0,True,True
38SMB_01295_r7200_c8400,1,0.1216615960001945,735.9823608398438,704.8731231689453,518774.18528243434,True,True,1.0,True,True
38SMB_01296_r7200_c8640,0,0.710857093334198,635.2531433105469,631.6551971435547,401260.9494738863,True,True,1.0,True,True
38SMB_01296_r7200_c8640,1,0.7105333805084229,558.326416015625,565.0981140136719,315509.20469444245,True,True,1.0,True,True
38SMB_01296_r7200_c8640,2,0.4493871927261352,783.2428741455078,798.006591796875,625032.9765460454,True,True,1.0,True,True
38SMB_01296_r7200_c8640,3,0.2544571459293365,630.562744140625,319.2237854003906,201290.6261170283,True,True,1.0,True,True
38SMB_01296_r7200_c8640,4,0.2216023504734039,507.65546798706055,522.4481201171875,265223.64491705084,True,True,1.0,True,True
38SMB_01296_r7200_c8640,5,0.1776995658874511,585.9518814086914,508.4753608703613,297942.0943519515,True,True,1.0,True,True
38SMB_01297_r7200_c8880,0,0.7200669050216675,559.4234466552734,569.4387817382812,318557.4059392093,True,True,1.0,True,True
38SMB_01297_r7200_c8880,1,0.5114399194717407,539.3267822265625,356.92115783691406,192497.1395647619,True,True,1.0,True,True
38SMB_01297_r7200_c8880,2,0.2516455352306366,433.798828125,615.2816772460938,266908.47055613995,True,True,1.0,True,True
38SMB_01297_r7200_c8880,3,0.1827351599931717,547.4576568603516,317.0416069030762,173566.85524239874,True,True,1.0,True,True
38SMB_01297_r7200_c8880,4,0.1638403385877609,831.0446166992188,790.3240966796875,656794.5859933272,True,True,1.0,True,True
38SMB_01297_r7200_c8880,5,0.1002775728702545,644.1961669921875,247.1339225769043,159202.72565778578,True,True,1.0,True,True
38SMB_01298_r7200_c9120,0,0.5465564131736755,464.62440490722656,361.7884826660156,168095.75846098596,True,True,1.0,True,True
38SMB_01298_r7200_c9120,1,0.3083830177783966,527.1728515625,598.9138412475586,315731.1175307259,True,True,1.0,True,True
38SMB_01298_r7200_c9120,2,0.2491684257984161,1065.0286865234375,616.5256500244141,656617.5032535102,True,True,1.0,True,True
38SMB_01298_r7200_c9120,3,0.2140342891216278,515.5360794067383,795.1657104492188,409936.6128436639,True,True,1.0,True,True
38SMB_01298_r7200_c9120,4,0.2100928872823715,524.3586730957031,501.15875244140625,262786.93844047375,True,True,1.0,True,True
38SMB_01298_r7200_c9120,5,0.1263525933027267,644.3515014648438,627.6925659179688,404454.6473075636,True,True,1.0,True,True
38SMB_01299_r7200_c9360,0,0.235077366232872,575.1302909851074,572.7496337890625,329405.66354271723,True,True,1.0,True,True
38SMB_01299_r7200_c9360,1,0.1336904913187027,272.30846405029297,507.6180648803711,138228.69557175582,True,True,1.0,True,True
38SMB_01300_r7200_c9600,0,0.1603452414274215,388.194580078125,623.7319946289062,242129.37973625958,True,True,1.0,True,True
38SMB_01300_r7200_c9600,1,0.1601361334323883,495.44830322265625,525.6982421875,260456.30209892988,True,True,1.0,True,True
38SMB_01300_r7200_c9600,2,0.1372460722923278,377.00809478759766,648.2665252685547,244401.72760607384,True,True,1.0,True,True
38SMB_01300_r7200_c9600,3,0.1291446685791015,385.096435546875,221.8499755859375,85433.63482430577,True,True,1.0,True,True
38SMB_01300_r7200_c9600,4,0.1229864284396171,549.2422485351562,557.4093627929688,306152.7717749588,True,True,1.0,True,True
38SMB_01300_r7200_c9600,5,0.1198139488697052,464.5782470703125,469.57611083984375,218154.84644006938,True,True,1.0,True,True
38SMB_01301_r7200_c9680,0,0.170916274189949,566.1346435546875,556.3681030273438,314979.2576925829,True,True,1.0,True,True
38SMB_01301_r7200_c9680,1,0.1671026200056076,475.00335693359375,512.0327758789062,243217.28740250692,True,True,1.0,True,True
38SMB_01301_r7200_c9680,2,0.1469362676143646,366.98974609375,215.2056884765625,78978.28097194433,True,True,1.0,True,True
38SMB_01301_r7200_c9680,3,0.1391465812921524,508.6976623535156,512.2222900390625,260566.28154823557,True,True,1.0,True,True
38SMB_01301_r7200_c9680,4,0.1315869390964508,454.3865966796875,462.47802734375,210143.81688386202,True,True,1.0,True,True
38SMB_01301_r7200_c9680,5,0.1131772845983505,421.7242240905762,412.1185302734375,173800.36741291406,True,True,1.0,True,True
38SMB_01302_r7440_c0,0,0.2085631787776947,494.8126220703125,494.93263244628906,244898.91360891052,True,True,1.0,True,True
38SMB_01302_r7440_c0,1,0.2011402696371078,613.8611221313477,631.4543151855469,387625.2544944815,True,True,1.0,True,True
38SMB_01302_r7440_c0,2,0.1339143216609954,492.391357421875,466.3427734375,229623.15123677254,True,True,1.0,True,True
38SMB_01302_r7440_c0,3,0.1034205332398414,628.0490112304688,623.5502815246582,391620.137764042,True,True,1.0,True,True
38SMB_01302_r7440_c0,4,0.102247878909111,470.52555084228516,552.576904296875,260001.5522770118,True,True,1.0,True,True
38SMB_01304_r7440_c480,0,0.3642345368862152,542.4383544921875,578.5498428344727,313827.62473884504,True,True,1.0,True,True
38SMB_01304_r7440_c480,1,0.1176013648509979,831.8341064453125,712.9498672485352,593056.0157629894,True,True,1.0,True,True
38SMB_01305_r7440_c720,0,0.4023930430412292,584.0845489501953,596.1182022094727,348183.43125852116,True,True,1.0,True,True
38SMB_01305_r7440_c720,1,0.1986912786960601,964.1046142578125,946.9742202758789,912982.215351169,True,True,1.0,True,True
38SMB_01305_r7440_c720,2,0.1020928174257278,870.740966796875,718.4026718139648,625542.6370047498,True,True,1.0,True,True
38SMB_01305_r7440_c720,3,0.1014398410916328,416.9464111328125,380.0628662109375,158465.84807150066,True,True,1.0,True,True
38SMB_01306_r7440_c960,0,0.4920334219932556,240.64208984375,521.4607238769531,125485.39836518466,True,True,1.0,True,True
38SMB_01306_r7440_c960,1,0.1402068585157394,623.1109619140625,254.1627311706543,158371.58390245168,True,True,1.0,True,True
38SMB_01307_r7440_c1200,0,0.4746031165122986,444.6318054199219,467.5677490234375,207895.49240441993,True,True,1.0,True,True
38SMB_01307_r7440_c1200,1,0.1828494220972061,660.2336120605469,519.4326782226562,342946.9133652281,True,True,1.0,True,True
38SMB_01308_r7440_c1440,0,0.2011679410934448,550.7952880859375,515.6842041015625,284036.4297594875,True,True,1.0,True,True
38SMB_01308_r7440_c1440,1,0.1934367567300796,1218.6178588867188,610.4913330078125,743955.6410988793,True,True,1.0,True,True
38SMB_01309_r7440_c1680,0,0.1730190217494964,781.712646484375,821.35009765625,642059.758529067,True,True,1.0,True,True
38SMB_01309_r7440_c1680,1,0.1081169694662094,563.0752563476562,711.4309692382812,400589.17537750676,True,True,1.0,True,True
38SMB_01310_r7440_c1920,0,0.1420582085847854,807.1826171875,708.7137603759766,572061.4279370755,True,True,1.0,True,True
38SMB_01311_r7440_c2160,0,0.4229577481746673,544.256591796875,569.354248046875,309874.80256706476,True,True,1.0,True,True
38SMB_01311_r7440_c2160,1,0.2126206159591674,653.8101196289062,624.9258422851562,408582.839703653,True,True,1.0,True,True
38SMB_01311_r7440_c2160,2,0.1652794033288955,472.2198486328125,445.07171630859375,210171.6985059902,True,True,1.0,True,True
38SMB_01311_r7440_c2160,3,0.1514256298542022,620.5720520019531,690.1255035400391,428272.5998707232,True,True,1.0,True,True
38SMB_01311_r7440_c2160,4,0.1478745341300964,941.3922119140625,920.3033447265625,866366.4013240486,True,True,1.0,True,True
38SMB_01311_r7440_c2160,5,0.1296818852424621,506.1004638671875,506.43768310546875,256308.34633950144,True,True,1.0,True,True
38SMB_01312_r7440_c2400,0,0.3512336611747741,588.1021118164062,431.6448974609375,253851.27575155348,True,True,1.0,True,True
38SMB_01312_r7440_c2400,1,0.3389197885990143,307.9590034484863,593.5641479492188,182793.4234851913,True,True,1.0,True,True
38SMB_01312_r7440_c2400,2,0.2488903999328613,1017.6609039306641,886.9100952148438,902573.7292015692,True,True,1.0,True,True
38SMB_01312_r7440_c2400,3,0.1851087808609008,507.7880859375,520.9236145019531,264518.8051275909,True,True,1.0,True,True
38SMB_01312_r7440_c2400,4,0.156690239906311,824.4468688964844,669.249267578125,551760.4631660506,True,True,1.0,True,True
38SMB_01312_r7440_c2400,5,0.1495683640241623,429.40765380859375,424.2796325683594,182188.92157995142,True,True,1.0,True,True
38SMB_01313_r7440_c2640,0,0.3617711663246155,489.81109619140625,471.8824768066406,231133.27323817648,True,True,1.0,True,True
38SMB_01313_r7440_c2640,1,0.3501285910606384,969.190673828125,939.9789428710938,911018.825025484,True,True,1.0,True,True
38SMB_01313_r7440_c2640,2,0.2067184448242187,397.3394775390625,395.0885009765625,156984.25855971873,True,True,1.0,True,True
38SMB_01313_r7440_c2640,3,0.1404636055231094,486.8697929382324,506.05926513671875,246384.96963158832,True,True,1.0,True,True
38SMB_01313_r7440_c2640,4,0.1384975165128708,654.8678588867188,362.9443359375,237680.5801704526,True,True,1.0,True,True
38SMB_01313_r7440_c2640,5,0.1116808652877807,993.81591796875,1149.248046875,1142141.0026788712,True,True,1.0,True,True
38SMB_01314_r7440_c2880,0,0.3699030578136444,368.4423828125,401.14837646484375,147800.06368607283,True,True,1.0,True,True
38SMB_01314_r7440_c2880,1,0.1072537451982498,877.357177734375,722.9510498046875,634286.2926967442,True,True,1.0,True,True
38SMB_01315_r7440_c3120,0,0.4054914712905884,945.1473999023438,791.8890380859375,748451.8653580919,True,True,1.0,True,True
38SMB_01315_r7440_c3120,1,0.2467166483402252,510.29052734375,311.1802291870117,158792.3232507892,True,True,1.0,True,True
38SMB_01315_r7440_c3120,2,0.2036845684051513,447.6593017578125,136.397705078125,61059.701416641474,True,True,1.0,True,True
38SMB_01315_r7440_c3120,3,0.1972492784261703,504.0118408203125,179.351806640625,90395.43421939015,True,True,1.0,True,True
38SMB_01315_r7440_c3120,4,0.1718821078538894,258.0303955078125,506.9525146484375,130809.15785841644,True,True,1.0,True,True
38SMB_01315_r7440_c3120,5,0.1453631669282913,437.71759033203125,475.26885986328125,208033.5400992073,True,True,1.0,True,True
38SMB_01315_r7440_c3120,6,0.1135983541607856,509.32952880859375,546.3226318359375,278258.2486504689,True,True,1.0,True,True
38SMB_01316_r7440_c3360,0,0.7828235030174255,594.1932678222656,591.92138671875,351715.7030683011,True,True,1.0,True,True
38SMB_01316_r7440_c3360,1,0.6991509199142456,668.560791015625,588.9089965820312,393721.4645911008,True,True,1.0,True,True
38SMB_01316_r7440_c3360,2,0.485128104686737,480.908203125,518.2237243652344,249218.04010123014,True,True,1.0,True,True
38SMB_01316_r7440_c3360,3,0.4658235311508178,591.221923828125,569.56787109375,336741.0124987364,True,True,1.0,True,True
38SMB_01316_r7440_c3360,4,0.4275068640708923,692.4960708618164,686.5472412109375,475431.26699959394,True,True,1.0,True,True
38SMB_01316_r7440_c3360,5,0.3975262939929962,734.3701171875,505.1063919067383,370935.0402167067,True,True,1.0,True,True
38SMB_01316_r7440_c3360,6,0.381595104932785,533.9069366455078,784.0528106689453,418611.2343125569,True,True,1.0,True,True
38SMB_01316_r7440_c3360,7,0.3410128653049469,798.3245849609375,687.9133605957031,549178.1480866484,True,True,1.0,True,True
38SMB_01316_r7440_c3360,8,0.308340311050415,481.771240234375,480.7151794433594,231594.74819991738,True,True,1.0,True,True
38SMB_01316_r7440_c3360,9,0.284990519285202,898.465576171875,974.58251953125,875628.8449376822,True,True,1.0,True,True
38SMB_01316_r7440_c3360,10,0.2595409154891968,356.61865234375,210.931396484375,75222.07035124302,True,True,1.0,True,True
38SMB_01316_r7440_c3360,11,0.1650557965040207,364.439697265625,145.1641845703125,52903.591478616,True,True,1.0,True,True
38SMB_01316_r7440_c3360,12,0.1353639364242553,1311.9065856933594,1348.2134246826172,1768730.0707613234,True,True,1.0,True,True
38SMB_01317_r7440_c3600,0,0.782282292842865,664.9154663085938,643.1311798095703,427627.8683206765,True,True,1.0,True,True
38SMB_01317_r7440_c3600,1,0.6547689437866211,442.78350830078125,493.43963623046875,218486.93326478824,True,True,1.0,True,True
38SMB_01317_r7440_c3600,2,0.5818365216255188,383.25836181640625,379.5892333984375,145480.74775543064,True,True,1.0,True,True
38SMB_01317_r7440_c3600,3,0.5515881180763245,519.2510223388672,509.400634765625,264506.8003821187,True,True,1.0,True,True
38SMB_01317_r7440_c3600,4,0.4289114773273468,754.7543334960938,246.3134765625,185906.1638340354,True,True,1.0,True,True
38SMB_01317_r7440_c3600,5,0.2910865247249603,118.67693901062012,559.6307373046875,66415.26287957677,True,True,1.0,True,True
38SMB_01317_r7440_c3600,6,0.2304458767175674,547.4163436889648,515.3497314453125,282110.8657088829,True,True,1.0,True,True
38SMB_01317_r7440_c3600,7,0.2293483912944793,104.97562408447266,418.12774658203125,43893.22114448296,True,True,1.0,True,True
38SMB_01317_r7440_c3600,8,0.1961198598146438,679.6871566772461,188.033447265625,127803.91913219355,True,True,1.0,True,True
38SMB_01317_r7440_c3600,9,0.1887025535106659,243.2786750793457,607.23876953125,147728.24330837466,True,True,1.0,True,True
38SMB_01317_r7440_c3600,10,0.1741615980863571,155.7172679901123,696.5048217773438,108457.82798910805,True,True,1.0,True,True
38SMB_01317_r7440_c3600,11,0.1649589538574218,397.03887939453125,133.86082649230957,53147.95254533237,True,True,1.0,True,True
38SMB_01318_r7440_c3840,0,0.705105721950531,446.16668701171875,466.256103515625,208027.9410045594,True,True,1.0,True,True
38SMB_01318_r7440_c3840,1,0.697324812412262,476.9744110107422,492.5457763671875,234931.731578568,True,True,1.0,True,True
38SMB_01318_r7440_c3840,2,0.2421121895313263,342.71331787109375,348.6053466796875,119471.69498819858,True,True,1.0,True,True
38SMB_01319_r7440_c4080,0,0.721590518951416,525.56640625,524.959716796875,275901.19178295135,True,True,1.0,True,True
38SMB_01319_r7440_c4080,1,0.6638206839561462,324.93579864501953,482.4559020996094,156767.19385973993,True,True,1.0,True,True
38SMB_01319_r7440_c4080,2,0.6448118090629578,220.4473876953125,410.82611083984375,90565.54293166846,True,True,1.0,True,True
38SMB_01319_r7440_c4080,3,0.4911735653877258,588.0935668945312,660.77392578125,388596.8949235976,True,True,1.0,True,True
38SMB_01319_r7440_c4080,4,0.4678694903850555,806.8368530273438,871.8415832519531,703433.9193693828,True,True,1.0,True,True
38SMB_01319_r7440_c4080,5,0.3064009845256805,1154.2774963378906,1019.5468902587891,1176840.0318869972,True,True,1.0,True,True
38SMB_01319_r7440_c4080,6,0.1921701431274414,119.47453498840332,403.690185546875,48230.697197595146,True,True,1.0,True,True
38SMB_01319_r7440_c4080,7,0.1365307420492172,512.003173828125,88.3837890625,45252.78051495552,True,True,1.0,True,True
38SMB_01319_r7440_c4080,8,0.1357661187648773,292.0123291015625,298.9361572265625,87293.0435243994,True,True,1.0,True,True
38SMB_01319_r7440_c4080,9,0.1346242874860763,657.1963500976562,153.563232421875,100921.19585685432,True,True,1.0,True,True
38SMB_01319_r7440_c4080,10,0.1098957508802414,610.7135009765625,112.5848388671875,68757.08110146224,True,True,1.0,True,True
38SMB_01319_r7440_c4080,11,0.1086572334170341,432.62359619140625,397.9730224609375,172172.52016421407,True,True,1.0,True,True
38SMB_01320_r7440_c4320,0,0.7692441344261169,541.597900390625,533.487548828125,288935.73632985353,True,True,1.0,True,True
38SMB_01320_r7440_c4320,1,0.7277364730834961,518.3850860595703,522.677001953125,270947.9626388289,True,True,1.0,True,True
38SMB_01320_r7440_c4320,2,0.5486178994178772,545.5282592773438,565.509033203125,308501.15848891437,True,True,1.0,True,True
38SMB_01320_r7440_c4320,3,0.4698929488658905,460.78338623046875,478.1593322753906,220327.87628355436,True,True,1.0,True,True
38SMB_01320_r7440_c4320,4,0.3817174136638641,564.0356826782227,520.13427734375,293374.29220592603,True,True,1.0,True,True
38SMB_01320_r7440_c4320,5,0.1285818666219711,756.42578125,773.2183837890625,584882.3200345039,True,True,1.0,True,True
38SMB_01320_r7440_c4320,6,0.1204930171370506,509.98809814453125,254.47021484375,129776.78090259433,True,True,1.0,True,True
38SMB_01321_r7440_c4560,0,0.7351513504981995,556.4048767089844,534.4198608398438,297353.81678142585,True,True,1.0,True,True
38SMB_01321_r7440_c4560,1,0.2609652876853943,1524.6701049804688,1164.7384643554688,1775841.9167236425,True,True,1.0,True,True
38SMB_01321_r7440_c4560,2,0.2044537812471389,930.5358123779297,796.375732421875,741056.1391272582,True,True,1.0,True,True
38SMB_01321_r7440_c4560,3,0.1107087805867195,1267.5299835205078,1013.5546875,1284710.9563440084,True,True,1.0,True,True
38SMB_01322_r7440_c4800,0,0.5547855496406555,832.2946166992188,815.5364990234375,678766.6378589347,True,True,1.0,True,True
38SMB_01322_r7440_c4800,1,0.3331545889377594,322.5800323486328,359.6820068359375,116026.23340035789,True,True,1.0,True,True
38SMB_01322_r7440_c4800,2,0.1505802571773529,939.9306488037109,746.3937377929688,701558.350226772,True,True,1.0,True,True
38SMB_01322_r7440_c4800,3,0.1214416474103927,238.98799896240234,308.97430419921875,73841.15069137188,True,True,1.0,True,True
38SMB_01322_r7440_c4800,4,0.1019714996218681,736.2606811523438,551.2310791015625,405849.7697716579,True,True,1.0,True,True
38SMB_01323_r7440_c5040,0,0.8238197565078735,599.3017578125,592.757568359375,355240.65267443657,True,True,1.0,True,True
38SMB_01323_r7440_c5040,1,0.5523777008056641,575.203857421875,536.56982421875,308637.0326668024,True,True,1.0,True,True
38SMB_01323_r7440_c5040,2,0.4733187854290008,501.60430908203125,536.0451889038086,268882.57661684183,True,True,1.0,True,True
38SMB_01323_r7440_c5040,3,0.1756815314292907,292.7215576171875,304.24072265625,89057.81822651625,True,True,1.0,True,True
38SMB_01323_r7440_c5040,4,0.133470132946968,568.9120483398438,568.9842987060547,323702.0228500711,True,True,1.0,True,True
38SMB_01323_r7440_c5040,5,0.1310850977897644,532.4114990234375,494.72198486328125,263395.6735609099,True,True,1.0,True,True
38SMB_01323_r7440_c5040,6,0.1054908856749534,279.32849884033203,666.8389892578125,186267.13383758906,True,True,1.0,True,True
38SMB_01323_r7440_c5040,7,0.1031774282455444,416.8829345703125,371.8122863769531,155002.19705412164,True,True,1.0,True,True
38SMB_01324_r7440_c5280,0,0.8338795304298401,540.0979614257812,534.7271347045898,288805.0353729981,True,True,1.0,True,True
38SMB_01324_r7440_c5280,1,0.5389782786369324,529.8003768920898,534.3031692504883,283074.02044354676,True,True,1.0,True,True
38SMB_01324_r7440_c5280,2,0.4170138835906982,577.8628540039062,572.9132080078125,331065.2614759281,True,True,1.0,True,True
38SMB_01324_r7440_c5280,3,0.3598955571651459,583.2456970214844,634.5001220703125,370069.46595711634,True,True,1.0,True,True
38SMB_01324_r7440_c5280,4,0.3287314176559448,568.443603515625,550.3424072265625,312838.6211313307,True,True,1.0,True,True
38SMB_01324_r7440_c5280,5,0.3251176178455353,516.3604736328125,531.1163330078125,274247.48126603663,True,True,1.0,True,True
38SMB_01325_r7440_c5520,0,0.424651950597763,653.9173889160156,342.1121597290039,223713.0902064091,True,True,1.0,True,True
38SMB_01325_r7440_c5520,1,0.4121993482112884,504.4968795776367,637.6758193969727,321705.46106788534,True,True,1.0,True,True
38SMB_01325_r7440_c5520,2,0.3365494906902313,559.6306610107422,542.2573852539062,303463.85894760024,True,True,1.0,True,True
38SMB_01325_r7440_c5520,3,0.3230840563774109,436.2091064453125,394.35546875,172021.44664525986,True,True,1.0,True,True
38SMB_01325_r7440_c5520,4,0.2486830949783325,395.8502197265625,416.685791015625,164945.16193047166,True,True,1.0,True,True
38SMB_01325_r7440_c5520,5,0.2253411263227462,413.57666015625,456.47701263427734,188788.23832338676,True,True,1.0,True,True
38SMB_01325_r7440_c5520,6,0.1204052790999412,484.173583984375,506.0520935058594,245017.055795528,True,True,1.0,True,True
38SMB_01326_r7440_c5760,0,0.3304348886013031,446.18370056152344,443.8901138305664,198056.533631598,True,True,1.0,True,True
38SMB_01326_r7440_c5760,1,0.2924954295158386,591.827392578125,668.729248046875,395772.2872123122,True,True,1.0,True,True
38SMB_01326_r7440_c5760,2,0.2754327058792114,387.6959228515625,392.12493896484375,152025.24008508772,True,True,1.0,True,True
38SMB_01326_r7440_c5760,3,0.2438796162605285,337.4285125732422,407.335205078125,137446.5123682283,True,True,1.0,True,True
38SMB_01326_r7440_c5760,4,0.1938970983028412,472.5299072265625,447.0391845703125,211239.38441164792,True,True,1.0,True,True
38SMB_01326_r7440_c5760,5,0.1817956864833831,536.6976928710938,521.4122009277344,279840.7252727542,True,True,1.0,True,True
38SMB_01326_r7440_c5760,6,0.1379307508468628,1156.4036560058594,1099.2599487304688,1271188.2236127276,True,True,1.0,True,True
38SMB_01326_r7440_c5760,7,0.116240419447422,468.216552734375,462.6568603515625,216623.60025271773,True,True,1.0,True,True
38SMB_01326_r7440_c5760,8,0.104807436466217,1510.4721069335938,1193.764419555664,1803147.8579886025,True,True,1.0,True,True
38SMB_01327_r7440_c6000,0,0.2933109700679779,593.5476684570312,666.590576171875,395653.2823022455,True,True,1.0,True,True
38SMB_01327_r7440_c6000,1,0.1915486603975296,779.8638916015625,585.3942489624023,456527.83711699303,True,True,1.0,True,True
38SMB_01327_r7440_c6000,2,0.1912500709295272,1015.7659912109375,905.7893371582031,920070.0038868003,True,True,1.0,True,True
38SMB_01327_r7440_c6000,3,0.1886523365974426,509.08111572265625,497.25975036621094,253145.5485204002,True,True,1.0,True,True
38SMB_01327_r7440_c6000,4,0.185996800661087,1092.5637817382812,903.3139038085938,986928.0548418872,True,True,1.0,True,True
38SMB_01327_r7440_c6000,5,0.134722426533699,124.56496238708496,464.13055419921875,57814.40502652258,True,True,1.0,True,True
38SMB_01327_r7440_c6000,6,0.1261977106332779,133.64829063415527,497.374267578125,66473.22066723136,True,True,1.0,True,True
38SMB_01327_r7440_c6000,7,0.1032421290874481,549.2327880859375,496.7784118652344,272846.99220964685,True,True,1.0,True,True
38SMB_01328_r7440_c6240,0,0.4033933281898498,1095.8502197265625,1144.2416381835938,1253917.450623773,True,True,1.0,True,True
38SMB_01328_r7440_c6240,1,0.2098641246557235,904.2033386230469,1032.3028564453125,933411.6892679594,True,True,1.0,True,True
38SMB_01328_r7440_c6240,2,0.1391534954309463,1146.5798950195312,972.5273132324219,1115080.264709657,True,True,1.0,True,True
38SMB_01328_r7440_c6240,3,0.1192845031619072,811.1776733398438,461.0433578491211,373988.07832883904,True,True,1.0,True,True
38SMB_01328_r7440_c6240,4,0.111996404826641,1132.5309753417969,647.2817993164062,733066.6875008028,True,True,1.0,True,True
38SMB_01329_r7440_c6480,0,0.641616940498352,439.67140197753906,750.032958984375,329768.0426060222,True,True,1.0,True,True
38SMB_01329_r7440_c6480,1,0.4176219999790191,703.8333129882812,770.2501678466797,542127.7274653083,True,True,1.0,True,True
38SMB_01329_r7440_c6480,2,0.4126753211021423,779.5706176757812,586.883544921875,457517.1676184982,True,True,1.0,True,True
38SMB_01329_r7440_c6480,3,0.3006838262081146,718.902587890625,797.8585815429688,573582.5990419835,True,True,1.0,True,True
38SMB_01329_r7440_c6480,4,0.1638692170381546,623.3739471435547,466.83502197265625,291012.7903119428,True,True,1.0,True,True
38SMB_01329_r7440_c6480,5,0.1352705657482147,527.7911758422852,441.043701171875,232778.97363933735,True,True,1.0,True,True
38SMB_01329_r7440_c6480,6,0.1302841156721115,1168.5723876953125,619.228515625,723613.3450329304,True,True,1.0,True,True
38SMB_01330_r7440_c6720,0,0.7675619721412659,545.8071899414062,530.3106689453125,289447.3760129884,True,True,1.0,True,True
38SMB_01330_r7440_c6720,1,0.6513476967811584,483.2781982421875,491.2762451171875,237423.09857942164,True,True,1.0,True,True
38SMB_01330_r7440_c6720,2,0.2594230771064758,498.59039306640625,495.1727294921875,246888.36583327502,True,True,1.0,True,True
38SMB_01330_r7440_c6720,3,0.1571701318025589,436.502685546875,426.1474609375,186014.51113820076,True,True,1.0,True,True
38SMB_01330_r7440_c6720,4,0.117579847574234,349.27734375,598.8250732421875,209156.03095293045,True,True,1.0,True,True
38SMB_01331_r7440_c6960,0,0.452923446893692,872.1755981445312,609.7591018676758,531817.0093955123,True,True,1.0,True,True
38SMB_01332_r7440_c7200,0,0.3573487102985382,933.5560607910156,550.6327056884766,514046.49966523284,True,True,1.0,True,True
38SMB_01333_r7440_c7440,0,0.6065099239349365,447.7764892578125,582.3816680908203,260776.81874581613,True,True,1.0,True,True
38SMB_01333_r7440_c7440,1,0.5019474029541016,651.058349609375,702.5140380859375,457377.6302136481,True,True,1.0,True,True
38SMB_01333_r7440_c7440,2,0.3576032221317291,596.9509887695312,637.8900146484375,380789.07497059554,True,True,1.0,True,True
38SMB_01334_r7440_c7680,0,0.6391642689704895,776.1737060546875,789.4207763671875,612727.6496294886,True,True,1.0,True,True
38SMB_01334_r7440_c7680,1,0.6279761791229248,533.204345703125,582.3605346679688,310517.1678509563,True,True,1.0,True,True
38SMB_01334_r7440_c7680,2,0.3106008470058441,621.9151306152344,643.1512451171875,399985.4906124063,True,True,1.0,True,True
38SMB_01335_r7440_c7920,0,0.4722211360931396,439.6136474609375,445.2452087402344,195735.87022880092,True,True,1.0,True,True
38SMB_01335_r7440_c7920,1,0.2793474793434143,252.169189453125,260.5171203613281,65694.39108017832,True,True,1.0,True,True
38SMB_01335_r7440_c7920,2,0.2389259487390518,743.9324951171875,730.3195190429688,543308.4220344201,True,True,1.0,True,True
38SMB_01335_r7440_c7920,3,0.1827889233827591,441.41937255859375,206.05224609375,90955.45318499207,True,True,1.0,True,True
38SMB_01336_r7440_c8160,0,0.526061475276947,594.200439453125,530.2907562255859,315099.00038717315,True,True,1.0,True,True
38SMB_01336_r7440_c8160,1,0.1815358102321624,456.558837890625,458.1155014038086,209156.68094060384,True,True,1.0,True,True
38SMB_01336_r7440_c8160,2,0.1167359501123428,854.7427368164062,1100.3530883789062,940518.8102253713,True,True,1.0,True,True
38SMB_01337_r7440_c8400,0,0.1856032311916351,456.402587890625,458.5685729980469,209291.88344161958,True,True,1.0,True,True
38SMB_01339_r7440_c8880,0,0.1068642735481262,461.7901611328125,232.07374572753906,107169.37243421562,True,True,1.0,True,True
38SMB_01340_r7440_c9120,0,0.1989805251359939,647.63427734375,237.87479400634766,154055.87031459436,True,True,1.0,True,True
38SMB_01340_r7440_c9120,1,0.129833310842514,569.6508407592773,189.14440155029297,107746.26736803475,True,True,1.0,True,True
38SMB_01341_r7440_c9360,0,0.6573904156684875,714.27734375,637.735595703125,455520.08731365204,True,True,1.0,True,True
38SMB_01341_r7440_c9360,1,0.2824642062187195,518.3578491210938,503.10546875,260788.66866230965,True,True,1.0,True,True
38SMB_01341_r7440_c9360,2,0.1873825341463089,476.849365234375,230.670166015625,109994.92224305868,True,True,1.0,True,True
38SMB_01341_r7440_c9360,3,0.1844981163740158,694.013671875,252.73193359375,175399.4172334671,True,True,1.0,True,True
38SMB_01341_r7440_c9360,4,0.1081725358963012,1273.5757446289062,616.36474609375,784987.1904693544,True,True,1.0,True,True
38SMB_01341_r7440_c9360,5,0.1011877655982971,527.4017333984375,508.199462890625,268025.27764067054,True,True,1.0,True,True
38SMB_01342_r7440_c9600,0,0.7814143300056458,400.3387451171875,407.894287109375,163295.88704183698,True,True,1.0,True,True
38SMB_01342_r7440_c9600,1,0.2425523847341537,378.80531311035156,659.6421813964844,249875.9630646906,True,True,1.0,True,True
38SMB_01342_r7440_c9600,2,0.1802603602409362,379.169921875,393.1521987915039,149071.488500759,True,True,1.0,True,True
38SMB_01342_r7440_c9600,3,0.1664827615022659,690.4585266113281,245.362548828125,169412.66394946724,True,True,1.0,True,True
38SMB_01342_r7440_c9600,4,0.1523171961307525,577.723388671875,587.7444458007812,339553.7129011005,True,True,1.0,True,True
38SMB_01342_r7440_c9600,5,0.136891633272171,346.90074920654297,875.1571655273438,303592.6763949101,True,True,1.0,True,True
38SMB_01342_r7440_c9600,6,0.1253946721553802,422.713623046875,416.36810302734375,176004.469351843,True,True,1.0,True,True
38SMB_01342_r7440_c9600,7,0.1165020614862442,491.2675476074219,202.93212890625,99693.96929852664,True,True,1.0,True,True
38SMB_01342_r7440_c9600,8,0.1154422983527183,509.6387481689453,567.7166748046875,289330.41546209715,True,True,1.0,True,True
38SMB_01343_r7440_c9680,0,0.7813627123832703,400.09246826171875,407.6068115234375,163080.4153027013,True,True,1.0,True,True
38SMB_01343_r7440_c9680,1,0.1792475283145904,378.7225341796875,393.0169677734375,148844.38201077282,True,True,1.0,True,True
38SMB_01343_r7440_c9680,2,0.152128055691719,577.191162109375,587.117919921875,338879.274494946,True,True,1.0,True,True
38SMB_01343_r7440_c9680,3,0.1254866421222686,422.56866455078125,416.24725341796875,175893.04599976167,True,True,1.0,True,True
38SMB_01344_r7680_c0,0,0.2027308344841003,964.9606323242188,981.7555236816406,947355.4309196305,True,True,1.0,True,True
38SMB_01344_r7680_c0,1,0.1991544812917709,530.8724975585938,367.9774475097656,195349.1066047456,True,True,1.0,True,True
38SMB_01344_r7680_c0,2,0.1829915344715118,904.4111633300781,949.3411254882812,858594.7116999421,True,True,1.0,True,True
38SMB_01344_r7680_c0,3,0.1366560310125351,510.7000732421875,386.737060546875,197506.64514675736,True,True,1.0,True,True
38SMB_01344_r7680_c0,4,0.1002192497253418,469.7135925292969,546.2187957763672,256566.39287114376,True,True,1.0,True,True
38SMB_01345_r7680_c240,0,0.7609304189682007,545.6533813476562,555.1971435546875,302945.19869517535,True,True,1.0,True,True
38SMB_01346_r7680_c480,0,0.6950421929359436,545.8355712890625,553.7750244140625,302270.10681666434,True,True,1.0,True,True
38SMB_01346_r7680_c480,1,0.2822925150394439,546.63330078125,560.1905822753906,306218.8270557672,True,True,1.0,True,True
38SMB_01347_r7680_c720,0,0.2784377336502075,545.1873970031738,558.61083984375,304547.5897121709,True,True,1.0,True,True
38SMB_01347_r7680_c720,1,0.2014951854944229,720.8074951171875,629.9114990234375,454044.9297565967,True,True,1.0,True,True
38SMB_01348_r7680_c960,0,0.7366870045661926,424.25048828125,423.37646484375,179617.6719367504,True,True,1.0,True,True
38SMB_01349_r7680_c1200,0,0.7243775725364685,421.1100769042969,420.771484375,177191.1121442914,True,True,1.0,True,True
38SMB_01350_r7680_c1440,0,0.3807400465011596,535.6640625,518.7117004394531,277855.2167236805,True,True,1.0,True,True
38SMB_01350_r7680_c1440,1,0.3230742812156677,658.6021423339844,797.75390625,525402.4317115545,True,True,1.0,True,True
38SMB_01350_r7680_c1440,2,0.2111813724040985,570.931396484375,532.6727294921875,304119.58531811833,True,True,1.0,True,True
38SMB_01350_r7680_c1440,3,0.1791269034147262,849.222412109375,866.9375610351562,736222.8067304939,True,True,1.0,True,True
38SMB_01350_r7680_c1440,4,0.1185949221253395,542.0135498046875,552.4582099914551,299439.83551621204,True,True,1.0,True,True
38SMB_01351_r7680_c1680,0,0.7728994488716125,502.080078125,495.5767822265625,248819.2295372486,True,True,1.0,True,True
38SMB_01351_r7680_c1680,1,0.4052363634109497,535.5609893798828,515.4843139648438,276073.28919682186,True,True,1.0,True,True
38SMB_01351_r7680_c1680,2,0.370572566986084,697.8811645507812,684.0863037109375,477410.9462870285,True,True,1.0,True,True
38SMB_01351_r7680_c1680,3,0.3133477568626404,654.5390319824219,795.8367919921875,520906.24344656244,True,True,1.0,True,True
38SMB_01351_r7680_c1680,4,0.2084755897521972,583.6025238037109,544.7293090820312,317905.39957012516,True,True,1.0,True,True
38SMB_01351_r7680_c1680,5,0.1525552570819854,836.2653350830078,977.6382446289062,817564.9742345558,True,True,1.0,True,True
38SMB_01352_r7680_c1920,0,0.1581660956144333,531.158447265625,440.2099609375,233821.23932242393,True,True,1.0,True,True
38SMB_01352_r7680_c1920,1,0.1399591863155365,520.9275817871094,522.0018005371094,271925.1356423134,True,True,1.0,True,True
38SMB_01352_r7680_c1920,2,0.1283855885267257,622.454833984375,637.3103332519531,396696.8976808712,True,True,1.0,True,True
38SMB_01353_r7680_c2160,0,0.4009131193161011,1354.9958038330078,1152.3260498046875,1561396.9621328171,True,True,1.0,True,True
38SMB_01353_r7680_c2160,1,0.2318523675203323,1707.178955078125,1300.8973693847656,2220864.611730166,True,True,1.0,True,True
38SMB_01353_r7680_c2160,2,0.2042982727289199,488.97491455078125,503.90625,246397.5155353546,True,True,1.0,True,True
38SMB_01353_r7680_c2160,3,0.1685830801725387,506.8682098388672,438.5833740234375,222303.9696563501,True,True,1.0,True,True
38SMB_01353_r7680_c2160,4,0.1646167784929275,785.61279296875,883.24951171875,693892.1157896519,True,True,1.0,True,True
38SMB_01354_r7680_c2400,0,0.3674661219120025,575.433349609375,583.6491394042969,335851.1792840436,True,True,1.0,True,True
38SMB_01354_r7680_c2400,1,0.1979103237390518,1732.703857421875,1370.4800415039062,2374636.0544335097,True,True,1.0,True,True
38SMB_01354_r7680_c2400,2,0.1803240627050399,516.0614013671875,613.5491943359375,316629.05703671277,True,True,1.0,True,True
38SMB_01355_r7680_c2640,0,0.3663578927516937,491.068115234375,477.9151916503906,234688.91240563244,True,True,1.0,True,True
38SMB_01355_r7680_c2640,1,0.307418942451477,845.01220703125,424.0727233886719,358346.6279324144,True,True,1.0,True,True
38SMB_01355_r7680_c2640,2,0.2534839212894439,454.33990478515625,465.36529541015625,211434.0240069665,True,True,1.0,True,True
38SMB_01355_r7680_c2640,3,0.1603117287158966,460.3826904296875,131.2297821044922,60415.92014976777,True,True,1.0,True,True
38SMB_01355_r7680_c2640,4,0.1327207386493683,846.3414001464844,718.2958984375,607923.5564030707,True,True,1.0,True,True
38SMB_01355_r7680_c2640,5,0.1202546134591102,551.3027954101562,158.78662109375,87539.50808271766,True,True,1.0,True,True
38SMB_01355_r7680_c2640,6,0.1121867150068283,420.091552734375,405.030517578125,170149.8990342021,True,True,1.0,True,True
38SMB_01355_r7680_c2640,7,0.111817367374897,614.783935546875,535.1626586914062,329009.40546803176,True,True,1.0,True,True
38SMB_01355_r7680_c2640,8,0.1084145978093147,958.6450958251953,1459.053955078125,1398714.9185799994,True,True,1.0,True,True
38SMB_01355_r7680_c2640,9,0.100289449095726,167.261962890625,296.1812973022461,49539.86515826546,True,True,1.0,True,True
38SMB_01356_r7680_c2880,0,0.1684107929468155,680.7927703857422,403.74061584472656,274863.6923781771,True,True,1.0,True,True
38SMB_01357_r7680_c3120,0,0.4876223504543304,550.6537628173828,551.3076782226562,303579.64748342056,True,True,1.0,True,True
38SMB_01357_r7680_c3120,1,0.2223346978425979,627.9591369628906,508.48602294921875,319308.444128884,True,True,1.0,True,True
38SMB_01357_r7680_c3120,2,0.1466022878885269,288.9263916015625,309.21356201171875,89339.95870631188,True,True,1.0,True,True
38SMB_01357_r7680_c3120,3,0.1188975572586059,94.017333984375,428.3990478515625,40276.9363604486,True,True,1.0,True,True
38SMB_01357_r7680_c3120,4,0.1179303303360939,430.45074462890625,474.2823028564453,204155.1704288693,True,True,1.0,True,True
38SMB_01357_r7680_c3120,5,0.1007170677185058,655.902099609375,383.0115509033203,251218.0804121308,True,True,1.0,True,True
38SMB_01358_r7680_c3360,0,0.773071825504303,592.197265625,591.4141845703125,350233.8629543781,True,True,1.0,True,True
38SMB_01358_r7680_c3360,1,0.5940862894058228,321.21551513671875,610.3433227539062,196051.7448286526,True,True,1.0,True,True
38SMB_01358_r7680_c3360,2,0.5152187943458557,771.8130493164062,657.1255493164062,507178.074001614,True,True,1.0,True,True
38SMB_01358_r7680_c3360,3,0.4913353025913238,1198.2046508789062,1313.074951171875,1573332.5134467334,True,True,1.0,True,True
38SMB_01358_r7680_c3360,4,0.4824928939342499,480.592041015625,516.0172271728516,247993.77240622416,True,True,1.0,True,True
38SMB_01358_r7680_c3360,5,0.4763551354408264,284.81353759765625,608.6862182617188,173362.07511005923,True,True,1.0,True,True
38SMB_01358_r7680_c3360,6,0.3950220644474029,1015.6008529663086,1206.5689086914062,1225392.4128296203,True,True,1.0,True,True
38SMB_01358_r7680_c3360,7,0.3635623455047607,414.053955078125,622.6971435546875,257830.21510466933,True,True,1.0,True,True
38SMB_01358_r7680_c3360,8,0.3358898162841797,885.1141357421875,906.904296875,802713.8129293919,True,True,1.0,True,True
38SMB_01358_r7680_c3360,9,0.277038037776947,527.4512481689453,535.1068115234375,282242.7556417417,True,True,1.0,True,True
38SMB_01358_r7680_c3360,10,0.2329129576683044,410.972900390625,370.24566650390625,152160.93542017043,True,True,1.0,True,True
38SMB_01358_r7680_c3360,11,0.1847473978996276,1665.589599609375,1568.8751220703125,2613102.086406201,True,True,1.0,True,True
38SMB_01358_r7680_c3360,12,0.1726564168930053,1096.8739318847656,1236.0531616210938,1355794.4914059248,True,True,1.0,True,True
38SMB_01358_r7680_c3360,13,0.1586851328611374,659.8716735839844,509.19677734375,336004.52964939177,True,True,1.0,True,True
38SMB_01358_r7680_c3360,14,0.1571420282125473,586.995849609375,177.6571273803711,104283.99642580189,True,True,1.0,True,True
38SMB_01358_r7680_c3360,15,0.1505642086267471,289.23126220703125,443.7127685546875,128335.60410644859,True,True,1.0,True,True
38SMB_01358_r7680_c3360,16,0.1288196593523025,344.8992919921875,152.07321166992188,52449.94303593412,True,True,1.0,True,True
38SMB_01358_r7680_c3360,17,0.1273517459630966,586.864013671875,298.59384536743164,175233.98255005013,True,True,1.0,True,True
38SMB_01359_r7680_c3600,0,0.734573483467102,665.0215148925781,673.677978515625,448010.34982223064,True,True,1.0,True,True
38SMB_01359_r7680_c3600,1,0.7224509119987488,386.2712097167969,365.389404296875,141139.40721545368,True,True,1.0,True,True
38SMB_01359_r7680_c3600,2,0.6582759618759155,824.8788070678711,801.5118408203125,661150.1311066328,True,True,1.0,True,True
38SMB_01359_r7680_c3600,3,0.6432978510856628,581.0059356689453,557.8358459472656,324105.9376242687,True,True,1.0,True,True
38SMB_01359_r7680_c3600,4,0.6067742705345154,582.0732116699219,599.105224609375,348723.1022166088,True,True,1.0,True,True
38SMB_01359_r7680_c3600,5,0.5797032117843628,518.5016632080078,511.6401481628418,265286.267786425,True,True,1.0,True,True
38SMB_01359_r7680_c3600,6,0.5720771551132202,384.16473388671875,381.4691162109375,146546.9815151766,True,True,1.0,True,True
38SMB_01359_r7680_c3600,7,0.3676204979419708,937.9925537109375,978.5443878173828,917867.3492483329,True,True,1.0,True,True
38SMB_01359_r7680_c3600,8,0.2949853241443634,887.2499084472656,1183.0239868164062,1049637.9239937756,True,True,1.0,True,True
38SMB_01359_r7680_c3600,9,0.2789915204048157,798.1787872314453,876.4569091796875,699569.312829664,True,True,1.0,True,True
38SMB_01359_r7680_c3600,10,0.2421606630086898,824.17724609375,415.9136962890625,342786.60482019186,True,True,1.0,True,True
38SMB_01359_r7680_c3600,11,0.1399316042661667,1136.2396240234375,1157.1444702148438,1314793.3977777138,True,True,1.0,True,True
38SMB_01359_r7680_c3600,12,0.1315965354442596,855.894775390625,973.3755493164062,833107.0471528918,True,True,1.0,True,True
38SMB_01359_r7680_c3600,13,0.1293891817331314,535.4788208007812,569.4647216796875,304936.29765268415,True,True,1.0,True,True
38SMB_01359_r7680_c3600,14,0.1201550960540771,1162.4472045898438,1071.728515625,1245827.817067504,True,True,1.0,True,True
38SMB_01359_r7680_c3600,15,0.1113091111183166,363.2487487792969,381.59423828125,138613.62959705293,True,True,1.0,True,True
38SMB_01360_r7680_c3840,0,0.2471412867307663,345.63232421875,350.5425262451172,121158.82808361202,True,True,1.0,True,True
38SMB_01360_r7680_c3840,1,0.2334998697042465,611.9332122802734,402.44140625,246267.262481153,True,True,1.0,True,True
38SMB_01360_r7680_c3840,2,0.2255676984786987,1339.7993469238281,984.3658447265625,1318852.7158987708,True,True,1.0,True,True
38SMB_01360_r7680_c3840,3,0.1217192485928535,1636.5402221679688,1138.2858276367188,1862850.541251246,True,True,1.0,True,True
38SMB_01361_r7680_c4080,0,0.7174760699272156,525.9693908691406,483.27930450439453,254190.12140983832,True,True,1.0,True,True
38SMB_01361_r7680_c4080,1,0.2552353143692016,452.75146484375,430.00457763671875,194685.20241454244,True,True,1.0,True,True
38SMB_01361_r7680_c4080,2,0.1908895969390869,118.32732200622559,406.9256401062012,48150.42124943593,True,True,1.0,True,True
38SMB_01361_r7680_c4080,3,0.11723592877388,458.66943359375,79.19577598571777,36324.68171438668,True,True,1.0,True,True
38SMB_01362_r7680_c4320,0,0.7294838428497314,518.8941955566406,482.71419525146484,250477.59402878,True,True,1.0,True,True
38SMB_01362_r7680_c4320,1,0.685404360294342,633.7835693359375,575.992431640625,365054.5392356813,True,True,1.0,True,True
38SMB_01362_r7680_c4320,2,0.5038245320320129,531.890869140625,268.9628028869629,143058.8589940453,True,True,1.0,True,True
38SMB_01362_r7680_c4320,3,0.4582546949386596,443.5020446777344,468.67431640625,207858.0176141113,True,True,1.0,True,True
38SMB_01362_r7680_c4320,4,0.303631991147995,390.2056884765625,399.9530029296875,156063.93686644733,True,True,1.0,True,True
38SMB_01362_r7680_c4320,5,0.2598080039024353,505.17791748046875,490.6002426147461,247840.40887953015,True,True,1.0,True,True
38SMB_01362_r7680_c4320,6,0.2232567965984344,772.2259521484375,914.6119689941406,706287.0986028574,True,True,1.0,True,True
38SMB_01362_r7680_c4320,7,0.1596879065036773,178.4283447265625,175.42205810546875,31300.267456285655,True,True,1.0,True,True
38SMB_01362_r7680_c4320,8,0.1039044559001922,333.32763671875,225.8563232421875,75284.15446430445,True,True,1.0,True,True
38SMB_01363_r7680_c4560,0,0.6617646217346191,394.21875,399.19586181640625,157370.4936504364,True,True,1.0,True,True
38SMB_01363_r7680_c4560,1,0.4665541350841522,535.6333923339844,265.39655685424805,142155.25806160003,True,True,1.0,True,True
38SMB_01363_r7680_c4560,2,0.2475450336933136,292.2925567626953,289.7021484375,84677.78166644275,True,True,1.0,True,True
38SMB_01363_r7680_c4560,3,0.2242413759231567,679.95849609375,266.56476974487305,181252.97994730063,True,True,1.0,True,True
38SMB_01363_r7680_c4560,4,0.2218145579099655,813.6309814453125,340.59459686279297,277118.3161204448,True,True,1.0,True,True
38SMB_01363_r7680_c4560,5,0.1995543539524078,272.9111862182617,402.0001220703125,109710.330174095,True,True,1.0,True,True
38SMB_01363_r7680_c4560,6,0.171073630452156,374.41017150878906,547.0271301269531,204812.5216107932,True,True,1.0,True,True
38SMB_01363_r7680_c4560,7,0.128069669008255,422.7703857421875,434.8711395263672,183850.6394057069,True,True,1.0,True,True
38SMB_01363_r7680_c4560,8,0.1255484968423843,167.7231502532959,176.8402099609375,29660.197106102714,True,True,1.0,True,True
38SMB_01363_r7680_c4560,9,0.1164444535970687,284.28552627563477,239.22809600830078,68009.08517363787,True,True,1.0,True,True
38SMB_01364_r7680_c4800,0,0.3473859429359436,678.9669799804688,690.791015625,469024.28967654705,True,True,1.0,True,True
38SMB_01364_r7680_c4800,1,0.234799638390541,864.8464965820312,501.40918731689453,433641.9790050597,True,True,1.0,True,True
38SMB_01364_r7680_c4800,2,0.2279041856527328,689.5726776123047,263.6734962463379,181822.0388219852,True,True,1.0,True,True
38SMB_01364_r7680_c4800,3,0.1206629648804664,633.4925842285156,195.35919189453125,123758.59932606108,True,True,1.0,True,True
38SMB_01365_r7680_c5040,0,0.8388667702674866,482.6556396484375,483.209228515625,233223.659273237,True,True,1.0,True,True
38SMB_01366_r7680_c5280,0,0.8385853171348572,480.13427734375,479.3853759765625,230169.35106366873,True,True,1.0,True,True
38SMB_01366_r7680_c5280,1,0.1770645976066589,624.3966674804688,231.79046630859375,144729.1947168298,True,True,1.0,True,True
38SMB_01366_r7680_c5280,2,0.1179406121373176,520.88623046875,192.66902923583984,100358.64436673,True,True,1.0,True,True
38SMB_01366_r7680_c5280,3,0.1022976115345954,453.5533142089844,480.9161376953125,218121.10810829327,True,True,1.0,True,True
38SMB_01367_r7680_c5520,0,0.3241141140460968,434.2523193359375,356.98734283447266,155022.58159944322,True,True,1.0,True,True
38SMB_01368_r7680_c5760,0,0.4214987754821777,470.8697509765625,479.16839599609375,225625.90329851955,True,True,1.0,True,True
38SMB_01368_r7680_c5760,1,0.2368355244398117,340.1148223876953,359.5646286010742,122293.25979355199,True,True,1.0,True,True
38SMB_01368_r7680_c5760,2,0.2285239100456237,524.8379516601562,454.7441864013672,238667.00732025784,True,True,1.0,True,True
38SMB_01369_r7680_c6000,0,0.3800302445888519,485.1453971862793,477.43927001953125,231627.46428595274,True,True,1.0,True,True
38SMB_01369_r7680_c6000,1,0.2583915591239929,426.7193603515625,434.3115234375,185329.13547456264,True,True,1.0,True,True
38SMB_01369_r7680_c6000,2,0.1480608284473419,460.679931640625,440.400390625,202883.62184762955,True,True,1.0,True,True
38SMB_01369_r7680_c6000,3,0.1454316526651382,385.76080322265625,391.6546630859375,151085.01741793007,True,True,1.0,True,True
38SMB_01369_r7680_c6000,4,0.1286217719316482,471.90185546875,485.9326171875,229312.50368356705,True,True,1.0,True,True
38SMB_01370_r7680_c6240,0,0.8045226335525513,459.166259765625,455.07568359375,208955.39954602718,True,True,1.0,True,True
38SMB_01370_r7680_c6240,1,0.2897868454456329,1040.3768920898438,651.3065338134766,677604.2674466735,True,True,1.0,True,True
38SMB_01370_r7680_c6240,2,0.1838004142045974,710.7829284667969,1208.8898468017578,859258.2655035309,True,True,1.0,True,True
38SMB_01370_r7680_c6240,3,0.1408190131187439,672.7154541015625,780.263671875,524895.4303443432,True,True,1.0,True,True
38SMB_01370_r7680_c6240,4,0.1305620968341827,91.43352508544922,507.5048828125,46402.960433624685,True,True,1.0,True,True
38SMB_01371_r7680_c6480,0,0.6882978081703186,567.0089721679688,571.6485595703125,324129.86220326275,True,True,1.0,True,True
38SMB_01371_r7680_c6480,1,0.549004316329956,427.60154724121094,659.2673492431641,281903.7385819887,True,True,1.0,True,True
38SMB_01371_r7680_c6480,2,0.4522094428539276,238.72196197509766,464.027099609375,110773.45962836407,True,True,1.0,True,True
38SMB_01371_r7680_c6480,3,0.3827794194221496,787.8852081298828,804.7624206542969,634060.407292319,True,True,1.0,True,True
38SMB_01371_r7680_c6480,4,0.3675762712955475,977.2784423828125,892.452392578125,872174.4841195643,True,True,1.0,True,True
38SMB_01371_r7680_c6480,5,0.324313759803772,522.255859375,310.4083251953125,162112.5666320324,True,True,1.0,True,True
38SMB_01371_r7680_c6480,6,0.2184229642152786,858.8197326660156,706.3861083984375,606658.3287737332,True,True,1.0,True,True
38SMB_01371_r7680_c6480,7,0.1702580749988556,419.814453125,468.568115234375,196711.66704893112,True,True,1.0,True,True
38SMB_01371_r7680_c6480,8,0.1663263291120529,596.7340087890625,581.2654113769531,346860.8391013928,True,True,1.0,True,True
38SMB_01371_r7680_c6480,9,0.1433332562446594,313.7152099609375,299.25048828125,93879.42976206541,True,True,1.0,True,True
38SMB_01371_r7680_c6480,10,0.1266995668411255,1116.5542602539062,1297.1746063232422,1448365.8329833997,True,True,1.0,True,True
38SMB_01372_r7680_c6720,0,0.8049543499946594,546.0067749023438,519.4091796875,283600.93105584383,True,True,1.0,True,True
38SMB_01372_r7680_c6720,1,0.6546890735626221,482.908935546875,489.8249053955078,236540.82366889343,True,True,1.0,True,True
38SMB_01372_r7680_c6720,2,0.4139702916145324,758.8217163085938,802.3574829101562,608846.282274928,True,True,1.0,True,True
38SMB_01372_r7680_c6720,3,0.3582050502300262,270.42724609375,421.44683837890625,113970.70787772536,True,True,1.0,True,True
38SMB_01372_r7680_c6720,4,0.2822031676769256,633.468017578125,658.9065551757812,417396.2292764336,True,True,1.0,True,True
38SMB_01372_r7680_c6720,5,0.1409679353237152,610.9085083007812,570.0433349609375,348244.3234277889,True,True,1.0,True,True
38SMB_01372_r7680_c6720,6,0.1331709623336792,415.7977294921875,132.3749828338623,55041.21730388724,True,True,1.0,True,True
38SMB_01372_r7680_c6720,7,0.1212047636508941,326.739501953125,114.35129165649414,37363.084083539434,True,True,1.0,True,True
38SMB_01372_r7680_c6720,8,0.100923091173172,881.3819122314453,702.5198364257812,619188.2768094772,True,True,1.0,True,True
38SMB_01372_r7680_c6720,9,0.100699670612812,230.003662109375,209.97589111328125,48295.22391073406,True,True,1.0,True,True
38SMB_01373_r7680_c6960,0,0.435260534286499,432.8474426269531,411.37054443359375,178060.68813013844,True,True,1.0,True,True
38SMB_01373_r7680_c6960,1,0.3568927347660064,572.3974227905273,666.6448974609375,381585.821223096,True,True,1.0,True,True
38SMB_01373_r7680_c6960,2,0.3354873061180115,386.86676025390625,198.304443359375,76717.39754639566,True,True,1.0,True,True
38SMB_01373_r7680_c6960,3,0.294658362865448,522.3830795288086,849.3597412109375,443691.15724156145,True,True,1.0,True,True
38SMB_01373_r7680_c6960,4,0.1510966569185257,476.52740478515625,236.90673828125,112892.55316928029,True,True,1.0,True,True
38SMB_01374_r7680_c7200,0,0.6584431529045105,554.3270874023438,555.462646484375,307907.9909864813,True,True,1.0,True,True
38SMB_01374_r7680_c7200,1,0.5155991911888123,578.0829620361328,574.3255615234375,332007.821778534,True,True,1.0,True,True
38SMB_01374_r7680_c7200,2,0.3261262774467468,230.12939453125,769.3780517578125,177056.50521665812,True,True,1.0,True,True
38SMB_01374_r7680_c7200,3,0.2664196193218231,514.8615264892578,487.07489013671875,250776.12145037856,True,True,1.0,True,True
38SMB_01374_r7680_c7200,4,0.1927429288625717,198.369140625,581.4556884765625,115342.86523461342,True,True,1.0,True,True
38SMB_01374_r7680_c7200,5,0.1075020655989646,376.50787353515625,374.0155029296875,140819.78167723864,True,True,1.0,True,True
38SMB_01375_r7680_c7440,0,0.700074315071106,775.1353454589844,787.7569580078125,610618.2617831044,True,True,1.0,True,True
38SMB_01375_r7680_c7440,1,0.3707262873649597,665.4278564453125,602.9100036621094,401193.11136631295,True,True,1.0,True,True
38SMB_01376_r7680_c7680,0,0.5648416876792908,701.1846923828125,382.8607177734375,268456.07461743057,True,True,1.0,True,True
38SMB_01377_r7680_c7920,0,0.5980663895606995,441.3848876953125,362.630615234375,160059.6733801067,True,True,1.0,True,True
38SMB_01377_r7680_c7920,1,0.4375795423984527,413.3538818359375,419.8003387451172,173526.0996163357,True,True,1.0,True,True
38SMB_01377_r7680_c7920,2,0.1782735288143158,396.22314453125,402.5279235839844,159490.879644081,True,True,1.0,True,True
38SMB_01377_r7680_c7920,3,0.1496217548847198,465.23651123046875,505.3242492675781,235095.2907694038,True,True,1.0,True,True
38SMB_01377_r7680_c7920,4,0.1145198717713356,331.82525634765625,312.6518249511719,103745.77196198516,True,True,1.0,True,True
38SMB_01378_r7680_c8160,0,0.3741120398044586,597.767333984375,655.5035400390625,391838.6035464704,True,True,1.0,True,True
38SMB_01378_r7680_c8160,1,0.3417621552944183,644.2739868164062,869.9971008300781,560516.5006705094,True,True,1.0,True,True
38SMB_01382_r7680_c9120,0,0.8369339108467102,433.3123779296875,429.18304443359375,185970.32555062324,True,True,1.0,True,True
38SMB_01383_r7680_c9360,0,0.5306103825569153,712.3089599609375,752.1115112304688,535735.7683392242,True,True,1.0,True,True
38SMB_01383_r7680_c9360,1,0.5287194848060608,371.69189453125,690.4389190673828,256630.5498862639,True,True,1.0,True,True
38SMB_01383_r7680_c9360,2,0.4509604871273041,704.4334411621094,383.29833984375,270008.16852785647,True,True,1.0,True,True
38SMB_01383_r7680_c9360,3,0.3427914083003998,515.68603515625,528.9927864074707,272794.1926487256,True,True,1.0,True,True
38SMB_01383_r7680_c9360,4,0.1659218817949295,1060.6005859375,1242.2267150878906,1317506.3818894327,True,True,1.0,True,True
38SMB_01383_r7680_c9360,5,0.1560214906930923,810.2174377441406,803.3052062988281,650851.8859739648,True,True,1.0,True,True
38SMB_01383_r7680_c9360,6,0.1398475170135498,553.26904296875,632.8981781005859,350162.9692943767,True,True,1.0,True,True
38SMB_01383_r7680_c9360,7,0.137814000248909,1049.65576171875,496.9038391113281,521577.9777433723,True,True,1.0,True,True
38SMB_01383_r7680_c9360,8,0.1354094892740249,826.7514038085938,927.3873901367188,766718.8266699202,True,True,1.0,True,True
38SMB_01383_r7680_c9360,9,0.1127715483307838,478.88580322265625,492.81158447265625,236000.4714676179,True,True,1.0,True,True
38SMB_01383_r7680_c9360,10,0.1047623082995414,418.077392578125,411.9696044921875,172235.17806753516,True,True,1.0,True,True
38SMB_01384_r7680_c9600,0,0.83737713098526,488.837890625,402.095947265625,196559.73469018936,True,True,1.0,True,True
38SMB_01384_r7680_c9600,1,0.7351676821708679,788.9436340332031,775.894775390625,612137.2437240556,True,True,1.0,True,True
38SMB_01384_r7680_c9600,2,0.6780677437782288,684.6221923828125,641.6290283203125,439273.47206510603,True,True,1.0,True,True
38SMB_01384_r7680_c9600,3,0.6232510209083557,470.43426513671875,471.9964599609375,222043.30778885633,True,True,1.0,True,True
38SMB_01384_r7680_c9600,4,0.4855989813804626,472.281494140625,422.61505126953125,199593.26785989106,True,True,1.0,True,True
38SMB_01384_r7680_c9600,5,0.4187920689582824,720.9224700927734,381.695556640625,275172.9035167955,True,True,1.0,True,True
38SMB_01384_r7680_c9600,6,0.3920626640319824,351.5888977050781,336.103515625,118170.26457339525,True,True,1.0,True,True
38SMB_01384_r7680_c9600,7,0.3878098726272583,559.1845703125,555.4873657226562,310619.9639156461,True,True,1.0,True,True
38SMB_01384_r7680_c9600,8,0.1641823500394821,712.2215270996094,785.8071899414062,559668.7968259212,True,True,1.0,True,True
38SMB_01384_r7680_c9600,9,0.1260706037282943,685.2928924560547,1097.481346130371,752096.1661062465,True,True,1.0,True,True
38SMB_01384_r7680_c9600,10,0.1141278371214866,315.37689208984375,969.68505859375,305816.2600852549,True,True,1.0,True,True
38SMB_01385_r7680_c9680,0,0.8380546569824219,489.09912109375,402.3675537109375,196797.61687666178,True,True,1.0,True,True
38SMB_01385_r7680_c9680,1,0.6777827739715576,685.0332641601562,642.298583984375,439995.89555226266,True,True,1.0,True,True
38SMB_01385_r7680_c9680,2,0.6236745119094849,471.06658935546875,472.48046875,222569.76295113564,True,True,1.0,True,True
38SMB_01385_r7680_c9680,3,0.5543848276138306,656.7953491210938,386.78680419921875,254039.774099458,True,True,1.0,True,True
38SMB_01385_r7680_c9680,4,0.4873234331607818,403.2971954345703,748.5778045654297,301899.3291458057,True,True,1.0,True,True
38SMB_01385_r7680_c9680,5,0.3988946676254272,352.4298858642578,336.41876220703125,118564.02596721891,True,True,1.0,True,True
38SMB_01385_r7680_c9680,6,0.3883556425571441,559.7660827636719,556.18408203125,311332.98489414155,True,True,1.0,True,True
38SMB_01388_r7920_c480,0,0.3528903126716614,514.573974609375,553.8001251220703,284971.1315232329,True,True,1.0,True,True
38SMB_01388_r7920_c480,1,0.2764420807361603,423.021240234375,656.3580322265625,277653.38883027434,True,True,1.0,True,True
38SMB_01388_r7920_c480,2,0.2313653528690338,402.9437255859375,606.2957763671875,244303.07893641293,True,True,1.0,True,True
38SMB_01388_r7920_c480,3,0.1520574539899826,860.621337890625,832.2076416015625,716215.6539179385,True,True,1.0,True,True
38SMB_01388_r7920_c480,4,0.1132655292749404,212.68646240234375,422.5244140625,89865.22290557623,True,True,1.0,True,True
38SMB_01388_r7920_c480,5,0.1067779287695884,675.0668334960938,690.1809692382812,465918.2814429514,True,True,1.0,True,True
38SMB_01388_r7920_c480,6,0.1018255725502967,1185.2954864501953,988.58642578125,1171767.0284444466,True,True,1.0,True,True
38SMB_01389_r7920_c720,0,0.758028507232666,574.5635986328125,576.5267944335938,331251.30971800536,True,True,1.0,True,True
38SMB_01389_r7920_c720,1,0.6191525459289551,790.5521011352539,778.5702514648438,615500.3481769352,True,True,1.0,True,True
38SMB_01389_r7920_c720,2,0.3950112164020538,659.0526962280273,667.0618438720703,439628.90675472736,True,True,1.0,True,True
38SMB_01389_r7920_c720,3,0.3795952200889587,639.5948791503906,619.16748046875,396016.349844262,True,True,1.0,True,True
38SMB_01389_r7920_c720,4,0.3590897619724273,412.7593994140625,560.352783203125,231290.87825492024,True,True,1.0,True,True
38SMB_01389_r7920_c720,5,0.3465033173561096,594.8468017578125,581.9967651367188,346198.9143749699,True,True,1.0,True,True
38SMB_01389_r7920_c720,6,0.3336649537086487,545.1862907409668,579.7612762451172,316077.8997113244,True,True,1.0,True,True
38SMB_01389_r7920_c720,7,0.2916896939277649,1015.3326416015625,649.8908996582031,659855.4439027794,True,True,1.0,True,True
38SMB_01390_r7920_c960,0,0.3714419603347778,537.0169830322266,608.98681640625,327036.2628528848,True,True,1.0,True,True
38SMB_01390_r7920_c960,1,0.1775281578302383,1078.7762832641602,688.8734436035156,743140.3331299836,True,True,1.0,True,True
38SMB_01391_r7920_c1200,0,0.207248568534851,1040.7046508789062,777.6925659179688,809348.2703047805,True,True,1.0,True,True
38SMB_01391_r7920_c1200,1,0.155912384390831,735.8358764648438,945.3941345214844,695654.9215803389,True,True,1.0,True,True
38SMB_01391_r7920_c1200,2,0.1078665032982826,523.90869140625,577.493896484375,302554.0716022253,True,True,1.0,True,True
38SMB_01393_r7920_c1680,0,0.7625225186347961,504.56817626953125,490.6787109375,247580.86231201887,True,True,1.0,True,True
38SMB_01393_r7920_c1680,1,0.4543232321739197,516.4324951171875,546.2066650390625,282078.8708757609,True,True,1.0,True,True
38SMB_01393_r7920_c1680,2,0.2750941514968872,1186.949462890625,1027.899169921875,1220064.3676444888,True,True,1.0,True,True
38SMB_01393_r7920_c1680,3,0.2693806886672973,696.639404296875,499.7457504272461,348142.5818775315,True,True,1.0,True,True
38SMB_01393_r7920_c1680,4,0.1986644715070724,778.8970947265625,787.955322265625,613736.1112870276,True,True,1.0,True,True
38SMB_01393_r7920_c1680,5,0.1845367103815078,428.3770751953125,431.5679931640625,184873.8346595317,True,True,1.0,True,True
38SMB_01393_r7920_c1680,6,0.1227400675415992,754.354248046875,823.4979248046875,621209.157834202,True,True,1.0,True,True
38SMB_01393_r7920_c1680,7,0.121671475470066,282.425537109375,511.337890625,144414.87840414047,True,True,1.0,True,True
38SMB_01394_r7920_c1920,0,0.4547204375267029,513.6238861083984,550.5215454101562,282761.0155399656,True,True,1.0,True,True
38SMB_01394_r7920_c1920,1,0.2842406034469604,651.7094421386719,587.303466796875,382751.2147122994,True,True,1.0,True,True
38SMB_01394_r7920_c1920,2,0.2351493835449218,374.76318359375,515.4019165039062,193153.66305932403,True,True,1.0,True,True
38SMB_01394_r7920_c1920,3,0.2319521456956863,801.26953125,803.5214233398438,643837.2342288494,True,True,1.0,True,True
38SMB_01394_r7920_c1920,4,0.1930326670408249,537.31201171875,528.7213134765625,284088.31258267164,True,True,1.0,True,True
38SMB_01394_r7920_c1920,5,0.177997276186943,516.1639404296875,528.7982177734375,272946.5717781335,True,True,1.0,True,True
38SMB_01394_r7920_c1920,6,0.1656906455755233,549.7763824462891,805.7208251953125,442966.28053751774,True,True,1.0,True,True
38SMB_01394_r7920_c1920,7,0.1273289620876312,439.1766357421875,455.7305908203125,200146.22768126428,True,True,1.0,True,True
38SMB_01394_r7920_c1920,8,0.1218000650405883,678.7677764892578,665.0706481933594,451428.525082476,True,True,1.0,True,True
38SMB_01394_r7920_c1920,9,0.1020302399992942,626.9094848632812,552.2430419921875,346206.40097465366,True,True,1.0,True,True
38SMB_01395_r7920_c2160,0,0.2610284090042114,1373.3660125732422,846.4127349853516,1162434.4828380446,True,True,1.0,True,True
38SMB_01395_r7920_c2160,1,0.2257261574268341,501.76673889160156,524.5882415771484,263220.93123704544,True,True,1.0,True,True
38SMB_01395_r7920_c2160,2,0.1981675028800964,492.56839752197266,504.59930419921875,248549.6706601116,True,True,1.0,True,True
38SMB_01395_r7920_c2160,3,0.1296018362045288,273.3819389343262,482.647705078125,131947.16543646064,True,True,1.0,True,True
38SMB_01396_r7920_c2400,0,0.383343905210495,1220.1785278320312,1047.8185272216797,1278525.6679804763,True,True,1.0,True,True
38SMB_01396_r7920_c2400,1,0.1607238501310348,265.888729095459,509.12567138671875,135370.77771488694,True,True,1.0,True,True
38SMB_01396_r7920_c2400,2,0.1297558546066284,511.646728515625,766.1012268066406,391973.1864074245,True,True,1.0,True,True
38SMB_01397_r7920_c2640,0,0.1141329482197761,620.9652709960938,491.6468048095703,305295.59138293844,True,True,1.0,True,True
38SMB_01398_r7920_c2880,0,0.1643221527338028,403.0328369140625,478.0271911621094,192660.6549761258,True,True,1.0,True,True
38SMB_01398_r7920_c2880,1,0.1168321892619133,316.8904113769531,375.19775390625,118896.57058306038,True,True,1.0,True,True
38SMB_01399_r7920_c3120,0,0.7740738987922668,794.6820068359375,688.5476684570312,547176.4429716393,True,True,1.0,True,True
38SMB_01399_r7920_c3120,1,0.4849958121776581,659.9391174316406,772.9291152954102,510086.1581852718,True,True,1.0,True,True
38SMB_01399_r7920_c3120,2,0.2820483148097992,575.6454467773438,556.136474609375,320137.42939569056,True,True,1.0,True,True
38SMB_01399_r7920_c3120,3,0.2441397905349731,503.924560546875,483.9813232421875,243890.0756277144,True,True,1.0,True,True
38SMB_01399_r7920_c3120,4,0.2023572921752929,300.42938232421875,283.709716796875,85234.73497666419,True,True,1.0,True,True
38SMB_01400_r7920_c3360,0,0.7197359800338745,593.5458374023438,609.1433715820312,361554.5125837438,True,True,1.0,True,True
38SMB_01400_r7920_c3360,1,0.7024297118186951,813.1646728515625,782.5601196289062,636350.2436647192,True,True,1.0,True,True
38SMB_01400_r7920_c3360,2,0.5790104866027832,812.9486083984375,573.4128570556641,466155.18418117426,True,True,1.0,True,True
38SMB_01400_r7920_c3360,3,0.5140133500099182,717.9421997070312,798.2455444335938,573094.162076991,True,True,1.0,True,True
38SMB_01400_r7920_c3360,4,0.458918035030365,730.9780502319336,468.9760971069336,342811.2330686083,True,True,1.0,True,True
38SMB_01400_r7920_c3360,5,0.4018402397632599,415.9521484375,588.0063629150391,244582.50994943082,True,True,1.0,True,True
38SMB_01400_r7920_c3360,6,0.3242780566215515,570.0067138671875,420.5000686645508,239687.8623204073,True,True,1.0,True,True
38SMB_01400_r7920_c3360,7,0.270375519990921,295.16822814941406,707.6604843139648,208878.89128630923,True,True,1.0,True,True
38SMB_01400_r7920_c3360,8,0.1751469820737838,657.3306274414062,678.4002685546875,445933.27418547124,True,True,1.0,True,True
38SMB_01400_r7920_c3360,9,0.156144917011261,589.4000244140625,347.1656036376953,204619.41525978036,True,True,1.0,True,True
38SMB_01400_r7920_c3360,10,0.1209148466587066,524.0101623535156,336.9760513305664,176578.87536697672,True,True,1.0,True,True
38SMB_01400_r7920_c3360,11,0.1012786030769348,519.7845458984375,587.6800537109375,305467.009851709,True,True,1.0,True,True
38SMB_01401_r7920_c3600,0,0.7223625779151917,387.1430969238281,368.0224418640137,142477.34788070375,True,True,1.0,True,True
38SMB_01401_r7920_c3600,1,0.7007110714912415,588.6782836914062,528.6960983276367,311231.91175785614,True,True,1.0,True,True
38SMB_01401_r7920_c3600,2,0.6549880504608154,494.49798583984375,611.9110107421875,302588.7623252347,True,True,1.0,True,True
38SMB_01401_r7920_c3600,3,0.5830721855163574,588.8156127929688,598.0294036865234,352129.049799894,True,True,1.0,True,True
38SMB_01401_r7920_c3600,4,0.4916142225265503,946.61865234375,1031.9438171386719,976857.2654742748,True,True,1.0,True,True
38SMB_01401_r7920_c3600,5,0.2345776706933975,992.8170776367188,977.2003173828125,970181.163369678,True,True,1.0,True,True
38SMB_01401_r7920_c3600,6,0.2176626324653625,225.772705078125,429.071044921875,96872.53048270941,True,True,1.0,True,True
38SMB_01401_r7920_c3600,7,0.2015977799892425,387.0880889892578,127.13661193847656,49213.06815583375,True,True,1.0,True,True
38SMB_01401_r7920_c3600,8,0.1655910015106201,291.4514350891113,540.5952835083008,157557.27118089926,True,True,1.0,True,True
38SMB_01401_r7920_c3600,9,0.1506096571683883,280.6086730957031,103.57015609741211,29062.68407480966,True,True,1.0,True,True
38SMB_01401_r7920_c3600,10,0.1444415897130966,874.2672729492188,774.1098022460938,676778.8657729514,True,True,1.0,True,True
38SMB_01401_r7920_c3600,11,0.125728964805603,201.22909545898438,145.91062545776367,29361.46317872044,True,True,1.0,True,True
38SMB_01401_r7920_c3600,12,0.1153261214494705,511.81928634643555,577.437744140625,295543.77411555033,True,True,1.0,True,True
38SMB_01401_r7920_c3600,13,0.101374827325344,782.1466064453125,856.849365234375,670181.8232528865,True,True,1.0,True,True
38SMB_01402_r7920_c3840,0,0.7658301591873169,714.3635559082031,655.9982299804688,468621.2282383349,True,True,1.0,True,True
38SMB_01402_r7920_c3840,1,0.5227656960487366,710.570068359375,1046.5927505493164,743677.4823022541,True,True,1.0,True,True
38SMB_01402_r7920_c3840,2,0.3750499486923218,349.57366943359375,358.19183349609375,125214.43359637633,True,True,1.0,True,True
38SMB_01402_r7920_c3840,3,0.3180016875267029,1289.1804504394531,1075.0508117675781,1385934.489759826,True,True,1.0,True,True
38SMB_01402_r7920_c3840,4,0.2572862207889557,495.010986328125,459.46807861328125,227441.74678064883,True,True,1.0,True,True
38SMB_01402_r7920_c3840,5,0.2391512840986251,1139.3309783935547,799.4551086425781,910843.9711114741,True,True,1.0,True,True
38SMB_01402_r7920_c3840,6,0.1648985296487808,333.4197998046875,588.9492797851562,196367.35096108168,True,True,1.0,True,True
38SMB_01402_r7920_c3840,7,0.1434086710214615,1648.7954711914062,1220.8592224121094,2012947.1568753477,True,True,1.0,True,True
38SMB_01402_r7920_c3840,8,0.1019468232989311,193.07640075683594,380.4986572265625,73465.31123011373,True,True,1.0,True,True
38SMB_01403_r7920_c4080,0,0.3252396285533905,462.22869873046875,323.4588623046875,149511.96901593357,True,True,1.0,True,True
38SMB_01403_r7920_c4080,1,0.2356969714164734,475.0946044921875,496.3763427734375,235825.72224922478,True,True,1.0,True,True
38SMB_01403_r7920_c4080,2,0.1912423223257064,579.7396469116211,556.1697387695312,322433.6479771766,True,True,1.0,True,True
38SMB_01403_r7920_c4080,3,0.1262285262346267,580.8599853515625,624.8587036132812,362955.4174276069,True,True,1.0,True,True
38SMB_01403_r7920_c4080,4,0.1021806672215461,606.5911865234375,331.2605285644531,200939.71707029268,True,True,1.0,True,True
38SMB_01404_r7920_c4320,0,0.8519893884658813,587.579345703125,591.2059783935547,347380.4219602607,True,True,1.0,True,True
38SMB_01404_r7920_c4320,1,0.6878283619880676,612.0504760742188,641.6551208496094,392725.3221914638,True,True,1.0,True,True
38SMB_01404_r7920_c4320,2,0.4952036440372467,696.3787841796875,779.2453002929688,542649.8947957531,True,True,1.0,True,True
38SMB_01404_r7920_c4320,3,0.4468145966529846,589.4488525390625,541.0723876953125,318934.4980675727,True,True,1.0,True,True
38SMB_01404_r7920_c4320,4,0.3132771551609039,433.8507843017578,529.737548828125,229827.05103317276,True,True,1.0,True,True
38SMB_01404_r7920_c4320,5,0.2703936696052551,556.2774658203125,618.6044311523438,344115.70530664176,True,True,1.0,True,True
38SMB_01405_r7920_c4560,0,0.8673332929611206,570.3739929199219,578.388671875,329897.85623699427,True,True,1.0,True,True
38SMB_01405_r7920_c4560,1,0.8602981567382812,526.8267822265625,529.263916015625,278830.40582314134,True,True,1.0,True,True
38SMB_01405_r7920_c4560,2,0.5786843299865723,756.39892578125,846.3633728027344,640188.3460085839,True,True,1.0,True,True
38SMB_01405_r7920_c4560,3,0.5753242373466492,430.909423828125,856.6156005859375,369123.7348906696,True,True,1.0,True,True
38SMB_01405_r7920_c4560,4,0.5241125822067261,459.2933654785156,419.2559814453125,192561.49071501568,True,True,1.0,True,True
38SMB_01405_r7920_c4560,5,0.5182940363883972,675.9793853759766,772.3345947265625,522082.26464786567,True,True,1.0,True,True
38SMB_01405_r7920_c4560,6,0.1800589263439178,94.80329513549805,446.175537109375,42298.91112681944,True,True,1.0,True,True
38SMB_01405_r7920_c4560,7,0.1025919914245605,366.707763671875,359.249267578125,131739.49551433325,True,True,1.0,True,True
38SMB_01406_r7920_c4800,0,0.5094323754310608,867.1359252929688,874.737548828125,758516.3537915796,True,True,1.0,True,True
38SMB_01406_r7920_c4800,1,0.3879900872707367,264.62413787841797,621.661376953125,164506.60592853092,True,True,1.0,True,True
38SMB_01408_r7920_c5280,0,0.6094152331352234,234.40673828125,602.28515625,141179.6989917755,True,True,1.0,True,True
38SMB_01408_r7920_c5280,1,0.1997852325439453,181.788330078125,502.4951171875,91347.74822592735,True,True,1.0,True,True
38SMB_01409_r7920_c5520,0,0.4273446500301361,515.2922058105469,599.7015380859375,309021.5283882804,True,True,1.0,True,True
38SMB_01409_r7920_c5520,1,0.3349366784095764,729.7250747680664,696.5884399414062,508318.0514188134,True,True,1.0,True,True
38SMB_01409_r7920_c5520,2,0.2371955066919326,447.7035140991211,461.8487548828125,206771.31054333877,True,True,1.0,True,True
38SMB_01409_r7920_c5520,3,0.1490086913108825,551.1701965332031,669.34814453125,368924.7483704239,True,True,1.0,True,True
38SMB_01409_r7920_c5520,4,0.1478333920240402,486.302490234375,530.8587646484375,258157.93921127915,True,True,1.0,True,True
38SMB_01409_r7920_c5520,5,0.1221063733100891,383.48907470703125,451.3848876953125,173101.1729190126,True,True,1.0,True,True
38SMB_01409_r7920_c5520,6,0.1030508875846862,871.6276550292969,1360.6531524658203,1185982.9165920033,True,True,1.0,True,True
38SMB_01410_r7920_c5760,0,0.1434754133224487,624.8797607421875,624.6122741699219,390307.5684399344,True,True,1.0,True,True
38SMB_01411_r7920_c6000,0,0.4749844372272491,472.5248718261719,494.47509765625,233651.78214125335,True,True,1.0,True,True
38SMB_01411_r7920_c6000,1,0.3900064527988434,452.2216796875,482.3749542236328,218140.41203819215,True,True,1.0,True,True
38SMB_01411_r7920_c6000,2,0.169541522860527,456.7950439453125,358.0614471435547,163560.69448306225,True,True,1.0,True,True
38SMB_01411_r7920_c6000,3,0.1301904618740081,435.8656311035156,223.25172424316406,97307.75368219474,True,True,1.0,True,True
38SMB_01411_r7920_c6000,4,0.11625736951828,470.6256103515625,478.75633239746094,225314.9911442306,True,True,1.0,True,True
38SMB_01412_r7920_c6240,0,0.4311609864234924,451.49261474609375,471.929931640625,213072.87881337106,True,True,1.0,True,True
38SMB_01412_r7920_c6240,1,0.1216199696063995,100.83074569702148,572.3239898681641,57707.85467870155,True,True,1.0,True,True
38SMB_01413_r7920_c6480,0,0.6842464208602905,596.3259887695312,540.372314453125,322238.0547199398,True,True,1.0,True,True
38SMB_01413_r7920_c6480,1,0.54402756690979,455.89569091796875,448.5430908203125,204488.86229600757,True,True,1.0,True,True
38SMB_01413_r7920_c6480,2,0.1509179025888443,312.98614501953125,299.29365158081055,93674.76623709663,True,True,1.0,True,True
38SMB_01413_r7920_c6480,3,0.1072651669383049,411.0882568359375,410.638427734375,168808.6354471743,True,True,1.0,True,True
38SMB_01413_r7920_c6480,4,0.1065582782030105,846.1241149902344,1085.8086395263672,918728.8741679979,True,True,1.0,True,True
38SMB_01414_r7920_c6720,0,0.6843993663787842,881.3423156738281,861.3082885742188,759107.4415610638,True,True,1.0,True,True
38SMB_01414_r7920_c6720,1,0.498334139585495,671.6261291503906,779.7288513183594,523686.27019783016,True,True,1.0,True,True
38SMB_01414_r7920_c6720,2,0.283515989780426,415.6280517578125,424.635009765625,176490.2218170464,True,True,1.0,True,True
38SMB_01414_r7920_c6720,3,0.1094052717089653,337.288818359375,667.305908203125,225074.8212620616,True,True,1.0,True,True
38SMB_01415_r7920_c6960,0,0.6544715762138367,805.3096008300781,844.97314453125,680464.9857345968,True,True,1.0,True,True
38SMB_01415_r7920_c6960,1,0.5469346642494202,582.0508575439453,782.5944519042969,455509.77184002986,True,True,1.0,True,True
38SMB_01415_r7920_c6960,2,0.4660420715808868,484.2254638671875,468.4515380859375,226836.16332896054,True,True,1.0,True,True
38SMB_01415_r7920_c6960,3,0.3417018353939056,279.7233772277832,393.97216796875,110203.22535797022,True,True,1.0,True,True
38SMB_01415_r7920_c6960,4,0.1496947556734085,481.6705322265625,496.387939453125,239095.4429872334,True,True,1.0,True,True
38SMB_01415_r7920_c6960,5,0.1207864731550216,897.7444458007812,1189.7178649902344,1068062.6053649466,True,True,1.0,True,True
38SMB_01415_r7920_c6960,6,0.1114799752831459,789.4662475585938,616.1700439453125,486445.45245151967,True,True,1.0,True,True
38SMB_01416_r7920_c7200,0,0.7517673969268799,495.8831787109375,483.88397216796875,239949.92224592716,True,True,1.0,True,True
38SMB_01416_r7920_c7200,1,0.6365381479263306,541.319580078125,518.8909912109375,280885.85346862674,True,True,1.0,True,True
38SMB_01416_r7920_c7200,2,0.505807638168335,587.5238800048828,642.5180816650391,377494.7163131379,True,True,1.0,True,True
38SMB_01416_r7920_c7200,3,0.4749815762042999,483.3076286315918,468.0126953125,226194.10594096407,True,True,1.0,True,True
38SMB_01416_r7920_c7200,4,0.2132659554481506,285.7780647277832,563.289794921875,160975.86747368332,True,True,1.0,True,True
38SMB_01416_r7920_c7200,5,0.1263788193464279,381.91558837890625,384.0351104736328,146668.99517469574,True,True,1.0,True,True
38SMB_01417_r7920_c7440,0,0.7266402840614319,467.1959114074707,434.9745178222656,203218.3162929985,True,True,1.0,True,True
38SMB_01417_r7920_c7440,1,0.2805871069431305,417.535400390625,380.3826904296875,158823.23895022273,True,True,1.0,True,True
38SMB_01417_r7920_c7440,2,0.1357139348983764,284.9957275390625,155.4798984527588,44311.10677724355,True,True,1.0,True,True
38SMB_01418_r7920_c7680,0,0.6562908291816711,636.466064453125,642.2314834594727,408758.5447453428,True,True,1.0,True,True
38SMB_01418_r7920_c7680,1,0.2867704331874847,431.41014099121094,399.02252197265625,172142.3624628922,True,True,1.0,True,True
38SMB_01418_r7920_c7680,2,0.1787651181221008,474.6934509277344,158.7169647216797,75341.9037045096,True,True,1.0,True,True
38SMB_01418_r7920_c7680,3,0.1502688080072403,714.93896484375,482.310791015625,344822.7776616812,True,True,1.0,True,True
38SMB_01419_r7920_c7920,0,0.6559638977050781,515.1300048828125,500.4150390625,257778.80151569843,True,True,1.0,True,True
38SMB_01419_r7920_c7920,1,0.4964619278907776,476.16493225097656,693.9935684204102,330455.40048951807,True,True,1.0,True,True
38SMB_01419_r7920_c7920,2,0.3931644260883331,683.5430908203125,766.2081909179688,523736.31503190845,True,True,1.0,True,True
38SMB_01419_r7920_c7920,3,0.1484395861625671,913.5063934326172,906.8661499023438,828428.0259234132,True,True,1.0,True,True
38SMB_01419_r7920_c7920,4,0.1358807981014251,423.1901550292969,515.408935546875,218115.9873375669,True,True,1.0,True,True
38SMB_01420_r7920_c8160,0,0.4694138765335083,444.2041015625,502.30224609375,223124.7179389,True,True,1.0,True,True
38SMB_01420_r7920_c8160,1,0.2001223415136337,627.4874877929688,734.9267578125,461157.3449715972,True,True,1.0,True,True
38SMB_01421_r7920_c8400,0,0.4222963452339172,434.37774658203125,505.6072998046875,219624.55954458565,True,True,1.0,True,True
38SMB_01424_r7920_c9120,0,0.5194294452667236,794.1127014160156,812.8692626953125,645509.8060970195,True,True,1.0,True,True
38SMB_01424_r7920_c9120,1,0.3644299209117889,994.6669006347656,934.1107177734375,929129.0124974214,True,True,1.0,True,True
38SMB_01424_r7920_c9120,2,0.3131953179836273,623.492431640625,640.46630859375,399325.8961290121,True,True,1.0,True,True
38SMB_01425_r7920_c9360,0,0.7078732848167419,702.8880310058594,651.8313217163086,458164.434269123,True,True,1.0,True,True
38SMB_01425_r7920_c9360,1,0.4662043154239654,627.3363494873047,893.61572265625,560597.6252956316,True,True,1.0,True,True
38SMB_01425_r7920_c9360,2,0.3333037793636322,624.4645881652832,638.0099487304688,398414.6198793256,True,True,1.0,True,True
38SMB_01425_r7920_c9360,3,0.1526087075471878,594.6541595458984,676.4630126953125,402261.5442782175,True,True,1.0,True,True
38SMB_01425_r7920_c9360,4,0.1133810952305793,834.7392272949219,1008.6541748046875,841963.2064842619,True,True,1.0,True,True
38SMB_01426_r7920_c9600,0,0.8470162153244019,485.4888916015625,471.4060974121094,228862.42372682318,True,True,1.0,True,True
38SMB_01426_r7920_c9600,1,0.6984763145446777,709.3524169921875,651.3682556152344,462049.6464726515,True,True,1.0,True,True
38SMB_01426_r7920_c9600,2,0.6458324790000916,471.32080078125,472.67738342285156,222782.68286604434,True,True,1.0,True,True
38SMB_01426_r7920_c9600,3,0.6121538877487183,673.258056640625,513.6190414428711,345798.157695448,True,True,1.0,True,True
38SMB_01426_r7920_c9600,4,0.5734145641326904,477.362060546875,687.0517349243164,327972.43188577704,True,True,1.0,True,True
38SMB_01426_r7920_c9600,5,0.1406905204057693,162.4822998046875,180.52978515625,29332.894675433636,True,True,1.0,True,True
38SMB_01426_r7920_c9600,6,0.1390764713287353,138.3648681640625,145.11444091796875,20078.740486316383,True,True,1.0,True,True
38SMB_01426_r7920_c9600,7,0.1142475381493568,83.5675048828125,522.5640869140625,43669.37688477337,True,True,1.0,True,True
38SMB_01427_r7920_c9680,0,0.8463134169578552,485.5645751953125,471.5587615966797,228972.2297543194,True,True,1.0,True,True
38SMB_01427_r7920_c9680,1,0.703685462474823,616.8206787109375,635.0497436523438,391711.81389484555,True,True,1.0,True,True
38SMB_01427_r7920_c9680,2,0.645958662033081,471.5085220336914,472.8392028808594,222947.71370994276,True,True,1.0,True,True
38SMB_01427_r7920_c9680,3,0.6121648550033569,673.3541870117188,513.7125778198242,345910.51519556204,True,True,1.0,True,True
38SMB_01427_r7920_c9680,4,0.1669582724571228,848.5824584960938,827.6383972167969,702319.4258559961,True,True,1.0,True,True
38SMB_01427_r7920_c9680,5,0.1651190817356109,671.0589599609375,677.5091552734375,454648.5891018063,True,True,1.0,True,True
38SMB_01427_r7920_c9680,6,0.1416981518268585,748.5113525390625,593.5650634765625,444290.1884827763,True,True,1.0,True,True
38SMB_01430_r8160_c480,0,0.8559991121292114,586.5928649902344,543.5650634765625,318851.3878933154,True,True,1.0,True,True
38SMB_01430_r8160_c480,1,0.7469872832298279,354.4171142578125,411.6009521484375,145878.4216862172,True,True,1.0,True,True
38SMB_01430_r8160_c480,2,0.2228386849164962,423.0908203125,475.0677490234375,200996.80363833904,True,True,1.0,True,True
38SMB_01430_r8160_c480,3,0.1807510107755661,802.0843505859375,974.77294921875,781850.1279428601,True,True,1.0,True,True
38SMB_01430_r8160_c480,4,0.1683669835329055,404.77783203125,898.4121322631836,363657.3151680641,True,True,1.0,True,True
38SMB_01430_r8160_c480,5,0.1237504258751869,1354.093017578125,687.4435424804688,930862.5008519739,True,True,1.0,True,True
38SMB_01430_r8160_c480,6,0.1174840033054351,619.6613311767578,316.96041107177734,196408.1102550699,True,True,1.0,True,True
38SMB_01430_r8160_c480,7,0.1092038452625274,920.4095458984375,535.0811004638672,492493.7526967842,True,True,1.0,True,True
38SMB_01431_r8160_c720,0,0.8313207030296326,602.8920745849609,580.7269287109375,350115.6628178898,True,True,1.0,True,True
38SMB_01431_r8160_c720,1,0.7795091271400452,452.5339126586914,425.9967041015625,192777.9552867869,True,True,1.0,True,True
38SMB_01431_r8160_c720,2,0.4616972208023071,906.9204711914062,885.1275634765625,802740.3069326654,True,True,1.0,True,True
38SMB_01431_r8160_c720,3,0.3561654686927795,642.1080017089844,583.8809204101562,374914.611040568,True,True,1.0,True,True
38SMB_01431_r8160_c720,4,0.3355875611305237,549.3455505371094,514.7607421875,282781.5233118832,True,True,1.0,True,True
38SMB_01431_r8160_c720,5,0.2597979307174682,713.5110473632812,704.6669006347656,502787.61831414886,True,True,1.0,True,True
38SMB_01431_r8160_c720,6,0.1846461594104766,455.733642578125,984.8373413085938,448823.50890152156,True,True,1.0,True,True
38SMB_01431_r8160_c720,7,0.1679394394159317,882.3333740234375,758.5784912109375,669319.119611755,True,True,1.0,True,True
38SMB_01431_r8160_c720,8,0.1590576320886612,688.641357421875,501.6907501220703,345484.9991700612,True,True,1.0,True,True
38SMB_01431_r8160_c720,9,0.1474024206399917,484.66217041015625,426.07940673828125,206504.57003684714,True,True,1.0,True,True
38SMB_01431_r8160_c720,10,0.1328223645687103,353.88580322265625,326.9348907470703,115697.61641353834,True,True,1.0,True,True
38SMB_01431_r8160_c720,11,0.1162090376019477,1247.2602844238281,1107.7242279052734,1381620.4355602968,True,True,1.0,True,True
38SMB_01431_r8160_c720,12,0.103993184864521,620.1438903808594,653.6477661132812,405355.6686162483,True,True,1.0,True,True
38SMB_01432_r8160_c960,0,0.6836402416229248,641.2564086914062,650.2606201171875,416983.78996979445,True,True,1.0,True,True
38SMB_01432_r8160_c960,1,0.6151490807533264,708.179931640625,694.5794677734375,491887.24000677466,True,True,1.0,True,True
38SMB_01432_r8160_c960,2,0.4729387760162353,442.6036071777344,435.9808349609375,192966.69021407142,True,True,1.0,True,True
38SMB_01432_r8160_c960,3,0.4329556822776794,736.99462890625,711.094970703125,524073.1740504503,True,True,1.0,True,True
38SMB_01432_r8160_c960,4,0.420236736536026,785.1470947265625,686.539306640625,539034.3420244753,True,True,1.0,True,True
38SMB_01432_r8160_c960,5,0.4186781048774719,209.1497802734375,518.8604736328125,108519.55405287445,True,True,1.0,True,True
38SMB_01432_r8160_c960,6,0.3432967960834503,540.7451629638672,577.0014190673828,312010.72638397454,True,True,1.0,True,True
38SMB_01432_r8160_c960,7,0.3330896496772766,370.50048828125,909.7618103027344,337067.194936797,True,True,1.0,True,True
38SMB_01432_r8160_c960,8,0.3276678919792175,538.8477325439453,509.530029296875,274559.1009496711,True,True,1.0,True,True
38SMB_01432_r8160_c960,9,0.2258134931325912,676.7185974121094,197.9437255859375,133952.2003450431,True,True,1.0,True,True
38SMB_01432_r8160_c960,10,0.1274876892566681,612.3793029785156,139.510498046875,85433.34155213088,True,True,1.0,True,True
38SMB_01432_r8160_c960,11,0.1051436215639114,213.538818359375,380.6884765625,81291.76744818687,True,True,1.0,True,True
38SMB_01432_r8160_c960,12,0.1016530096530914,282.989501953125,811.934814453125,229769.0287604928,True,True,1.0,True,True
38SMB_01433_r8160_c1200,0,0.5713286995887756,797.5302124023438,912.3672485351562,727640.4455131851,True,True,1.0,True,True
38SMB_01433_r8160_c1200,1,0.4940019249916076,402.22412109375,421.8182373046875,169665.4697611928,True,True,1.0,True,True
38SMB_01433_r8160_c1200,2,0.4343036115169525,728.2759094238281,674.481201171875,491208.41017272323,True,True,1.0,True,True
38SMB_01433_r8160_c1200,3,0.3100595474243164,1088.2876586914062,704.96826171875,767208.258997649,True,True,1.0,True,True
38SMB_01433_r8160_c1200,4,0.2585500478744507,1017.7584838867188,966.8466186523438,984016.3487506099,True,True,1.0,True,True
38SMB_01433_r8160_c1200,5,0.196723535656929,181.40289306640625,474.1107177734375,86005.055837892,True,True,1.0,True,True
38SMB_01433_r8160_c1200,6,0.1044680923223495,404.44091796875,647.5255584716797,261885.83127651364,True,True,1.0,True,True
38SMB_01434_r8160_c1440,0,0.5278216600418091,405.8383369445801,424.30908203125,172200.8922020439,True,True,1.0,True,True
38SMB_01434_r8160_c1440,1,0.3161220252513885,1042.5006103515625,1058.6581420898438,1103651.7592823133,True,True,1.0,True,True
38SMB_01434_r8160_c1440,2,0.1325345784425735,686.4907073974609,990.7757568359375,680158.3501825575,True,True,1.0,True,True
38SMB_01434_r8160_c1440,3,0.1029209271073341,463.43719482421875,194.117431640625,89961.2379860133,True,True,1.0,True,True
38SMB_01435_r8160_c1680,0,0.688075840473175,597.244873046875,391.1116409301758,233589.4223344978,True,True,1.0,True,True
38SMB_01435_r8160_c1680,1,0.265760600566864,427.7020263671875,431.24759674072266,184445.4709919868,True,True,1.0,True,True
38SMB_01435_r8160_c1680,2,0.1998332887887954,411.1031723022461,820.2294921875,337198.9462541416,True,True,1.0,True,True
38SMB_01435_r8160_c1680,3,0.11141999065876,325.4046630859375,834.6264266967773,271591.33118188474,True,True,1.0,True,True
38SMB_01436_r8160_c1920,0,0.2929927110671997,487.82073974609375,492.95654296875,240474.42545369267,True,True,1.0,True,True
38SMB_01436_r8160_c1920,1,0.1933057159185409,1125.9829330444336,1131.072998046875,1273568.8918281812,True,True,1.0,True,True
38SMB_01436_r8160_c1920,2,0.1576632708311081,718.5362243652344,1269.9891662597656,912533.2205090439,True,True,1.0,True,True
38SMB_01436_r8160_c1920,3,0.1405038982629776,560.5322265625,332.254638671875,186239.432400465,True,True,1.0,True,True
38SMB_01437_r8160_c2160,0,0.1970020532608032,1524.873046875,1518.9415740966797,2316193.0661179125,True,True,1.0,True,True
38SMB_01437_r8160_c2160,1,0.1153831481933593,277.3829650878906,505.2850341796875,140157.46099529788,True,True,1.0,True,True
38SMB_01437_r8160_c2160,2,0.1021350100636482,1226.5853881835938,1292.0193481445312,1584772.0536845736,True,True,1.0,True,True
38SMB_01439_r8160_c2640,0,0.6802940368652344,603.287353515625,617.7029418945312,372652.37307436764,True,True,1.0,True,True
38SMB_01440_r8160_c2880,0,0.5085415840148926,523.48388671875,539.97314453125,282667.2404229641,True,True,1.0,True,True
38SMB_01440_r8160_c2880,1,0.1866293847560882,745.5039978027344,819.43359375,610891.0200744867,True,True,1.0,True,True
38SMB_01440_r8160_c2880,2,0.1338794231414795,108.48048210144043,402.415771484375,43654.256895848084,True,True,1.0,True,True
38SMB_01440_r8160_c2880,3,0.1176882833242416,457.53387451171875,554.5596313476562,253729.81677828357,True,True,1.0,True,True
38SMB_01440_r8160_c2880,4,0.1147729605436325,141.01505279541016,709.8395538330078,100098.06216003199,True,True,1.0,True,True
38SMB_01440_r8160_c2880,5,0.1027483791112899,799.7258758544922,1371.6238403320312,1096923.0770524358,True,True,1.0,True,True
38SMB_01440_r8160_c2880,6,0.1008906438946724,460.030517578125,539.317626953125,248102.56706625223,True,True,1.0,True,True
38SMB_01441_r8160_c3120,0,0.5701022744178772,818.724365234375,493.8003158569336,404286.35015250184,True,True,1.0,True,True
38SMB_01441_r8160_c3120,1,0.3310178220272064,583.3038330078125,352.0716857910156,205364.7638154216,True,True,1.0,True,True
38SMB_01441_r8160_c3120,2,0.2457248568534851,610.4962921142578,630.440673828125,384881.69377008453,True,True,1.0,True,True
38SMB_01441_r8160_c3120,3,0.235408142209053,1021.2884521484375,882.064208984375,900841.9906891882,True,True,1.0,True,True
38SMB_01441_r8160_c3120,4,0.1770326942205429,710.0593566894531,818.0224227905273,580844.4752841897,True,True,1.0,True,True
38SMB_01442_r8160_c3360,0,0.6117177605628967,815.02197265625,507.9655456542969,414003.08106057346,True,True,1.0,True,True
38SMB_01442_r8160_c3360,1,0.2432203590869903,650.3878784179688,628.4468841552734,408734.2356841313,True,True,1.0,True,True
38SMB_01442_r8160_c3360,2,0.2080959230661392,800.3103637695312,708.8788604736328,567323.0986941839,True,True,1.0,True,True
38SMB_01442_r8160_c3360,3,0.1184524968266487,623.63037109375,758.06640625,472753.23424339294,True,True,1.0,True,True
38SMB_01443_r8160_c3600,0,0.8089672923088074,591.6131591796875,624.3148803710938,369352.89869923145,True,True,1.0,True,True
38SMB_01443_r8160_c3600,1,0.4061342179775238,502.2454833984375,352.3749542236328,176978.72922155075,True,True,1.0,True,True
38SMB_01443_r8160_c3600,2,0.3931469917297363,890.7199096679688,544.6121597290039,485096.8937178957,True,True,1.0,True,True
38SMB_01443_r8160_c3600,3,0.2703013122081756,404.17213439941406,721.64306640625,291668.01842395216,True,True,1.0,True,True
38SMB_01443_r8160_c3600,4,0.2196253836154937,669.8893737792969,628.1750869750977,420807.8156375035,True,True,1.0,True,True
38SMB_01443_r8160_c3600,5,0.2062669992446899,490.653076171875,504.8846435546875,247723.20347204804,True,True,1.0,True,True
38SMB_01444_r8160_c3840,0,0.5284716486930847,764.1121292114258,400.95428466796875,306374.03217408573,True,True,1.0,True,True
38SMB_01444_r8160_c3840,1,0.2187353670597076,511.40520095825195,514.7573852539062,263249.60405051825,True,True,1.0,True,True
38SMB_01444_r8160_c3840,2,0.1498951017856598,441.8475341796875,524.9835205078125,231962.67402134836,True,True,1.0,True,True
38SMB_01444_r8160_c3840,3,0.1173645108938217,184.7150421142578,688.9031219482422,127250.76918331324,True,True,1.0,True,True
38SMB_01445_r8160_c4080,0,0.2867167890071869,493.85589599609375,507.7569580078125,250758.7674451992,True,True,1.0,True,True
38SMB_01446_r8160_c4320,0,0.5775545835494995,459.298095703125,311.058349609375,142868.50762814283,True,True,1.0,True,True
38SMB_01446_r8160_c4320,1,0.4494421780109405,417.54486083984375,416.04705810546875,173718.31097947434,True,True,1.0,True,True
38SMB_01446_r8160_c4320,2,0.4128701388835907,596.263427734375,601.8254089355469,358846.48122955114,True,True,1.0,True,True
38SMB_01446_r8160_c4320,3,0.3393578231334686,366.5264892578125,371.3934326171875,136125.53099058568,True,True,1.0,True,True
38SMB_01446_r8160_c4320,4,0.2406076937913894,215.7867431640625,257.3663330078125,55536.24279983342,True,True,1.0,True,True
38SMB_01446_r8160_c4320,5,0.2171380668878555,583.0006408691406,341.6564178466797,199185.91056166915,True,True,1.0,True,True
38SMB_01446_r8160_c4320,6,0.1531019955873489,751.8316650390625,761.7987060546875,572744.389597699,True,True,1.0,True,True
38SMB_01446_r8160_c4320,7,0.1321042031049728,808.29345703125,893.0242919921875,721825.6921872497,True,True,1.0,True,True
38SMB_01447_r8160_c4560,0,0.8489533066749573,525.8990478515625,543.0114936828613,285569.2275002715,True,True,1.0,True,True
38SMB_01447_r8160_c4560,1,0.6845544576644897,678.4841537475586,325.345458984375,220741.7384146247,True,True,1.0,True,True
38SMB_01447_r8160_c4560,2,0.5699992179870605,446.2661933898926,310.372314453125,138508.67130460683,True,True,1.0,True,True
38SMB_01447_r8160_c4560,3,0.4570434689521789,766.5966796875,867.0741271972656,664696.1469523609,True,True,1.0,True,True
38SMB_01447_r8160_c4560,4,0.4397338330745697,802.0973205566406,1047.1271514892578,839897.8824916412,True,True,1.0,True,True
38SMB_01447_r8160_c4560,5,0.4012862145900726,585.2996826171875,176.62109375,103376.27011537552,True,True,1.0,True,True
38SMB_01447_r8160_c4560,6,0.3191632330417633,479.365234375,136.54052734375,65452.781891822815,True,True,1.0,True,True
38SMB_01447_r8160_c4560,7,0.3190465867519378,360.8641052246094,365.25177001953125,131806.25316980295,True,True,1.0,True,True
38SMB_01447_r8160_c4560,8,0.3034305870532989,708.7445068359375,753.18359375,533814.7347092628,True,True,1.0,True,True
38SMB_01447_r8160_c4560,9,0.2289414703845977,596.0346221923828,343.29586029052734,204616.2183884735,True,True,1.0,True,True
38SMB_01447_r8160_c4560,10,0.2147837281227111,603.5595703125,469.9554443359375,283646.10604941845,True,True,1.0,True,True
38SMB_01447_r8160_c4560,11,0.1994893997907638,582.7072143554688,631.9898986816406,368265.07336157374,True,True,1.0,True,True
38SMB_01447_r8160_c4560,12,0.1567936539649963,95.6814956665039,428.41278076171875,40991.17562592728,True,True,1.0,True,True
38SMB_01447_r8160_c4560,13,0.1360177993774414,643.1137084960938,236.0028076171875,151776.64082217962,True,True,1.0,True,True
38SMB_01447_r8160_c4560,14,0.105283185839653,301.51611328125,145.172119140625,43771.73312008381,True,True,1.0,True,True
38SMB_01447_r8160_c4560,15,0.1035558208823204,369.8175048828125,356.8714141845703,131977.29595773853,True,True,1.0,True,True
38SMB_01448_r8160_c4800,0,0.481845498085022,954.6366119384766,1013.3393096923828,967370.805348811,True,True,1.0,True,True
38SMB_01448_r8160_c4800,1,0.4467050433158874,432.955322265625,423.30108642578125,183270.4582888633,True,True,1.0,True,True
38SMB_01448_r8160_c4800,2,0.3579890429973602,266.7556953430176,593.0591011047363,158201.8928946989,True,True,1.0,True,True
38SMB_01448_r8160_c4800,3,0.1679504364728927,291.3145065307617,827.4063110351562,241035.4611996445,True,True,1.0,True,True
38SMB_01448_r8160_c4800,4,0.15415920317173,819.6226501464844,1099.7317504882812,901365.0517854374,True,True,1.0,True,True
38SMB_01448_r8160_c4800,5,0.135025754570961,1287.9963684082031,968.4156799316406,1247315.878861514,True,True,1.0,True,True
38SMB_01448_r8160_c4800,6,0.1307239681482315,574.803466796875,615.455322265625,353765.8528968692,True,True,1.0,True,True
38SMB_01448_r8160_c4800,7,0.1221385151147842,304.9325752258301,147.63702392578125,45019.337904365966,True,True,1.0,True,True
38SMB_01449_r8160_c5040,0,0.1883155256509781,848.9901733398438,944.3048858642578,801705.5687355576,True,True,1.0,True,True
38SMB_01450_r8160_c5280,0,0.3707468509674072,890.1866912841797,978.3914184570312,870951.0195770999,True,True,1.0,True,True
38SMB_01450_r8160_c5280,1,0.3027311563491821,824.7366333007812,833.7225341796875,687601.515946351,True,True,1.0,True,True
38SMB_01450_r8160_c5280,2,0.2172832638025283,397.313232421875,380.6817626953125,151249.90166053176,True,True,1.0,True,True
38SMB_01450_r8160_c5280,3,0.2046610414981842,503.0363464355469,512.6922607421875,257902.84168953076,True,True,1.0,True,True
38SMB_01451_r8160_c5520,0,0.2160738855600357,389.1449737548828,376.1065673828125,146359.98029322363,True,True,1.0,True,True
38SMB_01453_r8160_c6000,0,0.5085482597351074,465.8441162109375,273.92473220825195,127606.22478387086,True,True,1.0,True,True
38SMB_01454_r8160_c6240,0,0.3329662680625915,417.8851318359375,407.8997802734375,170455.25345541537,True,True,1.0,True,True
38SMB_01454_r8160_c6240,1,0.2233854979276657,425.11962890625,421.6680908203125,179259.38229113817,True,True,1.0,True,True
38SMB_01454_r8160_c6240,2,0.1692551672458648,117.2735595703125,343.21014404296875,40249.47527255863,True,True,1.0,True,True
38SMB_01454_r8160_c6240,3,0.1295300424098968,597.041015625,575.780029296875,343764.2934679985,True,True,1.0,True,True
38SMB_01455_r8160_c6480,0,0.701633632183075,598.3888244628906,565.8408355712891,338592.83243060345,True,True,1.0,True,True
38SMB_01455_r8160_c6480,1,0.5628580451011658,413.560791015625,415.20538330078125,171712.66675181687,True,True,1.0,True,True
38SMB_01455_r8160_c6480,2,0.4719259738922119,411.968994140625,405.33203125,166984.22920703888,True,True,1.0,True,True
38SMB_01455_r8160_c6480,3,0.1298960894346237,416.19415283203125,414.58518981933594,172547.9318535654,True,True,1.0,True,True
38SMB_01456_r8160_c6720,0,0.734626293182373,743.802490234375,713.7420654296875,530883.1256516278,True,True,1.0,True,True
38SMB_01456_r8160_c6720,1,0.7003933191299438,658.2269287109375,696.3986206054688,458388.3251996711,True,True,1.0,True,True
38SMB_01456_r8160_c6720,2,0.4938651025295257,426.66412353515625,433.05419921875,184768.69035288692,True,True,1.0,True,True
38SMB_01456_r8160_c6720,3,0.4707320034503937,846.3739013671875,534.6842193603516,452542.76873948984,True,True,1.0,True,True
38SMB_01456_r8160_c6720,4,0.2974735200405121,414.42291259765625,420.27997970581055,174173.65329616587,True,True,1.0,True,True
38SMB_01457_r8160_c6960,0,0.456932932138443,790.0949096679688,531.0003662109375,419540.686375089,True,True,1.0,True,True
38SMB_01457_r8160_c6960,1,0.3836541175842285,282.5955009460449,391.8103218078613,110723.83416712364,True,True,1.0,True,True
38SMB_01457_r8160_c6960,2,0.3188295066356659,798.4222412109375,731.3934326171875,583960.7836771756,True,True,1.0,True,True
38SMB_01457_r8160_c6960,3,0.273569643497467,526.16943359375,556.9281005859375,293038.54323774576,True,True,1.0,True,True
38SMB_01458_r8160_c7200,0,0.8354461789131165,489.0748596191406,480.02044677734375,234765.93262194656,True,True,1.0,True,True
38SMB_01458_r8160_c7200,1,0.3766364455223083,454.4244384765625,449.16748046875,204112.68009394407,True,True,1.0,True,True
38SMB_01458_r8160_c7200,2,0.366843968629837,454.1790771484375,460.46051025390625,209131.52961041778,True,True,1.0,True,True
38SMB_01458_r8160_c7200,3,0.3138375580310821,458.59161376953125,450.638427734375,206659.00380127132,True,True,1.0,True,True
38SMB_01458_r8160_c7200,4,0.2630226016044616,722.8420257568359,648.7936401367188,468975.3091345774,True,True,1.0,True,True
38SMB_01458_r8160_c7200,5,0.1202521920204162,476.7547607421875,468.770751953125,223488.68769034743,True,True,1.0,True,True
38SMB_01459_r8160_c7440,0,0.3462709486484527,441.0795593261719,447.572021484375,197414.87000305206,True,True,1.0,True,True
38SMB_01459_r8160_c7440,1,0.3172950446605682,568.5379028320312,501.60369873046875,285180.7149290107,True,True,1.0,True,True
38SMB_01459_r8160_c7440,2,0.1006570532917976,131.83138847351074,508.36151123046875,67018.00387200492,True,True,1.0,True,True
38SMB_01460_r8160_c7680,0,0.4829556345939636,402.8431701660156,412.5342559814453,166186.60748164402,True,True,1.0,True,True
38SMB_01460_r8160_c7680,1,0.4587185382843017,559.6868896484375,585.1287841796875,327488.90926130116,True,True,1.0,True,True
38SMB_01460_r8160_c7680,2,0.1641104519367218,571.4422607421875,580.8213806152344,331905.8828261681,True,True,1.0,True,True
38SMB_01460_r8160_c7680,3,0.1512769311666488,609.4293212890625,334.097900390625,203609.0566791594,True,True,1.0,True,True
38SMB_01461_r8160_c7920,0,0.6347257494926453,509.6136474609375,505.43338775634766,257575.75228305068,True,True,1.0,True,True
38SMB_01461_r8160_c7920,1,0.5077751278877258,435.71571350097656,426.2158203125,185708.93025286496,True,True,1.0,True,True
38SMB_01461_r8160_c7920,2,0.2701561152935028,673.040771484375,268.96949768066406,181027.43822475895,True,True,1.0,True,True
38SMB_01461_r8160_c7920,3,0.1708455979824066,545.93994140625,229.47065353393555,125277.19514477067,True,True,1.0,True,True
38SMB_01461_r8160_c7920,4,0.1607673466205597,195.947265625,596.6228485107422,116906.61577507854,True,True,1.0,True,True
38SMB_01461_r8160_c7920,5,0.1012281477451324,884.3862915039062,322.6390838623047,285337.58287120145,True,True,1.0,True,True
38SMB_01462_r8160_c8160,0,0.329765647649765,767.6812744140625,799.27001953125,613584.6271947026,True,True,1.0,True,True
38SMB_01462_r8160_c8160,1,0.3276103138923645,510.8929443359375,363.87908935546875,185903.25934309512,True,True,1.0,True,True
38SMB_01462_r8160_c8160,2,0.2162370830774307,571.2559509277344,515.8935546875,294707.26316049695,True,True,1.0,True,True
38SMB_01462_r8160_c8160,3,0.1837387531995773,649.8324584960938,738.6552429199219,480002.1524876822,True,True,1.0,True,True
38SMB_01462_r8160_c8160,4,0.147515058517456,824.5928955078125,846.2689208984375,697827.3398619145,True,True,1.0,True,True
38SMB_01462_r8160_c8160,5,0.1092533394694328,913.7579345703125,946.5153503417969,864885.911567416,True,True,1.0,True,True
38SMB_01463_r8160_c8400,0,0.332816332578659,749.0899658203125,320.8056640625,240312.30392754078,True,True,1.0,True,True
38SMB_01466_r8160_c9120,0,0.4872757494449615,814.661865234375,791.7695617675781,645024.4680253789,True,True,1.0,True,True
38SMB_01466_r8160_c9120,1,0.1367766410112381,676.7271423339844,672.779541015625,455288.17621227354,True,True,1.0,True,True
38SMB_01466_r8160_c9120,2,0.1047850176692009,997.0896911621094,934.2980194091797,931578.9236260694,True,True,1.0,True,True
38SMB_01467_r8160_c9360,0,0.4651098549365997,618.3313751220703,791.4324951171875,489367.54302210175,True,True,1.0,True,True
38SMB_01468_r8160_c9600,0,0.4897761046886444,341.5577697753906,338.90899658203125,115757.00102937408,True,True,1.0,True,True
38SMB_01468_r8160_c9600,1,0.1427569091320037,464.4097900390625,490.9759521484375,228014.03885148466,True,True,1.0,True,True
38SMB_01469_r8160_c9680,0,0.490033894777298,342.75468826293945,339.970703125,116526.55236814171,True,True,1.0,True,True
38SMB_01469_r8160_c9680,1,0.1428472697734832,466.0374450683594,492.04833984375,229312.95115090907,True,True,1.0,True,True
38SMB_01470_r8400_c0,0,0.1213520914316177,817.626953125,843.6996459960938,689831.5709084272,True,True,1.0,True,True
38SMB_01471_r8400_c240,0,0.304633766412735,533.5235595703125,528.69140625,282069.32097673416,True,True,1.0,True,True
38SMB_01471_r8400_c240,1,0.210277646780014,874.0814971923828,804.26513671875,702993.2748427615,True,True,1.0,True,True
38SMB_01471_r8400_c240,2,0.1240445673465728,800.1678466796875,755.9970092773438,604924.4990097359,True,True,1.0,True,True
38SMB_01472_r8400_c480,0,0.7549769282341003,376.346435546875,478.49334716796875,180079.26563955843,True,True,1.0,True,True
38SMB_01472_r8400_c480,1,0.545105516910553,483.4722900390625,486.1347961425781,235032.70315872505,True,True,1.0,True,True
38SMB_01472_r8400_c480,2,0.2591739892959595,148.73779296875,365.386962890625,54346.85043990612,True,True,1.0,True,True
38SMB_01472_r8400_c480,3,0.1664500683546066,437.6336669921875,495.38604736328125,216797.61248435825,True,True,1.0,True,True
38SMB_01472_r8400_c480,4,0.1061654612421989,591.9264221191406,206.8198013305664,122422.10502499365,True,True,1.0,True,True
38SMB_01473_r8400_c720,0,0.8135817646980286,464.9148941040039,482.205810546875,224184.66334673576,True,True,1.0,True,True
38SMB_01473_r8400_c720,1,0.779679536819458,774.0735626220703,685.28564453125,530461.5002760664,True,True,1.0,True,True
38SMB_01473_r8400_c720,2,0.6273993849754333,848.3718872070312,788.7322998046875,669138.3096864447,True,True,1.0,True,True
38SMB_01473_r8400_c720,3,0.5976026654243469,527.3033142089844,522.5049209594727,275518.57651243336,True,True,1.0,True,True
38SMB_01473_r8400_c720,4,0.5490443110466003,489.0818214416504,490.19256591796875,239744.27299631643,True,True,1.0,True,True
38SMB_01473_r8400_c720,5,0.3980975449085235,558.0157089233398,509.2010498046875,284142.1847912716,True,True,1.0,True,True
38SMB_01473_r8400_c720,6,0.1377924084663391,1064.9634552001953,992.85888671875,1057358.4305262193,True,True,1.0,True,True
38SMB_01473_r8400_c720,7,0.1207721829414367,571.6780853271484,220.5507469177246,126084.02871539729,True,True,1.0,True,True
38SMB_01473_r8400_c720,8,0.1082803979516029,1292.9376983642578,1202.1566772460938,1554313.6873517884,True,True,1.0,True,True
38SMB_01473_r8400_c720,9,0.1034687384963035,259.5855712890625,606.5435791015625,157449.96149279177,True,True,1.0,True,True
38SMB_01474_r8400_c960,0,0.6837157011032104,644.2584228515625,669.5333099365234,431352.47430629097,True,True,1.0,True,True
38SMB_01474_r8400_c960,1,0.5992878675460815,731.63330078125,1020.1353454589844,746364.9900417775,True,True,1.0,True,True
38SMB_01474_r8400_c960,2,0.4009082019329071,1094.7950744628906,1051.7590713500977,1151460.6508357509,True,True,1.0,True,True
38SMB_01474_r8400_c960,3,0.3028481602668762,533.885498046875,524.9765014648438,280277.3409474641,True,True,1.0,True,True
38SMB_01474_r8400_c960,4,0.2854355573654175,405.8665466308594,183.58495712280273,74510.99256080633,True,True,1.0,True,True
38SMB_01474_r8400_c960,5,0.2556568682193756,679.9932861328125,650.7650756835938,442515.88231455535,True,True,1.0,True,True
38SMB_01474_r8400_c960,6,0.1126817986369133,688.1802368164062,681.94580078125,469301.6226775944,True,True,1.0,True,True
38SMB_01475_r8400_c1200,0,0.4635781645774841,1007.3542785644531,952.049560546875,959051.1982223019,True,True,1.0,True,True
38SMB_01475_r8400_c1200,1,0.3691034317016601,237.63916015625,503.8371276855469,119731.43187873065,True,True,1.0,True,True
38SMB_01475_r8400_c1200,2,0.353671669960022,432.0538330078125,245.29973983764648,105982.69283267437,True,True,1.0,True,True
38SMB_01475_r8400_c1200,3,0.3263165950775146,840.47607421875,708.0729675292969,595118.3880094439,True,True,1.0,True,True
38SMB_01475_r8400_c1200,4,0.10794647783041,716.4213562011719,980.975341796875,702791.6847700253,True,True,1.0,True,True
38SMB_01476_r8400_c1440,0,0.566450834274292,512.34619140625,540.6114196777344,276980.20190261304,True,True,1.0,True,True
38SMB_01476_r8400_c1440,1,0.3770766258239746,415.43487548828125,241.82353973388672,100461.93211948266,True,True,1.0,True,True
38SMB_01476_r8400_c1440,2,0.1436947137117386,524.2584228515625,682.9568481445312,358045.880083926,True,True,1.0,True,True
38SMB_01476_r8400_c1440,3,0.1076117306947708,403.7518310546875,556.126708984375,224537.17705085874,True,True,1.0,True,True
38SMB_01478_r8400_c1920,0,0.4037075638771057,457.95166015625,402.1222686767578,184152.56052631885,True,True,1.0,True,True
38SMB_01478_r8400_c1920,1,0.2179350107908249,692.9351806640625,802.7561950683594,556258.009058889,True,True,1.0,True,True
38SMB_01478_r8400_c1920,2,0.2064981013536453,661.1792755126953,459.9749755859375,304125.92111187987,True,True,1.0,True,True
38SMB_01479_r8400_c2160,0,0.1316646188497543,974.3875122070312,859.4685363769531,837455.4089805577,True,True,1.0,True,True
38SMB_01480_r8400_c2400,0,0.2096211612224578,1318.0966186523438,1375.3533935546875,1812848.6574964598,True,True,1.0,True,True
38SMB_01480_r8400_c2400,1,0.1728037148714065,667.838134765625,326.66290283203125,218157.94372446835,True,True,1.0,True,True
38SMB_01480_r8400_c2400,2,0.1382341384887695,131.9818115234375,428.070068359375,56497.46308103204,True,True,1.0,True,True
38SMB_01480_r8400_c2400,3,0.1152198761701583,1497.0809936523438,1451.455078125,2172945.810601115,True,True,1.0,True,True
38SMB_01480_r8400_c2400,4,0.1143706515431404,790.4293823242188,814.2100524902344,643575.5488720257,True,True,1.0,True,True
38SMB_01481_r8400_c2640,0,0.7466511726379395,756.0221862792969,722.0309448242188,545871.4134673122,True,True,1.0,True,True
38SMB_01481_r8400_c2640,1,0.2239529192447662,863.9786529541016,1329.0719604492188,1148289.802067983,True,True,1.0,True,True
38SMB_01481_r8400_c2640,2,0.1399541497230529,1488.831787109375,1304.2037963867188,1941740.06892927,True,True,1.0,True,True
38SMB_01481_r8400_c2640,3,0.137571319937706,511.7803955078125,179.4524383544922,91840.23987590335,True,True,1.0,True,True
38SMB_01482_r8400_c2880,0,0.8265669345855713,701.920166015625,679.3743896484375,476866.58436879516,True,True,1.0,True,True
38SMB_01482_r8400_c2880,1,0.5953314900398254,392.4835205078125,400.740966796875,157284.2254601419,True,True,1.0,True,True
38SMB_01482_r8400_c2880,2,0.5828372836112976,524.7247314453125,515.1841735839844,270329.87712873146,True,True,1.0,True,True
38SMB_01483_r8400_c3120,0,0.7893428206443787,478.16162109375,497.99896240234375,238123.99116531014,True,True,1.0,True,True
38SMB_01483_r8400_c3120,1,0.7622063159942627,812.0372009277344,850.0717163085938,690289.8570990656,True,True,1.0,True,True
38SMB_01483_r8400_c3120,2,0.6175583600997925,723.870849609375,681.0168838500977,492968.27031089924,True,True,1.0,True,True
38SMB_01483_r8400_c3120,3,0.5828161239624023,601.9995880126953,420.7244873046875,253275.96802427433,True,True,1.0,True,True
38SMB_01483_r8400_c3120,4,0.5293968319892883,621.9598388671875,619.7991180419922,385490.1595874224,True,True,1.0,True,True
38SMB_01483_r8400_c3120,5,0.2919429540634155,604.9512481689453,638.8546752929688,386475.9332170477,True,True,1.0,True,True
38SMB_01483_r8400_c3120,6,0.2537650763988495,426.627197265625,444.81689453125,189770.9850102663,True,True,1.0,True,True
38SMB_01483_r8400_c3120,7,0.2124510109424591,750.5746459960938,310.83749771118164,233306.74480688176,True,True,1.0,True,True
38SMB_01483_r8400_c3120,8,0.1955388784408569,324.77294921875,117.330322265625,38105.7147949934,True,True,1.0,True,True
38SMB_01483_r8400_c3120,9,0.1647254973649978,997.8998184204102,994.5513916015625,992462.6530889655,True,True,1.0,True,True
38SMB_01483_r8400_c3120,10,0.1504037827253341,380.9576416015625,144.0185546875,54864.968940615654,True,True,1.0,True,True
38SMB_01484_r8400_c3360,0,0.8301953673362732,535.3802490234375,576.923828125,308873.62276911736,True,True,1.0,True,True
38SMB_01484_r8400_c3360,1,0.8071725964546204,647.2100067138672,759.43115234375,491511.44120711833,True,True,1.0,True,True
38SMB_01484_r8400_c3360,2,0.4515452980995178,502.3223876953125,455.98873138427734,229053.34831110667,True,True,1.0,True,True
38SMB_01484_r8400_c3360,3,0.1183444932103157,795.1283264160156,628.1153869628906,499432.33643195126,True,True,1.0,True,True
38SMB_01485_r8400_c3600,0,0.3204440474510193,706.278076171875,661.5110778808594,467210.77145207673,True,True,1.0,True,True
38SMB_01485_r8400_c3600,1,0.2997905910015106,281.8809127807617,465.73619842529297,131282.14472716354,True,True,1.0,True,True
38SMB_01486_r8400_c3840,0,0.4068380296230316,795.41015625,504.2962646484375,401122.370660305,True,True,1.0,True,True
38SMB_01486_r8400_c3840,1,0.2901894748210907,316.1724853515625,586.3328552246094,185382.31607964262,True,True,1.0,True,True
38SMB_01486_r8400_c3840,2,0.1925611346960067,289.835205078125,443.084716796875,128421.5497598052,True,True,1.0,True,True
38SMB_01486_r8400_c3840,3,0.1293127238750457,402.646484375,497.513427734375,200322.03260660172,True,True,1.0,True,True
38SMB_01487_r8400_c4080,0,0.3722971379756927,1127.3727416992188,1006.905517578125,1135157.8339841217,True,True,1.0,True,True
38SMB_01487_r8400_c4080,1,0.3685579299926758,929.7157287597656,934.6348571777344,868944.7273652768,True,True,1.0,True,True
38SMB_01487_r8400_c4080,2,0.3401790261268616,490.6089782714844,487.08690643310547,238969.20949456398,True,True,1.0,True,True
38SMB_01487_r8400_c4080,3,0.3390878438949585,568.9730834960938,574.8257446289062,327060.37639444694,True,True,1.0,True,True
38SMB_01487_r8400_c4080,4,0.3129175007343292,508.9749526977539,496.23779296875,252572.60720310733,True,True,1.0,True,True
38SMB_01487_r8400_c4080,5,0.2369350641965866,709.2410278320312,615.6243896484375,436626.0748727247,True,True,1.0,True,True
38SMB_01487_r8400_c4080,6,0.2119513005018234,631.6738891601562,658.2549285888672,415802.45080057066,True,True,1.0,True,True
38SMB_01487_r8400_c4080,7,0.1579666584730148,1295.6130981445312,626.05224609375,811121.490161866,True,True,1.0,True,True
38SMB_01487_r8400_c4080,8,0.1009693965315818,278.9493656158447,261.29180908203125,72887.18438404903,True,True,1.0,True,True
38SMB_01488_r8400_c4320,0,0.7426360845565796,509.228515625,537.8152847290039,273870.8791229874,True,True,1.0,True,True
38SMB_01488_r8400_c4320,1,0.5637962818145752,683.0368041992188,688.50830078125,470276.50943025947,True,True,1.0,True,True
38SMB_01488_r8400_c4320,2,0.498145580291748,625.9375,545.38330078125,341375.8598327637,True,True,1.0,True,True
38SMB_01488_r8400_c4320,3,0.3933463394641876,713.4872436523438,883.9633178710938,630696.5511576273,True,True,1.0,True,True
38SMB_01488_r8400_c4320,4,0.3533408343791961,199.27490234375,452.7865219116211,90228.98993650451,True,True,1.0,True,True
38SMB_01488_r8400_c4320,5,0.2234058380126953,443.89892578125,416.0853576660156,184699.84330125153,True,True,1.0,True,True
38SMB_01488_r8400_c4320,6,0.2089999616146087,1161.4201354980469,817.9368591308594,949968.3377606096,True,True,1.0,True,True
38SMB_01489_r8400_c4560,0,0.9055310487747192,549.1510009765625,518.4855651855469,284726.8671135418,True,True,1.0,True,True
38SMB_01489_r8400_c4560,1,0.8884826302528381,554.5857238769531,519.1937637329102,287937.44929221575,True,True,1.0,True,True
38SMB_01489_r8400_c4560,2,0.7133610248565674,453.06915283203125,498.5189437866211,225863.55553212343,True,True,1.0,True,True
38SMB_01489_r8400_c4560,3,0.3232810795307159,672.1368408203125,596.4258575439453,400879.79167313315,True,True,1.0,True,True
38SMB_01489_r8400_c4560,4,0.2205435335636139,482.9704284667969,406.13529205322266,196151.33601843263,True,True,1.0,True,True
38SMB_01489_r8400_c4560,5,0.1599469631910324,479.39937591552734,826.1785888671875,396069.49989770073,True,True,1.0,True,True
38SMB_01489_r8400_c4560,6,0.1283946633338928,349.425048828125,704.37744140625,246127.12185680866,True,True,1.0,True,True
38SMB_01489_r8400_c4560,7,0.109909102320671,818.9514923095703,815.8966064453125,668179.7434187029,True,True,1.0,True,True
38SMB_01489_r8400_c4560,8,0.100858986377716,336.51123046875,244.80291366577148,82378.92970000394,True,True,1.0,True,True
38SMB_01490_r8400_c4800,0,0.3864685297012329,418.7538528442383,774.0097045898438,324119.5459358278,True,True,1.0,True,True
38SMB_01491_r8400_c5040,0,0.3181021213531494,291.8546676635742,617.0681762695312,180094.22751091188,True,True,1.0,True,True
38SMB_01491_r8400_c5040,1,0.1900350600481033,903.0865478515625,1184.7891235351562,1069967.1195054427,True,True,1.0,True,True
38SMB_01491_r8400_c5040,2,0.1329464316368103,453.406982421875,468.165283203125,212269.40833181143,True,True,1.0,True,True
38SMB_01492_r8400_c5280,0,0.4336680769920349,537.7175521850586,321.3926696777344,172818.47962933243,True,True,1.0,True,True
38SMB_01492_r8400_c5280,1,0.2218764722347259,396.3848876953125,378.6201477050781,150079.30472726002,True,True,1.0,True,True
38SMB_01492_r8400_c5280,2,0.1820564270019531,571.6998291015625,651.7767333984375,372620.6470962614,True,True,1.0,True,True
38SMB_01492_r8400_c5280,3,0.1458149701356887,1476.3951110839844,1335.5197143554688,1971754.7770306934,True,True,1.0,True,True
38SMB_01492_r8400_c5280,4,0.1338693648576736,258.792724609375,253.21502685546875,65530.20671196282,True,True,1.0,True,True
38SMB_01493_r8400_c5520,0,0.2177545726299286,389.67628479003906,375.08893966674805,146163.2644751735,True,True,1.0,True,True
38SMB_01493_r8400_c5520,1,0.1771271228790283,704.34814453125,653.807373046875,460508.0100864172,True,True,1.0,True,True
38SMB_01493_r8400_c5520,2,0.1230614855885505,97.59523391723633,410.9480285644531,40106.56897557492,True,True,1.0,True,True
38SMB_01493_r8400_c5520,3,0.1224716454744339,83.08143615722656,298.88671875,24831.937842071056,True,True,1.0,True,True
38SMB_01494_r8400_c5760,0,0.3636133372783661,495.4925537109375,483.8275146484375,239732.93078877032,True,True,1.0,True,True
38SMB_01494_r8400_c5760,1,0.1886843144893646,883.6068725585938,767.449951171875,678124.051200226,True,True,1.0,True,True
38SMB_01498_r8400_c6720,0,0.5753645896911621,734.3104553222656,567.6507949829102,416831.9137279468,True,True,1.0,True,True
38SMB_01498_r8400_c6720,1,0.5260934829711914,427.37945556640625,399.7431182861328,170841.99625954498,True,True,1.0,True,True
38SMB_01498_r8400_c6720,2,0.3214556276798248,513.753662109375,529.2254638671875,271891.5201433003,True,True,1.0,True,True
38SMB_01499_r8400_c6960,0,0.5739337801933289,654.698486328125,682.5663757324219,446875.17301049083,True,True,1.0,True,True
38SMB_01499_r8400_c6960,1,0.2356978207826614,659.8809814453125,510.6591796875,336974.2806762457,True,True,1.0,True,True
38SMB_01499_r8400_c6960,2,0.1574710309505462,747.40966796875,959.9737548828125,717493.6653956771,True,True,1.0,True,True
38SMB_01499_r8400_c6960,3,0.1247839927673339,490.2001953125,423.68896484375,207692.4133181572,True,True,1.0,True,True
38SMB_01499_r8400_c6960,4,0.1180822998285293,692.9180908203125,790.1548767089844,547512.6086215489,True,True,1.0,True,True
38SMB_01500_r8400_c7200,0,0.2770135998725891,456.405029296875,450.3636169433594,205548.21978528053,True,True,1.0,True,True
38SMB_01500_r8400_c7200,1,0.228798508644104,1146.9477081298828,1072.8392028808594,1230490.464936092,True,True,1.0,True,True
38SMB_01500_r8400_c7200,2,0.1602472960948944,457.646484375,230.25829315185547,105376.8983591348,True,True,1.0,True,True
38SMB_01500_r8400_c7200,3,0.1448012888431549,468.9385986328125,446.62776947021484,209441.0003258614,True,True,1.0,True,True
38SMB_01501_r8400_c7440,0,0.6673943996429443,473.29345703125,271.57470703125,128534.53193306923,True,True,1.0,True,True
38SMB_01501_r8400_c7440,1,0.1691126078367233,670.4662322998047,211.5595245361328,141843.51732287905,True,True,1.0,True,True
38SMB_01501_r8400_c7440,2,0.1376313716173172,441.7523956298828,206.22859954833984,91101.9778978749,True,True,1.0,True,True
38SMB_01502_r8400_c7680,0,0.7363913655281067,495.16845703125,469.81201171875,232636.08893752098,True,True,1.0,True,True
38SMB_01502_r8400_c7680,1,0.4424460530281067,645.9736633300781,678.8660049438477,438529.5601238322,True,True,1.0,True,True
38SMB_01502_r8400_c7680,2,0.1601008027791977,565.6961059570312,216.602783203125,122531.35099746287,True,True,1.0,True,True
38SMB_01503_r8400_c7920,0,0.1052981466054916,516.2844848632812,530.419921875,273847.57612645626,True,True,1.0,True,True
38SMB_01504_r8400_c8160,0,0.3771725296974182,515.28564453125,737.3513793945312,379946.5807773173,True,True,1.0,True,True
38SMB_01504_r8400_c8160,1,0.3155589997768402,1049.1891479492188,972.7934265136719,1020644.3062944803,True,True,1.0,True,True
38SMB_01504_r8400_c8160,2,0.1308257579803466,835.2703857421875,750.8332824707031,627148.805477377,True,True,1.0,True,True
38SMB_01505_r8400_c8400,0,0.6652686595916748,606.8890380859375,616.3168334960938,374035.93023661524,True,True,1.0,True,True
38SMB_01505_r8400_c8400,1,0.3294291198253631,607.3728942871094,624.3545532226562,379216.0320521798,True,True,1.0,True,True
38SMB_01505_r8400_c8400,2,0.1336536109447479,630.7162475585938,698.4481811523438,440522.6159305312,True,True,1.0,True,True
38SMB_01505_r8400_c8400,3,0.131891667842865,1084.5054626464844,973.2477188110352,1055492.4675587972,True,True,1.0,True,True
38SMB_01506_r8400_c8640,0,0.3891519904136657,495.086669921875,589.102783203125,291656.93517774343,True,True,1.0,True,True
38SMB_01506_r8400_c8640,1,0.2790572941303253,596.3916015625,616.2774658203125,367542.704847455,True,True,1.0,True,True
38SMB_01507_r8400_c8880,0,0.7574490308761597,563.7811279296875,580.0718688964844,327033.5725267418,True,True,1.0,True,True
38SMB_01511_r8400_c9680,0,0.3667875230312347,466.707763671875,126.9268798828125,59237.76025995612,True,True,1.0,True,True
38SMB_01511_r8400_c9680,1,0.3509997129440307,574.42138671875,161.56494140625,92806.35768771172,True,True,1.0,True,True
38SMB_01511_r8400_c9680,2,0.126606211066246,820.2037048339844,186.680908203125,153116.37252997607,True,True,1.0,True,True
38SMB_01513_r8640_c240,0,0.2284991294145584,594.1680908203125,447.3289108276367,265788.5649151867,True,True,1.0,True,True
38SMB_01514_r8640_c480,0,0.1155968457460403,653.3275985717773,581.1444091796875,379677.6812727796,True,True,1.0,True,True
38SMB_01515_r8640_c720,0,0.2213996052742004,571.2026977539062,532.9946899414062,304448.00478303805,True,True,1.0,True,True
38SMB_01515_r8640_c720,1,0.2189448624849319,707.7581787109375,795.035400390625,562692.8069911897,True,True,1.0,True,True
38SMB_01515_r8640_c720,2,0.1614962518215179,422.2167205810547,436.6645050048828,184367.05529731116,True,True,1.0,True,True
38SMB_01515_r8640_c720,3,0.1106449738144874,255.67718505859375,602.364501953125,154010.8602385968,True,True,1.0,True,True
38SMB_01515_r8640_c720,4,0.1052740216255188,439.6856689453125,408.7115478515625,179704.61032278836,True,True,1.0,True,True
38SMB_01516_r8640_c960,0,0.1291887015104293,1120.2882385253906,502.34195709228516,562767.7862483135,True,True,1.0,True,True
38SMB_01518_r8640_c1440,0,0.3099485635757446,1269.2840576171875,1288.1478881835938,1635025.578324683,True,True,1.0,True,True
38SMB_01518_r8640_c1440,1,0.1609310805797577,1608.814697265625,1696.7156982421875,2729701.1524133384,True,True,1.0,True,True
38SMB_01518_r8640_c1440,2,0.1249700859189033,464.5343017578125,447.803955078125,208020.29759660363,True,True,1.0,True,True
38SMB_01518_r8640_c1440,3,0.1076263114809989,1168.8632202148438,1077.1939086914062,1259092.3409088515,True,True,1.0,True,True
38SMB_01519_r8640_c1680,0,0.3246022164821625,821.3069152832031,1291.5939331054688,1060795.0289973523,True,True,1.0,True,True
38SMB_01519_r8640_c1680,1,0.1474201530218124,749.541015625,782.5656127929688,586565.0242060423,True,True,1.0,True,True
38SMB_01520_r8640_c1920,0,0.4566885232925415,669.55078125,669.8816680908203,448519.79421526194,True,True,1.0,True,True
38SMB_01520_r8640_c1920,1,0.4535350501537323,818.0523681640625,551.378173828125,451056.22085407376,True,True,1.0,True,True
38SMB_01520_r8640_c1920,2,0.2961637079715729,451.65504455566406,936.8594360351562,423137.2903248528,True,True,1.0,True,True
38SMB_01521_r8640_c2160,0,0.5027194023132324,624.1177368164062,546.4544677734375,341051.9256999716,True,True,1.0,True,True
38SMB_01521_r8640_c2160,1,0.2252587229013443,1030.9521484375,560.2960205078125,577638.3861035109,True,True,1.0,True,True
38SMB_01521_r8640_c2160,2,0.1869177967309951,1267.0962524414062,1365.74951171875,1730536.0880725086,True,True,1.0,True,True
38SMB_01522_r8640_c2400,0,0.6665171384811401,772.249755859375,790.2226257324219,610249.229796417,True,True,1.0,True,True
38SMB_01522_r8640_c2400,1,0.3649407625198364,669.1983032226562,664.0902328491211,444408.05700937053,True,True,1.0,True,True
38SMB_01522_r8640_c2400,2,0.3339954018592834,724.2864990234375,288.983154296875,209306.59710243344,True,True,1.0,True,True
38SMB_01522_r8640_c2400,3,0.263631522655487,703.4471130371094,959.490966796875,674951.1505784467,True,True,1.0,True,True
38SMB_01522_r8640_c2400,4,0.2414201349020004,557.4142456054688,678.5910034179688,378256.2922448851,True,True,1.0,True,True
38SMB_01522_r8640_c2400,5,0.235373705625534,466.0028076171875,600.8041381835938,279976.4152215794,True,True,1.0,True,True
38SMB_01522_r8640_c2400,6,0.1716377735137939,441.2738037109375,515.2362060546875,227360.24045534432,True,True,1.0,True,True
38SMB_01522_r8640_c2400,7,0.1637474745512008,1082.7696228027344,354.205322265625,383522.76318427175,True,True,1.0,True,True
38SMB_01522_r8640_c2400,8,0.141266256570816,633.18115234375,216.08642578125,136821.85208201408,True,True,1.0,True,True
38SMB_01522_r8640_c2400,9,0.1398702263832092,1163.9755249023438,685.1211547851562,797464.2557627521,True,True,1.0,True,True
38SMB_01522_r8640_c2400,10,0.1226802170276641,625.9579467773438,751.568603515625,470450.33991895616,True,True,1.0,True,True
38SMB_01522_r8640_c2400,11,0.1218501105904579,1374.00634765625,1286.6082763671875,1767807.9386755824,True,True,1.0,True,True
38SMB_01522_r8640_c2400,12,0.1201247721910476,944.2280578613281,560.4656982421875,529207.4377491139,True,True,1.0,True,True
38SMB_01523_r8640_c2640,0,0.6107078194618225,402.0416259765625,574.454345703125,230954.55919578671,True,True,1.0,True,True
38SMB_01523_r8640_c2640,1,0.3906391561031341,626.6472625732422,258.1976318359375,161798.83919288404,True,True,1.0,True,True
38SMB_01523_r8640_c2640,2,0.1900305151939392,749.6908569335938,805.831298828125,604124.3569623679,True,True,1.0,True,True
38SMB_01523_r8640_c2640,3,0.1641246378421783,283.128662109375,289.5025634765625,81966.47347435355,True,True,1.0,True,True
38SMB_01523_r8640_c2640,4,0.1301169395446777,122.81014442443848,319.3121337890625,39214.76926711039,True,True,1.0,True,True
38SMB_01523_r8640_c2640,5,0.1214507073163986,655.1284790039062,523.2334899902344,342785.16046120785,True,True,1.0,True,True
38SMB_01523_r8640_c2640,6,0.1179132089018821,1252.9970932006836,1106.6509246826172,1386630.3918151679,True,True,1.0,True,True
38SMB_01523_r8640_c2640,7,0.1061583161354065,174.0496063232422,195.84747314453125,34087.17560020741,True,True,1.0,True,True
38SMB_01523_r8640_c2640,8,0.1030964031815528,703.7826538085938,706.7144012451172,497373.3367930399,True,True,1.0,True,True
38SMB_01524_r8640_c2880,0,0.8412604928016663,448.402099609375,454.72991943359375,203901.85062922537,True,True,1.0,True,True
38SMB_01524_r8640_c2880,1,0.7165038585662842,589.3060302734375,597.0016479492188,351816.6712196544,True,True,1.0,True,True
38SMB_01524_r8640_c2880,2,0.6928321123123169,635.7479858398438,617.6443481445312,392666.150298249,True,True,1.0,True,True
38SMB_01524_r8640_c2880,3,0.6253198981285095,522.747802734375,507.2044372558594,265140.00511262566,True,True,1.0,True,True
38SMB_01524_r8640_c2880,4,0.5958881974220276,385.8941650390625,409.1590881347656,157892.10468390957,True,True,1.0,True,True
38SMB_01524_r8640_c2880,5,0.5069518089294434,990.079345703125,946.4794921875,937089.796346426,True,True,1.0,True,True
38SMB_01524_r8640_c2880,6,0.2947591543197632,318.441162109375,314.06219482421875,100010.33029444516,True,True,1.0,True,True
38SMB_01524_r8640_c2880,7,0.1742218285799026,418.526611328125,430.9002685546875,180343.22921857238,True,True,1.0,True,True
38SMB_01524_r8640_c2880,8,0.137011632323265,142.2314453125,719.078369140625,102275.55573582649,True,True,1.0,True,True
38SMB_01524_r8640_c2880,9,0.1244489103555679,760.1663208007812,219.93358612060547,167186.10498182243,True,True,1.0,True,True
38SMB_01524_r8640_c2880,10,0.1236055195331573,186.3031005859375,825.7852172851562,153846.34639825672,True,True,1.0,True,True
38SMB_01524_r8640_c2880,11,0.1128179803490638,475.41748046875,819.3473052978516,389532.0315135643,True,True,1.0,True,True
38SMB_01525_r8640_c3120,0,0.8723191022872925,534.4061279296875,447.6092529296875,239205.12768365443,True,True,1.0,True,True
38SMB_01525_r8640_c3120,1,0.7390797734260559,500.3855895996094,583.1503295898438,291800.0214970205,True,True,1.0,True,True
38SMB_01525_r8640_c3120,2,0.7256345748901367,403.1825256347656,381.8743896484375,153965.08089369163,True,True,1.0,True,True
38SMB_01525_r8640_c3120,3,0.7014422416687012,611.1566162109375,620.6570816040039,379318.68182045873,True,True,1.0,True,True
38SMB_01525_r8640_c3120,4,0.520605206489563,788.7615966796875,345.177001953125,272262.3631976545,True,True,1.0,True,True
38SMB_01525_r8640_c3120,5,0.4247972369194031,765.987548828125,809.0521240234375,619723.8533549011,True,True,1.0,True,True
38SMB_01525_r8640_c3120,6,0.2213912010192871,163.46710205078125,511.9097900390625,83680.40988910943,True,True,1.0,True,True
38SMB_01525_r8640_c3120,7,0.1851761937141418,667.2100830078125,655.9983825683594,437688.7352864258,True,True,1.0,True,True
38SMB_01525_r8640_c3120,8,0.1713044792413711,524.89013671875,554.4129943847656,291005.9124212712,True,True,1.0,True,True
38SMB_01525_r8640_c3120,9,0.1647124588489532,428.7328338623047,425.169677734375,182284.20080738142,True,True,1.0,True,True
38SMB_01525_r8640_c3120,10,0.162022665143013,610.7650756835938,542.4969482421875,331338.1896512583,True,True,1.0,True,True
38SMB_01525_r8640_c3120,11,0.1461046189069748,113.70377540588379,480.091552734375,54588.22208637139,True,True,1.0,True,True
38SMB_01525_r8640_c3120,12,0.1268471628427505,401.3934326171875,396.5606689453125,159176.8481489271,True,True,1.0,True,True
38SMB_01525_r8640_c3120,13,0.1199876591563224,709.6295166015625,264.132080078125,187435.92030480504,True,True,1.0,True,True
38SMB_01525_r8640_c3120,14,0.1185367107391357,267.0391845703125,256.484375,68491.37835502625,True,True,1.0,True,True
38SMB_01526_r8640_c3360,0,0.8806602954864502,488.01483154296875,499.0411376953125,243539.4767453894,True,True,1.0,True,True
38SMB_01526_r8640_c3360,1,0.6522035598754883,841.9281005859375,801.8644714355469,675112.2313630767,True,True,1.0,True,True
38SMB_01526_r8640_c3360,2,0.5805700421333313,318.3013916015625,700.0225830078125,222818.16232390702,True,True,1.0,True,True
38SMB_01526_r8640_c3360,3,0.5192179083824158,507.7362060546875,492.945556640625,250286.306720227,True,True,1.0,True,True
38SMB_01526_r8640_c3360,4,0.3585067689418793,281.6204833984375,368.6529541015625,103820.22314034402,True,True,1.0,True,True
38SMB_01526_r8640_c3360,5,0.2972957789897918,476.9061279296875,510.509033203125,243464.88629803061,True,True,1.0,True,True
38SMB_01526_r8640_c3360,6,0.283720999956131,456.7608642578125,449.774169921875,205439.23857435584,True,True,1.0,True,True
38SMB_01526_r8640_c3360,7,0.1359684467315673,187.978515625,207.91702270507812,39083.93330127001,True,True,1.0,True,True
38SMB_01526_r8640_c3360,8,0.1278645396232605,397.54316329956055,397.8497314453125,158162.44075665018,True,True,1.0,True,True
38SMB_01526_r8640_c3360,9,0.1066103130578994,1010.50537109375,1001.0893249511719,1011606.1398077756,True,True,1.0,True,True
38SMB_01526_r8640_c3360,10,0.1057924255728721,249.0576171875,331.3421630859375,82523.28961193562,True,True,1.0,True,True
38SMB_01527_r8640_c3600,0,0.5964760780334473,806.1421203613281,872.8399658203125,703633.0607824959,True,True,1.0,True,True
38SMB_01527_r8640_c3600,1,0.4074765741825104,598.773193359375,896.5289306640625,536817.4907527864,True,True,1.0,True,True
38SMB_01527_r8640_c3600,2,0.3454521596431732,765.411376953125,707.8643798828125,541807.4497021735,True,True,1.0,True,True
38SMB_01527_r8640_c3600,3,0.3278381824493408,334.50408935546875,339.54376220703125,113578.77697339281,True,True,1.0,True,True
38SMB_01527_r8640_c3600,4,0.2482649981975555,455.5598449707031,447.09228515625,203677.29211337864,True,True,1.0,True,True
38SMB_01527_r8640_c3600,5,0.1903779804706573,718.0732727050781,925.7174682617188,664732.9720349517,True,True,1.0,True,True
38SMB_01527_r8640_c3600,6,0.1351920515298843,176.76753997802734,392.178955078125,69324.50912031345,True,True,1.0,True,True
38SMB_01527_r8640_c3600,7,0.1127904951572418,151.07763290405273,407.61199951171875,61581.05602951837,True,True,1.0,True,True
38SMB_01528_r8640_c3840,0,0.2482227981090545,789.7439575195312,653.2666015625,515913.35123330355,True,True,1.0,True,True
38SMB_01528_r8640_c3840,1,0.1971997618675232,645.2223205566406,953.765869140625,615391.0273546353,True,True,1.0,True,True
38SMB_01528_r8640_c3840,2,0.191158264875412,296.8829345703125,469.81483459472656,139480.0067991484,True,True,1.0,True,True
38SMB_01528_r8640_c3840,3,0.1440706253051757,420.6597900390625,524.810791015625,220766.79715886712,True,True,1.0,True,True
38SMB_01528_r8640_c3840,4,0.1192195490002632,515.3559875488281,662.0001983642578,341165.7659855322,True,True,1.0,True,True
38SMB_01528_r8640_c3840,5,0.1133436113595962,635.8331298828125,870.8858489990234,553738.0751396995,True,True,1.0,True,True
38SMB_01529_r8640_c4080,0,0.4457282721996307,582.899169921875,573.621826171875,334363.686324656,True,True,1.0,True,True
38SMB_01529_r8640_c4080,1,0.370789885520935,963.9956665039062,866.583251953125,835382.4995476753,True,True,1.0,True,True
38SMB_01529_r8640_c4080,2,0.3354941308498382,506.2635803222656,497.2175979614258,251723.16134318826,True,True,1.0,True,True
38SMB_01529_r8640_c4080,3,0.3055711388587951,730.8920288085938,839.82177734375,613819.0426804125,True,True,1.0,True,True
38SMB_01529_r8640_c4080,4,0.2454417794942855,772.066650390625,537.9567718505859,415338.48289763555,True,True,1.0,True,True
38SMB_01529_r8640_c4080,5,0.1645133197307586,182.62451171875,488.349609375,89184.60896015167,True,True,1.0,True,True
38SMB_01529_r8640_c4080,6,0.1528904139995575,483.1611633300781,461.527099609375,222991.97035562247,True,True,1.0,True,True
38SMB_01529_r8640_c4080,7,0.1345865279436111,514.9736022949219,407.86075592041016,210037.5227110635,True,True,1.0,True,True
38SMB_01530_r8640_c4320,0,0.7228947281837463,514.4903564453125,521.1154174804688,268108.8568886742,True,True,1.0,True,True
38SMB_01530_r8640_c4320,1,0.5061935186386108,693.8425064086914,542.840576171875,376645.8659514319,True,True,1.0,True,True
38SMB_01530_r8640_c4320,2,0.4604893326759338,484.869384765625,277.08892822265625,134351.93815268576,True,True,1.0,True,True
38SMB_01530_r8640_c4320,3,0.3797309100627899,589.1598510742188,538.3332824707031,317164.3565287348,True,True,1.0,True,True
38SMB_01530_r8640_c4320,4,0.364344984292984,586.3098907470703,586.7434692382812,344013.4993456537,True,True,1.0,True,True
38SMB_01530_r8640_c4320,5,0.276616096496582,998.3685302734375,980.4942321777344,978894.5855208673,True,True,1.0,True,True
38SMB_01530_r8640_c4320,6,0.2269484847784042,181.55155181884766,568.9712524414062,103297.61382105062,True,True,1.0,True,True
38SMB_01530_r8640_c4320,7,0.2165430337190628,980.3448486328125,1080.472412109375,1059235.563301295,True,True,1.0,True,True
38SMB_01530_r8640_c4320,8,0.1764532178640365,926.4837646484375,895.2911376953125,829472.7037083358,True,True,1.0,True,True
38SMB_01531_r8640_c4560,0,0.7353599667549133,513.6428833007812,520.7000732421875,267453.88695504516,True,True,1.0,True,True
38SMB_01531_r8640_c4560,1,0.4632303118705749,740.4769897460938,697.6214599609375,516572.63865415007,True,True,1.0,True,True
38SMB_01531_r8640_c4560,2,0.4601289927959442,997.2541809082031,918.8348388671875,916311.8846244179,True,True,1.0,True,True
38SMB_01531_r8640_c4560,3,0.1513401269912719,874.8193359375,1118.9527893066406,978881.5360866487,True,True,1.0,True,True
38SMB_01531_r8640_c4560,4,0.1119450181722641,1331.6751098632812,1514.90478515625,2017360.9962053597,True,True,1.0,True,True
38SMB_01532_r8640_c4800,0,0.1735626608133316,435.0635528564453,410.4020309448242,178550.96568235604,True,True,1.0,True,True
38SMB_01532_r8640_c4800,1,0.1444088220596313,198.0319595336914,381.8096923828125,75610.52155152429,True,True,1.0,True,True
38SMB_01532_r8640_c4800,2,0.1030439063906669,426.9806671142578,292.0680618286133,124707.4158823496,True,True,1.0,True,True
38SMB_01533_r8640_c5040,0,0.3090020418167114,1139.552001953125,1223.6920166015625,1394460.6872923672,True,True,1.0,True,True
38SMB_01533_r8640_c5040,1,0.157432273030281,1348.4197998046875,1492.8784942626953,2013026.920366427,True,True,1.0,True,True
38SMB_01534_r8640_c5280,0,0.1826013177633285,1026.1892700195312,1102.6476287841797,1131525.1652708044,True,True,1.0,True,True
38SMB_01534_r8640_c5280,1,0.1700924187898636,521.2777709960938,459.18670654296875,239363.82285775617,True,True,1.0,True,True
38SMB_01535_r8640_c5520,0,0.1097865551710128,778.6746597290039,623.131103515625,485216.399996588,True,True,1.0,True,True
38SMB_01535_r8640_c5520,1,0.1042853668332099,727.1734619140625,385.58799743652344,280389.3589684274,True,True,1.0,True,True
38SMB_01540_r8640_c6720,0,0.1732427179813385,521.8679809570312,532.0701599121094,277670.38008081727,True,True,1.0,True,True
38SMB_01540_r8640_c6720,1,0.1290412992238998,612.5323486328125,774.971923828125,474695.3726269305,True,True,1.0,True,True
38SMB_01540_r8640_c6720,2,0.1153054535388946,477.21832275390625,535.631103515625,255612.9768345505,True,True,1.0,True,True
38SMB_01540_r8640_c6720,3,0.1076272949576377,638.5934448242188,633.6627197265625,404652.859046869,True,True,1.0,True,True
38SMB_01541_r8640_c6960,0,0.1601976454257965,415.86090087890625,408.9959716796875,170085.43323855847,True,True,1.0,True,True
38SMB_01541_r8640_c6960,1,0.1256874054670334,483.4291076660156,503.26080322265625,243290.921025211,True,True,1.0,True,True
38SMB_01541_r8640_c6960,2,0.1211832389235496,481.470947265625,466.99405670166016,224844.0708475653,True,True,1.0,True,True
38SMB_01542_r8640_c7200,0,0.5911588668823242,501.9647216796875,471.58447265625,236718.76856535673,True,True,1.0,True,True
38SMB_01542_r8640_c7200,1,0.2764663994312286,725.2862548828125,814.7283935546875,590911.3053079695,True,True,1.0,True,True
38SMB_01542_r8640_c7200,2,0.1339226216077804,316.3351821899414,462.261962890625,146229.7222504858,True,True,1.0,True,True
38SMB_01542_r8640_c7200,3,0.1001504808664321,208.6865997314453,452.9014587402344,94514.46543791099,True,True,1.0,True,True
38SMB_01543_r8640_c7440,0,0.8107553124427795,465.88104248046875,453.5679626464844,211308.71527348645,True,True,1.0,True,True
38SMB_01544_r8640_c7680,0,0.2125649154186248,441.649169921875,453.1960678100586,200153.66716017015,True,True,1.0,True,True
38SMB_01544_r8640_c7680,1,0.1009806916117668,749.8175048828125,175.5029296875,131595.16883790493,True,True,1.0,True,True
38SMB_01548_r8640_c8640,0,0.2370103299617767,606.041259765625,437.2614288330078,264998.46717687324,True,True,1.0,True,True
38SMB_01551_r8640_c9360,0,0.2378339171409607,702.2308349609375,642.3741149902344,451094.91112688556,True,True,1.0,True,True
38SMB_01553_r8640_c9680,0,0.867181658744812,629.8291015625,619.4287490844727,390134.25251785666,True,True,1.0,True,True
38SMB_01554_r8880_c0,0,0.1085988208651542,344.5306396484375,345.95947265625,119193.63840669394,True,True,1.0,True,True
38SMB_01555_r8880_c240,0,0.1039061844348907,344.9879455566406,343.91021728515625,118644.87931714393,True,True,1.0,True,True
38SMB_01557_r8880_c720,0,0.2723913490772247,1311.9845581054688,1259.9364471435547,1653017.1628466109,True,True,1.0,True,True
38SMB_01557_r8880_c720,1,0.1303103864192962,1330.888671875,1144.783058166504,1523578.8038682193,True,True,1.0,True,True
38SMB_01558_r8880_c960,0,0.1392702907323837,184.5556640625,503.057861328125,92842.17765927315,True,True,1.0,True,True
38SMB_01558_r8880_c960,1,0.110751673579216,1285.4443359375,1296.2728881835938,1666286.6419449449,True,True,1.0,True,True
38SMB_01558_r8880_c960,2,0.109530784189701,387.40108489990234,633.1227874755859,245272.4547428923,True,True,1.0,True,True
38SMB_01559_r8880_c1200,0,0.1158982515335083,516.527099609375,474.6942138671875,245192.42549017072,True,True,1.0,True,True
38SMB_01560_r8880_c1440,0,0.2982801496982574,1136.279296875,607.6824951171875,690497.0382750034,True,True,1.0,True,True
38SMB_01560_r8880_c1440,1,0.1150743141770362,1235.1152038574219,1355.8354949951172,1674613.0337980227,True,True,1.0,True,True
38SMB_01561_r8880_c1680,0,0.1298877298831939,321.5423583984375,343.175048828125,110345.31454369426,True,True,1.0,True,True
38SMB_01561_r8880_c1680,1,0.1067679449915885,1429.775390625,857.4188232421875,1225916.3329303265,True,True,1.0,True,True
38SMB_01561_r8880_c1680,2,0.1050265878438949,803.7886047363281,591.9887924194336,475833.8454783603,True,True,1.0,True,True
38SMB_01562_r8880_c1920,0,0.2270920127630233,244.66415405273438,248.729248046875,60855.131061561406,True,True,1.0,True,True
38SMB_01562_r8880_c1920,1,0.2078749239444732,347.76092529296875,347.88970947265625,120982.44726611301,True,True,1.0,True,True
38SMB_01562_r8880_c1920,2,0.1889052093029022,582.0993041992188,541.5191650390625,315217.9291797802,True,True,1.0,True,True
38SMB_01562_r8880_c1920,3,0.1854208558797836,401.1843490600586,255.79442977905273,102620.72180409814,True,True,1.0,True,True
38SMB_01562_r8880_c1920,4,0.11713857203722,367.6268005371094,141.70348167419434,52093.997592852975,True,True,1.0,True,True
38SMB_01562_r8880_c1920,5,0.1035326272249221,198.155517578125,647.8692626953125,128378.86907234788,True,True,1.0,True,True
38SMB_01563_r8880_c2160,0,0.543448269367218,616.8222045898438,610.2119445800781,376392.27692293935,True,True,1.0,True,True
38SMB_01563_r8880_c2160,1,0.470224529504776,961.2965393066406,950.1187133789062,913345.8311016206,True,True,1.0,True,True
38SMB_01563_r8880_c2160,2,0.2593468725681305,977.0646667480469,1113.3625793457031,1087827.2375581553,True,True,1.0,True,True
38SMB_01563_r8880_c2160,3,0.2180989682674408,1126.7822265625,1649.190673828125,1858278.7394821644,True,True,1.0,True,True
38SMB_01563_r8880_c2160,4,0.1501874774694442,1303.0795288085938,1482.1798706054688,1931398.2473981567,True,True,1.0,True,True
38SMB_01563_r8880_c2160,5,0.1235878020524978,556.05712890625,206.356201171875,114745.83675563335,True,True,1.0,True,True
38SMB_01563_r8880_c2160,6,0.100373551249504,487.965087890625,333.91746520996094,162940.0652593933,True,True,1.0,True,True
38SMB_01564_r8880_c2400,0,0.5853665471076965,538.515625,545.596923828125,293812.4684333801,True,True,1.0,True,True
38SMB_01564_r8880_c2400,1,0.4801320433616638,470.977783203125,454.443359375,214032.72598981857,True,True,1.0,True,True
38SMB_01564_r8880_c2400,2,0.3654781579971313,1039.9077606201172,960.1209259033203,998437.2019806353,True,True,1.0,True,True
38SMB_01564_r8880_c2400,3,0.3238520622253418,900.0137329101562,919.03564453125,827144.7011120617,True,True,1.0,True,True
38SMB_01564_r8880_c2400,4,0.2775867581367492,558.4104919433594,398.4126281738281,222477.79169499408,True,True,1.0,True,True
38SMB_01564_r8880_c2400,5,0.2046394646167755,1407.4432373046875,1214.7851181030273,1709741.099252482,True,True,1.0,True,True
38SMB_01564_r8880_c2400,6,0.1935793608427047,997.9647827148438,1323.7849426269531,1321090.7526298892,True,True,1.0,True,True
38SMB_01564_r8880_c2400,7,0.169193834066391,1192.41455078125,828.294677734375,987670.626065135,True,True,1.0,True,True
38SMB_01564_r8880_c2400,8,0.1678641587495803,409.1864776611328,393.1300354003906,160863.4944482823,True,True,1.0,True,True
38SMB_01564_r8880_c2400,9,0.1532900333404541,903.1198120117188,1175.9197998046875,1061996.4685404673,True,True,1.0,True,True
38SMB_01564_r8880_c2400,10,0.1494713574647903,518.8701629638672,328.2201385498047,170303.63677736023,True,True,1.0,True,True
38SMB_01564_r8880_c2400,11,0.11257304251194,398.59100341796875,404.1265869140625,161081.22178595513,True,True,1.0,True,True
38SMB_01564_r8880_c2400,12,0.1121854409575462,879.8722839355469,706.8060302734375,621899.0361561067,True,True,1.0,True,True
38SMB_01565_r8880_c2640,0,0.29825159907341,812.0635986328125,707.0135498046875,574139.9675365537,True,True,1.0,True,True
38SMB_01565_r8880_c2640,1,0.2576178610324859,488.79547119140625,405.18070220947266,198050.49225414405,True,True,1.0,True,True
38SMB_01565_r8880_c2640,2,0.2284399718046188,683.3981323242188,1113.2618713378906,760801.0836600792,True,True,1.0,True,True
38SMB_01565_r8880_c2640,3,0.1998922228813171,539.73388671875,612.02392578125,330330.05222678185,True,True,1.0,True,True
38SMB_01565_r8880_c2640,4,0.1832749247550964,1199.9981689453125,832.4395751953125,998925.9659919888,True,True,1.0,True,True
38SMB_01565_r8880_c2640,5,0.1803034842014312,357.589111328125,383.25469970703125,137047.7074805647,True,True,1.0,True,True
38SMB_01566_r8880_c2880,0,0.5626357197761536,513.27392578125,521.67724609375,267763.3280932903,True,True,1.0,True,True
38SMB_01566_r8880_c2880,1,0.4556320607662201,646.3641357421875,704.9462890625,455651.9988745451,True,True,1.0,True,True
38SMB_01566_r8880_c2880,2,0.3920872211456299,828.880615234375,388.01780700683594,321620.43859371915,True,True,1.0,True,True
38SMB_01566_r8880_c2880,3,0.2831944525241852,1209.9652099609375,1044.9612426757812,1264366.7493952438,True,True,1.0,True,True
38SMB_01566_r8880_c2880,4,0.1819547563791275,418.0535888671875,427.7603340148926,178826.7428099527,True,True,1.0,True,True
38SMB_01566_r8880_c2880,5,0.1769607365131378,390.02098083496094,386.53564453125,150757.01120775193,True,True,1.0,True,True
38SMB_01566_r8880_c2880,6,0.1702272891998291,309.3772888183594,371.09130859375,114807.22295679152,True,True,1.0,True,True
38SMB_01566_r8880_c2880,7,0.1568183749914169,541.6173553466797,713.1314086914062,386244.34759009164,True,True,1.0,True,True
38SMB_01566_r8880_c2880,8,0.1292401552200317,720.203857421875,668.2766723632812,481295.4372610897,True,True,1.0,True,True
38SMB_01566_r8880_c2880,9,0.1259252727031707,837.0095825195312,790.7830810546875,661893.0165370926,True,True,1.0,True,True
38SMB_01566_r8880_c2880,10,0.1171737313270568,1463.2235717773438,1304.4823455810547,1908749.317021598,True,True,1.0,True,True
38SMB_01567_r8880_c3120,0,0.8931789398193359,524.7250366210938,550.9013366699219,289071.72405873425,True,True,1.0,True,True
38SMB_01567_r8880_c3120,1,0.7299783229827881,596.9244384765625,585.491943359375,349494.44952234626,True,True,1.0,True,True
38SMB_01567_r8880_c3120,2,0.7086490988731384,895.9295654296875,961.3479995727539,861300.0954839168,True,True,1.0,True,True
38SMB_01567_r8880_c3120,3,0.6640839576721191,518.17138671875,510.1194763183594,264329.3164361268,True,True,1.0,True,True
38SMB_01567_r8880_c3120,4,0.5762156248092651,507.6751708984375,519.6945190429688,263836.00377012044,True,True,1.0,True,True
38SMB_01567_r8880_c3120,5,0.4846027791500091,465.313720703125,490.4978942871094,228235.40018778294,True,True,1.0,True,True
38SMB_01567_r8880_c3120,6,0.2544469237327575,836.1962890625,714.0228271484375,597063.2383674383,True,True,1.0,True,True
38SMB_01567_r8880_c3120,7,0.2402324825525283,353.5304260253906,329.86541748046875,116617.46157291345,True,True,1.0,True,True
38SMB_01567_r8880_c3120,8,0.2267760336399078,741.4324951171875,613.2178115844727,454659.6120933769,True,True,1.0,True,True
38SMB_01567_r8880_c3120,9,0.1802809238433838,341.6872787475586,669.329833984375,228701.48955867626,True,True,1.0,True,True
38SMB_01567_r8880_c3120,10,0.1725232303142547,427.02198028564453,418.4719657897949,178696.72752558472,True,True,1.0,True,True
38SMB_01567_r8880_c3120,11,0.1636282205581665,625.8914184570312,742.8089904785156,464917.77269323356,True,True,1.0,True,True
38SMB_01567_r8880_c3120,12,0.1467065960168838,385.504150390625,228.486328125,88082.42779970169,True,True,1.0,True,True
38SMB_01567_r8880_c3120,13,0.1117443218827247,1065.5470275878906,1067.2052001953125,1137157.328894455,True,True,1.0,True,True
38SMB_01567_r8880_c3120,14,0.1106128320097923,594.2572021484375,384.51107025146484,228498.4728027368,True,True,1.0,True,True
38SMB_01567_r8880_c3120,15,0.1029386669397354,592.8826904296875,527.3468780517578,312654.8358490225,True,True,1.0,True,True
38SMB_01568_r8880_c3360,0,0.8466589450836182,525.869140625,538.9801025390625,283433.0033361912,True,True,1.0,True,True
38SMB_01568_r8880_c3360,1,0.6832360029220581,440.3668212890625,427.15179443359375,188103.47792264074,True,True,1.0,True,True
38SMB_01568_r8880_c3360,2,0.6024965047836304,314.912109375,486.4509582519531,153189.29737061262,True,True,1.0,True,True
38SMB_01568_r8880_c3360,3,0.4838803708553314,506.4093017578125,488.3110046386719,247285.23489972576,True,True,1.0,True,True
38SMB_01568_r8880_c3360,4,0.3186585307121277,781.8710327148438,803.6740112304688,628369.4291268475,True,True,1.0,True,True
38SMB_01568_r8880_c3360,5,0.2521466016769409,427.6856994628906,433.59588623046875,185442.75988670997,True,True,1.0,True,True
38SMB_01568_r8880_c3360,6,0.1697088927030563,547.2491455078125,516.4566040039062,282630.4352330044,True,True,1.0,True,True
38SMB_01568_r8880_c3360,7,0.1106853261590004,94.232177734375,503.7554931640625,47469.97716650367,True,True,1.0,True,True
38SMB_01568_r8880_c3360,8,0.1054459884762764,419.15008544921875,406.44500732421875,170361.45955035463,True,True,1.0,True,True
38SMB_01568_r8880_c3360,9,0.1039422303438186,342.9901123046875,373.1889343261719,128000.11449540034,True,True,1.0,True,True
38SMB_01569_r8880_c3600,0,0.8346571326255798,536.290454864502,538.5633850097656,288826.4027202531,True,True,1.0,True,True
38SMB_01569_r8880_c3600,1,0.7730504274368286,666.1484146118164,694.89990234375,462906.4682601951,True,True,1.0,True,True
38SMB_01569_r8880_c3600,2,0.7529064416885376,767.4417114257812,598.5243225097656,459332.5303968508,True,True,1.0,True,True
38SMB_01569_r8880_c3600,3,0.4359675347805023,309.3121337890625,425.0714111328125,131479.7451902181,True,True,1.0,True,True
38SMB_01569_r8880_c3600,4,0.3171334266662597,510.69793701171875,491.8013000488281,251161.90935461782,True,True,1.0,True,True
38SMB_01569_r8880_c3600,5,0.2615764737129211,424.3180847167969,434.0008544921875,184154.41134357825,True,True,1.0,True,True
38SMB_01569_r8880_c3600,6,0.2605250179767608,1385.828857421875,1199.052734375,1661681.8808674812,True,True,1.0,True,True
38SMB_01569_r8880_c3600,7,0.2189856469631195,168.1116485595703,554.9903869628906,93300.3488870454,True,True,1.0,True,True
38SMB_01569_r8880_c3600,8,0.2110712081193924,987.7533721923828,1076.5118408203125,1063328.2009752933,True,True,1.0,True,True
38SMB_01569_r8880_c3600,9,0.1767704486846923,483.1048583984375,480.1318359375,231954.02261316776,True,True,1.0,True,True
38SMB_01569_r8880_c3600,10,0.1497617661952972,802.5729370117188,780.0726318359375,626065.1832150295,True,True,1.0,True,True
38SMB_01569_r8880_c3600,11,0.1332643330097198,171.87326431274414,392.8706359863281,67523.95865959406,True,True,1.0,True,True
38SMB_01569_r8880_c3600,12,0.1148364022374153,651.2508392333984,569.151611328125,370660.4645284824,True,True,1.0,True,True
38SMB_01570_r8880_c3840,0,0.1588752418756485,545.1730346679688,516.060791015625,281342.4275111407,True,True,1.0,True,True
38SMB_01571_r8880_c4080,0,0.6411967873573303,478.603515625,355.25867462158203,170028.05063016713,True,True,1.0,True,True
38SMB_01571_r8880_c4080,1,0.5890783071517944,653.0908203125,686.6871643066406,448469.0834350884,True,True,1.0,True,True
38SMB_01571_r8880_c4080,2,0.3008127808570862,725.8528137207031,571.1933517456055,414602.301543107,True,True,1.0,True,True
38SMB_01571_r8880_c4080,3,0.1804638057947158,445.4180908203125,281.0525321960449,125185.88231097674,True,True,1.0,True,True
38SMB_01571_r8880_c4080,4,0.1617780327796936,1144.5343017578125,1494.716796875,1710754.6454370022,True,True,1.0,True,True
38SMB_01571_r8880_c4080,5,0.1571436673402786,227.0831298828125,511.41876220703125,116134.57320276648,True,True,1.0,True,True
38SMB_01571_r8880_c4080,6,0.1503716707229614,302.29644775390625,297.855224609375,90040.57634435594,True,True,1.0,True,True
38SMB_01571_r8880_c4080,7,0.1310019642114639,179.80224609375,534.2168426513672,96053.38820982724,True,True,1.0,True,True
38SMB_01571_r8880_c4080,8,0.1290838569402694,689.4891357421875,451.38427734375,311224.55527335405,True,True,1.0,True,True
38SMB_01571_r8880_c4080,9,0.1115184277296066,1458.88427734375,1220.3989028930664,1780420.7715182565,True,True,1.0,True,True
38SMB_01572_r8880_c4320,0,0.659481942653656,682.2305297851562,720.4503631591797,491513.2329419954,True,True,1.0,True,True
38SMB_01572_r8880_c4320,1,0.6146485805511475,450.07598876953125,442.08526611328125,198971.9632663764,True,True,1.0,True,True
38SMB_01572_r8880_c4320,2,0.6136851906776428,707.8003692626953,682.2409057617188,482890.36502426025,True,True,1.0,True,True
38SMB_01572_r8880_c4320,3,0.4822310209274292,527.5472640991211,511.98455810546875,270096.05288953753,True,True,1.0,True,True
38SMB_01572_r8880_c4320,4,0.2551049292087555,587.1214294433594,627.6318359375,368496.100679785,True,True,1.0,True,True
38SMB_01572_r8880_c4320,5,0.2282925546169281,707.5640869140625,249.03076171875,176205.2235290408,True,True,1.0,True,True
38SMB_01572_r8880_c4320,6,0.2075608372688293,1020.9082794189453,701.9905090332031,716667.922745517,True,True,1.0,True,True
38SMB_01572_r8880_c4320,7,0.2069078385829925,550.050048828125,551.8609619140625,303551.1490471661,True,True,1.0,True,True
38SMB_01572_r8880_c4320,8,0.1968090832233429,1177.3188781738281,1230.3692626953125,1448536.9600960054,True,True,1.0,True,True
38SMB_01572_r8880_c4320,9,0.1206900849938392,602.8179931640625,605.9454345703125,365274.8108346015,True,True,1.0,True,True
38SMB_01573_r8880_c4560,0,0.3650865256786346,666.1419677734375,268.06549072265625,178569.6734821424,True,True,1.0,True,True
38SMB_01573_r8880_c4560,1,0.2681209444999695,851.0419464111328,327.09716796875,278373.41049369425,True,True,1.0,True,True
38SMB_01573_r8880_c4560,2,0.2031880319118499,554.8059844970703,550.1409149169922,305221.47191264085,True,True,1.0,True,True
38SMB_01573_r8880_c4560,3,0.1542127430438995,480.4285430908203,209.80712890625,100797.33327049762,True,True,1.0,True,True
38SMB_01573_r8880_c4560,4,0.1474008560180664,595.7367706298828,205.216064453125,122254.75551867858,True,True,1.0,True,True
38SMB_01573_r8880_c4560,5,0.1141017079353332,98.21822166442871,529.2457580566406,51981.577179765736,True,True,1.0,True,True
38SMB_01573_r8880_c4560,6,0.1006831750273704,496.04393005371094,400.108642578125,198471.46351290867,True,True,1.0,True,True
38SMB_01574_r8880_c4800,0,0.3647584319114685,459.1595458984375,419.91943359375,192810.01644283533,True,True,1.0,True,True
38SMB_01575_r8880_c5040,0,0.1073829755187034,670.0270080566406,279.6119689941406,187347.5710019702,True,True,1.0,True,True
38SMB_01576_r8880_c5280,0,0.5359275937080383,460.4437255859375,431.5191650390625,198690.29201231897,True,True,1.0,True,True
38SMB_01576_r8880_c5280,1,0.4011073708534241,981.9415283203125,875.5804443359375,859768.7996786088,True,True,1.0,True,True
38SMB_01576_r8880_c5280,2,0.1644289195537567,224.796142578125,198.0340576171875,44517.2922514379,True,True,1.0,True,True
38SMB_01576_r8880_c5280,3,0.1466730535030365,654.2765808105469,280.19153594970703,183322.76011322974,True,True,1.0,True,True
38SMB_01577_r8880_c5520,0,0.3169704973697662,769.5011901855469,807.3207855224609,621234.3053210643,True,True,1.0,True,True
38SMB_01577_r8880_c5520,1,0.2633102536201477,491.9903564453125,192.056884765625,94490.13519361615,True,True,1.0,True,True
38SMB_01577_r8880_c5520,2,0.1945104748010635,581.2814331054688,152.64892578125,88731.98634013534,True,True,1.0,True,True
38SMB_01577_r8880_c5520,3,0.1715180873870849,992.8082275390625,878.3065795898438,871989.9985184893,True,True,1.0,True,True
38SMB_01577_r8880_c5520,4,0.1559334248304367,597.1099853515625,566.1767578125,338069.795563817,True,True,1.0,True,True
38SMB_01578_r8880_c5760,0,0.1304657161235809,576.8378448486328,591.65771484375,341290.5611185357,True,True,1.0,True,True
38SMB_01582_r8880_c6720,0,0.2449400275945663,541.6366577148438,451.0116195678711,244284.42621330032,True,True,1.0,True,True
38SMB_01583_r8880_c6960,0,0.2246178239583969,185.8148193359375,560.0555419921875,104066.61935336888,True,True,1.0,True,True
38SMB_01583_r8880_c6960,1,0.1617497205734253,424.881591796875,417.9023742675781,177559.025994502,True,True,1.0,True,True
38SMB_01584_r8880_c7200,0,0.6574909687042236,730.3529357910156,716.162109375,523051.0990843177,True,True,1.0,True,True
38SMB_01584_r8880_c7200,1,0.1176098361611366,218.0792236328125,470.00234603881836,102497.746729746,True,True,1.0,True,True
38SMB_01585_r8880_c7440,0,0.7229446172714233,501.97265625,510.2392578125,256126.1555671692,True,True,1.0,True,True
38SMB_01585_r8880_c7440,1,0.5677986741065979,566.4398193359375,582.20947265625,329786.6285070777,True,True,1.0,True,True
38SMB_01585_r8880_c7440,2,0.4348845481872558,571.8341064453125,445.79803466796875,254922.52080943435,True,True,1.0,True,True
38SMB_01585_r8880_c7440,3,0.2828723192214966,594.1351318359375,768.94287109375,456855.97409158945,True,True,1.0,True,True
38SMB_01585_r8880_c7440,4,0.2396194487810135,1310.2392578125,995.6727600097656,1304569.5380993187,True,True,1.0,True,True
38SMB_01586_r8880_c7680,0,0.5680677890777588,558.63037109375,567.7078247070312,317138.83278891444,True,True,1.0,True,True
38SMB_01586_r8880_c7680,1,0.44975745677948,459.9689483642578,445.1080322265625,204735.87349173613,True,True,1.0,True,True
38SMB_01586_r8880_c7680,2,0.4333940148353576,403.2981872558594,590.5169677734375,238154.42264685407,True,True,1.0,True,True
38SMB_01586_r8880_c7680,3,0.4014835953712463,417.2830581665039,712.0623779296875,297131.5666678129,True,True,1.0,True,True
38SMB_01586_r8880_c7680,4,0.3980943858623504,696.3722229003906,620.068359375,431798.381768167,True,True,1.0,True,True
38SMB_01586_r8880_c7680,5,0.1897487044334411,492.137451171875,740.9603881835938,364654.3568599969,True,True,1.0,True,True
38SMB_01586_r8880_c7680,6,0.1257110387086868,569.2117309570312,530.477294921875,301953.89927588403,True,True,1.0,True,True
38SMB_01587_r8880_c7920,0,0.5553712844848633,504.4355010986328,522.8817749023438,263760.1301382063,True,True,1.0,True,True
38SMB_01588_r8880_c8160,0,0.184748113155365,445.1416015625,454.17816162109375,202173.59425872564,True,True,1.0,True,True
38SMB_01588_r8880_c8160,1,0.1222761273384094,445.89599609375,455.57769775390625,203140.2713380754,True,True,1.0,True,True
38SMB_01588_r8880_c8160,2,0.1144138351082801,580.06103515625,595.3546142578125,345342.01383143663,True,True,1.0,True,True
38SMB_01589_r8880_c8400,0,0.2050015181303024,445.3577423095703,452.2233581542969,201401.17380724987,True,True,1.0,True,True
38SMB_01592_r8880_c9120,0,0.638167679309845,509.38140869140625,489.17236328125,249175.30750110745,True,True,1.0,True,True
38SMB_01593_r8880_c9360,0,0.2227056622505188,680.3402709960938,646.6082763671875,439913.6499719694,True,True,1.0,True,True
38SMB_01594_r8880_c9600,0,0.1043857261538505,550.784912109375,591.4422607421875,325757.4736006558,True,True,1.0,True,True
38SMB_01595_r8880_c9680,0,0.375849187374115,498.6735534667969,644.37744140625,321333.9884798974,True,True,1.0,True,True
38SMB_01596_r9120_c0,0,0.1031660512089729,581.5176391601562,281.3226318359375,163594.0727075562,True,True,1.0,True,True
38SMB_01600_r9120_c960,0,0.3439105749130249,1044.1265106201172,819.7014617919922,855872.0270510821,True,True,1.0,True,True
38SMB_01600_r9120_c960,1,0.2558987736701965,1540.2410888671875,1218.8276672363281,1877288.453325536,True,True,1.0,True,True
38SMB_01600_r9120_c960,2,0.254960685968399,222.1795654296875,430.63018798828125,95677.22802814096,True,True,1.0,True,True
38SMB_01601_r9120_c1200,0,0.4231465458869934,391.1846923828125,404.700927734375,158312.80792281032,True,True,1.0,True,True
38SMB_01601_r9120_c1200,1,0.2568129599094391,808.1280517578125,719.9354553222656,581800.0369009562,True,True,1.0,True,True
38SMB_01601_r9120_c1200,2,0.1458186954259872,431.0748291015625,420.72021484375,181361.8947133422,True,True,1.0,True,True
38SMB_01602_r9120_c1440,0,0.2025156468153,568.5055541992188,228.177490234375,129720.17054148018,True,True,1.0,True,True
38SMB_01602_r9120_c1440,1,0.1577186733484268,489.2254638671875,549.5501708984375,268853.93727608025,True,True,1.0,True,True
38SMB_01602_r9120_c1440,2,0.129544511437416,528.8168334960938,474.859619140625,251113.76014910638,True,True,1.0,True,True
38SMB_01603_r9120_c1680,0,0.2393509149551391,507.33821868896484,580.7598876953125,294641.6869093431,True,True,1.0,True,True
38SMB_01603_r9120_c1680,1,0.1689278930425644,277.91954040527344,476.27685546875,132366.64477754384,True,True,1.0,True,True
38SMB_01603_r9120_c1680,2,0.1560620665550232,327.1916198730469,622.7630615234375,203762.85489695147,True,True,1.0,True,True
38SMB_01603_r9120_c1680,3,0.1300050318241119,841.7919921875,563.5315704345703,474376.3633366674,True,True,1.0,True,True
38SMB_01604_r9120_c1920,0,0.485740602016449,615.048828125,276.2715148925781,169920.47147899866,True,True,1.0,True,True
38SMB_01604_r9120_c1920,1,0.4453224241733551,826.8324279785156,1089.4414520263672,900785.5209194007,True,True,1.0,True,True
38SMB_01604_r9120_c1920,2,0.329957365989685,1023.8421630859375,1304.6566772460938,1335762.5145161524,True,True,1.0,True,True
38SMB_01604_r9120_c1920,3,0.2780346870422363,524.206428527832,602.442741394043,315804.3578586876,True,True,1.0,True,True
38SMB_01604_r9120_c1920,4,0.1892789900302887,353.48018646240234,319.94007110595703,113092.47599132796,True,True,1.0,True,True
38SMB_01604_r9120_c1920,5,0.1629171073436737,713.44970703125,917.9488372802734,654910.3290272877,True,True,1.0,True,True
38SMB_01604_r9120_c1920,6,0.1555347442626953,733.7847900390625,311.5826416015625,228634.603247419,True,True,1.0,True,True
38SMB_01604_r9120_c1920,7,0.1258030980825424,447.34344482421875,163.3172607421875,73058.9060196653,True,True,1.0,True,True
38SMB_01604_r9120_c1920,8,0.1000789031386375,547.2515869140625,117.7178955078125,64421.30512483418,True,True,1.0,True,True
38SMB_01605_r9120_c2160,0,0.4922963678836822,1194.4609832763672,1155.269775390625,1379924.6718625538,True,True,1.0,True,True
38SMB_01605_r9120_c2160,1,0.4381413459777832,442.6409912109375,449.90631103515625,199146.9754686579,True,True,1.0,True,True
38SMB_01605_r9120_c2160,2,0.2653694450855255,1243.8621520996094,1037.313232421875,1290274.6696816757,True,True,1.0,True,True
38SMB_01605_r9120_c2160,3,0.2617434859275818,420.64208984375,265.7000541687012,111764.62605712004,True,True,1.0,True,True
38SMB_01605_r9120_c2160,4,0.2503451704978943,1224.3524169921875,1250.80078125,1531420.959699154,True,True,1.0,True,True
38SMB_01605_r9120_c2160,5,0.2336708605289459,731.8116760253906,737.5982666015625,539783.0237151124,True,True,1.0,True,True
38SMB_01605_r9120_c2160,6,0.2184631675481796,367.85491943359375,385.245361328125,141714.40135352314,True,True,1.0,True,True
38SMB_01605_r9120_c2160,7,0.2083355635404586,1136.6732025146484,1288.8214111328125,1464968.7608617824,True,True,1.0,True,True
38SMB_01605_r9120_c2160,8,0.1872792392969131,564.2138671875,415.0048828125,234151.50983333588,True,True,1.0,True,True
38SMB_01605_r9120_c2160,9,0.1670984625816345,921.6378784179688,1233.204345703125,1136567.8368296474,True,True,1.0,True,True
38SMB_01605_r9120_c2160,10,0.1480856239795684,1475.9149169921875,1480.8892822265625,2185666.582052037,True,True,1.0,True,True
38SMB_01605_r9120_c2160,11,0.1423278599977493,528.1008911132812,505.9515380859375,267193.45812331885,True,True,1.0,True,True
38SMB_01605_r9120_c2160,12,0.1235457211732864,888.2049560546875,1404.8091125488281,1247758.4160766564,True,True,1.0,True,True
38SMB_01605_r9120_c2160,13,0.1152190938591957,921.7645263671875,899.3428039550781,828982.293729391,True,True,1.0,True,True
38SMB_01605_r9120_c2160,14,0.1041702404618263,468.9650344848633,389.1107177734375,182479.32117905002,True,True,1.0,True,True
38SMB_01605_r9120_c2160,15,0.1039728447794914,196.0699462890625,217.33123779296875,42612.12412100285,True,True,1.0,True,True
38SMB_01606_r9120_c2400,0,0.5465191602706909,505.0478744506836,734.8411560058594,371129.96389964246,True,True,1.0,True,True
38SMB_01606_r9120_c2400,1,0.473939836025238,508.402099609375,235.90625762939453,119935.23668977432,True,True,1.0,True,True
38SMB_01606_r9120_c2400,2,0.3630877435207367,445.9527587890625,429.112548828125,191363.92498090863,True,True,1.0,True,True
38SMB_01606_r9120_c2400,3,0.3131911754608154,1318.0490112304688,1261.2389373779297,1662374.7343363473,True,True,1.0,True,True
38SMB_01606_r9120_c2400,4,0.2391992062330246,695.7537841796875,492.8778076171875,342921.5997878462,True,True,1.0,True,True
38SMB_01606_r9120_c2400,5,0.2298168241977691,508.84246826171875,383.2830810546875,195030.7090068236,True,True,1.0,True,True
38SMB_01606_r9120_c2400,6,0.2202900201082229,442.752685546875,248.55077743530273,110046.5242042439,True,True,1.0,True,True
38SMB_01606_r9120_c2400,7,0.1608266681432724,1643.6430358886719,1580.0952911376953,2597112.6213189564,True,True,1.0,True,True
38SMB_01606_r9120_c2400,8,0.15072962641716,443.8871765136719,433.89312744140625,192599.59524865262,True,True,1.0,True,True
38SMB_01606_r9120_c2400,9,0.1120765879750251,357.08740234375,360.4566955566406,128714.54507373273,True,True,1.0,True,True
38SMB_01606_r9120_c2400,10,0.1092237457633018,487.76458740234375,473.81141662597656,231108.43013708945,True,True,1.0,True,True
38SMB_01607_r9120_c2640,0,0.5723127126693726,624.593505859375,521.9921875,326032.9304218292,True,True,1.0,True,True
38SMB_01607_r9120_c2640,1,0.4938815534114837,486.3482666015625,484.130859375,235456.20426535606,True,True,1.0,True,True
38SMB_01607_r9120_c2640,2,0.2336179167032241,311.978759765625,408.1968688964844,127348.75289853662,True,True,1.0,True,True
38SMB_01607_r9120_c2640,3,0.1688045710325241,381.57745361328125,377.052001953125,143874.5427850634,True,True,1.0,True,True
38SMB_01607_r9120_c2640,4,0.14462411403656,1199.3051147460938,1121.2870788574219,1344765.3287724126,True,True,1.0,True,True
38SMB_01608_r9120_c2880,0,0.7769291400909424,425.3521728515625,408.2373046875,173644.6245878935,True,True,1.0,True,True
38SMB_01608_r9120_c2880,1,0.7136586904525757,841.7630004882812,735.4714965820312,619092.6937364973,True,True,1.0,True,True
38SMB_01608_r9120_c2880,2,0.5175068378448486,425.4110336303711,596.932373046875,253941.61782530136,True,True,1.0,True,True
38SMB_01608_r9120_c2880,3,0.4613998830318451,639.4171142578125,687.3089599609375,439477.11178176105,True,True,1.0,True,True
38SMB_01608_r9120_c2880,4,0.2537470459938049,380.45318603515625,123.93096923828125,47149.93209512904,True,True,1.0,True,True
38SMB_01608_r9120_c2880,5,0.2431019991636276,391.4891815185547,423.4608459472656,165780.3399850498,True,True,1.0,True,True
38SMB_01608_r9120_c2880,6,0.2378126680850982,136.17919921875,523.182373046875,71246.55660688877,True,True,1.0,True,True
38SMB_01608_r9120_c2880,7,0.2114065736532211,513.2556533813477,799.2242431640625,410206.361123384,True,True,1.0,True,True
38SMB_01608_r9120_c2880,8,0.1730206459760666,185.3924560546875,646.787109375,119909.45075154305,True,True,1.0,True,True
38SMB_01608_r9120_c2880,9,0.1721736788749694,812.7972412109375,833.7800598144531,677694.132393878,True,True,1.0,True,True
38SMB_01608_r9120_c2880,10,0.1640589088201522,455.43121337890625,159.6270751953125,72699.15254432708,True,True,1.0,True,True
38SMB_01608_r9120_c2880,11,0.1526581794023513,830.0553894042969,510.4083251953125,423667.1811251901,True,True,1.0,True,True
38SMB_01608_r9120_c2880,12,0.1523670852184295,1179.6191787719727,535.867919921875,632120.0756284874,True,True,1.0,True,True
38SMB_01608_r9120_c2880,13,0.1230075657367706,667.039794921875,215.2783203125,143599.20663237572,True,True,1.0,True,True
38SMB_01608_r9120_c2880,14,0.1229133084416389,690.211181640625,471.5643310546875,325478.97415682673,True,True,1.0,True,True
38SMB_01608_r9120_c2880,15,0.1199472770094871,774.7196960449219,770.909423828125,597238.7145062909,True,True,1.0,True,True
38SMB_01608_r9120_c2880,16,0.1120280176401138,1106.7105102539062,1098.1082153320312,1215287.9033041187,True,True,1.0,True,True
38SMB_01608_r9120_c2880,17,0.1007076576352119,564.2962646484375,157.65625,88964.83297348022,True,True,1.0,True,True
38SMB_01609_r9120_c3120,0,0.6382097005844116,515.9234619140625,487.1721649169922,251343.5498721432,True,True,1.0,True,True
38SMB_01609_r9120_c3120,1,0.4187962710857391,534.1065979003906,579.4659423828125,309496.58308522776,True,True,1.0,True,True
38SMB_01609_r9120_c3120,2,0.3466168642044067,866.1322021484375,841.378173828125,728744.7305373847,True,True,1.0,True,True
38SMB_01609_r9120_c3120,3,0.2862140536308288,634.57763671875,696.2518310546875,441825.841511786,True,True,1.0,True,True
38SMB_01609_r9120_c3120,4,0.2551757991313934,830.9091186523438,757.578125,629478.5721540451,True,True,1.0,True,True
38SMB_01609_r9120_c3120,5,0.173729121685028,1108.4986877441406,1059.2343139648438,1174159.8470435943,True,True,1.0,True,True
38SMB_01609_r9120_c3120,6,0.1412961035966873,117.45248794555664,501.75750732421875,58932.66758059035,True,True,1.0,True,True
38SMB_01609_r9120_c3120,7,0.1319915056228637,750.2072906494141,469.949951171875,352559.8796094768,True,True,1.0,True,True
38SMB_01610_r9120_c3360,0,0.8709025382995605,523.09326171875,524.8223114013672,274531.0146937147,True,True,1.0,True,True
38SMB_01610_r9120_c3360,1,0.6186930537223816,830.1309204101562,813.1908416748047,675054.8618686153,True,True,1.0,True,True
38SMB_01610_r9120_c3360,2,0.5922659039497375,591.7880249023438,567.117919921875,335613.59371729195,True,True,1.0,True,True
38SMB_01610_r9120_c3360,3,0.5912352800369263,593.2330322265625,351.744384765625,208666.38794317842,True,True,1.0,True,True
38SMB_01610_r9120_c3360,4,0.5625278949737549,568.8067626953125,502.2217559814453,285667.1311749611,True,True,1.0,True,True
38SMB_01610_r9120_c3360,5,0.5566256642341614,240.1959228515625,309.405517578125,74317.94383004308,True,True,1.0,True,True
38SMB_01610_r9120_c3360,6,0.4110912382602691,486.9744873046875,169.29449081420898,82442.09786775755,True,True,1.0,True,True
38SMB_01610_r9120_c3360,7,0.2957727015018463,543.14453125,534.11376953125,290100.9729862213,True,True,1.0,True,True
38SMB_01610_r9120_c3360,8,0.2354685366153717,766.5265655517578,858.016357421875,657692.3316418193,True,True,1.0,True,True
38SMB_01610_r9120_c3360,9,0.2331100553274154,575.6622314453125,608.8232421875,350476.54615342617,True,True,1.0,True,True
38SMB_01611_r9120_c3600,0,0.8607805967330933,529.0967559814453,522.6784515380859,276547.47313020634,True,True,1.0,True,True
38SMB_01611_r9120_c3600,1,0.6039469242095947,584.2807769775391,351.4892578125,205368.41665394604,True,True,1.0,True,True
38SMB_01611_r9120_c3600,2,0.5584651827812195,458.2652282714844,316.627197265625,145099.23483189195,True,True,1.0,True,True
38SMB_01611_r9120_c3600,3,0.3524663150310516,1002.16552734375,978.5755920410156,980694.7242435068,True,True,1.0,True,True
38SMB_01611_r9120_c3600,4,0.3148999512195587,534.9227905273438,526.3272094726562,281544.4196215831,True,True,1.0,True,True
38SMB_01611_r9120_c3600,5,0.2953720092773437,322.197265625,173.4758758544922,55893.45285221934,True,True,1.0,True,True
38SMB_01611_r9120_c3600,6,0.2811328172683716,697.3333740234375,669.2129516601562,466664.52552136034,True,True,1.0,True,True
38SMB_01611_r9120_c3600,7,0.203275665640831,498.01868438720703,542.310791015625,270080.90667058714,True,True,1.0,True,True
38SMB_01611_r9120_c3600,8,0.1965500116348266,980.7177352905273,1021.9517517089844,1002246.2075122225,True,True,1.0,True,True
38SMB_01612_r9120_c3840,0,0.345489889383316,683.2940673828125,614.4044494628906,419818.9152915962,True,True,1.0,True,True
38SMB_01612_r9120_c3840,1,0.3104273080825805,834.398193359375,961.1476135253906,801979.8322772607,True,True,1.0,True,True
38SMB_01612_r9120_c3840,2,0.2007295936346054,593.2635498046875,587.215576171875,348373.59722033143,True,True,1.0,True,True
38SMB_01612_r9120_c3840,3,0.1531717479228973,638.4384155273438,664.0261840820312,423939.8248340003,True,True,1.0,True,True
38SMB_01613_r9120_c4080,0,0.8017042875289917,459.6319580078125,488.2771301269531,224427.77337068692,True,True,1.0,True,True
38SMB_01613_r9120_c4080,1,0.3216370344161987,1316.0552215576172,1132.7136993408203,1490713.7785473315,True,True,1.0,True,True
38SMB_01613_r9120_c4080,2,0.3204855620861053,880.1812744140625,730.6845092773438,643134.8225703463,True,True,1.0,True,True
38SMB_01613_r9120_c4080,3,0.1536714285612106,614.3373870849609,578.7542724609375,355550.3875079099,True,True,1.0,True,True
38SMB_01613_r9120_c4080,4,0.1354055851697921,853.4545516967773,853.5533142089844,728468.9611275273,True,True,1.0,True,True
38SMB_01614_r9120_c4320,0,0.2443187981843948,598.2655334472656,620.4530143737793,371195.65362329304,True,True,1.0,True,True
38SMB_01614_r9120_c4320,1,0.2141916304826736,594.8229598999023,659.462890625,392263.66854570806,True,True,1.0,True,True
38SMB_01615_r9120_c4560,0,0.6878083944320679,844.2682647705078,802.9092025756836,677870.7592268445,True,True,1.0,True,True
38SMB_01615_r9120_c4560,1,0.2893677651882171,1379.97802734375,1153.90380859375,1592361.9015276432,True,True,1.0,True,True
38SMB_01615_r9120_c4560,2,0.1526789516210556,465.0022888183594,231.12030029296875,107471.468628617,True,True,1.0,True,True
38SMB_01616_r9120_c4800,0,0.6587878465652466,625.3329467773438,593.4532165527344,371105.8486814145,True,True,1.0,True,True
38SMB_01616_r9120_c4800,1,0.2186706811189651,1085.8004760742188,941.45751953125,1022235.0229106843,True,True,1.0,True,True
38SMB_01616_r9120_c4800,2,0.1823626011610031,1138.4202575683594,921.8734741210938,1049479.4378543738,True,True,1.0,True,True
38SMB_01616_r9120_c4800,3,0.1457370072603225,457.127685546875,222.7325439453125,101817.21230968833,True,True,1.0,True,True
38SMB_01616_r9120_c4800,4,0.1408602148294448,778.2061767578125,910.2423095703125,708356.1876539141,True,True,1.0,True,True
38SMB_01616_r9120_c4800,5,0.1373046785593032,929.4062042236328,981.58935546875,912295.2369725332,True,True,1.0,True,True
38SMB_01616_r9120_c4800,6,0.1173504889011383,618.4333801269531,208.73077392578125,129086.07805543579,True,True,1.0,True,True
38SMB_01616_r9120_c4800,7,0.1069474592804908,453.1427001953125,257.3432159423828,116613.19974907674,True,True,1.0,True,True
38SMB_01617_r9120_c5040,0,0.1940706521272659,1134.2025756835938,579.1873168945312,656915.7466250472,True,True,1.0,True,True
38SMB_01617_r9120_c5040,1,0.1173561215400695,292.5967216491699,533.887939453125,156213.8608120149,True,True,1.0,True,True
38SMB_01617_r9120_c5040,2,0.1073449626564979,599.1999816894531,616.444091796875,369373.28851725906,True,True,1.0,True,True
38SMB_01618_r9120_c5280,0,0.1046343296766281,716.2249755859375,226.7984962463379,162438.7474369607,True,True,1.0,True,True
38SMB_01619_r9120_c5520,0,0.815102756023407,590.5144500732422,577.3867416381836,340955.21421805315,True,True,1.0,True,True
38SMB_01619_r9120_c5520,1,0.1658524572849273,587.5518798828125,581.0709953308105,341409.3556519947,True,True,1.0,True,True
38SMB_01619_r9120_c5520,2,0.1588464379310608,1018.4039306640625,510.0379943847656,519424.69826946035,True,True,1.0,True,True
38SMB_01619_r9120_c5520,3,0.1220375299453735,640.0990295410156,406.4265823364258,260153.26093321783,True,True,1.0,True,True
38SMB_01620_r9120_c5760,0,0.1394194960594177,554.717903137207,547.2840881347656,303588.2817904756,True,True,1.0,True,True
38SMB_01620_r9120_c5760,1,0.1119787693023681,353.1950378417969,633.1194305419922,223614.64122865582,True,True,1.0,True,True
38SMB_01624_r9120_c6720,0,0.2522193491458893,445.3912353515625,468.05908203125,208469.41276341677,True,True,1.0,True,True
38SMB_01625_r9120_c6960,0,0.1264601200819015,684.2376708984375,650.47607421875,445080.23399859667,True,True,1.0,True,True
38SMB_01627_r9120_c7440,0,0.6314247846603394,544.23583984375,514.5654296875,280044.94878053665,True,True,1.0,True,True
38SMB_01627_r9120_c7440,1,0.4336602985858917,544.25048828125,532.4061584472656,289762.31169886887,True,True,1.0,True,True
38SMB_01627_r9120_c7440,2,0.1576214730739593,608.218994140625,753.0126953125,457996.6241180897,True,True,1.0,True,True
38SMB_01627_r9120_c7440,3,0.1221106052398681,460.2410888671875,439.97344970703125,202493.85956581682,True,True,1.0,True,True
38SMB_01628_r9120_c7680,0,0.4720424711704254,416.8621063232422,501.2615966796875,208956.96501084603,True,True,1.0,True,True
38SMB_01628_r9120_c7680,1,0.3997760415077209,466.9209671020508,567.2051239013672,264839.9649972649,True,True,1.0,True,True
38SMB_01628_r9120_c7680,2,0.202033132314682,629.76806640625,613.226318359375,386190.3527826071,True,True,1.0,True,True
38SMB_01628_r9120_c7680,3,0.1474603116512298,413.0658721923828,440.4917907714844,181952.1257486078,True,True,1.0,True,True
38SMB_01630_r9120_c8160,0,0.1401295661926269,710.1239013671875,640.594482421875,454901.4530517161,True,True,1.0,True,True
38SMB_01630_r9120_c8160,1,0.1373140513896942,481.1463165283203,455.9161376953125,219362.3702979181,True,True,1.0,True,True
38SMB_01634_r9120_c9120,0,0.2148138880729675,343.3559799194336,615.1498413085938,211215.37655979628,True,True,1.0,True,True
38SMB_01635_r9120_c9360,0,0.2937772274017334,490.0701904296875,490.93414306640625,240592.18898098916,True,True,1.0,True,True
38SMB_01636_r9120_c9600,0,0.1675351858139038,645.3369140625,503.63037109375,325011.2695097923,True,True,1.0,True,True
38SMB_01637_r9120_c9680,0,0.3325643837451935,619.852294921875,903.4356689453125,559996.6727100313,True,True,1.0,True,True
38SMB_01637_r9120_c9680,1,0.2993811666965484,488.4923553466797,681.4628601074219,332889.3976151594,True,True,1.0,True,True
38SMB_01637_r9120_c9680,2,0.1663434505462646,645.2957153320312,502.7471923828125,324420.6091398373,True,True,1.0,True,True
38SMB_01638_r9360_c0,0,0.2877212762832641,1169.1972351074219,755.3973388671875,883208.4800110199,True,True,1.0,True,True
38SMB_01642_r9360_c960,0,0.1810961216688156,1766.8456268310547,1198.3132934570312,2117234.602118074,True,True,1.0,True,True
38SMB_01642_r9360_c960,1,0.1757244765758514,252.6397705078125,415.765380859375,105038.87040540576,True,True,1.0,True,True
38SMB_01642_r9360_c960,2,0.1642269790172577,324.67559814453125,315.714111328125,102504.66793812811,True,True,1.0,True,True
38SMB_01642_r9360_c960,3,0.1395056694746017,688.177490234375,707.30712890625,486752.8447955847,True,True,1.0,True,True
38SMB_01643_r9360_c1200,0,0.2810940742492676,794.542236328125,582.3651885986328,462713.739308808,True,True,1.0,True,True
38SMB_01643_r9360_c1200,1,0.1782609522342682,738.7375640869141,1266.4039611816406,935540.1774333441,True,True,1.0,True,True
38SMB_01643_r9360_c1200,2,0.1213512197136879,408.6961364746094,422.5840759277344,172708.47916735802,True,True,1.0,True,True
38SMB_01643_r9360_c1200,3,0.1062374413013458,652.3405456542969,736.0400390625,480148.76070544124,True,True,1.0,True,True
38SMB_01644_r9360_c1440,0,0.56406170129776,786.121826171875,791.1466979980469,621937.6870000735,True,True,1.0,True,True
38SMB_01644_r9360_c1440,1,0.3398284614086151,601.7437744140625,667.535400390625,401685.27138605714,True,True,1.0,True,True
38SMB_01644_r9360_c1440,2,0.3235629200935364,912.7674102783203,772.8158569335938,705401.1283552973,True,True,1.0,True,True
38SMB_01644_r9360_c1440,3,0.2387129813432693,522.322998046875,505.313720703125,263936.9775518775,True,True,1.0,True,True
38SMB_01644_r9360_c1440,4,0.215398758649826,197.5762939453125,510.86334228515625,100934.48588121682,True,True,1.0,True,True
38SMB_01644_r9360_c1440,5,0.1628135442733764,764.195556640625,798.2012939453125,609981.8821378052,True,True,1.0,True,True
38SMB_01644_r9360_c1440,6,0.1537155210971832,621.282958984375,664.1490173339844,412624.4666958228,True,True,1.0,True,True
38SMB_01644_r9360_c1440,7,0.1130698919296264,523.5870361328125,512.9677581787109,268583.26813648455,True,True,1.0,True,True
38SMB_01644_r9360_c1440,8,0.1094781458377838,360.335693359375,411.0650634765625,148121.41466364264,True,True,1.0,True,True
38SMB_01645_r9360_c1680,0,0.7507648468017578,398.775634765625,388.7176513671875,155011.1281685531,True,True,1.0,True,True
38SMB_01645_r9360_c1680,1,0.2257001399993896,754.0206909179688,800.8428955078125,603852.1133875474,True,True,1.0,True,True
38SMB_01645_r9360_c1680,2,0.1894584745168686,1361.5274047851562,1028.7786865234375,1400710.3751605377,True,True,1.0,True,True
38SMB_01645_r9360_c1680,3,0.1738985925912857,282.45906829833984,584.1004943847656,164984.48143652058,True,True,1.0,True,True
38SMB_01645_r9360_c1680,4,0.1556612998247146,765.3958129882812,810.63720703125,620458.3241142333,True,True,1.0,True,True
38SMB_01645_r9360_c1680,5,0.1514526605606079,218.71334075927734,796.9129943847656,174295.50329637132,True,True,1.0,True,True
38SMB_01645_r9360_c1680,6,0.1392341405153274,1201.2615585327148,1222.6150512695312,1468680.4619735922,True,True,1.0,True,True
38SMB_01645_r9360_c1680,7,0.1232158467173576,1414.9962615966797,1186.1572265625,1678408.0412518233,True,True,1.0,True,True
38SMB_01645_r9360_c1680,8,0.1228732243180275,293.7343406677246,661.4617919921875,194294.0433477168,True,True,1.0,True,True
38SMB_01645_r9360_c1680,9,0.1126530095934867,1802.2048950195312,1314.4522094726562,2368912.2061808594,True,True,1.0,True,True
38SMB_01645_r9360_c1680,10,0.1123521402478218,289.8581123352051,961.8878173828125,278810.9870248125,True,True,1.0,True,True
38SMB_01646_r9360_c1920,0,0.550303041934967,598.9532470703125,577.5888061523438,345948.6909164116,True,True,1.0,True,True
38SMB_01646_r9360_c1920,1,0.3272875249385834,1323.7271118164062,1110.9136962890625,1470546.578666009,True,True,1.0,True,True
38SMB_01646_r9360_c1920,2,0.3118877708911896,799.82177734375,1075.354232788086,860091.7337426916,True,True,1.0,True,True
38SMB_01646_r9360_c1920,3,0.282734215259552,969.6529769897461,903.0706405639648,875665.1350548854,True,True,1.0,True,True
38SMB_01646_r9360_c1920,4,0.1980889439582824,1118.8958740234375,1014.6472930908203,1135284.6698283684,True,True,1.0,True,True
38SMB_01646_r9360_c1920,5,0.1976238936185836,789.5281982421875,875.5278015136719,691253.8876400329,True,True,1.0,True,True
38SMB_01646_r9360_c1920,6,0.165003553032875,903.4642028808594,821.7832946777344,742451.7892668257,True,True,1.0,True,True
38SMB_01646_r9360_c1920,7,0.1410544365644455,280.6231689453125,503.01055908203125,141156.41710255295,True,True,1.0,True,True
38SMB_01646_r9360_c1920,8,0.139086902141571,623.9620971679688,629.6503448486328,392877.94965428766,True,True,1.0,True,True
38SMB_01646_r9360_c1920,9,0.1093147993087768,514.967041015625,651.3134765625,335404.97379899025,True,True,1.0,True,True
38SMB_01646_r9360_c1920,10,0.1068670451641082,1597.2793579101562,1414.326171875,2259073.9996880293,True,True,1.0,True,True
38SMB_01647_r9360_c2160,0,0.4271584153175354,402.7791976928711,679.4335556030273,273661.7024114021,True,True,1.0,True,True
38SMB_01647_r9360_c2160,1,0.3898299634456634,497.1337890625,507.71209716796875,252400.83861798048,True,True,1.0,True,True
38SMB_01647_r9360_c2160,2,0.2355077266693115,1265.6444549560547,1141.9076538085938,1445249.0901147248,True,True,1.0,True,True
38SMB_01647_r9360_c2160,3,0.2144454419612884,912.9275512695312,870.5601501464844,794758.3461060654,True,True,1.0,True,True
38SMB_01647_r9360_c2160,4,0.2121132612228393,374.4879150390625,392.43919372558594,146963.73543790542,True,True,1.0,True,True
38SMB_01647_r9360_c2160,5,0.2075086385011673,567.698974609375,577.8443908691406,328041.66818019,True,True,1.0,True,True
38SMB_01647_r9360_c2160,6,0.1967580020427703,504.57244873046875,855.2699279785156,431545.6418856513,True,True,1.0,True,True
38SMB_01647_r9360_c2160,7,0.1808681041002273,1448.9617919921875,1278.4790802001953,1852467.3390713986,True,True,1.0,True,True
38SMB_01647_r9360_c2160,8,0.1784938722848892,1350.4080200195312,1159.80712890625,1566212.8485508263,True,True,1.0,True,True
38SMB_01647_r9360_c2160,9,0.1404183655977249,1147.1475219726562,1168.319435119629,1340234.7448699758,True,True,1.0,True,True
38SMB_01647_r9360_c2160,10,0.1264873594045639,920.6153869628906,908.468017578125,836349.6355460957,True,True,1.0,True,True
38SMB_01647_r9360_c2160,11,0.1082490980625152,610.3921508789062,180.797119140625,110357.14242495596,True,True,1.0,True,True
38SMB_01647_r9360_c2160,12,0.1049636229872703,420.37200927734375,133.759765625,56228.861436247826,True,True,1.0,True,True
38SMB_01648_r9360_c2400,0,0.423233151435852,666.8121337890625,709.4331359863281,473058.6231877096,True,True,1.0,True,True
38SMB_01648_r9360_c2400,1,0.3517286777496338,528.858642578125,553.73046875,292845.14405727386,True,True,1.0,True,True
38SMB_01648_r9360_c2400,2,0.2261164188385009,519.1855621337891,540.1486206054688,280437.36522484105,True,True,1.0,True,True
38SMB_01648_r9360_c2400,3,0.1690511703491211,437.396240234375,432.933349609375,189363.41939121485,True,True,1.0,True,True
38SMB_01648_r9360_c2400,4,0.1439224481582641,341.03416442871094,829.774169921875,282981.34070383385,True,True,1.0,True,True
38SMB_01648_r9360_c2400,5,0.1005488038063049,945.3660583496094,841.0194396972656,795071.232702001,True,True,1.0,True,True
38SMB_01649_r9360_c2640,0,0.6901752352714539,925.97900390625,897.8811645507812,831419.1063769162,True,True,1.0,True,True
38SMB_01649_r9360_c2640,1,0.4234536290168762,624.5721435546875,641.2351989746094,400497.64274628833,True,True,1.0,True,True
38SMB_01649_r9360_c2640,2,0.3828833997249603,741.6131591796875,433.7841796875,321700.0559002161,True,True,1.0,True,True
38SMB_01649_r9360_c2640,3,0.2827364504337311,1085.2278137207031,1081.4190673828125,1173586.0502117313,True,True,1.0,True,True
38SMB_01649_r9360_c2640,4,0.2013696432113647,416.510009765625,437.39471435546875,182179.27674762905,True,True,1.0,True,True
38SMB_01649_r9360_c2640,5,0.1950447410345077,1321.7608642578125,1445.7070922851562,1910879.0557624772,True,True,1.0,True,True
38SMB_01649_r9360_c2640,6,0.1792791038751602,546.2677001953125,919.4827270507812,502283.7146753445,True,True,1.0,True,True
38SMB_01649_r9360_c2640,7,0.1595203429460525,426.76666259765625,421.24359130859375,179772.72160341963,True,True,1.0,True,True
38SMB_01649_r9360_c2640,8,0.1576615571975708,225.78622817993164,492.32879638671875,111161.06196052278,True,True,1.0,True,True
38SMB_01649_r9360_c2640,9,0.1549597382545471,185.65032958984375,200.1861572265625,37164.62606843561,True,True,1.0,True,True
38SMB_01650_r9360_c2880,0,0.7000022530555725,770.6884765625,867.4323272705078,668520.0988251716,True,True,1.0,True,True
38SMB_01650_r9360_c2880,1,0.6823802590370178,444.7027587890625,448.0316162109375,199240.89575372636,True,True,1.0,True,True
38SMB_01650_r9360_c2880,2,0.6350598931312561,586.7587280273438,544.178466796875,319301.4649976045,True,True,1.0,True,True
38SMB_01650_r9360_c2880,3,0.6119841933250427,1178.8136291503906,1198.7197875976562,1413067.2231523786,True,True,1.0,True,True
38SMB_01650_r9360_c2880,4,0.4968789219856262,527.0673370361328,488.9012908935547,257683.9014647936,True,True,1.0,True,True
38SMB_01650_r9360_c2880,5,0.4170567691326141,426.0485076904297,702.1287536621094,299140.907704283,True,True,1.0,True,True
38SMB_01650_r9360_c2880,6,0.4022413492202759,738.9775085449219,431.8035888671875,319093.14028183,True,True,1.0,True,True
38SMB_01650_r9360_c2880,7,0.3761975765228271,801.9947052001953,875.242919921875,701940.1875413023,True,True,1.0,True,True
38SMB_01650_r9360_c2880,8,0.3438267409801483,1255.8070373535156,710.85205078125,892693.0078882724,True,True,1.0,True,True
38SMB_01650_r9360_c2880,9,0.3342703878879547,940.7810974121094,940.1585388183594,884483.3818909014,True,True,1.0,True,True
38SMB_01650_r9360_c2880,10,0.2345059514045715,535.7077026367188,566.2188720703125,303327.81114634126,True,True,1.0,True,True
38SMB_01650_r9360_c2880,11,0.2140593230724334,128.75244140625,504.29237365722656,64928.874290920794,True,True,1.0,True,True
38SMB_01650_r9360_c2880,12,0.1695272326469421,1275.9724426269531,1607.314453125,2050888.9488235116,True,True,1.0,True,True
38SMB_01650_r9360_c2880,13,0.1650665700435638,163.10791015625,593.8418579101562,96860.30440703034,True,True,1.0,True,True
38SMB_01650_r9360_c2880,14,0.1432005167007446,358.2951354980469,338.5737609863281,121309.33156867977,True,True,1.0,True,True
38SMB_01651_r9360_c3120,0,0.604120135307312,593.3746337890625,577.6788330078125,342779.96598370373,True,True,1.0,True,True
38SMB_01651_r9360_c3120,1,0.4940501451492309,846.4244079589844,1136.2937927246094,961786.8007743964,True,True,1.0,True,True
38SMB_01651_r9360_c3120,2,0.4821095466613769,706.3546752929688,647.581787109375,457422.422959283,True,True,1.0,True,True
38SMB_01651_r9360_c3120,3,0.463092565536499,823.0278015136719,654.8268127441406,538940.672065015,True,True,1.0,True,True
38SMB_01651_r9360_c3120,4,0.4626084268093109,633.7310791015625,792.7578735351562,502395.3026616946,True,True,1.0,True,True
38SMB_01651_r9360_c3120,5,0.4118101894855499,727.8104019165039,806.0888671875,586679.8624081537,True,True,1.0,True,True
38SMB_01651_r9360_c3120,6,0.1031414791941642,182.6416015625,189.45037841796875,34601.5205308795,True,True,1.0,True,True
38SMB_01652_r9360_c3360,0,0.79380863904953,636.8865966796875,676.2078857421875,430667.7389983088,True,True,1.0,True,True
38SMB_01652_r9360_c3360,1,0.5919570326805115,643.7213134765625,688.6459350585938,443296.06583621353,True,True,1.0,True,True
38SMB_01652_r9360_c3360,2,0.5735815763473511,234.107666015625,471.47403717041016,110375.68642892875,True,True,1.0,True,True
38SMB_01652_r9360_c3360,3,0.3867886960506439,220.38455963134766,565.291748046875,124581.57295654528,True,True,1.0,True,True
38SMB_01652_r9360_c3360,4,0.2763115465641022,702.8221893310547,663.9151000976562,466614.2641805811,True,True,1.0,True,True
38SMB_01652_r9360_c3360,5,0.2472822219133377,510.72723388671875,547.149658203125,279444.23145614564,True,True,1.0,True,True
38SMB_01652_r9360_c3360,6,0.2017316669225692,268.6412048339844,755.146484375,202863.46138864756,True,True,1.0,True,True
38SMB_01652_r9360_c3360,7,0.1852715462446212,1131.8243408203125,958.9593505859375,1085373.5348504037,True,True,1.0,True,True
38SMB_01652_r9360_c3360,8,0.1449814140796661,278.90323638916016,485.6695556640625,135454.8108903924,True,True,1.0,True,True
38SMB_01652_r9360_c3360,9,0.1356149613857269,546.4834594726562,752.9022216796875,411448.61074816436,True,True,1.0,True,True
38SMB_01652_r9360_c3360,10,0.1158822402358055,271.9673156738281,298.333740234375,81137.0265064761,True,True,1.0,True,True
38SMB_01652_r9360_c3360,11,0.1087317466735839,562.3561096191406,588.8192749023438,331126.1167028453,True,True,1.0,True,True
38SMB_01652_r9360_c3360,12,0.1043340638279914,178.85910034179688,193.18603515625,34553.08044664562,True,True,1.0,True,True
38SMB_01653_r9360_c3600,0,0.8394701480865479,633.7175750732422,676.0302734375,428412.26555891335,True,True,1.0,True,True
38SMB_01653_r9360_c3600,1,0.7185280323028564,450.43521881103516,454.3275451660156,204645.1272187347,True,True,1.0,True,True
38SMB_01653_r9360_c3600,2,0.7139971256256104,440.6793212890625,435.7049560546875,192006.1643164605,True,True,1.0,True,True
38SMB_01653_r9360_c3600,3,0.5332646369934082,866.7701721191406,736.7572021484375,638599.1669162177,True,True,1.0,True,True
38SMB_01653_r9360_c3600,4,0.4385588467121124,948.5032653808594,938.5699462890625,890236.6588435136,True,True,1.0,True,True
38SMB_01653_r9360_c3600,5,0.179356575012207,393.5107421875,862.2079467773438,339288.08905631304,True,True,1.0,True,True
38SMB_01653_r9360_c3600,6,0.1637397557497024,664.0170288085938,577.2015380859375,383271.6503435746,True,True,1.0,True,True
38SMB_01654_r9360_c3840,0,0.7844308614730835,475.7122802734375,469.8052978515625,223492.14952550828,True,True,1.0,True,True
38SMB_01654_r9360_c3840,1,0.7225925922393799,439.8248291015625,439.229736328125,193184.14371684194,True,True,1.0,True,True
38SMB_01654_r9360_c3840,2,0.4132468104362488,817.4053955078125,819.169921875,669593.9139783382,True,True,1.0,True,True
38SMB_01654_r9360_c3840,3,0.3902915418148041,795.0499725341797,932.7680969238281,741597.2498400486,True,True,1.0,True,True
38SMB_01654_r9360_c3840,4,0.3870542347431183,785.1055908203125,644.1215515136719,505703.4312612377,True,True,1.0,True,True
38SMB_01654_r9360_c3840,5,0.3242038488388061,730.8547973632812,752.8564453125,550228.7447825074,True,True,1.0,True,True
38SMB_01654_r9360_c3840,6,0.1080228835344314,390.7579040527344,389.468994140625,152188.0878439173,True,True,1.0,True,True
38SMB_01655_r9360_c4080,0,0.7929587960243225,443.31993103027344,433.42193603515625,192144.58279011305,True,True,1.0,True,True
38SMB_01655_r9360_c4080,1,0.1666832268238067,1027.9556274414062,987.7391052246094,1015351.9716595765,True,True,1.0,True,True
38SMB_01655_r9360_c4080,2,0.1516150683164596,860.71044921875,913.4335327148438,786201.7862744629,True,True,1.0,True,True
38SMB_01655_r9360_c4080,3,0.1015678569674491,493.0649948120117,644.5718383789062,317815.81014626427,True,True,1.0,True,True
38SMB_01656_r9360_c4320,0,0.1206940338015556,964.8214721679688,369.287109375,356296.1325198412,True,True,1.0,True,True
38SMB_01656_r9360_c4320,1,0.1199607253074646,529.0310668945312,605.9616088867188,320572.5164464675,True,True,1.0,True,True
38SMB_01656_r9360_c4320,2,0.1072180941700935,352.6641845703125,355.8167266845703,125483.81577269174,True,True,1.0,True,True
38SMB_01657_r9360_c4560,0,0.4880230724811554,623.4656524658203,389.083251953125,242580.04354247823,True,True,1.0,True,True
38SMB_01657_r9360_c4560,1,0.2959072291851043,599.8748779296875,601.22314453125,360658.66043418646,True,True,1.0,True,True
38SMB_01657_r9360_c4560,2,0.2331802248954773,304.43359375,685.2911758422852,208625.65542683005,True,True,1.0,True,True
38SMB_01657_r9360_c4560,3,0.1507144272327423,941.1648559570312,1021.5606689453125,961456.9998392835,True,True,1.0,True,True
38SMB_01657_r9360_c4560,4,0.13658107817173,968.4378051757812,708.2972717285156,685941.8552447576,True,True,1.0,True,True
38SMB_01657_r9360_c4560,5,0.1331246197223663,727.5799560546875,923.6318969726562,672016.0550100729,True,True,1.0,True,True
38SMB_01657_r9360_c4560,6,0.1123519316315651,911.3320922851562,988.9834594726562,901292.3653566279,True,True,1.0,True,True
38SMB_01658_r9360_c4800,0,0.7161751985549927,617.5225067138672,563.4390258789062,347936.2796411617,True,True,1.0,True,True
38SMB_01658_r9360_c4800,1,0.6803555488586426,669.1026306152344,686.9801330566406,459660.214208602,True,True,1.0,True,True
38SMB_01658_r9360_c4800,2,0.2801232039928436,521.4944458007812,515.8474731445312,269011.5921252407,True,True,1.0,True,True
38SMB_01658_r9360_c4800,3,0.243508905172348,1208.8262939453125,1006.1007690429688,1216201.0639777407,True,True,1.0,True,True
38SMB_01658_r9360_c4800,4,0.2096714228391647,951.6410827636719,722.4448394775391,687508.1892774324,True,True,1.0,True,True
38SMB_01658_r9360_c4800,5,0.1863622069358825,466.7352294921875,494.80010986328125,230940.64282979816,True,True,1.0,True,True
38SMB_01658_r9360_c4800,6,0.1859877556562423,529.9177551269531,607.9638671875,322170.8476983011,True,True,1.0,True,True
38SMB_01658_r9360_c4800,7,0.1306270658969879,547.9742431640625,284.51276779174805,155905.6686011958,True,True,1.0,True,True
38SMB_01658_r9360_c4800,8,0.1069279611110687,1039.7549438476562,796.9107055664062,828591.8459177949,True,True,1.0,True,True
38SMB_01659_r9360_c5040,0,0.2761715054512024,622.1835327148438,615.7476806640625,383108.0672165379,True,True,1.0,True,True
38SMB_01659_r9360_c5040,1,0.129056766629219,972.3690795898438,910.9637832641602,885793.0154722533,True,True,1.0,True,True
38SMB_01659_r9360_c5040,2,0.1074072122573852,599.0365982055664,619.9372100830078,371365.07742917456,True,True,1.0,True,True
38SMB_01662_r9360_c5760,0,0.439075231552124,711.0906982421875,670.1072692871094,476507.0460145362,True,True,1.0,True,True
38SMB_01663_r9360_c6000,0,0.4772029817104339,650.5340576171875,688.1507873535156,447665.5239495449,True,True,1.0,True,True
38SMB_01665_r9360_c6480,0,0.5008686780929565,573.2772827148438,513.548583984375,294405.7367686182,True,True,1.0,True,True
38SMB_01668_r9360_c7200,0,0.3809937238693237,548.02734375,458.56201171875,251304.52122688293,True,True,1.0,True,True
38SMB_01668_r9360_c7200,1,0.1761209219694137,269.459228515625,425.3546142578125,114615.72620347142,True,True,1.0,True,True
38SMB_01669_r9360_c7440,0,0.3464251160621643,464.4845199584961,440.64300537109375,204671.8548228615,True,True,1.0,True,True
38SMB_01670_r9360_c7680,0,0.280257374048233,533.9129638671875,517.8421020507812,276482.6115211472,True,True,1.0,True,True
38SMB_01670_r9360_c7680,1,0.1452492177486419,507.75146484375,743.8629150390625,377697.48475402594,True,True,1.0,True,True
38SMB_01670_r9360_c7680,2,0.1150045916438102,329.25445556640625,330.975341796875,108975.1059692353,True,True,1.0,True,True
38SMB_01671_r9360_c7920,0,0.251160591840744,502.50396728515625,513.046875,257808.09009075165,True,True,1.0,True,True
38SMB_01671_r9360_c7920,1,0.1545300632715225,170.0648307800293,523.4783935546875,89025.26441687951,True,True,1.0,True,True
38SMB_01671_r9360_c7920,2,0.1423921287059784,586.9593811035156,711.0198974609375,417339.798965957,True,True,1.0,True,True
38SMB_01671_r9360_c7920,3,0.128903329372406,128.4403419494629,473.8306427001953,60858.96977454686,True,True,1.0,True,True
38SMB_01671_r9360_c7920,4,0.1011079996824264,474.3788146972656,513.7603759765625,243717.03819418326,True,True,1.0,True,True
38SMB_01672_r9360_c8160,0,0.129102736711502,476.837158203125,363.84674072265625,173495.64586766064,True,True,1.0,True,True
38SMB_01675_r9360_c8880,0,0.1074111387133598,812.6950073242188,467.2586441040039,379738.767192408,True,True,1.0,True,True
38SMB_01676_r9360_c9120,0,0.1064483895897865,391.5818786621094,387.3902130126953,151694.98738682596,True,True,1.0,True,True
38SMB_01677_r9360_c9360,0,0.2975876331329345,503.06549072265625,367.34619140625,184799.19204488397,True,True,1.0,True,True
38SMB_01678_r9360_c9600,0,0.1135510802268982,584.6075439453125,569.1763305664062,332744.77668423206,True,True,1.0,True,True
38SMB_01679_r9360_c9680,0,0.1125090271234512,585.6573486328125,570.8132934570312,334301.00001040846,True,True,1.0,True,True
38SMB_01680_r9600_c0,0,0.1993510574102401,472.34130859375,416.959228515625,196947.06762731075,True,True,1.0,True,True
38SMB_01684_r9600_c960,0,0.240070566534996,248.80340576171875,377.6491928100586,93960.40535430657,True,True,1.0,True,True
38SMB_01684_r9600_c960,1,0.1310104876756668,342.899169921875,366.4653015136719,125660.64769420773,True,True,1.0,True,True
38SMB_01684_r9600_c960,2,0.1155341565608978,516.2413024902344,300.1259231567383,154937.39748151856,True,True,1.0,True,True
38SMB_01684_r9600_c960,3,0.1020331159234047,428.526611328125,441.08402252197266,189016.2414823193,True,True,1.0,True,True
38SMB_01685_r9600_c1200,0,0.1177943423390388,458.26904296875,620.404052734375,284311.97150051594,True,True,1.0,True,True
38SMB_01685_r9600_c1200,1,0.1117981895804405,894.6859741210938,903.8034057617188,808620.2304978855,True,True,1.0,True,True
38SMB_01686_r9600_c1440,0,0.5308125019073486,525.3628540039062,519.4952392578125,272923.5015379265,True,True,1.0,True,True
38SMB_01686_r9600_c1440,1,0.2228393256664276,571.9760131835938,608.7542724609375,348192.8417706862,True,True,1.0,True,True
38SMB_01686_r9600_c1440,2,0.2070744633674621,267.18231201171875,722.8204345703125,193124.83487781137,True,True,1.0,True,True
38SMB_01686_r9600_c1440,3,0.1758355647325515,629.37255859375,571.2457656860352,359526.40913566574,True,True,1.0,True,True
38SMB_01686_r9600_c1440,4,0.1413669884204864,610.8843994140625,1040.3710174560547,635546.4241664391,True,True,1.0,True,True
38SMB_01686_r9600_c1440,5,0.1139400601387023,759.3235778808594,684.2986297607422,519604.0838888963,True,True,1.0,True,True
38SMB_01687_r9600_c1680,0,0.2468351572751999,705.2420425415039,728.82568359375,513998.5137543641,True,True,1.0,True,True
38SMB_01687_r9600_c1680,1,0.2420391887426376,1528.9701843261719,1214.0554809570312,1856254.6325010713,True,True,1.0,True,True
38SMB_01687_r9600_c1680,2,0.1878238320350647,1285.518798828125,1275.3939819335938,1639542.9396878928,True,True,1.0,True,True
38SMB_01687_r9600_c1680,3,0.1850894391536712,1426.1398315429688,730.3073883056641,1041520.4557328252,True,True,1.0,True,True
38SMB_01687_r9600_c1680,4,0.1740818470716476,1620.379638671875,1330.9657287597656,2156669.766652398,True,True,1.0,True,True
38SMB_01687_r9600_c1680,5,0.1371030509471893,1128.1824493408203,676.9026947021484,763669.7400744713,True,True,1.0,True,True
38SMB_01687_r9600_c1680,6,0.1255647838115692,812.7098846435547,598.6181259155273,486502.8680583491,True,True,1.0,True,True
38SMB_01687_r9600_c1680,7,0.117317333817482,1938.0615997314453,1027.5846862792969,1991522.4209499895,True,True,1.0,True,True
38SMB_01687_r9600_c1680,8,0.1080295965075492,209.1124725341797,650.8609008789062,136103.13225861173,True,True,1.0,True,True
38SMB_01687_r9600_c1680,9,0.1060465648770332,1040.8221435546875,1082.36083984375,1126545.1294258237,True,True,1.0,True,True
38SMB_01688_r9600_c1920,0,0.6839266419410706,400.1080322265625,414.6681213378906,165912.04605558887,True,True,1.0,True,True
38SMB_01688_r9600_c1920,1,0.2979347109794616,433.0328369140625,414.561767578125,179518.8582904637,True,True,1.0,True,True
38SMB_01688_r9600_c1920,2,0.2889004945755005,546.9915771484375,941.9207000732422,515222.6892818231,True,True,1.0,True,True
38SMB_01688_r9600_c1920,3,0.2511704564094543,1056.9964599609375,589.8004150390625,623416.9507797807,True,True,1.0,True,True
38SMB_01688_r9600_c1920,4,0.151724025607109,574.5880126953125,546.9390869140625,314264.64301533997,True,True,1.0,True,True
38SMB_01688_r9600_c1920,5,0.1321656554937362,960.8392333984375,1238.5299682617188,1190028.185245581,True,True,1.0,True,True
38SMB_01688_r9600_c1920,6,0.1273583173751831,1046.1972045898438,976.33056640625,1021434.3093298376,True,True,1.0,True,True
38SMB_01688_r9600_c1920,7,0.1135927438735961,712.9057312011719,670.7675170898438,478194.0072369296,True,True,1.0,True,True
38SMB_01689_r9600_c2160,0,0.5119172930717468,331.64337158203125,415.0547790527344,137650.16631628387,True,True,1.0,True,True
38SMB_01689_r9600_c2160,1,0.3989195823669433,540.3500366210938,526.5155029296875,284502.67128963023,True,True,1.0,True,True
38SMB_01689_r9600_c2160,2,0.3079761564731598,1393.4893798828125,1350.6640625,1882136.0268831253,True,True,1.0,True,True
38SMB_01689_r9600_c2160,3,0.3076174557209015,973.8317108154297,1034.73876953125,1007661.4261796698,True,True,1.0,True,True
38SMB_01689_r9600_c2160,4,0.2490396648645401,1101.4283752441406,1368.7962341308594,1507631.0121990507,True,True,1.0,True,True
38SMB_01689_r9600_c2160,5,0.2029950022697448,908.9457702636719,838.7841796875,762409.3322910368,True,True,1.0,True,True
38SMB_01689_r9600_c2160,6,0.1952726542949676,704.4735717773438,611.89453125,431063.525980711,True,True,1.0,True,True
38SMB_01689_r9600_c2160,7,0.1604903936386108,784.7979736328125,446.7762756347656,350629.11578537896,True,True,1.0,True,True
38SMB_01689_r9600_c2160,8,0.1599738150835037,510.1325988769531,552.8001022338867,282001.352812018,True,True,1.0,True,True
38SMB_01689_r9600_c2160,9,0.1570411324501037,297.965087890625,292.41424560546875,87129.2363923043,True,True,1.0,True,True
38SMB_01689_r9600_c2160,10,0.1561364233493805,362.7186965942383,922.034912109375,334439.30153469555,True,True,1.0,True,True
38SMB_01689_r9600_c2160,11,0.1482806354761123,337.9893112182617,419.58251953125,141814.40677559003,True,True,1.0,True,True
38SMB_01689_r9600_c2160,12,0.127997800707817,522.9248046875,241.923828125,126507.97057151794,True,True,1.0,True,True
38SMB_01689_r9600_c2160,13,0.1184814497828483,1062.9330444335938,990.0575256347656,1052364.8598873522,True,True,1.0,True,True
38SMB_01689_r9600_c2160,14,0.1174969598650932,400.13824462890625,424.8881530761719,170013.99973551743,True,True,1.0,True,True
38SMB_01689_r9600_c2160,15,0.10971499979496,407.8485107421875,879.8465347290039,358844.0988708986,True,True,1.0,True,True
38SMB_01690_r9600_c2400,0,0.2168156951665878,974.3656158447266,1278.8371276855469,1246054.925482429,True,True,1.0,True,True
38SMB_01690_r9600_c2400,1,0.1177416294813156,335.443115234375,175.0347900390625,58714.215245097876,True,True,1.0,True,True
38SMB_01690_r9600_c2400,2,0.1143549531698226,719.0362548828125,313.3892822265625,225338.25581260026,True,True,1.0,True,True
38SMB_01690_r9600_c2400,3,0.1081523299217224,249.55156326293945,518.038330078125,129277.27510111872,True,True,1.0,True,True
38SMB_01691_r9600_c2640,0,0.3722582459449768,539.835205078125,495.7745361328125,267636.5483857691,True,True,1.0,True,True
38SMB_01691_r9600_c2640,1,0.3477124273777008,665.504150390625,588.9479064941406,391947.2761357203,True,True,1.0,True,True
38SMB_01691_r9600_c2640,2,0.3125466108322143,522.3956298828125,548.9437866210938,286765.8351821825,True,True,1.0,True,True
38SMB_01691_r9600_c2640,3,0.2766777575016022,1048.6883544921875,949.520263671875,995750.8428670466,True,True,1.0,True,True
38SMB_01691_r9600_c2640,4,0.1597460061311721,666.2416076660156,1184.1594696044922,788936.3087622332,True,True,1.0,True,True
38SMB_01691_r9600_c2640,5,0.1299836784601211,316.1491394042969,165.22602081298828,52236.06428722269,True,True,1.0,True,True
38SMB_01691_r9600_c2640,6,0.1117230281233787,936.7969512939453,1531.2191772460938,1434441.457006964,True,True,1.0,True,True
38SMB_01692_r9600_c2880,0,0.5706679821014404,637.4716186523438,415.9197235107422,265137.0193758281,True,True,1.0,True,True
38SMB_01692_r9600_c2880,1,0.4148102700710296,1257.7595520019531,1220.1956176757812,1534712.693442637,True,True,1.0,True,True
38SMB_01692_r9600_c2880,2,0.3914595246315002,670.2843475341797,582.476806640625,390425.08629290387,True,True,1.0,True,True
38SMB_01692_r9600_c2880,3,0.3483036458492279,520.3761672973633,494.83154296875,257498.54178791866,True,True,1.0,True,True
38SMB_01692_r9600_c2880,4,0.3350556492805481,1196.18408203125,1200.4502868652344,1435959.524418041,True,True,1.0,True,True
38SMB_01692_r9600_c2880,5,0.1829834729433059,1338.896484375,1307.88330078125,1751120.3533887863,True,True,1.0,True,True
38SMB_01692_r9600_c2880,6,0.1336525231599807,1465.6455993652344,1499.1073608398438,2197160.1063909475,True,True,1.0,True,True
38SMB_01692_r9600_c2880,7,0.1217913925647735,271.13014221191406,445.14739990234375,120692.87784078624,True,True,1.0,True,True
38SMB_01692_r9600_c2880,8,0.1027136594057083,286.9859313964844,145.92866897583008,41879.47498347785,True,True,1.0,True,True
38SMB_01693_r9600_c3120,0,0.5956403613090515,645.9329223632812,606.0015869140625,391436.37599218637,True,True,1.0,True,True
38SMB_01693_r9600_c3120,1,0.553716242313385,588.1781005859375,483.36719512939453,284305.9987167595,True,True,1.0,True,True
38SMB_01693_r9600_c3120,2,0.3790984153747558,613.238525390625,463.861083984375,284457.487128675,True,True,1.0,True,True
38SMB_01693_r9600_c3120,3,0.2412215322256088,808.8374328613281,1350.001220703125,1091931.5217131749,True,True,1.0,True,True
38SMB_01693_r9600_c3120,4,0.1915002167224884,1321.4080810546875,1154.2534637451172,1525239.8545781616,True,True,1.0,True,True
38SMB_01693_r9600_c3120,5,0.1207520440220832,139.803466796875,388.218994140625,54274.36125725508,True,True,1.0,True,True
38SMB_01694_r9600_c3360,0,0.2715311646461487,510.662841796875,550.5384826660156,281139.54607676715,True,True,1.0,True,True
38SMB_01694_r9600_c3360,1,0.220198318362236,477.1087646484375,486.964111328125,232334.8455838859,True,True,1.0,True,True
38SMB_01694_r9600_c3360,2,0.1189120560884475,716.1077880859375,290.83614349365234,208270.0274126837,True,True,1.0,True,True
38SMB_01694_r9600_c3360,3,0.1110462248325347,1128.2200622558594,544.6421813964844,614476.2358023087,True,True,1.0,True,True
38SMB_01695_r9600_c3600,0,0.467453271150589,858.116455078125,711.363525390625,610432.7466800809,True,True,1.0,True,True
38SMB_01695_r9600_c3600,1,0.1663221567869186,794.4293212890625,512.2955322265625,406982.5919661671,True,True,1.0,True,True
38SMB_01696_r9600_c3840,0,0.560338020324707,753.3380126953125,787.6628112792969,593376.3369231485,True,True,1.0,True,True
38SMB_01696_r9600_c3840,1,0.3825370371341705,718.0767822265625,458.49605560302734,329235.37227099296,True,True,1.0,True,True
38SMB_01696_r9600_c3840,2,0.1892566233873367,496.0272216796875,566.004638671875,280753.70837822556,True,True,1.0,True,True
38SMB_01697_r9600_c4080,0,0.4097278714179992,422.60772705078125,448.19366455078125,189410.10585436597,True,True,1.0,True,True
38SMB_01697_r9600_c4080,1,0.2717969417572021,451.3238525390625,442.59857177734375,199755.29254283756,True,True,1.0,True,True
38SMB_01697_r9600_c4080,2,0.2627381682395935,496.8068313598633,810.8497619628906,402835.7009496831,True,True,1.0,True,True
38SMB_01697_r9600_c4080,3,0.2148623764514923,225.91796875,660.322265625,149178.66497039795,True,True,1.0,True,True
38SMB_01697_r9600_c4080,4,0.1513248085975647,779.1454696655273,422.8859329223633,329489.65882173943,True,True,1.0,True,True
38SMB_01697_r9600_c4080,5,0.1048125848174095,155.146484375,771.6543579101562,119719.46078240871,True,True,1.0,True,True
38SMB_01698_r9600_c4320,0,0.3328490555286407,359.03087615966797,527.6104736328125,189428.45061940607,True,True,1.0,True,True
38SMB_01699_r9600_c4560,0,0.349231868982315,927.7906036376953,956.3202285766602,887264.9221420783,True,True,1.0,True,True
38SMB_01699_r9600_c4560,1,0.3137133121490478,592.4154663085938,296.7271614074707,175785.75969163212,True,True,1.0,True,True
38SMB_01699_r9600_c4560,2,0.2197156846523285,482.2900390625,444.371337890625,214315.86990952492,True,True,1.0,True,True
38SMB_01699_r9600_c4560,3,0.1373165398836136,643.3531188964844,541.2387084960938,348207.61117846705,True,True,1.0,True,True
38SMB_01700_r9600_c4800,0,0.3240742087364197,490.2459716796875,483.9208984375,237240.27107059956,True,True,1.0,True,True
38SMB_01700_r9600_c4800,1,0.1877803802490234,599.4573974609375,662.9812622070312,397429.02200799435,True,True,1.0,True,True
38SMB_01700_r9600_c4800,2,0.1534481793642044,653.4623718261719,571.0470581054688,373157.7650139574,True,True,1.0,True,True
38SMB_01700_r9600_c4800,3,0.1490603238344192,848.0828857421875,486.96258544921875,412984.63471625,True,True,1.0,True,True
38SMB_01700_r9600_c4800,4,0.1293901652097702,395.3851318359375,404.2340087890625,159828.116857633,True,True,1.0,True,True
38SMB_01701_r9600_c5040,0,0.6326079368591309,1203.8227081298828,1101.627197265625,1326163.8359618373,True,True,1.0,True,True
38SMB_01701_r9600_c5040,1,0.508680522441864,637.841796875,574.658203125,366541.02087020874,True,True,1.0,True,True
38SMB_01701_r9600_c5040,2,0.306600421667099,480.1954650878906,476.317138671875,228725.3299338743,True,True,1.0,True,True
38SMB_01701_r9600_c5040,3,0.1973959505558014,445.4477310180664,668.1571960449219,297629.1069416038,True,True,1.0,True,True
38SMB_01701_r9600_c5040,4,0.1719725430011749,832.9638671875,995.0523376464844,828842.6432199776,True,True,1.0,True,True
38SMB_01701_r9600_c5040,5,0.1595159918069839,505.65467834472656,617.4465560913086,312214.7397154098,True,True,1.0,True,True
38SMB_01702_r9600_c5280,0,0.4431677162647247,1076.861572265625,995.4417419433594,1071952.9593279585,True,True,1.0,True,True
38SMB_01702_r9600_c5280,1,0.2675163447856903,1171.9717407226562,869.437255859375,1018955.8941986412,True,True,1.0,True,True
38SMB_01702_r9600_c5280,2,0.1433001160621643,749.1653442382812,886.5777587890625,664193.3318572119,True,True,1.0,True,True
38SMB_01702_r9600_c5280,3,0.1346395760774612,588.5321044921875,708.233642578125,416818.23613867164,True,True,1.0,True,True
38SMB_01702_r9600_c5280,4,0.1130101308226585,523.1231689453125,603.5626220703125,315737.5915143639,True,True,1.0,True,True
38SMB_01702_r9600_c5280,5,0.1075111329555511,1063.7060546875,988.9717102050781,1051975.1960597932,True,True,1.0,True,True
38SMB_01702_r9600_c5280,6,0.1062576696276664,472.9679870605469,252.88330078125,119605.70573173463,True,True,1.0,True,True
38SMB_01703_r9600_c5520,0,0.4311539828777313,729.6300888061523,790.0021362304688,576409.328814887,True,True,1.0,True,True
38SMB_01703_r9600_c5520,1,0.2435391396284103,900.5734252929688,724.2918395996094,652277.9828999657,True,True,1.0,True,True
38SMB_01703_r9600_c5520,2,0.1734416186809539,1303.1637573242188,1184.17724609375,1543176.8693573773,True,True,1.0,True,True
38SMB_01703_r9600_c5520,3,0.1471311599016189,407.921142578125,398.7530517578125,162659.8004795611,True,True,1.0,True,True
38SMB_01703_r9600_c5520,4,0.1184922382235527,1310.6854248046875,968.7628173828125,1269743.3048363775,True,True,1.0,True,True
38SMB_01704_r9600_c5760,0,0.6813052296638489,568.046875,650.213623046875,369351.8166542053,True,True,1.0,True,True
38SMB_01704_r9600_c5760,1,0.4145423769950866,706.1773681640625,595.6056213378906,420603.2101401128,True,True,1.0,True,True
38SMB_01704_r9600_c5760,2,0.305485337972641,533.123779296875,518.5546875,276453.83477211,True,True,1.0,True,True
38SMB_01704_r9600_c5760,3,0.216823548078537,914.9609375,872.8533935546875,798626.7592668533,True,True,1.0,True,True
38SMB_01705_r9600_c6000,0,0.652073860168457,631.2290954589844,649.0036010742188,409669.95605570264,True,True,1.0,True,True
38SMB_01705_r9600_c6000,1,0.4027113616466522,644.9114227294922,619.3647766113281,399435.4192729457,True,True,1.0,True,True
38SMB_01705_r9600_c6000,2,0.3075251281261444,494.150390625,464.547119140625,229556.14038705826,True,True,1.0,True,True
38SMB_01705_r9600_c6000,3,0.2519549429416656,930.6881713867188,950.1199340820312,884265.3840488754,True,True,1.0,True,True
38SMB_01705_r9600_c6000,4,0.2206241339445114,1108.270606994629,983.480224609375,1089962.225495046,True,True,1.0,True,True
38SMB_01705_r9600_c6000,5,0.1361037343740463,559.227294921875,259.4610595703125,145097.70648106933,True,True,1.0,True,True
38SMB_01705_r9600_c6000,6,0.1071835905313491,761.71875,771.1737060546875,587417.471408844,True,True,1.0,True,True
38SMB_01706_r9600_c6240,0,0.3231536149978637,620.3549194335938,671.6558837890625,416665.0316750631,True,True,1.0,True,True
38SMB_01706_r9600_c6240,1,0.1345604360103607,480.3851318359375,570.3659057617188,273995.30083406717,True,True,1.0,True,True
38SMB_01706_r9600_c6240,2,0.1148902028799057,483.4326171875,486.6569519042969,235265.84393158555,True,True,1.0,True,True
38SMB_01707_r9600_c6480,0,0.4843345880508423,656.5791320800781,619.5732307434082,406798.85410155694,True,True,1.0,True,True
38SMB_01707_r9600_c6480,1,0.1159756779670715,380.0322723388672,571.8699645996094,217329.0421291371,True,True,1.0,True,True
38SMB_01710_r9600_c7200,0,0.3114306330680847,698.8119506835938,713.2003784179688,498392.947670538,True,True,1.0,True,True
38SMB_01710_r9600_c7200,1,0.2024552226066589,548.8406372070312,570.6805419921875,313212.67230864614,True,True,1.0,True,True
38SMB_01710_r9600_c7200,2,0.1092249006032943,533.4980773925781,530.8004760742188,283181.03346466087,True,True,1.0,True,True
38SMB_01712_r9600_c7680,0,0.2781015038490295,527.72216796875,714.6586608886719,377141.21788181365,True,True,1.0,True,True
38SMB_01712_r9600_c7680,1,0.159506469964981,478.0865478515625,263.5186767578125,125984.73446555436,True,True,1.0,True,True
38SMB_01712_r9600_c7680,2,0.1050718203186988,324.82757568359375,323.29010009765625,105013.53945722803,True,True,1.0,True,True
38SMB_01713_r9600_c7920,0,0.2507611811161041,524.5562744140625,164.01973724365234,86037.58229890373,True,True,1.0,True,True
38SMB_01719_r9600_c9360,0,0.5589728951454163,487.43499755859375,476.45355224609375,232240.13607585803,True,True,1.0,True,True
38SMB_01719_r9600_c9360,1,0.3140757083892822,473.150634765625,546.3845825195312,258522.21204526722,True,True,1.0,True,True
38SMB_01719_r9600_c9360,2,0.3043371140956878,962.1954345703125,1007.5924682617188,969500.8728688583,True,True,1.0,True,True
38SMB_01720_r9600_c9600,0,0.3494589328765869,565.4047393798828,564.6533203125,319257.66341127455,True,True,1.0,True,True
38SMB_01722_r9680_c0,0,0.1702349036931991,451.7449951171875,452.6025390625,204460.93179881573,True,True,1.0,True,True
38SMB_01722_r9680_c0,1,0.1258394420146942,542.3834228515625,558.2977294921875,302811.4334922284,True,True,1.0,True,True
38SMB_01727_r9680_c1200,0,0.1142445504665374,457.4176025390625,618.2635498046875,282804.6306889504,True,True,1.0,True,True
38SMB_01728_r9680_c1440,0,0.4424144029617309,545.5133056640625,400.0328063964844,218223.21859141812,True,True,1.0,True,True
38SMB_01728_r9680_c1440,1,0.2178359478712082,569.4052124023438,605.7675170898438,344927.1817349829,True,True,1.0,True,True
38SMB_01728_r9680_c1440,2,0.2083420008420944,266.802978515625,724.23828125,193228.93059253693,True,True,1.0,True,True
38SMB_01728_r9680_c1440,3,0.1387577205896377,609.23095703125,1037.0285034179688,631789.867606014,True,True,1.0,True,True
38SMB_01729_r9680_c1680,0,0.2539520561695099,1515.3984069824219,1182.2404479980469,1791565.291566425,True,True,1.0,True,True
38SMB_01729_r9680_c1680,1,0.2454997301101684,704.3505477905273,728.681640625,513247.31273911893,True,True,1.0,True,True
38SMB_01729_r9680_c1680,2,0.1873097121715545,1285.7562255859375,1276.0879516601562,1640738.0282422528,True,True,1.0,True,True
38SMB_01729_r9680_c1680,3,0.1054583862423896,1040.6727600097656,1085.0582885742188,1129190.603942005,True,True,1.0,True,True
38SMB_01730_r9680_c1920,0,0.6842211484909058,398.67767333984375,413.8818359375,165005.44738918543,True,True,1.0,True,True
38SMB_01730_r9680_c1920,1,0.3177056014537811,954.59228515625,934.6209716796875,892181.9691106677,True,True,1.0,True,True
38SMB_01730_r9680_c1920,2,0.3038402199745178,432.59765625,414.89013671875,179480.50074577332,True,True,1.0,True,True
38SMB_01730_r9680_c1920,3,0.2883687317371368,546.102294921875,941.2444686889648,514015.7644335646,True,True,1.0,True,True
38SMB_01730_r9680_c1920,4,0.1511407047510147,573.6996459960938,545.1644897460938,312760.67477697507,True,True,1.0,True,True
38SMB_01730_r9680_c1920,5,0.1319968104362487,960.4107666015625,1238.4454727172852,1189416.3658466423,True,True,1.0,True,True
38SMB_01730_r9680_c1920,6,0.1271793246269226,1046.0334014892578,976.3097381591797,1021252.5963137334,True,True,1.0,True,True
38SMB_01730_r9680_c1920,7,0.1227135211229324,435.823974609375,426.812744140625,186015.22656530142,True,True,1.0,True,True
38SMB_01730_r9680_c1920,8,0.1130604669451713,711.2551879882812,668.6558532714844,475584.9446180742,True,True,1.0,True,True
38SMB_01730_r9680_c1920,9,0.1046183928847312,1163.2723999023438,1145.445556640625,1332465.2016308159,True,True,1.0,True,True
38SMB_01730_r9680_c1920,10,0.1020324826240539,1186.9329833984375,936.62109375,1111706.4691185951,True,True,1.0,True,True
38SMB_01731_r9680_c2160,0,0.5123201012611389,331.58302307128906,414.87548828125,137565.66860247403,True,True,1.0,True,True
38SMB_01731_r9680_c2160,1,0.5112906694412231,915.213623046875,884.6029663085938,809600.6857533008,True,True,1.0,True,True
38SMB_01731_r9680_c2160,2,0.3990099430084228,540.29052734375,526.3108825683594,284360.78428961337,True,True,1.0,True,True
38SMB_01731_r9680_c2160,3,0.3710113167762756,1330.6471252441406,1113.332748413086,1481453.0211160309,True,True,1.0,True,True
38SMB_01731_r9680_c2160,4,0.3064950406551361,973.740234375,1034.7523498535156,1007579.9956664443,True,True,1.0,True,True
38SMB_01731_r9680_c2160,5,0.25326669216156,283.53832244873047,627.410888671875,177895.03086009063,True,True,1.0,True,True
38SMB_01731_r9680_c2160,6,0.2140731066465377,1057.6246643066406,1131.85546875,1197078.2601803541,True,True,1.0,True,True
38SMB_01731_r9680_c2160,7,0.2072585225105285,608.7590789794922,536.4794921875,326586.7615554482,True,True,1.0,True,True
38SMB_01731_r9680_c2160,8,0.1950929462909698,704.2324829101562,611.9000244140625,430919.87348590046,True,True,1.0,True,True
38SMB_01731_r9680_c2160,9,0.1948316991329193,413.597412109375,806.519775390625,333574.4919165969,True,True,1.0,True,True
38SMB_01731_r9680_c2160,10,0.1842464804649353,498.6743927001953,497.0037841796875,247843.0602455046,True,True,1.0,True,True
38SMB_01731_r9680_c2160,11,0.1572721749544143,298.01513671875,292.46177673339844,87158.03637821227,True,True,1.0,True,True
38SMB_01731_r9680_c2160,12,0.1560832858085632,362.59532928466797,921.7095947265625,334207.5940047158,True,True,1.0,True,True
38SMB_01731_r9680_c2160,13,0.1553457528352737,1335.772705078125,1002.2856140136719,1338825.765891932,True,True,1.0,True,True
38SMB_01731_r9680_c2160,14,0.1338597536087036,252.24559783935547,435.0048828125,109728.06672807783,True,True,1.0,True,True
38SMB_01731_r9680_c2160,15,0.1297504156827926,379.18792724609375,432.8826141357422,164143.86119500268,True,True,1.0,True,True
38SMB_01731_r9680_c2160,16,0.110283762216568,437.0538330078125,428.045654296875,187078.99391278625,True,True,1.0,True,True
38SMB_01732_r9680_c2400,0,0.6630069613456726,698.9852905273438,544.183349609375,380376.15672685206,True,True,1.0,True,True
38SMB_01732_r9680_c2400,1,0.2555418312549591,884.3072509765625,862.8448486328125,763019.9561137706,True,True,1.0,True,True
38SMB_01732_r9680_c2400,2,0.2066938281059265,951.89208984375,1125.2449035644531,1071111.7228399962,True,True,1.0,True,True
38SMB_01732_r9680_c2400,3,0.1802743077278137,567.7233123779297,905.4360961914062,514037.1796763269,True,True,1.0,True,True
38SMB_01732_r9680_c2400,4,0.1646916568279266,715.1484680175781,692.5970458984375,495309.7163277678,True,True,1.0,True,True
38SMB_01732_r9680_c2400,5,0.1095330417156219,1056.3273620605469,1030.9130859375,1088981.7005820572,True,True,1.0,True,True
38SMB_01732_r9680_c2400,6,0.1084620803594589,530.1652526855469,494.79095458984375,262320.97146664746,True,True,1.0,True,True
38SMB_01732_r9680_c2400,7,0.1071489602327346,248.61610412597656,517.2064208984375,128585.8453927096,True,True,1.0,True,True
38SMB_01733_r9680_c2640,0,0.3129504024982452,523.1076049804688,549.5637512207031,287480.9776851442,True,True,1.0,True,True
38SMB_01733_r9680_c2640,1,0.2768222391605377,1049.541015625,950.5291748046875,997619.3555057049,True,True,1.0,True,True
38SMB_01733_r9680_c2640,2,0.2139371633529663,1115.479736328125,941.7063903808594,1050454.3960405514,True,True,1.0,True,True
38SMB_01733_r9680_c2640,3,0.15915147960186,666.5870666503906,1186.2129211425781,790714.1915272223,True,True,1.0,True,True
38SMB_01733_r9680_c2640,4,0.1357865929603576,686.221923828125,435.4692840576172,298828.5698740743,True,True,1.0,True,True
38SMB_01733_r9680_c2640,5,0.1109073087573051,937.2182464599609,1533.1675720214844,1436912.6233792515,True,True,1.0,True,True
38SMB_01734_r9680_c2880,0,0.4144120216369629,1257.5213623046875,1219.9250793457031,1534081.8476884626,True,True,1.0,True,True
38SMB_01734_r9680_c2880,1,0.322434514760971,528.79150390625,535.17578125,282996.40622138977,True,True,1.0,True,True
38SMB_01734_r9680_c2880,2,0.2866580784320831,826.8194580078125,460.6390380859375,380865.31980745494,True,True,1.0,True,True
38SMB_01734_r9680_c2880,3,0.1887622028589248,1009.876708984375,925.0244140625,934160.6110036373,True,True,1.0,True,True
38SMB_01734_r9680_c2880,4,0.1828857660293579,1338.924560546875,1307.8826904296875,1751156.256530434,True,True,1.0,True,True
38SMB_01734_r9680_c2880,5,0.1431307345628738,747.0081329345703,451.09352111816406,336970.5289893609,True,True,1.0,True,True
38SMB_01734_r9680_c2880,6,0.1331557631492614,1465.4045104980469,1498.7841796875,2196325.0971771777,True,True,1.0,True,True
38SMB_01734_r9680_c2880,7,0.1216119304299354,271.068115234375,445.067138671875,120643.51043254137,True,True,1.0,True,True
38SMB_01734_r9680_c2880,8,0.1005144342780113,837.1383666992188,545.1788330078125,456390.1178231463,True,True,1.0,True,True
38SMB_01735_r9680_c3120,0,0.595463752746582,645.6356811523438,605.673828125,391044.63457763195,True,True,1.0,True,True
38SMB_01735_r9680_c3120,1,0.1915588527917862,1321.2249755859375,1154.0753173828125,1524793.1330334395,True,True,1.0,True,True
38SMB_01735_r9680_c3120,2,0.1133568361401557,140.76171875,338.7860107421875,47688.101160526276,True,True,1.0,True,True
38SMB_01736_r9680_c3360,0,0.2391280382871627,477.64949798583984,483.61053466796875,230996.32910481887,True,True,1.0,True,True
38SMB_01738_r9680_c3840,0,0.583561360836029,498.23486328125,432.35511779785156,215414.3930049613,True,True,1.0,True,True
38SMB_01738_r9680_c3840,1,0.3843670189380646,343.182373046875,150.89858055114746,51785.732962947804,True,True,1.0,True,True
38SMB_01738_r9680_c3840,2,0.2213174998760223,456.300048828125,167.4144744873047,76391.23288309202,True,True,1.0,True,True
38SMB_01739_r9680_c4080,0,0.3916713297367096,484.937744140625,490.341796875,237785.24483442307,True,True,1.0,True,True
38SMB_01739_r9680_c4080,1,0.37827068567276,353.0010223388672,150.8268642425537,53242.03727378699,True,True,1.0,True,True
38SMB_01739_r9680_c4080,2,0.3701513409614563,543.2990264892578,416.7158508300781,226401.31607862422,True,True,1.0,True,True
38SMB_01739_r9680_c4080,3,0.3111839592456817,503.4173583984375,477.2784423828125,240270.25268487632,True,True,1.0,True,True
38SMB_01739_r9680_c4080,4,0.2096186429262161,266.317138671875,736.9320678710938,196257.63971097767,True,True,1.0,True,True
38SMB_01739_r9680_c4080,5,0.1867710053920745,448.2784652709961,174.65702056884766,78294.98112940782,True,True,1.0,True,True
38SMB_01739_r9680_c4080,6,0.1119454354047775,185.48828125,846.9087219238281,157091.64320528507,True,True,1.0,True,True
38SMB_01740_r9680_c4320,0,0.3323181271553039,368.8441848754883,550.2323913574219,202950.01788231893,True,True,1.0,True,True
38SMB_01741_r9680_c4560,0,0.2506130933761596,893.7854766845703,600.3926467895508,536622.2280087095,True,True,1.0,True,True
38SMB_01741_r9680_c4560,1,0.2216871082782745,477.19329833984375,439.356689453125,209658.06778781116,True,True,1.0,True,True
38SMB_01741_r9680_c4560,2,0.1294497847557068,638.5888671875,531.4663696289062,339388.5069295764,True,True,1.0,True,True
38SMB_01742_r9680_c4800,0,0.3089166283607483,726.66748046875,773.974609375,562422.1793413162,True,True,1.0,True,True
38SMB_01742_r9680_c4800,1,0.2680124044418335,462.176513671875,473.52691650390625,218853.01939956844,True,True,1.0,True,True
38SMB_01742_r9680_c4800,2,0.2525687217712402,600.9548950195312,713.341064453125,428685.8045015484,True,True,1.0,True,True
38SMB_01742_r9680_c4800,3,0.1515345573425293,652.3934936523438,568.974609375,371195.3332096338,True,True,1.0,True,True
38SMB_01742_r9680_c4800,4,0.129219114780426,394.9127197265625,403.9801025390625,159536.88100911677,True,True,1.0,True,True
38SMB_01743_r9680_c5040,0,0.6329156160354614,1203.9273071289062,1101.761474609375,1326440.7252248377,True,True,1.0,True,True
38SMB_01743_r9680_c5040,1,0.5927705764770508,698.9495849609375,407.02354431152344,284488.93736586906,True,True,1.0,True,True
38SMB_01743_r9680_c5040,2,0.2505267858505249,455.51414489746094,467.4456787109375,212928.11862402596,True,True,1.0,True,True
38SMB_01743_r9680_c5040,3,0.211272194981575,822.763671875,1177.7713012695312,969027.4404615164,True,True,1.0,True,True
38SMB_01743_r9680_c5040,4,0.1595547944307327,448.3678436279297,745.631103515625,334317.0100252144,True,True,1.0,True,True
38SMB_01743_r9680_c5040,5,0.1475574672222137,214.4866943359375,494.55322265625,106075.08590072393,True,True,1.0,True,True
38SMB_01744_r9680_c5280,0,0.4135994613170624,1057.5669860839844,1162.1920776367188,1229095.9727969486,True,True,1.0,True,True
38SMB_01744_r9680_c5280,1,0.2840767800807953,1042.9853057861328,1052.255859375,1097487.3992554843,True,True,1.0,True,True
38SMB_01744_r9680_c5280,2,0.1779223531484604,771.7097473144531,749.2333984375,578190.7165877521,True,True,1.0,True,True
38SMB_01744_r9680_c5280,3,0.1574081629514694,748.3306884765625,888.741455078125,665072.5049562752,True,True,1.0,True,True
38SMB_01744_r9680_c5280,4,0.1231192946434021,1065.2932739257812,1174.8690795898438,1251580.128230434,True,True,1.0,True,True
38SMB_01744_r9680_c5280,5,0.1202239915728569,594.8477172851562,712.9559326171875,424100.20904224366,True,True,1.0,True,True
38SMB_01744_r9680_c5280,6,0.1175123900175094,871.4279174804688,845.22216796875,736550.1936413348,True,True,1.0,True,True
38SMB_01744_r9680_c5280,7,0.1125083267688751,528.9370727539062,580.7171630859375,307162.83634062856,True,True,1.0,True,True
38SMB_01744_r9680_c5280,8,0.1123482063412666,428.28369140625,294.615478515625,126179.00468409061,True,True,1.0,True,True
38SMB_01744_r9680_c5280,9,0.1017570719122886,1244.3169403076172,1419.4802856445312,1766283.3658601856,True,True,1.0,True,True
38SMB_01745_r9680_c5520,0,0.433284193277359,728.69384765625,789.827880859375,575542.7174896002,True,True,1.0,True,True
38SMB_01745_r9680_c5520,1,0.3090012073516845,916.5679931640625,773.958740234375,709385.809328407,True,True,1.0,True,True
38SMB_01745_r9680_c5520,2,0.2169179767370224,859.632568359375,794.0101623535156,682556.995167397,True,True,1.0,True,True
38SMB_01745_r9680_c5520,3,0.1734693050384521,1303.118896484375,1192.6095581054688,1554112.0512951165,True,True,1.0,True,True
38SMB_01745_r9680_c5520,4,0.1469335705041885,407.5201416015625,398.5124969482422,162401.8691863399,True,True,1.0,True,True
38SMB_01745_r9680_c5520,5,0.1292855739593505,1470.8840942382812,1268.69140625,1866098.0099499226,True,True,1.0,True,True
38SMB_01746_r9680_c5760,0,0.6038041114807129,549.384765625,512.8832244873047,281770.23007795215,True,True,1.0,True,True
38SMB_01746_r9680_c5760,1,0.3446608483791351,481.9793701171875,289.80712890625,139681.05744570494,True,True,1.0,True,True
38SMB_01746_r9680_c5760,2,0.3057224452495575,533.1109619140625,518.5488891601562,276444.0970996395,True,True,1.0,True,True
38SMB_01746_r9680_c5760,3,0.2169694900512695,914.774169921875,872.4978637695312,798138.5090883821,True,True,1.0,True,True
38SMB_01747_r9680_c6000,0,0.5512784719467163,611.7752838134766,517.3456573486328,316499.28635412944,True,True,1.0,True,True
38SMB_01747_r9680_c6000,1,0.3889462649822235,593.65234375,725.1605224609375,430493.24375391006,True,True,1.0,True,True
38SMB_01747_r9680_c6000,2,0.3403997421264648,451.5484428405762,280.611572265625,126709.71849958878,True,True,1.0,True,True
38SMB_01747_r9680_c6000,3,0.3190770447254181,496.25244140625,465.54351806640625,231027.10742130876,True,True,1.0,True,True
38SMB_01747_r9680_c6000,4,0.2530164420604706,931.796875,951.1712646484375,886298.411989212,True,True,1.0,True,True
38SMB_01747_r9680_c6000,5,0.2207680642604828,1108.3737564086914,983.5537719726562,1090145.1888712705,True,True,1.0,True,True
38SMB_01747_r9680_c6000,6,0.1332870870828628,323.4283447265625,365.386962890625,118176.50059238076,True,True,1.0,True,True
38SMB_01747_r9680_c6000,7,0.1217280030250549,662.6092529296875,640.966796875,424710.5304300785,True,True,1.0,True,True
38SMB_01747_r9680_c6000,8,0.1160165593028068,268.60870361328125,304.7760009765625,81865.4865147546,True,True,1.0,True,True
38SMB_01747_r9680_c6000,9,0.1070535257458686,761.8096923828125,771.5548706054688,587777.9786324129,True,True,1.0,True,True
38SMB_01748_r9680_c6240,0,0.406232476234436,250.1092529296875,451.5283203125,112931.41086995602,True,True,1.0,True,True
38SMB_01748_r9680_c6240,1,0.3228204846382141,620.72509765625,671.6558837890625,416913.6640563607,True,True,1.0,True,True
38SMB_01748_r9680_c6240,2,0.1343825012445449,480.6396484375,570.0328826904297,273980.4043341428,True,True,1.0,True,True
38SMB_01748_r9680_c6240,3,0.1248195692896843,1276.5630340576172,1203.3250427246094,1536120.2674980392,True,True,1.0,True,True
38SMB_01748_r9680_c6240,4,0.1111963242292404,651.0301208496094,625.0482177734375,406925.216753874,True,True,1.0,True,True
38SMB_01749_r9680_c6480,0,0.657326340675354,541.8096160888672,526.21826171875,285110.114360787,True,True,1.0,True,True
38SMB_01749_r9680_c6480,1,0.6134207844734192,393.8441467285156,420.76416015625,165715.50163067877,True,True,1.0,True,True
38SMB_01749_r9680_c6480,2,0.1887109577655792,447.9193115234375,426.715087890625,191133.92838463187,True,True,1.0,True,True
38SMB_01751_r9680_c6960,0,0.1193022355437278,369.36859130859375,199.515380859375,73694.71517242491,True,True,1.0,True,True
38SMB_01752_r9680_c7200,0,0.1689842045307159,586.9939422607422,248.98887634277344,146154.96210351703,True,True,1.0,True,True
38SMB_01752_r9680_c7200,1,0.1209263578057289,592.8582763671875,130.9617042541504,77641.73025422497,True,True,1.0,True,True
38SMB_01752_r9680_c7200,2,0.1092211380600929,531.8281555175781,529.2617797851562,281476.31612909026,True,True,1.0,True,True
38SMB_01752_r9680_c7200,3,0.1058954894542694,612.9681396484375,184.72126007080078,113228.24713911396,True,True,1.0,True,True
38SMB_01753_r9680_c7440,0,0.2024731338024139,572.1343994140625,187.44619369506836,107244.41545217996,True,True,1.0,True,True
38SMB_01753_r9680_c7440,1,0.1307430863380432,543.1912231445312,134.6647071838379,73148.68700958905,True,True,1.0,True,True
38SMB_01754_r9680_c7680,0,0.1671163737773895,614.7116088867188,637.3895263671875,391810.74124071747,True,True,1.0,True,True
38SMB_01754_r9680_c7680,1,0.1522927731275558,592.6997375488281,711.0861206054688,421460.5570574757,True,True,1.0,True,True
38SMB_01760_r9680_c9120,0,0.1457463800907135,606.5365600585938,447.6025390625,271487.3043164611,True,True,1.0,True,True
38SMB_01761_r9680_c9360,0,0.3133557438850403,472.379150390625,545.069580078125,257479.50514107943,True,True,1.0,True,True
38SMB_01761_r9680_c9360,1,0.3059950768947601,959.2098999023438,1006.893310546875,965822.0316220075,True,True,1.0,True,True
38SMB_01762_r9680_c9600,0,0.348996490240097,558.9349174499512,560.631103515625,313356.2995633809,True,True,1.0,True,True
