tile_name,prediction_index,confidence,x_min,y_min,x_max,y_max
38SMB_00000_r0_c0,0,0.7649614214897156,2.4826889038085938,6.704833984375,51.59619903564453,58.00354766845703
38SMB_00000_r0_c0,1,0.22443734109401703,248.35107421875,29.116361618041992,309.41314697265625,89.60317993164062
38SMB_00000_r0_c0,2,0.20439308881759644,205.9810791015625,0.5152549743652344,259.42449951171875,48.4104118347168
38SMB_00000_r0_c0,3,0.12981057167053223,195.72164916992188,247.72201538085938,240.957275390625,288.5768737792969
38SMB_00000_r0_c0,4,0.10734829306602478,160.02845764160156,0.0,219.25633239746094,39.521095275878906
38SMB_00001_r0_c240,0,0.3020292818546295,72.10012817382812,279.2581787109375,140.06375122070312,319.8001708984375
38SMB_00001_r0_c240,1,0.2876472473144531,270.2134094238281,73.91651916503906,305.4906311035156,109.22966003417969
38SMB_00001_r0_c240,2,0.2799418866634369,0.0,0.4113349914550781,22.808074951171875,51.425472259521484
38SMB_00001_r0_c240,3,0.24711379408836365,210.19825744628906,71.10337829589844,309.5009765625,172.23643493652344
38SMB_00001_r0_c240,4,0.21444591879844666,8.635276794433594,29.290390014648438,69.09041595458984,89.5294189453125
38SMB_00001_r0_c240,5,0.17094410955905914,134.09815979003906,29.779937744140625,242.03648376464844,126.05613708496094
38SMB_00001_r0_c240,6,0.12135548889636993,282.89093017578125,88.04940795898438,320.0,154.36724853515625
38SMB_00002_r0_c480,0,0.47295185923576355,116.5038833618164,50.4559326171875,197.96609497070312,125.71174621582031
38SMB_00002_r0_c480,1,0.46547427773475647,202.53076171875,0.0,316.5677490234375,75.88421630859375
38SMB_00002_r0_c480,2,0.4289131462574005,127.29861450195312,168.05535888671875,203.61514282226562,247.43307495117188
38SMB_00002_r0_c480,3,0.3774722218513489,214.643310546875,168.37066650390625,319.17510986328125,272.51934814453125
38SMB_00002_r0_c480,4,0.32153549790382385,30.70252227783203,74.27119445800781,64.97325897216797,108.65693664550781
38SMB_00002_r0_c480,5,0.3143215775489807,133.99151611328125,0.0,210.26040649414062,70.65264129638672
38SMB_00002_r0_c480,6,0.24842020869255066,0.10821533203125,57.76960754394531,65.970458984375,169.20176696777344
38SMB_00002_r0_c480,7,0.1367453932762146,42.21677780151367,86.7484130859375,109.01979064941406,146.98045349121094
38SMB_00002_r0_c480,8,0.12836137413978577,104.1302719116211,0.0,221.12033081054688,139.15682983398438
38SMB_00003_r0_c720,0,0.5877687931060791,271.34197998046875,87.83354187011719,320.0,152.760498046875
38SMB_00003_r0_c720,1,0.4707147777080536,210.11309814453125,288.0816955566406,259.4595031738281,320.0
38SMB_00003_r0_c720,2,0.33711978793144226,291.89434814453125,2.2855796813964844,320.0,49.37653350830078
38SMB_00003_r0_c720,3,0.29790419340133667,0.9480514526367188,0.0,84.14497375488281,68.74911499023438
38SMB_00003_r0_c720,4,0.2599332332611084,308.76556396484375,212.1680145263672,319.99603271484375,255.55686950683594
38SMB_00003_r0_c720,5,0.2124105840921402,305.0784912109375,206.71893310546875,320.0,258.3674011230469
38SMB_00003_r0_c720,6,0.19835615158081055,166.68765258789062,0.0,218.98446655273438,48.3783073425293
38SMB_00003_r0_c720,7,0.17477551102638245,43.76988983154297,189.40170288085938,90.77074432373047,240.11221313476562
38SMB_00003_r0_c720,8,0.1448991596698761,0.6813583374023438,172.33181762695312,82.9217529296875,271.4768981933594
38SMB_00003_r0_c720,9,0.12606190145015717,206.55355834960938,281.92462158203125,269.5086975097656,320.0
38SMB_00003_r0_c720,10,0.12014413625001907,302.8003234863281,197.9283447265625,319.9507751464844,262.3134765625
38SMB_00003_r0_c720,11,0.11916066706180573,213.75448608398438,293.4090576171875,251.94351196289062,320.0
38SMB_00004_r0_c960,0,0.8594384789466858,91.32106018066406,26.16728973388672,147.33404541015625,82.90238952636719
38SMB_00004_r0_c960,1,0.8127403855323792,65.85618591308594,212.27902221679688,110.82081604003906,256.6786193847656
38SMB_00004_r0_c960,2,0.7041051983833313,29.80316925048828,88.40000915527344,96.8031005859375,153.96142578125
38SMB_00004_r0_c960,3,0.6690852642059326,51.50920104980469,2.7679061889648438,104.58503723144531,51.812339782714844
38SMB_00004_r0_c960,4,0.49220335483551025,250.2682647705078,104.92550659179688,320.0,190.434326171875
38SMB_00004_r0_c960,5,0.43858277797698975,200.064208984375,213.10379028320312,275.001953125,295.35736083984375
38SMB_00004_r0_c960,6,0.3969258666038513,112.56642150878906,135.64385986328125,213.5429229736328,233.2564697265625
38SMB_00004_r0_c960,7,0.3952096104621887,119.56004333496094,273.8525390625,183.9073944091797,320.0
38SMB_00004_r0_c960,8,0.21877823770046234,184.96981811523438,121.1224365234375,274.8611755371094,223.37994384765625
38SMB_00004_r0_c960,9,0.21398158371448517,89.50690460205078,195.04937744140625,123.6737289428711,227.8768310546875
38SMB_00004_r0_c960,10,0.20165395736694336,68.84536743164062,222.07220458984375,162.20205688476562,316.71240234375
38SMB_00004_r0_c960,11,0.19643419981002808,274.652587890625,5.665802001953125,320.0,84.78555297851562
38SMB_00004_r0_c960,12,0.19517524540424347,187.44363403320312,121.32574462890625,263.56561279296875,202.8895263671875
38SMB_00004_r0_c960,13,0.18146894872188568,163.39581298828125,243.18838500976562,216.39410400390625,295.9886169433594
38SMB_00004_r0_c960,14,0.16115282475948334,273.928955078125,221.01071166992188,319.98870849609375,276.34490966796875
38SMB_00004_r0_c960,15,0.1404729187488556,84.86712646484375,223.72994995117188,160.1292724609375,304.1898498535156
38SMB_00004_r0_c960,16,0.12610052525997162,192.624755859375,127.15846252441406,259.2530822753906,190.28941345214844
38SMB_00005_r0_c1200,0,0.6953368186950684,257.6414794921875,92.59974670410156,319.9884033203125,153.47254943847656
38SMB_00005_r0_c1200,1,0.6672687530517578,244.85601806640625,291.97674560546875,301.52301025390625,319.96160888671875
38SMB_00005_r0_c1200,2,0.5717971920967102,123.96646118164062,266.1247863769531,175.9912109375,316.9995422363281
38SMB_00005_r0_c1200,3,0.5458410382270813,186.25497436523438,92.76942443847656,273.4571533203125,169.1389617919922
38SMB_00005_r0_c1200,4,0.49889707565307617,11.4603271484375,105.04133605957031,96.239990234375,188.4697723388672
38SMB_00005_r0_c1200,5,0.39307621121406555,33.92549133300781,4.353263854980469,108.17251586914062,83.33148956298828
38SMB_00005_r0_c1200,6,0.20726071298122406,66.43760681152344,241.15692138671875,139.132568359375,311.2127685546875
38SMB_00005_r0_c1200,7,0.19208236038684845,176.09584045410156,168.85568237304688,211.2361297607422,201.34127807617188
38SMB_00005_r0_c1200,8,0.1538894772529602,34.51873016357422,221.75762939453125,86.89859771728516,275.306640625
38SMB_00006_r0_c1440,0,0.7175989747047424,20.09198760986328,95.81642150878906,82.01380920410156,150.4546356201172
38SMB_00006_r0_c1440,1,0.6626561880111694,5.280969619750977,292.04534912109375,61.54157257080078,319.97991943359375
38SMB_00006_r0_c1440,2,0.4193938672542572,112.99634552001953,250.10818481445312,158.837158203125,296.4163513183594
38SMB_00006_r0_c1440,3,0.37642422318458557,0.0,97.71310424804688,28.870101928710938,165.60031127929688
38SMB_00006_r0_c1440,4,0.25696587562561035,61.1307373046875,235.45620727539062,125.18864440917969,296.9413146972656
38SMB_00006_r0_c1440,5,0.21228839457035065,80.58358764648438,97.3056640625,133.97528076171875,153.94813537597656
38SMB_00006_r0_c1440,6,0.21030165255069733,0.014514923095703125,94.77720642089844,19.848670959472656,164.9069366455078
38SMB_00006_r0_c1440,7,0.12067582458257675,0.01819610595703125,208.035400390625,46.08906936645508,285.02142333984375
38SMB_00007_r0_c1680,0,0.6986592411994934,239.67742919921875,276.54339599609375,281.47210693359375,318.97955322265625
38SMB_00007_r0_c1680,1,0.35035040974617004,264.1158447265625,307.9176025390625,300.0308837890625,319.97857666015625
38SMB_00007_r0_c1680,2,0.30974024534225464,176.55596923828125,299.23541259765625,245.57272338867188,319.98858642578125
38SMB_00007_r0_c1680,3,0.2254514843225479,263.7664794921875,305.1693420410156,308.7576904296875,319.9350280761719
38SMB_00007_r0_c1680,4,0.21973848342895508,219.3020477294922,278.9591064453125,248.1904754638672,307.9285888671875
38SMB_00007_r0_c1680,5,0.21916282176971436,192.26065063476562,304.902099609375,243.05612182617188,319.945068359375
38SMB_00007_r0_c1680,6,0.1478237807750702,256.6097106933594,307.82513427734375,312.7715759277344,320.0
38SMB_00007_r0_c1680,7,0.1439361423254013,205.55030822753906,307.0135498046875,243.79896545410156,319.9532470703125
38SMB_00007_r0_c1680,8,0.12487953901290894,162.29299926757812,293.238525390625,255.5587158203125,320.0
38SMB_00007_r0_c1680,9,0.11145668476819992,254.847412109375,302.425537109375,317.38067626953125,319.98211669921875
38SMB_00008_r0_c1920,0,0.6896902918815613,0.13508224487304688,276.42352294921875,41.71944808959961,319.39300537109375
38SMB_00008_r0_c1920,1,0.5607056021690369,249.6446533203125,34.89335632324219,319.8902587890625,112.66262817382812
38SMB_00008_r0_c1920,2,0.3442442715167999,24.18179702758789,308.03753662109375,59.96084976196289,319.97686767578125
38SMB_00008_r0_c1920,3,0.2898309826850891,122.93402099609375,28.992523193359375,184.6138916015625,91.0076904296875
38SMB_00008_r0_c1920,4,0.22920244932174683,204.54209899902344,53.97412109375,313.17138671875,159.60150146484375
38SMB_00008_r0_c1920,5,0.2274550050497055,24.10595703125,305.3712158203125,67.00355529785156,319.9239501953125
38SMB_00008_r0_c1920,6,0.1678379327058792,198.8582305908203,31.721786499023438,320.0,171.4578094482422
38SMB_00008_r0_c1920,7,0.15361140668392181,182.663330078125,86.48554992675781,221.261962890625,129.31581115722656
38SMB_00008_r0_c1920,8,0.14251601696014404,15.425773620605469,307.79351806640625,73.61361694335938,319.9923095703125
38SMB_00009_r0_c2160,0,0.6018012762069702,235.6155548095703,0.04575347900390625,280.99542236328125,35.14213943481445
38SMB_00009_r0_c2160,1,0.5449045300483704,10.244186401367188,35.83664321899414,91.00344848632812,110.44354248046875
38SMB_00009_r0_c2160,2,0.4522223174571991,216.89138793945312,158.44210815429688,261.6039733886719,203.19332885742188
38SMB_00009_r0_c2160,3,0.12977556884288788,0.17102432250976562,55.06085205078125,61.43179702758789,161.74082946777344
38SMB_00009_r0_c2160,4,0.11877617239952087,0.480133056640625,28.494903564453125,100.68760681152344,166.26681518554688
38SMB_00010_r0_c2400,0,0.5664388537406921,0.16973495483398438,0.02001953125,41.1759033203125,35.123504638671875
38SMB_00010_r0_c2400,1,0.37536951899528503,0.09080123901367188,157.34910583496094,20.86341094970703,206.94261169433594
38SMB_00011_r0_c2640,0,0.23888643085956573,163.56350708007812,10.831314086914062,259.7010498046875,96.91519165039062
38SMB_00013_r0_c3120,0,0.30962884426116943,73.10980224609375,39.15293884277344,172.21502685546875,133.04098510742188
38SMB_00013_r0_c3120,1,0.1668781042098999,126.431640625,116.43798828125,285.6538391113281,282.11932373046875
38SMB_00013_r0_c3120,2,0.16057777404785156,293.15826416015625,225.68972778320312,319.97357177734375,289.5037536621094
38SMB_00014_r0_c3360,0,0.46891868114471436,299.72784423828125,275.921630859375,320.0,319.93939208984375
38SMB_00014_r0_c3360,1,0.1546153724193573,54.39450454711914,229.90731811523438,118.37734985351562,292.2229919433594
38SMB_00014_r0_c3360,2,0.13264192640781403,108.79339599609375,0.0020847320556640625,147.36990356445312,16.732715606689453
38SMB_00015_r0_c3600,0,0.5193918347358704,92.35223388671875,229.0958251953125,160.61807250976562,300.16131591796875
38SMB_00015_r0_c3600,1,0.3938576877117157,57.31207275390625,274.49237060546875,148.6412353515625,320.0
38SMB_00015_r0_c3600,2,0.3257567882537842,145.45260620117188,262.9097900390625,219.83731079101562,320.0
38SMB_00015_r0_c3600,3,0.2126612365245819,73.9597396850586,0.0,97.27764129638672,15.411319732666016
38SMB_00015_r0_c3600,4,0.21261273324489594,54.64145278930664,263.3914794921875,168.37725830078125,320.0
38SMB_00016_r0_c3840,0,0.7405030131340027,168.74636840820312,163.0560760498047,226.095703125,219.0817108154297
38SMB_00016_r0_c3840,1,0.5635377168655396,112.96099853515625,110.88108825683594,159.90609741210938,160.20228576660156
38SMB_00016_r0_c3840,2,0.46135279536247253,117.81602478027344,191.770751953125,242.21446228027344,307.8886413574219
38SMB_00016_r0_c3840,3,0.4370875060558319,242.01510620117188,109.37742614746094,305.6285705566406,171.44483947753906
38SMB_00016_r0_c3840,4,0.24070139229297638,278.7742004394531,128.69918823242188,320.0,197.2467041015625
38SMB_00016_r0_c3840,5,0.17675985395908356,264.85772705078125,81.10992431640625,304.63970947265625,117.456787109375
38SMB_00016_r0_c3840,6,0.10920987278223038,162.91104125976562,153.51986694335938,189.97833251953125,178.32565307617188
38SMB_00017_r0_c4080,0,0.509701669216156,2.8518295288085938,109.55157470703125,65.70803833007812,171.48583984375
38SMB_00017_r0_c4080,1,0.2818283140659332,38.875335693359375,130.66531372070312,101.71986389160156,196.83035278320312
38SMB_00017_r0_c4080,2,0.17384058237075806,25.124412536621094,81.09732055664062,64.79331970214844,117.50753784179688
38SMB_00017_r0_c4080,3,0.15602897107601166,89.49801635742188,186.95721435546875,134.30325317382812,232.02813720703125
38SMB_00017_r0_c4080,4,0.11778329312801361,124.4810562133789,44.117576599121094,194.04318237304688,123.61553192138672
38SMB_00019_r0_c4560,0,0.22956927120685577,128.90255737304688,30.53266143798828,211.87863159179688,101.56136322021484
38SMB_00021_r0_c5040,0,0.2396557480096817,169.63815307617188,111.52259826660156,219.91726684570312,163.58644104003906
38SMB_00042_r240_c0,0,0.45531386137008667,0.0,219.47341918945312,34.26778793334961,261.4681091308594
38SMB_00042_r240_c0,1,0.43004310131073,115.113037109375,277.07952880859375,168.44357299804688,320.0
38SMB_00042_r240_c0,2,0.14067819714546204,177.7286376953125,0.07793617248535156,239.816650390625,21.393531799316406
38SMB_00042_r240_c0,3,0.13070093095302582,196.05740356445312,7.164600372314453,241.54312133789062,49.71867752075195
38SMB_00042_r240_c0,4,0.1200484037399292,16.88298797607422,266.7804260253906,66.09107971191406,314.1521911621094
38SMB_00042_r240_c0,5,0.11084135621786118,178.6856231689453,0.0,241.83045959472656,49.290096282958984
38SMB_00043_r240_c240,0,0.3300853967666626,278.1484069824219,268.407958984375,320.0,319.387939453125
38SMB_00043_r240_c240,1,0.2831985056400299,73.09359741210938,39.88284683227539,137.74505615234375,105.21871948242188
38SMB_00043_r240_c240,2,0.232709139585495,124.2334976196289,155.88888549804688,258.9456481933594,292.9883117675781
38SMB_00043_r240_c240,3,0.10502268373966217,117.6042709350586,85.37167358398438,153.19259643554688,119.566162109375
38SMB_00044_r240_c480,0,0.4319949150085449,174.681640625,130.26531982421875,221.5281982421875,177.26934814453125
38SMB_00044_r240_c480,1,0.36581680178642273,254.19210815429688,0.0014801025390625,313.9950256347656,26.84006118774414
38SMB_00044_r240_c480,2,0.33393216133117676,37.572261810302734,269.21240234375,92.52386474609375,319.4832763671875
38SMB_00044_r240_c480,3,0.15577688813209534,308.82421875,273.39605712890625,320.0,317.45025634765625
38SMB_00044_r240_c480,4,0.11532704532146454,182.5406494140625,303.62921142578125,255.12884521484375,319.95513916015625
38SMB_00044_r240_c480,5,0.10831793397665024,187.1605224609375,309.1585693359375,252.4866943359375,319.8929443359375
38SMB_00044_r240_c480,6,0.1080416887998581,304.4237060546875,267.74395751953125,320.0,319.90899658203125
38SMB_00045_r240_c720,0,0.8768548965454102,189.64532470703125,103.85392761230469,230.91375732421875,145.57345581054688
38SMB_00045_r240_c720,1,0.6941381692886353,100.0081787109375,206.51284790039062,154.96279907226562,261.4210510253906
38SMB_00045_r240_c720,2,0.6133134365081787,65.21987915039062,264.76788330078125,138.128173828125,320.0
38SMB_00045_r240_c720,3,0.5881714820861816,212.41201782226562,46.98982238769531,256.2213439941406,90.17631530761719
38SMB_00045_r240_c720,4,0.35115110874176025,14.374916076660156,0.00211334228515625,73.64078521728516,26.781795501708984
38SMB_00045_r240_c720,5,0.3490487039089203,161.82501220703125,162.97088623046875,233.7545166015625,232.20596313476562
38SMB_00045_r240_c720,6,0.20055577158927917,209.72671508789062,38.49326705932617,263.0052185058594,92.95726013183594
38SMB_00045_r240_c720,7,0.15281830728054047,196.14715576171875,297.19842529296875,247.25726318359375,319.98651123046875
38SMB_00045_r240_c720,8,0.1393302083015442,138.97341918945312,287.49761962890625,206.84494018554688,319.85882568359375
38SMB_00045_r240_c720,9,0.11178877204656601,188.2811737060547,21.155532836914062,230.9007110595703,61.73523712158203
38SMB_00046_r240_c960,0,0.5428214073181152,206.4190673828125,87.88400268554688,270.7057189941406,152.5445556640625
38SMB_00046_r240_c960,1,0.5006306171417236,70.01673889160156,0.052420616149902344,111.99537658691406,14.83016586303711
38SMB_00046_r240_c960,2,0.48473864793777466,121.02286529541016,33.613800048828125,182.03909301757812,94.46649169921875
38SMB_00046_r240_c960,3,0.373612642288208,81.54507446289062,125.86343383789062,136.61700439453125,185.49737548828125
38SMB_00046_r240_c960,4,0.32913467288017273,194.44686889648438,0.0,271.9437561035156,54.481834411621094
38SMB_00046_r240_c960,5,0.26407590508461,51.78538131713867,64.88449096679688,123.06501770019531,130.92465209960938
38SMB_00046_r240_c960,6,0.19858385622501373,164.12374877929688,4.344516754150391,215.88638305664062,55.71860122680664
38SMB_00046_r240_c960,7,0.1264996975660324,68.33729553222656,0.05990028381347656,134.97715759277344,16.70298957824707
38SMB_00047_r240_c1200,0,0.7862936854362488,244.3262939453125,51.49007797241211,300.42034912109375,108.63284301757812
38SMB_00047_r240_c1200,1,0.5662358999252319,123.72563934326172,25.780473709106445,176.15673828125,78.57713317871094
38SMB_00047_r240_c1200,2,0.3667859733104706,114.36772918701172,133.2682647705078,185.11578369140625,215.34056091308594
38SMB_00047_r240_c1200,3,0.3341313898563385,0.0,86.1104736328125,30.574068069458008,158.86520385742188
38SMB_00047_r240_c1200,4,0.26489850878715515,124.4334487915039,169.35287475585938,167.07540893554688,212.88394165039062
38SMB_00047_r240_c1200,5,0.24540133774280548,197.67633056640625,0.009128570556640625,288.61224365234375,45.80910110473633
38SMB_00047_r240_c1200,6,0.20017263293266296,67.54237365722656,1.3852462768554688,138.97169494628906,71.5290756225586
38SMB_00047_r240_c1200,7,0.19839216768741608,123.65899658203125,134.8010711669922,179.46307373046875,202.2075653076172
38SMB_00047_r240_c1200,8,0.18414416909217834,152.21115112304688,162.01171875,196.13397216796875,207.87451171875
38SMB_00047_r240_c1200,9,0.16815237700939178,128.93377685546875,134.18374633789062,179.0909423828125,184.66152954101562
38SMB_00047_r240_c1200,10,0.15524348616600037,128.19464111328125,174.61734008789062,162.46676635742188,211.61520385742188
38SMB_00047_r240_c1200,11,0.14822818338871002,0.0,87.76559448242188,27.06223487854004,142.6303253173828
38SMB_00047_r240_c1200,12,0.10954739153385162,107.16592407226562,128.19894409179688,197.56320190429688,220.57708740234375
38SMB_00048_r240_c1440,0,0.7942735552787781,4.934928894042969,51.486480712890625,60.6285400390625,108.49832153320312
38SMB_00048_r240_c1440,1,0.4888169467449188,178.60435485839844,179.57431030273438,245.7137908935547,248.32025146484375
38SMB_00048_r240_c1440,2,0.3820401430130005,112.52084350585938,9.740966796875,159.52420043945312,55.248802185058594
38SMB_00048_r240_c1440,3,0.2868845462799072,208.54226684570312,95.48680114746094,319.8659973144531,196.7229461669922
38SMB_00048_r240_c1440,4,0.2567459046840668,61.5372314453125,0.0690765380859375,125.93731689453125,57.149375915527344
38SMB_00048_r240_c1440,5,0.1546003520488739,219.24813842773438,269.57867431640625,306.1399230957031,319.76776123046875
38SMB_00049_r240_c1680,0,0.8480603694915771,283.804443359375,162.77769470214844,320.0,206.53636169433594
38SMB_00049_r240_c1680,1,0.7996256947517395,182.832763671875,55.464508056640625,242.9210205078125,113.96760559082031
38SMB_00049_r240_c1680,2,0.6590113043785095,238.55250549316406,36.593528747558594,281.030517578125,79.56574249267578
38SMB_00049_r240_c1680,3,0.27701786160469055,230.58782958984375,59.89939880371094,320.0,155.10377502441406
38SMB_00049_r240_c1680,4,0.14168336987495422,237.37648010253906,64.55145263671875,304.2891845703125,149.73561096191406
38SMB_00049_r240_c1680,5,0.13956362009048462,222.6371307373047,38.29576110839844,251.06922912597656,70.88314819335938
38SMB_00049_r240_c1680,6,0.12571905553340912,0.6310157775878906,268.63970947265625,63.76668930053711,319.95111083984375
38SMB_00050_r240_c1920,0,0.8868247270584106,43.740745544433594,163.21157836914062,87.12752532958984,206.7828369140625
38SMB_00050_r240_c1920,1,0.695228636264801,101.32968139648438,212.65945434570312,165.0123291015625,276.4809875488281
38SMB_00050_r240_c1920,2,0.6658203601837158,0.12479782104492188,37.0767822265625,40.61100769042969,79.33871459960938
38SMB_00050_r240_c1920,3,0.20862314105033875,0.0,61.27519226074219,86.1854476928711,153.6063232421875
38SMB_00050_r240_c1920,4,0.18513712286949158,163.0361328125,196.21636962890625,222.04486083984375,256.4908142089844
38SMB_00050_r240_c1920,5,0.14341793954372406,88.83772277832031,185.23764038085938,124.28956604003906,219.79220581054688
38SMB_00055_r240_c3120,0,0.12238803505897522,293.60333251953125,0.13552474975585938,320.0,48.73201370239258
38SMB_00056_r240_c3360,0,0.35037365555763245,298.1716613769531,33.889991760253906,319.9623718261719,96.87450408935547
38SMB_00056_r240_c3360,1,0.2459847629070282,225.84219360351562,233.9380340576172,286.1394348144531,296.85369873046875
38SMB_00056_r240_c3360,2,0.2333489954471588,238.9259796142578,129.1447296142578,280.23358154296875,174.42396545410156
38SMB_00056_r240_c3360,3,0.21239812672138214,53.21540832519531,0.0,121.8314208984375,52.24805450439453
38SMB_00056_r240_c3360,4,0.19393040239810944,293.48681640625,28.10546875,320.0,102.52861022949219
38SMB_00056_r240_c3360,5,0.19179925322532654,302.38543701171875,37.5753173828125,319.98748779296875,88.30581665039062
38SMB_00056_r240_c3360,6,0.13104327023029327,224.57278442382812,231.3552703857422,315.4984436035156,298.85809326171875
38SMB_00057_r240_c3600,0,0.5716744661331177,152.68948364257812,23.774124145507812,218.32015991210938,92.49417114257812
38SMB_00057_r240_c3600,1,0.5465696454048157,59.8670654296875,33.4583740234375,153.59226989746094,121.49945068359375
38SMB_00057_r240_c3600,2,0.5105471611022949,95.04296875,0.0,158.17425537109375,59.20394515991211
38SMB_00057_r240_c3600,3,0.17423629760742188,1.2234649658203125,129.32568359375,39.75285339355469,173.930419921875
38SMB_00057_r240_c3600,4,0.1156424880027771,6.7087249755859375,277.16192626953125,81.68140411376953,319.78985595703125
38SMB_00058_r240_c3840,0,0.366038054227829,139.65374755859375,0.297332763671875,240.5880126953125,65.41499328613281
38SMB_00058_r240_c3840,1,0.25246748328208923,222.97369384765625,75.92135620117188,320.0,181.39517211914062
38SMB_00058_r240_c3840,2,0.22012707591056824,0.21124267578125,201.1354217529297,127.03887939453125,320.0
38SMB_00058_r240_c3840,3,0.15203218162059784,99.51742553710938,119.0809326171875,141.66134643554688,160.1146240234375
38SMB_00059_r240_c4080,0,0.35464978218078613,0.28389739990234375,75.8876953125,88.90824127197266,181.45669555664062
38SMB_00059_r240_c4080,1,0.2064979374408722,138.4056396484375,230.74777221679688,237.39892578125,320.0
38SMB_00059_r240_c4080,2,0.13158275187015533,0.08306312561035156,279.04644775390625,18.387619018554688,320.0
38SMB_00061_r240_c4560,0,0.192143052816391,0.0,237.68336486816406,19.110387802124023,298.4652099609375
38SMB_00065_r240_c5520,0,0.12034319341182709,193.5407257080078,0.0,318.65557861328125,115.95657348632812
38SMB_00066_r240_c5760,0,0.11841601133346558,0.0,0.0,99.17988586425781,113.72569274902344
38SMB_00067_r240_c6000,0,0.1717732697725296,128.11624145507812,195.45361328125,203.74148559570312,284.6798400878906
38SMB_00067_r240_c6000,1,0.12789186835289001,179.26028442382812,276.4625244140625,251.39788818359375,319.9449462890625
38SMB_00075_r240_c7920,0,0.12452071905136108,137.2578582763672,302.8097839355469,181.13658142089844,320.0
38SMB_00075_r240_c7920,1,0.11865974217653275,130.12767028808594,296.4193420410156,192.61424255371094,320.0
38SMB_00080_r240_c9120,0,0.21910537779331207,165.70468139648438,117.55288696289062,221.07070922851562,170.47219848632812
38SMB_00084_r480_c0,0,0.2828182578086853,153.08522033691406,63.072471618652344,214.65513610839844,121.4557876586914
38SMB_00084_r480_c0,1,0.12469611316919327,0.06444549560546875,0.0,34.805015563964844,21.72930145263672
38SMB_00084_r480_c0,2,0.11144964396953583,115.09185791015625,37.83335876464844,175.547119140625,101.41180419921875
38SMB_00084_r480_c0,3,0.10462548583745956,113.96659088134766,36.76957702636719,210.16555786132812,124.30870056152344
38SMB_00085_r480_c240,0,0.2677607536315918,278.96087646484375,28.53459930419922,320.0,80.95732116699219
38SMB_00085_r480_c240,1,0.19585223495960236,127.58329010009766,59.80842590332031,205.54617309570312,139.70394897460938
38SMB_00086_r480_c480,0,0.41748541593551636,180.09988403320312,62.755157470703125,249.70419311523438,131.1930389404297
38SMB_00086_r480_c480,1,0.324527382850647,38.38396453857422,29.210004806518555,91.88719940185547,81.04843139648438
38SMB_00086_r480_c480,2,0.15423065423965454,310.20660400390625,33.919837951660156,320.0,77.50614166259766
38SMB_00086_r480_c480,3,0.13367785513401031,306.982666015625,31.352827072143555,320.0,80.71607971191406
38SMB_00087_r480_c720,0,0.6325094103813171,136.54757690429688,165.6614990234375,216.80792236328125,246.1123046875
38SMB_00087_r480_c720,1,0.5076699256896973,66.39140319824219,27.16705322265625,134.02902221679688,91.27699279785156
38SMB_00087_r480_c720,2,0.3979605734348297,194.53839111328125,55.111778259277344,249.95635986328125,114.47188568115234
38SMB_00087_r480_c720,3,0.3819277584552765,132.77833557128906,48.11843490600586,212.7990264892578,133.45391845703125
38SMB_00087_r480_c720,4,0.3682953715324402,190.87359619140625,118.24923706054688,241.81243896484375,171.24465942382812
38SMB_00088_r480_c960,0,0.5139771103858948,291.4923095703125,237.502685546875,319.9886474609375,301.88555908203125
38SMB_00088_r480_c960,1,0.3681751787662506,115.43582916259766,253.740966796875,187.76779174804688,320.0
38SMB_00088_r480_c960,2,0.23575161397457123,184.21054077148438,309.5457763671875,212.15432739257812,320.0
38SMB_00088_r480_c960,3,0.19555409252643585,176.29225158691406,307.7015380859375,220.2639923095703,319.9913330078125
38SMB_00088_r480_c960,4,0.1338966190814972,172.42205810546875,304.5604248046875,222.50064086914062,320.0
38SMB_00089_r480_c1200,0,0.6558731198310852,49.14973831176758,239.1772003173828,108.28630065917969,301.28570556640625
38SMB_00090_r480_c1440,0,0.6869708299636841,154.89073181152344,287.12603759765625,221.61219787597656,319.99627685546875
38SMB_00090_r480_c1440,1,0.44201627373695374,186.64694213867188,133.25979614257812,267.2947082519531,212.17974853515625
38SMB_00090_r480_c1440,2,0.37881699204444885,108.6190185546875,180.75845336914062,163.235595703125,234.17849731445312
38SMB_00090_r480_c1440,3,0.34006303548812866,197.74415588378906,35.298458099365234,318.249267578125,161.53912353515625
38SMB_00091_r480_c1680,0,0.44378331303596497,0.0062103271484375,154.1217041015625,30.26738166809082,210.050537109375
38SMB_00091_r480_c1680,1,0.37774035334587097,128.04977416992188,274.4310302734375,206.69631958007812,320.0
38SMB_00091_r480_c1680,2,0.23312684893608093,0.0,38.54415512084961,75.55506134033203,161.80181884765625
38SMB_00091_r480_c1680,3,0.12483493238687515,166.44766235351562,123.62049102783203,266.0004577636719,228.91619873046875
38SMB_00091_r480_c1680,4,0.10750800371170044,146.8875732421875,126.50189971923828,275.80535888671875,270.3836669921875
38SMB_00091_r480_c1680,5,0.10000695288181305,275.3641357421875,0.0,318.9476318359375,10.509488105773926
38SMB_00092_r480_c1920,0,0.519235372543335,236.92160034179688,243.71926879882812,308.6994934082031,314.6489562988281
38SMB_00092_r480_c1920,1,0.3930877149105072,218.522705078125,177.57879638671875,286.0443115234375,244.959716796875
38SMB_00092_r480_c1920,2,0.18174441158771515,215.21453857421875,114.520751953125,274.55108642578125,177.48126220703125
38SMB_00092_r480_c1920,3,0.1504909247159958,100.4172592163086,0.039287567138671875,167.64041137695312,35.87432098388672
38SMB_00093_r480_c2160,0,0.6038157343864441,0.5256500244140625,244.61866760253906,68.03297424316406,314.23193359375
38SMB_00093_r480_c2160,1,0.5607227683067322,229.66567993164062,185.9818572998047,275.8536682128906,232.26902770996094
38SMB_00093_r480_c2160,2,0.3957219123840332,0.0,176.70993041992188,46.2225227355957,246.49197387695312
38SMB_00093_r480_c2160,3,0.3131311237812042,291.45050048828125,78.32891845703125,320.0,127.54598999023438
38SMB_00093_r480_c2160,4,0.15716338157653809,0.0087127685546875,102.50465393066406,39.975135803222656,183.02549743652344
38SMB_00093_r480_c2160,5,0.14544954895973206,311.50927734375,227.32730102539062,319.990234375,278.7734069824219
38SMB_00093_r480_c2160,6,0.11513622850179672,308.3503112792969,225.8944091796875,319.9555358886719,282.68170166015625
38SMB_00094_r480_c2400,0,0.6910917162895203,77.59994506835938,182.53292846679688,126.8504638671875,230.75851440429688
38SMB_00094_r480_c2400,1,0.6351516246795654,50.81718063354492,80.58177185058594,103.64851379394531,130.7875213623047
38SMB_00094_r480_c2400,2,0.4557718336582184,70.38319396972656,218.76791381835938,160.20716857910156,302.8359680175781
38SMB_00094_r480_c2400,3,0.38568249344825745,0.0,185.02984619140625,35.7007942199707,233.37725830078125
38SMB_00094_r480_c2400,4,0.1645563244819641,108.68473815917969,221.09600830078125,139.9148406982422,252.98052978515625
38SMB_00094_r480_c2400,5,0.14630544185638428,148.98544311523438,288.427490234375,207.26773071289062,319.9429931640625
38SMB_00096_r480_c2880,0,0.23939156532287598,78.07362365722656,113.26131439208984,129.6379852294922,163.90206909179688
38SMB_00096_r480_c2880,1,0.18724897503852844,165.50787353515625,260.99853515625,206.38153076171875,307.7567138671875
38SMB_00096_r480_c2880,2,0.18508964776992798,68.74478149414062,283.34210205078125,116.66464233398438,320.0
38SMB_00097_r480_c3120,0,0.3738337457180023,146.69351196289062,90.25177001953125,200.254638671875,142.57916259765625
38SMB_00097_r480_c3120,1,0.33989769220352173,139.898681640625,243.75729370117188,230.45330810546875,320.0
38SMB_00098_r480_c3360,0,0.2570086121559143,0.0,214.36105346679688,24.921321868896484,279.6209411621094
38SMB_00098_r480_c3360,1,0.11994714289903641,226.56719970703125,0.26222991943359375,285.40753173828125,56.967628479003906
38SMB_00098_r480_c3360,2,0.10457712411880493,305.4486083984375,0.0,319.99755859375,62.45079040527344
38SMB_00099_r480_c3600,0,0.23724493384361267,168.28021240234375,0.0,316.32464599609375,102.77755737304688
38SMB_00099_r480_c3600,1,0.11766932904720306,180.65438842773438,69.01708984375,317.6427917480469,234.82940673828125
38SMB_00099_r480_c3600,2,0.10107213258743286,157.1282958984375,0.0,320.0,126.01671600341797
38SMB_00100_r480_c3840,0,0.17617033421993256,0.543548583984375,0.0,139.03494262695312,104.12043762207031
38SMB_00100_r480_c3840,1,0.16301845014095306,0.352020263671875,73.35842895507812,85.45687866210938,230.69259643554688
38SMB_00101_r480_c4080,0,0.1362949162721634,137.5130157470703,0.642425537109375,236.1692352294922,89.65287780761719
38SMB_00102_r480_c4320,0,0.16393207013607025,86.17167663574219,136.45236206054688,147.3543243408203,197.45962524414062
38SMB_00103_r480_c4560,0,0.17462660372257233,0.0,0.0,19.199533462524414,57.900672912597656
38SMB_00104_r480_c4800,0,0.11564072966575623,220.44351196289062,265.77801513671875,297.7289733886719,319.78106689453125
38SMB_00105_r480_c5040,0,0.24032284319400787,0.031620025634765625,265.1148681640625,57.250850677490234,319.82659912109375
38SMB_00105_r480_c5040,1,0.1548665314912796,203.24740600585938,280.09332275390625,270.7413024902344,319.65594482421875
38SMB_00112_r480_c6720,0,0.10736113041639328,76.85103607177734,245.71109008789062,120.21845245361328,288.1920471191406
38SMB_00114_r480_c7200,0,0.10789909213781357,49.752620697021484,25.916561126708984,135.53195190429688,115.95779418945312
38SMB_00130_r720_c960,0,0.5388221740722656,168.79788208007812,66.88131713867188,222.53750610351562,119.1307373046875
38SMB_00130_r720_c960,1,0.4832362234592438,289.7017822265625,1.5736503601074219,319.9832763671875,62.69901657104492
38SMB_00130_r720_c960,2,0.36258670687675476,116.2579574584961,13.852630615234375,187.83724975585938,84.45436096191406
38SMB_00130_r720_c960,3,0.1900539994239807,210.948486328125,92.74366760253906,317.62286376953125,194.8790740966797
38SMB_00131_r720_c1200,0,0.673444926738739,47.844329833984375,0.49633026123046875,109.11959838867188,62.406578063964844
38SMB_00131_r720_c1200,1,0.5214211940765381,109.54879760742188,173.78591918945312,177.346435546875,243.97329711914062
38SMB_00131_r720_c1200,2,0.24167339503765106,110.8006591796875,176.17433166503906,170.79537963867188,226.4491729736328
38SMB_00131_r720_c1200,3,0.1586788296699524,0.0,94.61347198486328,60.90843963623047,196.9215087890625
38SMB_00131_r720_c1200,4,0.12293916195631027,132.85183715820312,297.0133056640625,178.04660034179688,319.95751953125
38SMB_00131_r720_c1200,5,0.1097257137298584,112.19830322265625,177.24826049804688,151.69931030273438,214.83261108398438
38SMB_00131_r720_c1200,6,0.10731810331344604,259.7076110839844,188.10784912109375,319.9898376464844,313.34600830078125
38SMB_00131_r720_c1200,7,0.10666213929653168,280.9690856933594,236.02450561523438,319.7982482910156,307.2345275878906
38SMB_00131_r720_c1200,8,0.10265081375837326,0.47472381591796875,98.42202758789062,82.1534194946289,192.87033081054688
38SMB_00131_r720_c1200,9,0.10259607434272766,118.84027099609375,181.41134643554688,172.07305908203125,241.55734252929688
38SMB_00132_r720_c1440,0,0.6799783110618591,155.7666473388672,47.28580856323242,218.5767364501953,105.15821838378906
38SMB_00132_r720_c1440,1,0.2998705804347992,58.21710205078125,88.69503784179688,170.7831268310547,207.100830078125
38SMB_00132_r720_c1440,2,0.20506945252418518,102.7547607421875,287.29083251953125,150.5703125,319.94671630859375
38SMB_00132_r720_c1440,3,0.18232271075248718,26.479766845703125,172.5091552734375,144.1090850830078,302.8857421875
38SMB_00132_r720_c1440,4,0.1473657488822937,45.69189453125,81.45465087890625,179.83639526367188,230.52117919921875
38SMB_00133_r720_c1680,0,0.5285563468933105,118.65158081054688,134.6322021484375,203.24346923828125,219.53790283203125
38SMB_00133_r720_c1680,1,0.5145500302314758,102.05282592773438,229.09552001953125,149.06497192382812,275.315673828125
38SMB_00133_r720_c1680,2,0.4717044532299042,173.52035522460938,0.0,243.06729125976562,49.9854621887207
38SMB_00133_r720_c1680,3,0.36167600750923157,117.49960327148438,37.08204650878906,217.15963745117188,148.2814483642578
38SMB_00133_r720_c1680,4,0.15006676316261292,140.7525634765625,260.35894775390625,195.24853515625,316.39398193359375
38SMB_00134_r720_c1920,0,0.530043363571167,236.79052734375,4.968254089355469,308.44903564453125,73.90660095214844
38SMB_00134_r720_c1920,1,0.26028716564178467,281.08929443359375,225.48236083984375,320.0,304.6898193359375
38SMB_00134_r720_c1920,2,0.19576475024223328,295.1527099609375,162.95001220703125,319.9879150390625,213.629150390625
38SMB_00135_r720_c2160,0,0.6230903267860413,1.0092391967773438,4.1730804443359375,67.99884033203125,73.84684753417969
38SMB_00135_r720_c2160,1,0.17013201117515564,42.833412170410156,236.15602111816406,106.3254165649414,301.966064453125
38SMB_00135_r720_c2160,2,0.13087159395217896,306.3468933105469,0.1829986572265625,319.8657531738281,41.98415756225586
38SMB_00136_r720_c2400,0,0.4133821129798889,153.64547729492188,171.65847778320312,230.11691284179688,253.7821044921875
38SMB_00136_r720_c2400,1,0.35368776321411133,70.2353515625,0.0,158.48568725585938,59.46569061279297
38SMB_00136_r720_c2400,2,0.2094351053237915,234.66677856445312,203.038330078125,319.4948425292969,301.8797302246094
38SMB_00136_r720_c2400,3,0.20409725606441498,150.59222412109375,49.52125549316406,192.3070068359375,91.52690124511719
38SMB_00137_r720_c2640,0,0.1148095428943634,0.0,206.65625,94.01685333251953,301.8893737792969
38SMB_00138_r720_c2880,0,0.19377101957798004,165.6026611328125,20.971628189086914,206.37716674804688,67.0296401977539
38SMB_00138_r720_c2880,1,0.10649219900369644,69.48942565917969,43.774879455566406,114.24569702148438,86.85218048095703
38SMB_00139_r720_c3120,0,0.7003350853919983,214.96148681640625,147.97067260742188,267.70635986328125,201.73220825195312
38SMB_00139_r720_c3120,1,0.3413107693195343,139.92681884765625,4.376899719238281,229.20538330078125,92.30117797851562
38SMB_00139_r720_c3120,2,0.11930359154939651,203.66775512695312,0.0,262.54052734375,33.38329315185547
38SMB_00140_r720_c3360,0,0.5361174941062927,0.015758514404296875,145.5418701171875,26.908212661743164,201.65676879882812
38SMB_00140_r720_c3360,1,0.14546994864940643,0.03850746154785156,151.297119140625,21.83680534362793,196.83682250976562
38SMB_00142_r720_c3840,0,0.16101859509944916,300.7246398925781,221.65322875976562,319.9378356933594,310.5742492675781
38SMB_00142_r720_c3840,1,0.13432519137859344,85.8096694946289,18.682891845703125,259.7003479003906,167.48223876953125
38SMB_00142_r720_c3840,2,0.1168847382068634,70.4583740234375,0.0,248.39572143554688,183.8093719482422
38SMB_00143_r720_c4080,0,0.1373557299375534,0.53680419921875,111.87692260742188,105.41415405273438,252.91763305664062
38SMB_00144_r720_c4320,0,0.39533793926239014,113.16605377197266,227.8597412109375,186.55953979492188,305.75604248046875
38SMB_00145_r720_c4560,0,0.21274447441101074,188.68667602539062,0.5185546875,291.5007629394531,100.34503173828125
38SMB_00145_r720_c4560,1,0.10165499895811081,171.77536010742188,0.0,298.3415832519531,113.75396728515625
38SMB_00146_r720_c4800,0,0.24356351792812347,88.1376724243164,232.29177856445312,176.06735229492188,312.5519104003906
38SMB_00146_r720_c4800,1,0.2408371865749359,54.52207946777344,71.67178344726562,144.76025390625,160.49533081054688
38SMB_00147_r720_c5040,0,0.11224550753831863,0.11089515686035156,21.478046417236328,63.89116668701172,145.28965759277344
38SMB_00149_r720_c5520,0,0.6630076766014099,262.6259765625,227.68592834472656,319.5865478515625,296.2197265625
38SMB_00149_r720_c5520,1,0.17013044655323029,96.70429992675781,248.8750457763672,235.83631896972656,320.0
38SMB_00150_r720_c5760,0,0.527213454246521,18.87866973876953,224.36048889160156,90.53717803955078,298.716064453125
38SMB_00150_r720_c5760,1,0.32212039828300476,87.55903625488281,249.29693603515625,128.44544982910156,288.5340576171875
38SMB_00150_r720_c5760,2,0.15581302344799042,76.04910278320312,161.6753692626953,152.43832397460938,241.0768585205078
38SMB_00150_r720_c5760,3,0.10739230364561081,85.03598022460938,245.71742248535156,133.88514709472656,292.8955078125
38SMB_00150_r720_c5760,4,0.1020832434296608,89.36129760742188,251.44796752929688,120.14892578125,284.3424987792969
38SMB_00154_r720_c6720,0,0.12390231341123581,75.870849609375,4.83319091796875,121.374755859375,48.87376403808594
38SMB_00157_r720_c7440,0,0.1677391082048416,108.05293273925781,47.68052673339844,223.97264099121094,168.09466552734375
38SMB_00157_r720_c7440,1,0.11226905137300491,149.38546752929688,244.28375244140625,200.522705078125,297.0479736328125
38SMB_00171_r960_c720,0,0.13869880139827728,298.3821105957031,89.88595581054688,320.0,141.1844024658203
38SMB_00172_r960_c960,0,0.1029297262430191,120.7857894897461,294.89208984375,154.04934692382812,320.0
38SMB_00173_r960_c1200,0,0.3979506194591522,277.63494873046875,0.0,319.86688232421875,73.30027770996094
38SMB_00173_r960_c1200,1,0.3978831171989441,265.8973388671875,137.53472900390625,320.0,216.62942504882812
38SMB_00173_r960_c1200,2,0.29253360629081726,124.02722930908203,61.12843322753906,206.74871826171875,149.31622314453125
38SMB_00173_r960_c1200,3,0.2048044353723526,138.07537841796875,246.53228759765625,215.06011962890625,319.57421875
38SMB_00173_r960_c1200,4,0.1763678789138794,278.12451171875,133.86074829101562,320.0,229.07534790039062
38SMB_00173_r960_c1200,5,0.16317419707775116,172.59326171875,129.81124877929688,232.38983154296875,186.19015502929688
38SMB_00173_r960_c1200,6,0.10653199255466461,303.28143310546875,137.79470825195312,319.95220947265625,215.8040771484375
38SMB_00174_r960_c1440,0,0.6301255226135254,203.826416015625,269.16497802734375,287.7569885253906,319.78302001953125
38SMB_00174_r960_c1440,1,0.6035572290420532,28.34233856201172,126.00761413574219,127.55084991455078,224.6798553466797
38SMB_00174_r960_c1440,2,0.5043119788169861,180.76870727539062,221.62863159179688,219.97421264648438,259.9920959472656
38SMB_00174_r960_c1440,3,0.45005887746810913,35.64497375488281,0.082366943359375,128.6328887939453,69.6484603881836
38SMB_00174_r960_c1440,4,0.2724216878414154,102.77951049804688,47.673492431640625,147.63333129882812,90.69355773925781
38SMB_00174_r960_c1440,5,0.2524394690990448,119.64584350585938,221.78614807128906,219.0291748046875,319.292724609375
38SMB_00174_r960_c1440,6,0.15424153208732605,292.1371154785156,163.19219970703125,320.0,266.630615234375
38SMB_00174_r960_c1440,7,0.11096139997243881,159.87722778320312,158.08538818359375,205.11087036132812,202.63104248046875
38SMB_00174_r960_c1440,8,0.10470761358737946,296.14459228515625,180.14532470703125,319.97174072265625,261.7506103515625
38SMB_00175_r960_c1680,0,0.47496911883354187,0.04833221435546875,270.1431884765625,47.211326599121094,320.0
38SMB_00175_r960_c1680,1,0.42657819390296936,103.72581481933594,0.0,148.97503662109375,34.993629455566406
38SMB_00175_r960_c1680,2,0.2371731698513031,98.05894470214844,287.53948974609375,132.22035217285156,318.96734619140625
38SMB_00175_r960_c1680,3,0.15067768096923828,141.00062561035156,20.459571838378906,195.1515350341797,76.18876647949219
38SMB_00175_r960_c1680,4,0.14206326007843018,87.77885437011719,238.061279296875,137.29258728027344,288.866455078125
38SMB_00176_r960_c1920,0,0.7342864274978638,59.46369934082031,69.913818359375,123.30410766601562,135.98263549804688
38SMB_00176_r960_c1920,1,0.39916175603866577,161.72744750976562,79.24356079101562,256.7084045410156,169.39981079101562
38SMB_00176_r960_c1920,2,0.3031812906265259,238.50802612304688,76.46488952636719,315.6896667480469,152.09841918945312
38SMB_00176_r960_c1920,3,0.2852599322795868,293.09027099609375,265.80828857421875,320.0,318.21514892578125
38SMB_00176_r960_c1920,4,0.2669169306755066,281.28973388671875,0.7773971557617188,320.0,65.24638366699219
38SMB_00176_r960_c1920,5,0.1433946192264557,298.0050964355469,272.09246826171875,319.9555358886719,315.94879150390625
38SMB_00176_r960_c1920,6,0.12816596031188965,72.7625732421875,298.286865234375,123.6600341796875,320.0
38SMB_00176_r960_c1920,7,0.12234112620353699,0.0,205.81607055664062,17.626802444458008,266.0023498535156
38SMB_00177_r960_c2160,0,0.26447299122810364,54.510597229003906,271.57977294921875,100.69734954833984,317.16265869140625
38SMB_00177_r960_c2160,1,0.2471831738948822,0.25038909912109375,79.43038940429688,74.64716339111328,151.575439453125
38SMB_00177_r960_c2160,2,0.17111122608184814,41.84269714355469,0.717498779296875,108.72396850585938,62.35302734375
38SMB_00177_r960_c2160,3,0.15012900531291962,0.0,108.88534545898438,16.11725616455078,150.49453735351562
38SMB_00177_r960_c2160,4,0.1023145243525505,0.012887001037597656,188.0205535888672,13.874381065368652,255.4329376220703
38SMB_00178_r960_c2400,0,0.2360777109861374,226.2149658203125,0.0,320.0,61.759002685546875
38SMB_00179_r960_c2640,0,0.16105493903160095,270.61370849609375,251.24363708496094,320.0,304.8348388671875
38SMB_00179_r960_c2640,1,0.15266403555870056,0.0,0.0,104.758056640625,66.53248596191406
38SMB_00180_r960_c2880,0,0.3137272596359253,198.06008911132812,125.84097290039062,251.4805908203125,181.17092895507812
38SMB_00180_r960_c2880,1,0.22397255897521973,30.35222625732422,252.13392639160156,85.31922912597656,305.2457275390625
38SMB_00181_r960_c3120,0,0.30268436670303345,222.984130859375,160.56954956054688,294.97052001953125,234.49868774414062
38SMB_00181_r960_c3120,1,0.1374356597661972,182.2335662841797,172.38739013671875,244.6681365966797,239.5233154296875
38SMB_00182_r960_c3360,0,0.37627872824668884,91.14881896972656,221.3048095703125,166.86375427246094,302.907470703125
38SMB_00182_r960_c3360,1,0.3339175581932068,0.0,157.31109619140625,54.59450912475586,237.18115234375
38SMB_00183_r960_c3600,0,0.3210010826587677,228.96832275390625,79.13472747802734,320.0,181.02639770507812
38SMB_00183_r960_c3600,1,0.113540418446064,307.7646789550781,132.43048095703125,319.9919738769531,179.33050537109375
38SMB_00183_r960_c3600,2,0.1089441254734993,304.1221923828125,129.69476318359375,319.9102783203125,182.93896484375
38SMB_00184_r960_c3840,0,0.44942766427993774,64.24143981933594,108.79090881347656,157.07281494140625,200.4526824951172
38SMB_00184_r960_c3840,1,0.20304161310195923,0.0,79.46405792236328,88.75736999511719,180.30328369140625
38SMB_00184_r960_c3840,2,0.17046160995960236,301.18170166015625,0.0,319.91192626953125,72.65052032470703
38SMB_00185_r960_c4080,0,0.132594496011734,200.18453979492188,69.83889770507812,319.7209777832031,241.64117431640625
38SMB_00186_r960_c4320,0,0.16088512539863586,113.3625717163086,0.0,185.12496948242188,63.20681381225586
38SMB_00186_r960_c4320,1,0.142411008477211,58.48931884765625,57.01237487792969,198.96209716796875,183.3895263671875
38SMB_00186_r960_c4320,2,0.14010071754455566,0.0,65.260009765625,138.7830810546875,253.24319458007812
38SMB_00186_r960_c4320,3,0.11143720895051956,2.3442840576171875,117.51763153076172,182.9862823486328,286.36871337890625
38SMB_00186_r960_c4320,4,0.10571929812431335,138.96383666992188,220.2376251220703,281.4945373535156,320.0
38SMB_00187_r960_c4560,0,0.4997584819793701,219.65042114257812,169.05743408203125,274.9612121582031,227.45455932617188
38SMB_00187_r960_c4560,1,0.40405163168907166,287.2557678222656,122.66275024414062,315.7344665527344,151.64117431640625
38SMB_00187_r960_c4560,2,0.16934630274772644,224.83746337890625,36.9111328125,318.62750244140625,134.32180786132812
38SMB_00187_r960_c4560,3,0.1044483333826065,213.93215942382812,254.65267944335938,289.6824035644531,320.0
38SMB_00188_r960_c4800,0,0.4445367753505707,47.01701354980469,122.67852783203125,76.19503021240234,151.54226684570312
38SMB_00188_r960_c4800,1,0.39644619822502136,258.51318359375,271.9632568359375,313.566162109375,320.0
38SMB_00188_r960_c4800,2,0.35512563586235046,0.1776275634765625,157.72174072265625,33.72639465332031,228.33544921875
38SMB_00188_r960_c4800,3,0.26313167810440063,88.40756225585938,0.0,176.72674560546875,70.7767562866211
38SMB_00188_r960_c4800,4,0.18918132781982422,0.0,39.620880126953125,81.85447692871094,132.07803344726562
38SMB_00188_r960_c4800,5,0.12570595741271973,0.0,256.0186767578125,49.20452880859375,320.0
38SMB_00189_r960_c5040,0,0.3765570819377899,18.977813720703125,272.70062255859375,72.21858978271484,320.0
38SMB_00190_r960_c5280,0,0.5579069256782532,288.41851806640625,66.58050537109375,319.99346923828125,133.81700134277344
38SMB_00190_r960_c5280,1,0.1629735678434372,24.619598388671875,60.04606628417969,106.866455078125,145.9626922607422
38SMB_00190_r960_c5280,2,0.10359757393598557,294.0895080566406,71.59391784667969,320.0,126.94892883300781
38SMB_00191_r960_c5520,0,0.6027317643165588,259.90826416015625,0.016387939453125,319.799072265625,56.75921630859375
38SMB_00191_r960_c5520,1,0.24204042553901672,49.49432373046875,69.26530456542969,108.74481201171875,132.19973754882812
38SMB_00192_r960_c5760,0,0.48644742369651794,17.484603881835938,0.043972015380859375,93.23845672607422,57.8059196472168
38SMB_00192_r960_c5760,1,0.39463627338409424,86.85040283203125,8.435916900634766,127.93972778320312,49.05937576293945
38SMB_00194_r960_c6240,0,0.23034332692623138,74.13894653320312,91.63116455078125,119.90655517578125,139.25328063964844
38SMB_00194_r960_c6240,1,0.11239971220493317,70.25830078125,87.27015686035156,126.3167724609375,144.19686889648438
38SMB_00199_r960_c7440,0,0.1183270812034607,150.5616455078125,5.7272491455078125,198.97561645507812,56.11732482910156
38SMB_00201_r960_c7920,0,0.20397089421749115,211.70831298828125,194.3170166015625,251.22686767578125,234.55279541015625
38SMB_00214_r1200_c960,0,0.13977016508579254,175.48873901367188,136.89328002929688,213.85122680664062,175.77682495117188
38SMB_00215_r1200_c1200,0,0.6543904542922974,260.57073974609375,227.8910675048828,320.0,311.48370361328125
38SMB_00215_r1200_c1200,1,0.6105698347091675,241.05503845214844,157.78610229492188,281.6243896484375,197.85000610351562
38SMB_00215_r1200_c1200,2,0.6003499627113342,165.81900024414062,253.51251220703125,249.61648559570312,320.0
38SMB_00215_r1200_c1200,3,0.5457103848457336,206.03073120117188,76.44136047363281,259.6330871582031,131.10330200195312
38SMB_00215_r1200_c1200,4,0.5416059494018555,176.64781188964844,125.82623291015625,232.81919860839844,178.59616088867188
38SMB_00215_r1200_c1200,5,0.4527358114719391,232.2379150390625,275.09576416015625,296.39630126953125,320.0
38SMB_00215_r1200_c1200,6,0.3691495954990387,182.96710205078125,179.33026123046875,237.5322265625,233.65625
38SMB_00215_r1200_c1200,7,0.19506075978279114,140.95187377929688,9.88275146484375,213.53421020507812,84.40678405761719
38SMB_00215_r1200_c1200,8,0.12966133654117584,175.68270874023438,262.15081787109375,241.47763061523438,319.17919921875
38SMB_00216_r1200_c1440,0,0.6373164057731628,205.71194458007812,28.467693328857422,287.3422546386719,101.93324279785156
38SMB_00216_r1200_c1440,1,0.5624794960021973,3.179737091064453,157.95895385742188,41.517513275146484,197.254638671875
38SMB_00216_r1200_c1440,2,0.5476961135864258,0.990692138671875,275.4285888671875,56.061004638671875,320.0
38SMB_00216_r1200_c1440,3,0.5456439256668091,138.5987548828125,85.5445556640625,199.72628784179688,146.06854248046875
38SMB_00216_r1200_c1440,4,0.445407509803772,114.01114654541016,124.3157958984375,157.09872436523438,166.68896484375
38SMB_00216_r1200_c1440,5,0.2780136168003082,21.644302368164062,217.3292999267578,127.66947937011719,312.28045654296875
38SMB_00216_r1200_c1440,6,0.2527630031108856,183.6966552734375,0.05330657958984375,220.91232299804688,20.300966262817383
38SMB_00216_r1200_c1440,7,0.2492067962884903,0.0,79.17092895507812,19.623329162597656,135.3277587890625
38SMB_00216_r1200_c1440,8,0.1718967705965042,232.4789276123047,110.20758819580078,304.06207275390625,183.25439453125
38SMB_00216_r1200_c1440,9,0.15578411519527435,125.66570281982422,0.0,216.06903076171875,81.426025390625
38SMB_00216_r1200_c1440,10,0.14165258407592773,0.0,78.65611267089844,15.156578063964844,129.6563720703125
38SMB_00217_r1200_c1680,0,0.292758971452713,0.03705596923828125,29.429153442382812,47.07518768310547,105.86236572265625
38SMB_00217_r1200_c1680,1,0.21461248397827148,87.89350891113281,0.3188209533691406,136.7666473388672,49.45911407470703
38SMB_00217_r1200_c1680,2,0.20815503597259521,97.65354919433594,47.09147644042969,131.85643005371094,79.78235626220703
38SMB_00217_r1200_c1680,3,0.18293441832065582,184.95120239257812,260.11676025390625,235.67544555664062,314.03924560546875
38SMB_00217_r1200_c1680,4,0.15887555480003357,0.08921432495117188,110.56744384765625,63.44207000732422,182.96694946289062
38SMB_00218_r1200_c1920,0,0.7424823045730591,82.65770721435547,177.39266967773438,121.6268539428711,214.30123901367188
38SMB_00218_r1200_c1920,1,0.25629064440727234,293.2984619140625,25.721023559570312,320.0,78.70140838623047
38SMB_00218_r1200_c1920,2,0.14480212330818176,160.96221923828125,274.07666015625,231.4793701171875,319.8109130859375
38SMB_00218_r1200_c1920,3,0.14011405408382416,298.2489013671875,32.36443328857422,319.93731689453125,74.99144744873047
38SMB_00218_r1200_c1920,4,0.12819766998291016,267.33380126953125,223.42816162109375,318.147216796875,279.8287353515625
38SMB_00218_r1200_c1920,5,0.10579314827919006,159.01951599121094,61.50507736206055,241.6841278076172,139.50852966308594
38SMB_00219_r1200_c2160,0,0.2539970576763153,203.497802734375,191.38995361328125,274.3549499511719,268.5167541503906
38SMB_00219_r1200_c2160,1,0.2448699027299881,54.49460220336914,31.931869506835938,100.61300659179688,77.94132995605469
38SMB_00220_r1200_c2400,0,0.1476503312587738,187.95510864257812,144.2481689453125,247.07986450195312,206.71615600585938
38SMB_00220_r1200_c2400,1,0.1250564604997635,184.8057098388672,271.08929443359375,252.53221130371094,319.93585205078125
38SMB_00221_r1200_c2640,0,0.1695403903722763,270.95172119140625,10.920730590820312,320.0,64.88636779785156
38SMB_00222_r1200_c2880,0,0.23736998438835144,30.850217819213867,12.191009521484375,85.3250732421875,65.33407592773438
38SMB_00222_r1200_c2880,1,0.1287805438041687,82.7137451171875,69.46208190917969,131.13232421875,116.96620178222656
38SMB_00224_r1200_c3360,0,0.15987560153007507,93.53817749023438,0.4652290344238281,167.94866943359375,60.98101806640625
38SMB_00226_r1200_c3840,0,0.6068065762519836,78.488037109375,168.70843505859375,135.25027465820312,227.96185302734375
38SMB_00226_r1200_c3840,1,0.18934741616249084,162.48648071289062,34.870140075683594,256.3186950683594,125.45024871826172
38SMB_00227_r1200_c4080,0,0.6953052282333374,262.0423583984375,218.71112060546875,316.46905517578125,274.41070556640625
38SMB_00227_r1200_c4080,1,0.436326265335083,81.11972045898438,109.47273254394531,179.46652221679688,200.51979064941406
38SMB_00227_r1200_c4080,2,0.24566836655139923,255.610107421875,0.02207183837890625,320.0,64.83073425292969
38SMB_00227_r1200_c4080,3,0.1804797351360321,74.51011657714844,176.21104431152344,114.68940734863281,215.31077575683594
38SMB_00227_r1200_c4080,4,0.15033724904060364,206.4722900390625,145.252685546875,282.9333801269531,223.29843139648438
38SMB_00227_r1200_c4080,5,0.12366347759962082,200.42556762695312,0.0,257.5539855957031,26.233707427978516
38SMB_00228_r1200_c4320,0,0.6741090416908264,24.04401969909668,220.56259155273438,75.59788513183594,273.3179626464844
38SMB_00228_r1200_c4320,1,0.22328931093215942,141.09942626953125,207.25747680664062,268.03399658203125,320.0
38SMB_00228_r1200_c4320,2,0.16449536383152008,74.88311767578125,106.23162841796875,144.5358428955078,184.860595703125
38SMB_00228_r1200_c4320,3,0.14248426258563995,0.0,0.2489185333251953,16.86008071899414,25.944456100463867
38SMB_00228_r1200_c4320,4,0.11324712634086609,146.935302734375,232.40805053710938,247.49169921875,320.0
38SMB_00228_r1200_c4320,5,0.1098359227180481,0.010955810546875,148.23141479492188,40.90333557128906,238.84942626953125
38SMB_00229_r1200_c4560,0,0.15017761290073395,297.4884033203125,195.4453125,319.95849609375,264.141357421875
38SMB_00229_r1200_c4560,1,0.12264598906040192,282.0323181152344,189.789794921875,319.9824523925781,295.61236572265625
38SMB_00229_r1200_c4560,2,0.11043713986873627,292.2242126464844,191.16107177734375,319.8962707519531,283.7474670410156
38SMB_00230_r1200_c4800,0,0.3805244266986847,56.26109313964844,196.580810546875,131.64552307128906,266.73095703125
38SMB_00230_r1200_c4800,1,0.2634256184101105,257.989501953125,31.5803165435791,314.22796630859375,86.84168243408203
38SMB_00231_r1200_c5040,0,0.24073642492294312,18.546043395996094,32.43670654296875,72.82066345214844,86.26396179199219
38SMB_00233_r1200_c5520,0,0.19061210751533508,230.55429077148438,145.21847534179688,283.5446472167969,197.1927490234375
38SMB_00234_r1200_c5760,0,0.27149370312690735,0.0,143.300048828125,45.08562088012695,200.335205078125
38SMB_00235_r1200_c6000,0,0.18832485377788544,84.69886779785156,273.6331787109375,154.61692810058594,319.70263671875
38SMB_00236_r1200_c6240,0,0.13778820633888245,174.4227752685547,202.5425567626953,222.99757385253906,248.2976837158203
38SMB_00237_r1200_c6480,0,0.21590906381607056,50.74459457397461,294.93011474609375,100.51177978515625,319.98883056640625
38SMB_00239_r1200_c6960,0,0.36532917618751526,92.74595642089844,252.82058715820312,159.28968811035156,320.0
38SMB_00242_r1200_c7680,0,0.33359023928642273,275.31536865234375,156.8612060546875,320.0,207.9422607421875
38SMB_00243_r1200_c7920,0,0.4219341576099396,35.44329833984375,157.54026794433594,86.24247741699219,207.4268341064453
38SMB_00243_r1200_c7920,1,0.11326365172863007,37.234130859375,142.90557861328125,88.73738098144531,204.15451049804688
38SMB_00252_r1440_c0,0,0.3145378530025482,127.36531829833984,222.02117919921875,243.48092651367188,319.850830078125
38SMB_00254_r1440_c480,0,0.7585353851318359,92.67303466796875,139.4360809326172,130.79638671875,177.32264709472656
38SMB_00257_r1440_c1200,0,0.5974445939064026,261.05615234375,0.0,320.0,69.25318145751953
38SMB_00257_r1440_c1200,1,0.48382896184921265,232.36041259765625,34.59263610839844,296.3785400390625,90.86579895019531
38SMB_00257_r1440_c1200,2,0.4034880995750427,166.612060546875,14.11962890625,249.018798828125,100.16221618652344
38SMB_00257_r1440_c1200,3,0.36518755555152893,192.14431762695312,291.480224609375,237.32949829101562,320.0
38SMB_00257_r1440_c1200,4,0.29018014669418335,230.97824096679688,296.1793212890625,275.9340515136719,320.0
38SMB_00257_r1440_c1200,5,0.14938469231128693,73.30438232421875,0.759307861328125,164.74607849121094,96.63009643554688
38SMB_00257_r1440_c1200,6,0.10239289700984955,176.82705688476562,22.491012573242188,237.68002319335938,94.34374237060547
38SMB_00258_r1440_c1440,0,0.5620431900024414,0.6644477844238281,34.95652770996094,55.7527961730957,90.82325744628906
38SMB_00258_r1440_c1440,1,0.45493823289871216,20.717041015625,0.0,128.65283203125,72.02291870117188
38SMB_00258_r1440_c1440,2,0.23387137055397034,0.0,295.3005676269531,36.91407775878906,319.8843078613281
38SMB_00258_r1440_c1440,3,0.11527160555124283,0.029850006103515625,131.21780395507812,32.3749885559082,186.52505493164062
38SMB_00259_r1440_c1680,0,0.39723867177963257,156.0555419921875,134.36419677734375,208.5106201171875,187.40057373046875
38SMB_00259_r1440_c1680,1,0.284932017326355,242.53656005859375,249.8370819091797,320.0,320.0
38SMB_00259_r1440_c1680,2,0.2667558789253235,82.21825408935547,155.50607299804688,194.0054931640625,255.658935546875
38SMB_00259_r1440_c1680,3,0.20165228843688965,184.7025146484375,20.06840705871582,236.17514038085938,74.91462707519531
38SMB_00259_r1440_c1680,4,0.1264679729938507,79.81524658203125,215.28213500976562,124.77862548828125,256.1191711425781
38SMB_00259_r1440_c1680,5,0.12119816988706589,229.65469360351562,76.874267578125,320.0,203.8897705078125
38SMB_00260_r1440_c1920,0,0.7143017649650574,200.24331665039062,272.60369873046875,257.8370056152344,320.0
38SMB_00260_r1440_c1920,1,0.6406242251396179,193.25643920898438,183.19357299804688,259.20947265625,247.66543579101562
38SMB_00260_r1440_c1920,2,0.47683775424957275,117.54457092285156,245.80865478515625,165.4453887939453,293.68414306640625
38SMB_00260_r1440_c1920,3,0.34128594398498535,154.879150390625,39.51898193359375,241.23031616210938,131.33334350585938
38SMB_00260_r1440_c1920,4,0.26854822039604187,238.93313598632812,155.62026977539062,295.6003112792969,207.61758422851562
38SMB_00260_r1440_c1920,5,0.21657150983810425,0.0,246.18963623046875,94.58182525634766,320.0
38SMB_00260_r1440_c1920,6,0.11395556479692459,289.8390197753906,297.7833251953125,319.6940002441406,319.93902587890625
38SMB_00260_r1440_c1920,7,0.11082898825407028,0.0,86.29300689697266,105.3460693359375,202.39913940429688
38SMB_00261_r1440_c2160,0,0.5449672937393188,125.78299713134766,122.14483642578125,213.00735473632812,207.5140380859375
38SMB_00261_r1440_c2160,1,0.3367709815502167,0.8706474304199219,155.47808837890625,55.61117172241211,207.56668090820312
38SMB_00261_r1440_c2160,2,0.33337604999542236,47.661766052246094,289.6427001953125,126.56461334228516,320.0
38SMB_00261_r1440_c2160,3,0.2565893232822418,239.6181182861328,136.59103393554688,318.53289794921875,228.39089965820312
38SMB_00261_r1440_c2160,4,0.21491612493991852,244.4638214111328,156.26869201660156,315.73492431640625,227.14744567871094
38SMB_00262_r1440_c2400,0,0.22685179114341736,0.7057113647460938,136.84951782226562,77.80618286132812,228.61709594726562
38SMB_00262_r1440_c2400,1,0.19885849952697754,5.891670227050781,157.05970764160156,73.51971435546875,226.6696014404297
38SMB_00262_r1440_c2400,2,0.14643675088882446,241.92967224121094,97.82203674316406,285.6209716796875,142.4767608642578
38SMB_00262_r1440_c2400,3,0.1018684059381485,186.965087890625,32.604209899902344,251.01004028320312,92.71373748779297
38SMB_00263_r1440_c2640,0,0.4296211004257202,159.88323974609375,141.09689331054688,227.73565673828125,215.85195922851562
38SMB_00263_r1440_c2640,1,0.22708547115325928,1.4193649291992188,97.84025573730469,45.845279693603516,142.90769958496094
38SMB_00263_r1440_c2640,2,0.11705850064754486,10.139995574951172,102.57157897949219,37.64226531982422,127.53395080566406
38SMB_00263_r1440_c2640,3,0.10184518992900848,5.536922454833984,99.67167663574219,41.61532211303711,138.2356719970703
38SMB_00264_r1440_c2880,0,0.20345857739448547,96.39248657226562,0.0,169.90054321289062,45.4525146484375
38SMB_00264_r1440_c2880,1,0.17441707849502563,86.62899780273438,54.67461013793945,178.9810791015625,144.1743927001953
38SMB_00268_r1440_c3840,0,0.11199930310249329,208.39907836914062,184.74765014648438,320.0,317.6968688964844
38SMB_00269_r1440_c4080,0,0.6940422058105469,217.69796752929688,240.0054931640625,271.5174255371094,292.75421142578125
38SMB_00269_r1440_c4080,1,0.28307169675827026,262.8996887207031,0.022968292236328125,315.9547424316406,33.67041778564453
38SMB_00269_r1440_c4080,2,0.23792944848537445,201.6749725341797,55.29893493652344,319.75189208984375,170.35670471191406
38SMB_00269_r1440_c4080,3,0.231857031583786,158.6873016357422,308.6230773925781,198.58522033691406,319.9975280761719
38SMB_00269_r1440_c4080,4,0.16334974765777588,155.05104064941406,305.4505615234375,199.88145446777344,319.9593505859375
38SMB_00269_r1440_c4080,5,0.13142700493335724,0.10414505004882812,286.8233642578125,33.975250244140625,320.0
38SMB_00269_r1440_c4080,6,0.10376991331577301,206.78311157226562,0.0,272.5713806152344,19.661069869995117
38SMB_00270_r1440_c4320,0,0.42735040187835693,0.0,238.27841186523438,32.468955993652344,296.6679992675781
38SMB_00270_r1440_c4320,1,0.2884456515312195,23.2658748626709,0.060436248779296875,75.52930450439453,33.49284362792969
38SMB_00270_r1440_c4320,2,0.16723200678825378,137.0244140625,0.0,271.83551025390625,124.45018005371094
38SMB_00270_r1440_c4320,3,0.12091711163520813,111.83987426757812,0.0,264.87127685546875,143.52317810058594
38SMB_00277_r1440_c6000,0,0.4413946866989136,199.66961669921875,176.18113708496094,245.16571044921875,220.6108856201172
38SMB_00277_r1440_c6000,1,0.30166831612586975,216.35659790039062,218.72378540039062,274.8968200683594,280.8674011230469
38SMB_00277_r1440_c6000,2,0.13094167411327362,82.87663269042969,31.882781982421875,156.3948516845703,102.51506042480469
38SMB_00278_r1440_c6240,0,0.23972579836845398,0.07467269897460938,210.15432739257812,35.87965393066406,283.8337097167969
38SMB_00278_r1440_c6240,1,0.2020794302225113,283.7624816894531,45.64289855957031,320.0,121.37158203125
38SMB_00279_r1440_c6480,0,0.34903255105018616,46.35068893432617,56.036685943603516,102.79856872558594,117.30828857421875
38SMB_00281_r1440_c6960,0,0.30450955033302307,95.14242553710938,16.346649169921875,151.26632690429688,84.50950622558594
38SMB_00283_r1440_c7440,0,0.14330445230007172,182.67422485351562,120.87114715576172,259.2424621582031,189.23089599609375
38SMB_00285_r1440_c7920,0,0.3114771842956543,155.0359344482422,107.3827133178711,196.8145294189453,148.98782348632812
38SMB_00285_r1440_c7920,1,0.21515275537967682,159.5343017578125,115.08051300048828,190.4654541015625,146.751953125
38SMB_00294_r1680_c0,0,0.6088852882385254,87.4981918334961,176.48184204101562,175.84768676757812,270.0196838378906
38SMB_00294_r1680_c0,1,0.5528311133384705,95.44408416748047,53.44978332519531,168.47833251953125,129.9384765625
38SMB_00294_r1680_c0,2,0.3163948357105255,135.0752716064453,0.0,236.83448791503906,94.19796752929688
38SMB_00294_r1680_c0,3,0.2198285460472107,66.8603515625,230.0601806640625,116.95120239257812,285.283935546875
38SMB_00294_r1680_c0,4,0.21740810573101044,149.7243194580078,57.37023162841797,191.36741638183594,101.27384185791016
38SMB_00294_r1680_c0,5,0.15880891680717468,0.0,212.25137329101562,46.527862548828125,264.2175598144531
38SMB_00294_r1680_c0,6,0.11508926749229431,77.40276336669922,173.44659423828125,185.67742919921875,286.40753173828125
38SMB_00295_r1680_c240,0,0.822638213634491,98.3983154296875,218.80392456054688,152.20437622070312,268.7667541503906
38SMB_00295_r1680_c240,1,0.7085429430007935,136.92886352539062,241.3309326171875,179.28469848632812,284.0679931640625
38SMB_00296_r1680_c480,0,0.15275996923446655,93.66375732421875,244.5784149169922,137.75283813476562,290.42889404296875
38SMB_00297_r1680_c720,0,0.8648481965065002,235.96141052246094,210.06167602539062,285.4276123046875,257.3507995605469
38SMB_00298_r1680_c960,0,0.8587972521781921,0.017803192138671875,209.8751220703125,46.03907775878906,257.16876220703125
38SMB_00299_r1680_c1200,0,0.4389878213405609,230.4586181640625,54.8918571472168,277.6693115234375,98.99217224121094
38SMB_00299_r1680_c1200,1,0.42981138825416565,191.17092895507812,51.1920280456543,235.06497192382812,94.02720642089844
38SMB_00300_r1680_c1440,0,0.27766117453575134,0.0,55.55824279785156,37.199073791503906,98.36061096191406
38SMB_00300_r1680_c1440,1,0.27573904395103455,212.47720336914062,165.38186645507812,265.5569152832031,222.21560668945312
38SMB_00301_r1680_c1680,0,0.5525546669960022,219.32656860351562,241.75885009765625,283.3858947753906,306.34307861328125
38SMB_00301_r1680_c1680,1,0.4127884805202484,0.0,170.77413940429688,26.519140243530273,226.41278076171875
38SMB_00301_r1680_c1680,2,0.4057580828666687,69.8787612915039,215.25588989257812,118.5770492553711,264.03546142578125
38SMB_00301_r1680_c1680,3,0.3997473120689392,58.04615783691406,258.95556640625,125.81364440917969,320.0
38SMB_00301_r1680_c1680,4,0.3340234160423279,299.1243896484375,252.31851196289062,319.99139404296875,298.3329772949219
38SMB_00301_r1680_c1680,5,0.2101231962442398,0.0,0.0,51.250362396240234,53.416297912597656
38SMB_00301_r1680_c1680,6,0.208781898021698,239.22604370117188,7.191581726074219,319.8650207519531,110.5195541381836
38SMB_00301_r1680_c1680,7,0.18227672576904297,68.46229553222656,0.03837108612060547,130.81727600097656,14.093606948852539
38SMB_00301_r1680_c1680,8,0.13617445528507233,0.0,176.32568359375,23.224157333374023,220.00546264648438
38SMB_00301_r1680_c1680,9,0.10490244626998901,76.8122329711914,0.05415058135986328,127.0621566772461,11.162611961364746
38SMB_00302_r1680_c1920,0,0.6928825378417969,200.29742431640625,32.998138427734375,259.7015075683594,94.59132385253906
38SMB_00302_r1680_c1920,1,0.6926472783088684,57.878692626953125,247.51882934570312,110.75444030761719,300.4397888183594
38SMB_00302_r1680_c1920,2,0.6623472571372986,239.34681701660156,251.22952270507812,291.11328125,304.9820861816406
38SMB_00302_r1680_c1920,3,0.5423775911331177,117.89376831054688,6.339580535888672,164.99310302734375,53.59201431274414
38SMB_00302_r1680_c1920,4,0.46251699328422546,55.04521179199219,181.08200073242188,133.33900451660156,256.3711853027344
38SMB_00302_r1680_c1920,5,0.4387407898902893,0.00612640380859375,241.7697296142578,41.025760650634766,305.87896728515625
38SMB_00302_r1680_c1920,6,0.35519739985466003,0.18488311767578125,9.222000122070312,95.55013275146484,106.32418823242188
38SMB_00302_r1680_c1920,7,0.34586361050605774,294.0064697265625,57.35334014892578,319.956298828125,111.70197296142578
38SMB_00302_r1680_c1920,8,0.2311575561761856,106.35159301757812,228.99969482421875,177.83541870117188,309.7056884765625
38SMB_00302_r1680_c1920,9,0.21505019068717957,138.6032257080078,209.87469482421875,170.69752502441406,244.64617919921875
38SMB_00302_r1680_c1920,10,0.2051083892583847,233.32574462890625,297.5026550292969,300.3004150390625,320.0
38SMB_00302_r1680_c1920,11,0.19677555561065674,68.93670654296875,108.36474609375,174.96099853515625,216.32418823242188
38SMB_00302_r1680_c1920,12,0.19565126299858093,199.293212890625,249.1690673828125,251.0394287109375,300.06024169921875
38SMB_00302_r1680_c1920,13,0.1936628669500351,184.29962158203125,290.1676330566406,230.95611572265625,320.0
38SMB_00302_r1680_c1920,14,0.16227421164512634,1.2017059326171875,0.0,100.71495056152344,140.837646484375
38SMB_00302_r1680_c1920,15,0.15326961874961853,301.73980712890625,292.7196044921875,319.9334716796875,319.908447265625
38SMB_00302_r1680_c1920,16,0.1472538709640503,0.06679153442382812,233.6626434326172,49.78622055053711,313.95843505859375
38SMB_00302_r1680_c1920,17,0.1434701383113861,0.4207611083984375,59.85722351074219,79.71188354492188,164.55670166015625
38SMB_00302_r1680_c1920,18,0.1244257390499115,298.834716796875,62.15095138549805,319.953857421875,107.32859802246094
38SMB_00302_r1680_c1920,19,0.1038195937871933,159.39645385742188,0.036014556884765625,210.55044555664062,15.87527847290039
38SMB_00303_r1680_c2160,0,0.7962357997894287,53.900840759277344,49.271697998046875,126.1484146118164,117.02816772460938
38SMB_00303_r1680_c2160,1,0.6305572390556335,265.6787414550781,125.3756103515625,319.7568664550781,183.03890991210938
38SMB_00303_r1680_c2160,2,0.6279271245002747,61.57905578613281,281.56671142578125,127.04350280761719,319.80291748046875
38SMB_00303_r1680_c2160,3,0.5638214945793152,1.2026481628417969,249.93096923828125,51.886009216308594,305.18475341796875
38SMB_00303_r1680_c2160,4,0.5458462238311768,277.9702453613281,192.30084228515625,320.0,240.73779296875
38SMB_00303_r1680_c2160,5,0.20603562891483307,0.011457443237304688,35.403011322021484,18.99320411682129,97.74984741210938
38SMB_00303_r1680_c2160,6,0.16319549083709717,0.0,297.17742919921875,60.30241394042969,320.0
38SMB_00303_r1680_c2160,7,0.1182914674282074,0.040703773498535156,251.69619750976562,12.1516695022583,299.5689392089844
38SMB_00303_r1680_c2160,8,0.10574822127819061,267.16729736328125,93.80615234375,311.21234130859375,137.19830322265625
38SMB_00304_r1680_c2400,0,0.6259459257125854,25.87181854248047,125.62519836425781,80.77559661865234,182.85740661621094
38SMB_00304_r1680_c2400,1,0.5047683715820312,38.29889678955078,193.03726196289062,86.8697280883789,241.10003662109375
38SMB_00304_r1680_c2400,2,0.1151493489742279,27.522165298461914,93.80015563964844,70.2862319946289,136.71258544921875
38SMB_00305_r1680_c2640,0,0.30251139402389526,147.82620239257812,157.6150665283203,230.48300170898438,239.26747131347656
38SMB_00305_r1680_c2640,1,0.1061197817325592,197.07275390625,228.527099609375,268.17926025390625,293.12860107421875
38SMB_00309_r1680_c3600,0,0.7344754338264465,120.88191223144531,271.5419006347656,172.6897430419922,319.9601135253906
38SMB_00309_r1680_c3600,1,0.3681564927101135,169.86428833007812,242.49227905273438,234.11605834960938,303.5223083496094
38SMB_00310_r1680_c3840,0,0.2643619775772095,234.3775634765625,0.0,320.0,68.29270935058594
38SMB_00311_r1680_c4080,0,0.7386605739593506,221.8111572265625,2.3054733276367188,268.94189453125,50.50503921508789
38SMB_00311_r1680_c4080,1,0.2731013894081116,152.11474609375,67.69586181640625,194.58343505859375,109.74009704589844
38SMB_00311_r1680_c4080,2,0.1721288412809372,211.00929260253906,60.803741455078125,320.0,193.2354736328125
38SMB_00311_r1680_c4080,3,0.126303568482399,1.6844482421875,0.0,121.38945007324219,80.29011535644531
38SMB_00312_r1680_c4320,0,0.44385313987731934,0.0,0.10128021240234375,32.849205017089844,54.9620475769043
38SMB_00312_r1680_c4320,1,0.12019498646259308,0.12873077392578125,38.219940185546875,120.74088287353516,209.53094482421875
38SMB_00313_r1680_c4560,0,0.2689204216003418,143.91937255859375,220.7283172607422,248.10903930664062,318.11639404296875
38SMB_00313_r1680_c4560,1,0.14127077162265778,162.299072265625,68.01786804199219,220.68756103515625,128.45947265625
38SMB_00313_r1680_c4560,2,0.10886230319738388,33.078582763671875,134.83062744140625,85.12733459472656,185.57687377929688
38SMB_00319_r1680_c6000,0,0.2704679071903229,214.67141723632812,128.18063354492188,281.6360168457031,194.28372192382812
38SMB_00319_r1680_c6000,1,0.2642769515514374,220.0177001953125,0.0,277.2958984375,43.04199981689453
38SMB_00320_r1680_c6240,0,0.23213772475719452,59.599857330322266,162.84454345703125,126.9415283203125,229.0732421875
38SMB_00320_r1680_c6240,1,0.2221093624830246,0.10758590698242188,0.0,36.41170883178711,43.438785552978516
38SMB_00322_r1680_c6720,0,0.1982046365737915,100.63734436035156,261.29443359375,141.48760986328125,302.531005859375
38SMB_00336_r1920_c0,0,0.6020692586898804,65.59817504882812,0.0,116.55181884765625,48.13046646118164
38SMB_00336_r1920_c0,1,0.3999275267124176,0.5861625671386719,0.0,49.472938537597656,25.546756744384766
38SMB_00336_r1920_c0,2,0.2869165539741516,158.5836181640625,269.6780090332031,242.31744384765625,320.0
38SMB_00336_r1920_c0,3,0.14368872344493866,138.03860473632812,72.65505981445312,210.39846801757812,140.59449768066406
38SMB_00337_r1920_c240,0,0.7304292321205139,137.55258178710938,2.530872344970703,179.54208374023438,43.70135498046875
38SMB_00337_r1920_c240,1,0.6564750075340271,180.11378479003906,258.7323303222656,251.07191467285156,320.0
38SMB_00337_r1920_c240,2,0.6429029107093811,96.63023376464844,0.00978851318359375,153.2228546142578,28.6170597076416
38SMB_00337_r1920_c240,3,0.17832927405834198,72.05355834960938,288.87286376953125,123.16423034667969,319.90972900390625
38SMB_00338_r1920_c480,0,0.7100274562835693,237.400390625,128.42019653320312,288.39935302734375,182.01763916015625
38SMB_00338_r1920_c480,1,0.13468241691589355,93.72016906738281,4.379512786865234,137.1162872314453,49.94784927368164
38SMB_00338_r1920_c480,2,0.13126753270626068,44.53398132324219,271.11602783203125,137.47952270507812,319.90203857421875
38SMB_00338_r1920_c480,3,0.11382792145013809,0.0,259.63763427734375,9.841634750366211,319.5054931640625
38SMB_00338_r1920_c480,4,0.10984957963228226,107.31098937988281,141.17620849609375,147.27557373046875,183.10888671875
38SMB_00339_r1920_c720,0,0.8254740834236145,140.00665283203125,270.82928466796875,181.15673828125,310.82135009765625
38SMB_00339_r1920_c720,1,0.7639726996421814,237.33877563476562,175.8994598388672,301.3198547363281,246.9404754638672
38SMB_00339_r1920_c720,2,0.6864051222801208,0.0,128.16314697265625,49.28374099731445,182.38482666015625
38SMB_00339_r1920_c720,3,0.6497838497161865,113.73556518554688,238.94622802734375,169.99905395507812,295.058837890625
38SMB_00339_r1920_c720,4,0.42188483476638794,239.10989379882812,0.006610870361328125,280.5609436035156,16.106826782226562
38SMB_00339_r1920_c720,5,0.19234950840473175,270.193115234375,139.2294464111328,302.86456298828125,171.67857360839844
38SMB_00339_r1920_c720,6,0.1348986178636551,277.06951904296875,85.05717468261719,320.0,148.27040100097656
38SMB_00340_r1920_c960,0,0.77668297290802,0.4315452575683594,175.71730041503906,61.683048248291016,247.27919006347656
38SMB_00340_r1920_c960,1,0.4778243601322174,0.89068603515625,0.0,40.09812927246094,17.415645599365234
38SMB_00340_r1920_c960,2,0.3244900703430176,34.312774658203125,88.27067565917969,95.64016723632812,150.40208435058594
38SMB_00340_r1920_c960,3,0.20919518172740936,29.873411178588867,139.0657958984375,63.32948303222656,171.98907470703125
38SMB_00340_r1920_c960,4,0.18425221741199493,99.56916809082031,79.77777099609375,148.2823486328125,129.8823699951172
38SMB_00340_r1920_c960,5,0.13146837055683136,170.92544555664062,258.40020751953125,218.62652587890625,306.01458740234375
38SMB_00341_r1920_c1200,0,0.4826352596282959,245.68515014648438,164.5821533203125,298.3058166503906,217.60321044921875
38SMB_00341_r1920_c1200,1,0.44591015577316284,106.8214111328125,298.67431640625,158.98794555664062,320.0
38SMB_00341_r1920_c1200,2,0.2687220871448517,132.10733032226562,200.69003295898438,261.46221923828125,308.4076843261719
38SMB_00341_r1920_c1200,3,0.112291619181633,84.07511901855469,230.11627197265625,127.81999206542969,271.4327087402344
38SMB_00342_r1920_c1440,0,0.5488664507865906,7.23719596862793,165.9915771484375,56.852142333984375,216.526611328125
38SMB_00342_r1920_c1440,1,0.3800846040248871,208.60076904296875,277.17340087890625,265.57403564453125,320.0
38SMB_00342_r1920_c1440,2,0.3734682500362396,0.0,213.20281982421875,27.470603942871094,270.7393798828125
38SMB_00343_r1920_c1680,0,0.5612537860870361,219.46054077148438,4.033937454223633,283.14605712890625,66.58511352539062
38SMB_00343_r1920_c1680,1,0.33687910437583923,58.23246765136719,19.369667053222656,125.52932739257812,85.79443359375
38SMB_00343_r1920_c1680,2,0.3294338583946228,297.114501953125,9.100212097167969,320.0,60.30638122558594
38SMB_00343_r1920_c1680,3,0.27796173095703125,63.77049255371094,0.015789031982421875,125.32113647460938,24.5882511138916
38SMB_00343_r1920_c1680,4,0.1503077745437622,301.28204345703125,13.954822540283203,319.93438720703125,57.484066009521484
38SMB_00343_r1920_c1680,5,0.12749382853507996,0.08052444458007812,274.8983459472656,21.67740249633789,320.0
38SMB_00343_r1920_c1680,6,0.12479452043771744,128.6876678466797,103.83495330810547,182.7101287841797,157.0010986328125
38SMB_00343_r1920_c1680,7,0.11935284733772278,0.0,267.2554931640625,27.316070556640625,320.0
38SMB_00344_r1920_c1920,0,0.7036831378936768,57.94620132446289,7.211330413818359,110.75711059570312,60.6043815612793
38SMB_00344_r1920_c1920,1,0.6699490547180176,239.2978515625,11.46038818359375,291.0867919921875,65.25634765625
38SMB_00344_r1920_c1920,2,0.44774752855300903,0.0,3.9179534912109375,41.025630950927734,65.97457885742188
38SMB_00344_r1920_c1920,3,0.3878311514854431,184.3770294189453,49.723289489746094,231.6824493408203,96.77764129638672
38SMB_00344_r1920_c1920,4,0.2466287761926651,108.91939544677734,0.0,177.98635864257812,67.78534698486328
38SMB_00344_r1920_c1920,5,0.23919224739074707,199.400390625,8.620277404785156,251.097412109375,60.14244842529297
38SMB_00344_r1920_c1920,6,0.11250749975442886,253.0892333984375,77.83316040039062,303.3421630859375,124.47842407226562
38SMB_00344_r1920_c1920,7,0.10430015623569489,301.9822692871094,50.137672424316406,319.9518737792969,95.6668472290039
38SMB_00345_r1920_c2160,0,0.8011267781257629,205.64794921875,122.80645751953125,243.40142822265625,159.884765625
38SMB_00345_r1920_c2160,1,0.7407850027084351,150.44247436523438,172.11483764648438,218.18844604492188,240.57571411132812
38SMB_00345_r1920_c2160,2,0.6110396981239319,1.3377304077148438,10.507438659667969,50.92837905883789,64.57754516601562
38SMB_00345_r1920_c2160,3,0.5243920683860779,253.61102294921875,122.59860229492188,320.0,213.26528930664062
38SMB_00345_r1920_c2160,4,0.5242889523506165,118.37387084960938,104.5687026977539,205.02651977539062,192.46926879882812
38SMB_00345_r1920_c2160,5,0.380693256855011,190.35040283203125,301.825439453125,238.6729736328125,319.9954833984375
38SMB_00345_r1920_c2160,6,0.36630144715309143,60.581520080566406,43.707740783691406,125.72480010986328,108.99382781982422
38SMB_00345_r1920_c2160,7,0.17265109717845917,277.4964599609375,0.0,320.0,46.7955436706543
38SMB_00345_r1920_c2160,8,0.16679537296295166,306.8561096191406,299.81646728515625,319.9857482910156,320.0
38SMB_00345_r1920_c2160,9,0.13747432827949524,147.39151000976562,0.03986358642578125,231.6815185546875,41.774375915527344
38SMB_00345_r1920_c2160,10,0.13377921283245087,182.9237518310547,296.85772705078125,252.89369201660156,320.0
38SMB_00345_r1920_c2160,11,0.11989837139844894,0.04385662078857422,12.062950134277344,12.516280174255371,59.85466003417969
38SMB_00345_r1920_c2160,12,0.11137153208255768,13.562719345092773,78.41889953613281,62.53986358642578,123.00184631347656
38SMB_00345_r1920_c2160,13,0.1039559617638588,0.07082366943359375,0.762786865234375,10.09074592590332,65.61810302734375
38SMB_00346_r1920_c2400,0,0.6223377585411072,179.63589477539062,257.11761474609375,241.97915649414062,315.70257568359375
38SMB_00346_r1920_c2400,1,0.5180766582489014,64.63760375976562,291.25048828125,129.8649139404297,320.0
38SMB_00346_r1920_c2400,2,0.22608605027198792,100.54168701171875,133.49249267578125,149.74197387695312,185.63861083984375
38SMB_00346_r1920_c2400,3,0.22183150053024292,102.27044677734375,67.77863311767578,156.39907836914062,123.7216567993164
38SMB_00346_r1920_c2400,4,0.1795668751001358,37.69401550292969,0.0,90.29298400878906,48.08462905883789
38SMB_00346_r1920_c2400,5,0.13713295757770538,15.838966369628906,124.65863800048828,97.81019592285156,211.587158203125
38SMB_00346_r1920_c2400,6,0.103411965072155,215.81741333007812,15.521560668945312,298.8253479003906,103.89933776855469
38SMB_00347_r1920_c2640,0,0.24318262934684753,272.2471618652344,261.1856689453125,320.0,319.7471923828125
38SMB_00347_r1920_c2640,1,0.17946946620941162,250.60446166992188,104.05178833007812,294.4107971191406,149.04910278320312
38SMB_00347_r1920_c2640,2,0.13131631910800934,198.186279296875,0.0,268.1087646484375,51.32923126220703
38SMB_00347_r1920_c2640,3,0.11033700406551361,0.0,13.625564575195312,58.1316032409668,107.82488250732422
38SMB_00348_r1920_c2880,0,0.3648752272129059,33.239376068115234,258.74285888671875,116.16854858398438,319.96270751953125
38SMB_00348_r1920_c2880,1,0.19151395559310913,10.911247253417969,104.44586181640625,54.21068572998047,148.73898315429688
38SMB_00349_r1920_c3120,0,0.19497130811214447,300.70172119140625,215.47528076171875,319.94683837890625,291.6564025878906
38SMB_00349_r1920_c3120,1,0.14802685379981995,305.97601318359375,217.01431274414062,320.0,282.1438903808594
38SMB_00349_r1920_c3120,2,0.10874652862548828,292.8468017578125,206.83053588867188,319.95086669921875,297.1661682128906
38SMB_00350_r1920_c3360,0,0.3796173334121704,58.2641716003418,223.68157958984375,119.38087463378906,288.30859375
38SMB_00350_r1920_c3360,1,0.12675361335277557,93.5595703125,268.22711181640625,154.28265380859375,319.92730712890625
38SMB_00351_r1920_c3600,0,0.650947093963623,120.75712585449219,31.517112731933594,172.4944305419922,83.31689453125
38SMB_00351_r1920_c3600,1,0.423044890165329,171.05862426757812,4.190052032470703,233.61343383789062,63.00991439819336
38SMB_00351_r1920_c3600,2,0.1612263321876526,52.0130615234375,48.46688461303711,140.75538635253906,143.01742553710938
38SMB_00352_r1920_c3840,0,0.12489099055528641,250.16522216796875,0.0,320.0,64.15251159667969
38SMB_00353_r1920_c4080,0,0.17212848365306854,221.62442016601562,62.80506896972656,268.1849365234375,108.40480041503906
38SMB_00354_r1920_c4320,0,0.178529754281044,0.0,63.616294860839844,30.512977600097656,108.69794464111328
38SMB_00354_r1920_c4320,1,0.12717117369174957,41.50114440917969,0.0,147.77151489257812,89.35887145996094
38SMB_00354_r1920_c4320,2,0.1139453575015068,209.29095458984375,131.37322998046875,280.7366027832031,219.37515258789062
38SMB_00355_r1920_c4560,0,0.3430113196372986,176.64083862304688,84.34243774414062,242.55990600585938,154.35577392578125
38SMB_00355_r1920_c4560,1,0.25073161721229553,147.350341796875,0.0,246.38278198242188,82.49153137207031
38SMB_00355_r1920_c4560,2,0.14986252784729004,165.4275360107422,240.10687255859375,223.8440704345703,301.92132568359375
38SMB_00355_r1920_c4560,3,0.14281107485294342,0.0,124.27462005615234,44.16108322143555,227.60397338867188
38SMB_00356_r1920_c4800,0,0.11569476127624512,247.31942749023438,280.55706787109375,317.3572082519531,320.0
38SMB_00357_r1920_c5040,0,0.40381550788879395,237.49765014648438,263.97540283203125,319.3786315917969,319.97430419921875
38SMB_00357_r1920_c5040,1,0.14305506646633148,188.47299194335938,288.51715087890625,254.34515380859375,320.0
38SMB_00358_r1920_c5280,0,0.4527150094509125,1.5475692749023438,263.140380859375,80.23794555664062,319.8350830078125
38SMB_00360_r1920_c5760,0,0.1033160537481308,64.28819274902344,239.541748046875,120.18299865722656,300.2022705078125
38SMB_00361_r1920_c6000,0,0.245265394449234,286.95013427734375,155.14114379882812,320.0,230.89712524414062
38SMB_00361_r1920_c6000,1,0.12248430401086807,278.84954833984375,146.9761962890625,319.78033447265625,238.04766845703125
38SMB_00362_r1920_c6240,0,0.3727794289588928,43.144561767578125,158.857177734375,108.72608947753906,225.22607421875
38SMB_00364_r1920_c6720,0,0.1954067349433899,98.53094482421875,19.540939331054688,144.01837158203125,65.33445739746094
38SMB_00372_r1920_c8640,0,0.243568554520607,102.97206115722656,183.82797241210938,199.8751678466797,276.2046203613281
38SMB_00372_r1920_c8640,1,0.10133926570415497,144.56712341308594,177.2922821044922,176.03880310058594,208.2761993408203
38SMB_00378_r2160_c0,0,0.3701053261756897,160.46826171875,29.21889877319336,241.858154296875,104.66421508789062
38SMB_00378_r2160_c0,1,0.2639714777469635,11.031499862670898,78.03448486328125,61.76372528076172,125.247314453125
38SMB_00378_r2160_c0,2,0.2282569408416748,120.05976104736328,93.97125244140625,198.25634765625,164.84188842773438
38SMB_00378_r2160_c0,3,0.1617458313703537,237.04388427734375,50.895118713378906,294.2000732421875,106.42131805419922
38SMB_00378_r2160_c0,4,0.12973906099796295,21.181312561035156,303.77703857421875,83.96234893798828,319.92889404296875
38SMB_00378_r2160_c0,5,0.12477899342775345,0.6492767333984375,301.584228515625,81.49046325683594,319.92010498046875
38SMB_00379_r2160_c240,0,0.664981484413147,180.61148071289062,17.650596618652344,251.58401489257812,86.93473815917969
38SMB_00379_r2160_c240,1,0.19535622000694275,0.1464996337890625,48.54401397705078,54.792327880859375,106.90140533447266
38SMB_00379_r2160_c240,2,0.16723793745040894,224.79571533203125,189.50265502929688,320.0,299.5924377441406
38SMB_00379_r2160_c240,3,0.10570570826530457,191.01927185058594,25.75140380859375,249.39845275878906,83.54579162597656
38SMB_00380_r2160_c480,0,0.41453540325164795,52.96937561035156,35.73478317260742,135.23216247558594,108.69404602050781
38SMB_00380_r2160_c480,1,0.20952622592449188,0.0,190.87649536132812,84.14679718017578,302.97418212890625
38SMB_00380_r2160_c480,2,0.1169814020395279,0.41930389404296875,221.9441375732422,63.894187927246094,295.15289306640625
38SMB_00381_r2160_c720,0,0.8226633667945862,140.00001525878906,30.69762420654297,181.28953552246094,70.5820083618164
38SMB_00381_r2160_c720,1,0.6205055117607117,113.21183776855469,1.2239189147949219,170.97108459472656,54.72683334350586
38SMB_00381_r2160_c720,2,0.4519597589969635,164.75631713867188,158.941162109375,243.09591674804688,239.08590698242188
38SMB_00381_r2160_c720,3,0.3412509560585022,241.4830780029297,141.2389373779297,320.0,225.7635040283203
38SMB_00381_r2160_c720,4,0.3215717077255249,279.8784484863281,276.270751953125,320.0,320.0
38SMB_00381_r2160_c720,5,0.31556016206741333,162.00991821289062,292.8914794921875,210.17337036132812,320.0
38SMB_00381_r2160_c720,6,0.22740331292152405,62.5620002746582,83.27499389648438,160.3735809326172,181.02890014648438
38SMB_00381_r2160_c720,7,0.21974553167819977,73.48283386230469,269.40966796875,122.31416320800781,317.936767578125
38SMB_00381_r2160_c720,8,0.20231211185455322,108.30244445800781,298.73394775390625,153.4851531982422,319.57977294921875
38SMB_00381_r2160_c720,9,0.15405426919460297,232.45758056640625,147.83718872070312,260.1683654785156,175.32516479492188
38SMB_00381_r2160_c720,10,0.1278257817029953,218.50961303710938,227.34786987304688,279.0633544921875,285.2329406738281
38SMB_00381_r2160_c720,11,0.11065985262393951,102.0857925415039,295.6493835449219,163.16561889648438,320.0
38SMB_00382_r2160_c960,0,0.4270226061344147,40.680259704589844,277.2664794921875,95.71320343017578,320.0
38SMB_00382_r2160_c960,1,0.33855682611465454,128.79150390625,134.87704467773438,190.218017578125,200.01089477539062
38SMB_00382_r2160_c960,2,0.31016024947166443,5.877479553222656,143.000732421875,82.22618103027344,225.23348999023438
38SMB_00382_r2160_c960,3,0.24865850806236267,150.98487854003906,272.76666259765625,198.76414489746094,319.29205322265625
38SMB_00382_r2160_c960,4,0.15800674259662628,171.50497436523438,18.945289611816406,218.1416015625,65.37299346923828
38SMB_00382_r2160_c960,5,0.1107780709862709,163.35641479492188,279.3660583496094,195.56277465820312,314.4325256347656
38SMB_00383_r2160_c1200,0,0.721047043800354,105.39349365234375,57.94863510131836,158.96377563476562,111.25973510742188
38SMB_00383_r2160_c1200,1,0.4893583357334137,105.45440673828125,123.87811279296875,165.0654296875,179.2054443359375
38SMB_00383_r2160_c1200,2,0.3397672772407532,131.40118408203125,0.0,230.78146362304688,63.09967041015625
38SMB_00383_r2160_c1200,3,0.16459441184997559,167.50967407226562,291.46746826171875,206.89175415039062,320.0
38SMB_00383_r2160_c1200,4,0.1573236882686615,218.2371826171875,238.92385864257812,319.837646484375,320.0
38SMB_00384_r2160_c1440,0,0.6907650828361511,175.53768920898438,245.2804412841797,225.55368041992188,295.71063232421875
38SMB_00384_r2160_c1440,1,0.5134162902832031,236.28271484375,144.20468139648438,319.3218994140625,223.88656616210938
38SMB_00384_r2160_c1440,2,0.49085304141044617,209.70565795898438,39.19507598876953,261.2077941894531,93.44159698486328
38SMB_00384_r2160_c1440,3,0.34703385829925537,141.5057373046875,218.89794921875,195.18475341796875,269.78179931640625
38SMB_00384_r2160_c1440,4,0.2574579417705536,203.49026489257812,128.71511840820312,256.13128662109375,181.34896850585938
38SMB_00384_r2160_c1440,5,0.2265920490026474,0.0,239.86685180664062,87.13390350341797,319.8697204589844
38SMB_00384_r2160_c1440,6,0.10078687965869904,68.07247924804688,153.7294921875,121.56452941894531,205.20159912109375
38SMB_00385_r2160_c1680,0,0.5653660893440247,1.0576324462890625,144.47528076171875,78.83453369140625,221.2515869140625
38SMB_00385_r2160_c1680,1,0.13940124213695526,0.0,27.876853942871094,19.906339645385742,110.49776458740234
38SMB_00385_r2160_c1680,2,0.10040120035409927,310.77093505859375,78.7164077758789,320.0,109.0009994506836
38SMB_00386_r2160_c1920,0,0.27898573875427246,110.13127136230469,59.52201843261719,173.19395446777344,120.16650390625
38SMB_00386_r2160_c1920,1,0.18251244723796844,281.7059326171875,286.3521728515625,319.868408203125,319.939208984375
38SMB_00386_r2160_c1920,2,0.1793327033519745,65.78506469726562,74.64138793945312,118.26986694335938,129.9345703125
38SMB_00387_r2160_c2160,0,0.6178570985794067,188.38442993164062,60.645477294921875,238.12481689453125,111.73236083984375
38SMB_00387_r2160_c2160,1,0.31346428394317627,306.3756103515625,56.046905517578125,319.9580078125,93.96012878417969
38SMB_00387_r2160_c2160,2,0.31017524003982544,74.16123962402344,154.72186279296875,147.69882202148438,224.26385498046875
38SMB_00387_r2160_c2160,3,0.25214245915412903,124.82899475097656,64.70600891113281,215.8672332763672,153.82191467285156
38SMB_00387_r2160_c2160,4,0.19479498267173767,40.45942306518555,281.9041442871094,120.62693786621094,320.0
38SMB_00387_r2160_c2160,5,0.17781797051429749,197.836181640625,0.06320762634277344,258.54840087890625,31.809471130371094
38SMB_00387_r2160_c2160,6,0.10734149068593979,307.57464599609375,48.54596710205078,320.0,101.65862274169922
38SMB_00388_r2160_c2400,0,0.7786306142807007,114.43856811523438,261.80828857421875,164.1929931640625,312.75628662109375
38SMB_00388_r2160_c2400,1,0.7035253643989563,65.45599365234375,51.27315902709961,128.36758422851562,110.137451171875
38SMB_00388_r2160_c2400,2,0.6193452477455139,179.32763671875,16.2957763671875,242.11770629882812,76.22610473632812
38SMB_00388_r2160_c2400,3,0.16234980523586273,248.61318969726562,267.478271484375,295.4907531738281,312.930908203125
38SMB_00388_r2160_c2400,4,0.14251555502414703,272.75909423828125,0.047756195068359375,320.0,19.621932983398438
38SMB_00389_r2160_c2640,0,0.726966381072998,274.74310302734375,192.15762329101562,318.61224365234375,237.57528686523438
38SMB_00389_r2160_c2640,1,0.4431855082511902,212.639892578125,90.45193481445312,294.0167236328125,167.87197875976562
38SMB_00389_r2160_c2640,2,0.1849677711725235,8.608699798583984,267.8161926269531,55.350093841552734,312.6947326660156
38SMB_00389_r2160_c2640,3,0.16863441467285156,35.243370056152344,0.00580596923828125,85.37258911132812,16.63339614868164
38SMB_00389_r2160_c2640,4,0.1484133005142212,0.0,156.08425903320312,40.986473083496094,247.08816528320312
38SMB_00390_r2160_c2880,0,0.7149531245231628,34.309967041015625,192.36624145507812,79.20042419433594,237.76113891601562
38SMB_00390_r2160_c2880,1,0.22334809601306915,0.03324127197265625,95.61260986328125,52.763492584228516,171.259033203125
38SMB_00390_r2160_c2880,2,0.20727065205574036,31.056976318359375,19.250316619873047,118.06391906738281,109.01136779785156
38SMB_00390_r2160_c2880,3,0.16313715279102325,132.69151306152344,82.53742980957031,207.8782501220703,150.50428771972656
38SMB_00391_r2160_c3120,0,0.1441459059715271,303.95733642578125,0.1157073974609375,319.94244384765625,45.841041564941406
38SMB_00392_r2160_c3360,0,0.3856990933418274,59.826454162597656,0.0,115.51683807373047,48.15377426147461
38SMB_00392_r2160_c3360,1,0.2007960081100464,195.19683837890625,146.43405151367188,244.43560791015625,191.08029174804688
38SMB_00392_r2160_c3360,2,0.16510619223117828,243.2388916015625,133.45819091796875,296.202880859375,187.79931640625
38SMB_00392_r2160_c3360,3,0.11350107192993164,0.0,127.20902252197266,19.499530792236328,184.49136352539062
38SMB_00392_r2160_c3360,4,0.1007644534111023,98.08847045898438,30.70551300048828,151.01870727539062,83.17266845703125
38SMB_00393_r2160_c3600,0,0.24826303124427795,3.0808143615722656,134.73834228515625,56.21055221557617,186.60723876953125
38SMB_00393_r2160_c3600,1,0.1488969624042511,36.153411865234375,199.76589965820312,101.98635864257812,271.79425048828125
38SMB_00393_r2160_c3600,2,0.1068844422698021,0.0,151.05078125,13.42816162109375,219.49908447265625
38SMB_00395_r2160_c4080,0,0.16543371975421906,61.5303955078125,0.0,163.9886016845703,82.34649658203125
38SMB_00396_r2160_c4320,0,0.6047824025154114,124.58222198486328,252.33480834960938,180.2147216796875,309.2751770019531
38SMB_00396_r2160_c4320,1,0.41380569338798523,261.1735534667969,229.76068115234375,304.8648376464844,274.00006103515625
38SMB_00397_r2160_c4560,0,0.4441993236541748,21.06804656982422,229.59417724609375,64.88973999023438,274.07958984375
38SMB_00397_r2160_c4560,1,0.14196589589118958,165.358154296875,0.8863792419433594,224.86767578125,61.37276077270508
38SMB_00398_r2160_c4800,0,0.10619820654392242,103.39677429199219,51.47715759277344,226.50001525878906,171.68389892578125
38SMB_00399_r2160_c5040,0,0.1841701716184616,243.38705444335938,24.841323852539062,315.5140075683594,101.67730712890625
38SMB_00399_r2160_c5040,1,0.1455232948064804,131.12432861328125,281.0876159667969,221.23233032226562,319.8865051269531
38SMB_00400_r2160_c5280,0,0.2022860199213028,1.1793212890625,24.00133514404297,75.1640625,108.84453582763672
38SMB_00400_r2160_c5280,1,0.10976652055978775,195.98223876953125,188.60223388671875,253.37860107421875,256.56109619140625
38SMB_00402_r2160_c5760,0,0.11051684617996216,215.68621826171875,0.88653564453125,316.7169189453125,94.93556213378906
38SMB_00403_r2160_c6000,0,0.17561578750610352,277.3736572265625,168.85116577148438,319.7730712890625,230.81881713867188
38SMB_00404_r2160_c6240,0,0.22840271890163422,37.09014892578125,169.30343627929688,96.81903076171875,228.64987182617188
38SMB_00406_r2160_c6720,0,0.2153751701116562,300.0318908691406,274.8597106933594,319.8415222167969,303.6622619628906
38SMB_00406_r2160_c6720,1,0.11616825312376022,264.63043212890625,111.18161010742188,319.47186279296875,219.94815063476562
38SMB_00407_r2160_c6960,0,0.4132576882839203,101.36347198486328,254.45164489746094,167.25726318359375,319.0555419921875
38SMB_00407_r2160_c6960,1,0.24562020599842072,23.837158203125,117.51119995117188,139.93756103515625,235.3631591796875
38SMB_00407_r2160_c6960,2,0.13492076098918915,60.12075424194336,274.295166015625,87.84283447265625,302.15948486328125
38SMB_00415_r2160_c8880,0,0.2156098186969757,205.10595703125,201.45761108398438,315.02685546875,303.2425842285156
38SMB_00415_r2160_c8880,1,0.2122317999601364,273.870361328125,210.9318084716797,309.8099365234375,250.18824768066406
38SMB_00416_r2160_c9120,0,0.2356553077697754,34.54273986816406,211.23089599609375,69.05644989013672,249.7130126953125
38SMB_00420_r2400_c0,0,0.22094061970710754,32.352970123291016,57.083316802978516,141.56875610351562,149.17962646484375
38SMB_00421_r2400_c240,0,0.5753916501998901,139.42617797851562,262.122802734375,204.55264282226562,320.0
38SMB_00421_r2400_c240,1,0.35244837403297424,103.78555297851562,214.28070068359375,172.68646240234375,286.6509704589844
38SMB_00421_r2400_c240,2,0.17029201984405518,72.54493713378906,263.71368408203125,122.41282653808594,313.54571533203125
38SMB_00421_r2400_c240,3,0.11612888425588608,163.6710205078125,53.54046630859375,243.77658081054688,131.06265258789062
38SMB_00422_r2400_c480,0,0.5552570223808289,118.02133178710938,232.6138916015625,208.48541259765625,320.0
38SMB_00422_r2400_c480,1,0.22119441628456116,0.60211181640625,0.0,71.69026184082031,62.208160400390625
38SMB_00422_r2400_c480,2,0.19198855757713318,201.99404907226562,133.5181884765625,317.8630065917969,226.792236328125
38SMB_00422_r2400_c480,3,0.144498810172081,119.86468505859375,228.50271606445312,247.65658569335938,319.7904357910156
38SMB_00422_r2400_c480,4,0.12725616991519928,0.0,254.01393127441406,50.58317184448242,320.0
38SMB_00422_r2400_c480,5,0.11557556688785553,0.0,0.517730712890625,73.26025390625,94.67549133300781
38SMB_00422_r2400_c480,6,0.11115975677967072,126.52910614013672,245.19265747070312,199.56195068359375,318.4406433105469
38SMB_00423_r2400_c720,0,0.7600111365318298,102.38555908203125,98.336669921875,155.56179809570312,154.38583374023438
38SMB_00423_r2400_c720,1,0.46652933955192566,163.8187255859375,52.009368896484375,213.05770874023438,99.231201171875
38SMB_00423_r2400_c720,2,0.3072730600833893,127.70865631103516,153.43927001953125,226.70223999023438,237.46759033203125
38SMB_00423_r2400_c720,3,0.2746710181236267,0.6197929382324219,252.96055603027344,62.70598220825195,320.0
38SMB_00423_r2400_c720,4,0.23630602657794952,72.35418701171875,28.970609664916992,122.90451049804688,80.29598999023438
38SMB_00423_r2400_c720,5,0.184538796544075,279.7760009765625,36.813907623291016,320.0,103.6441650390625
38SMB_00423_r2400_c720,6,0.16235972940921783,0.0,271.2147216796875,59.72723388671875,319.999267578125
38SMB_00423_r2400_c720,7,0.14546354115009308,0.25254058837890625,142.41033935546875,84.09193420410156,221.27618408203125
38SMB_00423_r2400_c720,8,0.12977395951747894,278.66143798828125,274.7969055175781,314.96881103515625,309.3127136230469
38SMB_00423_r2400_c720,9,0.11938057094812393,149.49093627929688,162.11598205566406,228.07742309570312,230.05079650878906
38SMB_00423_r2400_c720,10,0.11827849596738815,88.09317016601562,57.16142272949219,154.07766723632812,118.00764465332031
38SMB_00424_r2400_c960,0,0.4228973090648651,42.350196838378906,38.316768646240234,94.93709564208984,102.88070678710938
38SMB_00424_r2400_c960,1,0.2546809911727905,152.4947509765625,33.03240203857422,198.735107421875,80.21882629394531
38SMB_00424_r2400_c960,2,0.13804559409618378,163.36508178710938,39.274818420410156,195.33883666992188,72.96477508544922
38SMB_00424_r2400_c960,3,0.1314217746257782,39.77753448486328,275.289306640625,73.90143585205078,307.9644775390625
38SMB_00424_r2400_c960,4,0.1044563502073288,270.8087158203125,272.3716735839844,319.92633056640625,319.9530334472656
38SMB_00425_r2400_c1200,0,0.27732542157173157,167.70834350585938,51.32395935058594,205.41452026367188,88.40817260742188
38SMB_00425_r2400_c1200,1,0.2007381170988083,204.09722900390625,0.33501434326171875,320.0,116.17544555664062
38SMB_00425_r2400_c1200,2,0.15210971236228943,176.18450927734375,117.34669494628906,224.6195068359375,164.1736297607422
38SMB_00425_r2400_c1200,3,0.14626137912273407,295.3404541015625,262.15435791015625,319.97467041015625,320.0
38SMB_00425_r2400_c1200,4,0.1051657497882843,179.01275634765625,298.1044921875,235.14892578125,319.9951171875
38SMB_00426_r2400_c1440,0,0.7109248638153076,175.503662109375,5.44256591796875,225.64788818359375,55.89891052246094
38SMB_00426_r2400_c1440,1,0.40058380365371704,211.53805541992188,162.98928833007812,295.90460205078125,247.32733154296875
38SMB_00426_r2400_c1440,2,0.31537148356437683,140.997314453125,0.04691886901855469,194.21942138671875,30.266992568969727
38SMB_00426_r2400_c1440,3,0.19899305701255798,0.755889892578125,0.357666015625,87.70881652832031,109.67694091796875
38SMB_00426_r2400_c1440,4,0.11699812114238739,53.55087661743164,242.72564697265625,152.69808959960938,320.0
38SMB_00427_r2400_c1680,0,0.6731118559837341,155.4075164794922,147.2784423828125,198.8270721435547,187.072998046875
38SMB_00427_r2400_c1680,1,0.6313043236732483,161.42518615722656,92.6119384765625,232.9387664794922,159.8525390625
38SMB_00427_r2400_c1680,2,0.5875889658927917,218.57452392578125,141.18313598632812,287.14471435546875,206.90908813476562
38SMB_00427_r2400_c1680,3,0.45176947116851807,210.571533203125,252.57275390625,253.5274658203125,296.1951904296875
38SMB_00427_r2400_c1680,4,0.44096043705940247,297.27783203125,98.03433227539062,319.92352294921875,154.90997314453125
38SMB_00427_r2400_c1680,5,0.25658050179481506,294.219970703125,89.13581848144531,320.0,161.24937438964844
38SMB_00427_r2400_c1680,6,0.23762007057666779,0.006511688232421875,162.13162231445312,54.51579284667969,247.72952270507812
38SMB_00427_r2400_c1680,7,0.22606635093688965,302.05706787109375,104.00469970703125,319.95977783203125,150.82489013671875
38SMB_00427_r2400_c1680,8,0.14288878440856934,192.82339477539062,0.0,237.20785522460938,12.556594848632812
38SMB_00427_r2400_c1680,9,0.10676142573356628,91.31037902832031,310.9073791503906,128.04962158203125,320.0
38SMB_00428_r2400_c1920,0,0.6368687152862549,59.000675201416016,104.25848388671875,117.60824584960938,163.64382934570312
38SMB_00428_r2400_c1920,1,0.5642492771148682,0.061656951904296875,137.0538787841797,47.17753601074219,207.23341369628906
38SMB_00428_r2400_c1920,2,0.4745158553123474,305.7536926269531,228.39871215820312,320.0,268.91412353515625
38SMB_00428_r2400_c1920,3,0.46309906244277954,59.59629440307617,105.48694610595703,109.66587829589844,152.770263671875
38SMB_00428_r2400_c1920,4,0.20457381010055542,285.4864501953125,45.360416412353516,319.9820556640625,110.88839721679688
38SMB_00428_r2400_c1920,5,0.19022876024246216,0.0,245.71368408203125,13.663734436035156,297.72039794921875
38SMB_00428_r2400_c1920,6,0.18800857663154602,85.88008117675781,133.25201416015625,111.52003479003906,159.36578369140625
38SMB_00428_r2400_c1920,7,0.1235513985157013,277.27728271484375,33.842926025390625,320.0,116.88002014160156
38SMB_00428_r2400_c1920,8,0.11243672668933868,0.05686378479003906,238.14015197753906,17.49959945678711,300.50537109375
38SMB_00428_r2400_c1920,9,0.11155849695205688,0.0,250.1440887451172,11.465230941772461,293.06829833984375
38SMB_00429_r2400_c2160,0,0.6342265009880066,64.64055633544922,223.21746826171875,112.05329132080078,269.0841064453125
38SMB_00429_r2400_c2160,1,0.5811356902122498,45.94771957397461,41.282257080078125,123.47164916992188,119.48295593261719
38SMB_00429_r2400_c2160,2,0.2764810025691986,166.64682006835938,251.00552368164062,232.52169799804688,317.7464904785156
38SMB_00429_r2400_c2160,3,0.18994349241256714,141.1214599609375,272.13543701171875,182.82354736328125,316.68878173828125
38SMB_00429_r2400_c2160,4,0.12077240645885468,26.778213500976562,17.696247100830078,136.42111206054688,126.77079772949219
38SMB_00429_r2400_c2160,5,0.10091565549373627,140.87582397460938,248.5656280517578,244.54425048828125,319.99713134765625
38SMB_00430_r2400_c2400,0,0.7650193572044373,114.60577392578125,21.628755569458008,163.91387939453125,72.58821105957031
38SMB_00430_r2400_c2400,1,0.7112299799919128,231.02899169921875,261.2384948730469,288.34698486328125,319.3913879394531
38SMB_00430_r2400_c2400,2,0.47215214371681213,189.0780029296875,147.39263916015625,248.89031982421875,203.77532958984375
38SMB_00430_r2400_c2400,3,0.3021528422832489,248.12060546875,85.33840942382812,296.39202880859375,136.97897338867188
38SMB_00430_r2400_c2400,4,0.15905942022800446,248.6055908203125,25.98944091796875,295.262939453125,73.84242248535156
38SMB_00430_r2400_c2400,5,0.14571230113506317,273.75311279296875,0.007373809814453125,319.7747802734375,39.42888641357422
38SMB_00431_r2400_c2640,0,0.6770503520965576,0.0,261.5149841308594,47.8416633605957,318.3702697753906
38SMB_00431_r2400_c2640,1,0.6200726628303528,258.47528076171875,164.02694702148438,301.7742919921875,205.51828002929688
38SMB_00431_r2400_c2640,2,0.3748161792755127,236.59942626953125,238.51927185058594,279.10107421875,283.379150390625
38SMB_00431_r2400_c2640,3,0.36940568685531616,230.19598388671875,193.45993041992188,299.5191650390625,257.6897888183594
38SMB_00431_r2400_c2640,4,0.3292679786682129,123.42356872558594,81.35958862304688,224.8580780029297,173.29989624023438
38SMB_00431_r2400_c2640,5,0.29799097776412964,8.155181884765625,84.79873657226562,55.52677536010742,138.41253662109375
38SMB_00431_r2400_c2640,6,0.18323931097984314,8.894195556640625,28.022796630859375,54.94401168823242,71.84429931640625
38SMB_00431_r2400_c2640,7,0.11279254406690598,222.52639770507812,194.28924560546875,305.9245300292969,286.7100830078125
38SMB_00431_r2400_c2640,8,0.10988017916679382,136.21734619140625,270.2396240234375,183.438720703125,316.20556640625
38SMB_00431_r2400_c2640,9,0.10474495589733124,35.67182922363281,0.0,92.64509582519531,36.557411193847656
38SMB_00432_r2400_c2880,0,0.6981304287910461,164.71414184570312,251.4193115234375,228.40524291992188,316.2498779296875
38SMB_00432_r2400_c2880,1,0.658592939376831,247.19741821289062,146.06004333496094,294.1737976074219,190.3078155517578
38SMB_00432_r2400_c2880,2,0.5980671048164368,18.290729522705078,163.49151611328125,62.35470199584961,205.85675048828125
38SMB_00432_r2400_c2880,3,0.5660527348518372,126.41399383544922,191.04428100585938,186.32965087890625,251.44656372070312
38SMB_00432_r2400_c2880,4,0.47854310274124146,0.0,238.1579132080078,40.41525650024414,285.10589599609375
38SMB_00432_r2400_c2880,5,0.28381994366645813,0.1493072509765625,192.80844116210938,60.0540771484375,258.3110046386719
38SMB_00432_r2400_c2880,6,0.17978285253047943,204.96588134765625,299.2771301269531,250.33795166015625,319.9773864746094
38SMB_00432_r2400_c2880,7,0.17454001307487488,0.09558868408203125,195.29803466796875,66.66912841796875,288.9607238769531
38SMB_00432_r2400_c2880,8,0.1474708765745163,207.36074829101562,299.8863525390625,241.3680419921875,318.589599609375
38SMB_00432_r2400_c2880,9,0.12695299088954926,0.024929046630859375,69.35430908203125,43.31169891357422,132.64935302734375
38SMB_00433_r2400_c3120,0,0.655298113822937,7.325778961181641,146.11361694335938,54.111358642578125,190.22793579101562
38SMB_00434_r2400_c3360,0,0.27500325441360474,233.74356079101562,178.294189453125,315.2412414550781,252.0120849609375
38SMB_00435_r2400_c3600,0,0.3549030125141144,0.424163818359375,179.13409423828125,74.98233795166016,252.66680908203125
38SMB_00437_r2400_c4080,0,0.34156081080436707,247.529052734375,228.14352416992188,299.9593505859375,283.4494323730469
38SMB_00437_r2400_c4080,1,0.2202620953321457,185.32647705078125,199.87844848632812,256.5271301269531,266.5798034667969
38SMB_00437_r2400_c4080,2,0.13906995952129364,260.5224914550781,309.9853210449219,305.6683654785156,319.8492736816406
38SMB_00438_r2400_c4320,0,0.6408236622810364,139.15765380859375,162.98001098632812,222.0489501953125,241.16189575195312
38SMB_00438_r2400_c4320,1,0.635310173034668,124.73788452148438,12.731260299682617,179.90948486328125,68.81892395019531
38SMB_00438_r2400_c4320,2,0.5879892706871033,262.4224853515625,0.0,303.9017333984375,33.04119873046875
38SMB_00438_r2400_c4320,3,0.34147676825523376,8.288108825683594,228.55838012695312,60.00935363769531,283.2215270996094
38SMB_00438_r2400_c4320,4,0.19794075191020966,76.96424865722656,258.0498046875,132.89515686035156,312.71337890625
38SMB_00438_r2400_c4320,5,0.17890922725200653,212.28160095214844,185.1014404296875,319.91064453125,320.0
38SMB_00438_r2400_c4320,6,0.14960452914237976,0.02415943145751953,202.32022094726562,14.812329292297363,257.6833190917969
38SMB_00438_r2400_c4320,7,0.1156499907374382,236.4122314453125,181.39938354492188,319.57958984375,313.6954345703125
38SMB_00438_r2400_c4320,8,0.11531371623277664,0.0,209.76318359375,18.672176361083984,254.30535888671875
38SMB_00438_r2400_c4320,9,0.10681962966918945,23.983154296875,310.7161865234375,60.423439025878906,319.87091064453125
38SMB_00438_r2400_c4320,10,0.10062804073095322,0.6892261505126953,231.0437469482422,20.343732833862305,253.3090362548828
38SMB_00439_r2400_c4560,0,0.6048056483268738,22.035797119140625,0.0,64.04901885986328,33.589500427246094
38SMB_00439_r2400_c4560,1,0.2529899477958679,95.09809875488281,144.20892333984375,171.82118225097656,220.72222900390625
38SMB_00439_r2400_c4560,2,0.24090710282325745,220.68557739257812,137.71975708007812,293.4231872558594,211.96029663085938
38SMB_00440_r2400_c4800,0,0.375029593706131,256.83984375,229.1397705078125,320.0,319.6282958984375
38SMB_00440_r2400_c4800,1,0.2732120752334595,278.98992919921875,170.01303100585938,319.74053955078125,260.5867004394531
38SMB_00440_r2400_c4800,2,0.26437756419181824,0.0065155029296875,131.37823486328125,54.46651840209961,216.57131958007812
38SMB_00440_r2400_c4800,3,0.11419852823019028,224.78948974609375,265.34454345703125,275.3089599609375,314.61395263671875
38SMB_00440_r2400_c4800,4,0.11397245526313782,0.0,142.7118682861328,48.0859375,207.71022033691406
38SMB_00441_r2400_c5040,0,0.3591015934944153,20.471908569335938,232.79994201660156,107.14320373535156,312.858154296875
38SMB_00441_r2400_c5040,1,0.17690519988536835,40.29609680175781,158.11474609375,182.83688354492188,298.918701171875
38SMB_00441_r2400_c5040,2,0.163474902510643,0.00091552734375,261.50067138671875,34.64143371582031,319.40509033203125
38SMB_00441_r2400_c5040,3,0.13400177657604218,18.594894409179688,146.22958374023438,190.6944122314453,320.0
38SMB_00441_r2400_c5040,4,0.12702295184135437,17.735210418701172,203.0457763671875,122.18043518066406,315.49224853515625
38SMB_00443_r2400_c5520,0,0.10422462970018387,203.84860229492188,0.04543495178222656,255.81448364257812,28.739978790283203
38SMB_00444_r2400_c5760,0,0.20641787350177765,147.25039672851562,116.00216674804688,220.93917846679688,192.10992431640625
38SMB_00445_r2400_c6000,0,0.1618371456861496,181.61480712890625,83.2352294921875,224.0885009765625,127.45021057128906
38SMB_00448_r2400_c6720,0,0.2197064310312271,300.7991943359375,35.070762634277344,319.791259765625,63.188819885253906
38SMB_00449_r2400_c6960,0,0.4180854260921478,100.8882064819336,14.605697631835938,166.88284301757812,83.92262268066406
38SMB_00449_r2400_c6960,1,0.14769545197486877,60.14727783203125,34.32617950439453,87.99981689453125,62.25908660888672
38SMB_00457_r2400_c8880,0,0.8584433794021606,260.53619384765625,85.25090026855469,301.86260986328125,127.21186828613281
38SMB_00458_r2400_c9120,0,0.8563521504402161,20.478431701660156,85.23448181152344,61.88477325439453,127.20988464355469
38SMB_00460_r2400_c9600,0,0.3938535749912262,76.83856201171875,288.15704345703125,136.4786834716797,320.0
38SMB_00460_r2400_c9600,1,0.1988799273967743,107.71731567382812,148.3885498046875,164.97848510742188,208.469970703125
38SMB_00460_r2400_c9600,2,0.1955702304840088,111.07027435302734,153.4021759033203,159.80612182617188,201.87599182128906
38SMB_00461_r2400_c9680,0,0.43947622179985046,1.3043441772460938,287.65966796875,55.906837463378906,320.0
38SMB_00461_r2400_c9680,1,0.1986825317144394,27.674880981445312,148.34814453125,85.01603698730469,208.5262451171875
38SMB_00461_r2400_c9680,2,0.19661280512809753,30.926246643066406,153.2991943359375,79.88624572753906,201.93695068359375
38SMB_00462_r2640_c0,0,0.5329607129096985,288.0361022949219,153.45980834960938,320.0,242.37844848632812
38SMB_00462_r2640_c0,1,0.2042304426431656,293.62347412109375,160.28317260742188,320.0,233.98880004882812
38SMB_00462_r2640_c0,2,0.19756002724170685,0.1962890625,301.96087646484375,50.53901290893555,319.94195556640625
38SMB_00462_r2640_c0,3,0.12928873300552368,280.98907470703125,146.8831787109375,320.0,259.35858154296875
38SMB_00463_r2640_c240,0,0.5150095224380493,45.28411865234375,157.90301513671875,124.50343322753906,240.384521484375
38SMB_00463_r2640_c240,1,0.4844001829624176,139.7593231201172,21.850929260253906,204.4820098876953,87.43299865722656
38SMB_00463_r2640_c240,2,0.2381204217672348,106.813232421875,0.044677734375,168.17416381835938,45.610015869140625
38SMB_00463_r2640_c240,3,0.23235487937927246,241.265625,231.98077392578125,320.0,319.610595703125
38SMB_00463_r2640_c240,4,0.20046931505203247,99.66172790527344,234.2576904296875,145.59274291992188,279.49981689453125
38SMB_00463_r2640_c240,5,0.1779755800962448,72.81935119628906,23.621932983398438,122.35517883300781,72.62914276123047
38SMB_00463_r2640_c240,6,0.10789132118225098,232.43045043945312,109.24713134765625,319.7021179199219,232.33450317382812
38SMB_00463_r2640_c240,7,0.10022583603858948,224.54978942871094,16.228294372558594,290.9185791015625,89.3329849243164
38SMB_00464_r2640_c480,0,0.5980412364006042,115.63536834716797,0.0,210.13818359375,86.18836975097656
38SMB_00464_r2640_c480,1,0.4065384268760681,282.79425048828125,94.5975341796875,320.0,153.43499755859375
38SMB_00464_r2640_c480,2,0.23322728276252747,0.0,235.4088592529297,113.88252258300781,319.34490966796875
38SMB_00464_r2640_c480,3,0.18741688132286072,118.65343475341797,0.0,253.78509521484375,91.97402954101562
38SMB_00464_r2640_c480,4,0.15447662770748138,0.0,9.167198181152344,52.05575180053711,94.14494323730469
38SMB_00464_r2640_c480,5,0.15398550033569336,0.0,113.58402252197266,98.64039611816406,230.54415893554688
38SMB_00464_r2640_c480,6,0.119345523416996,111.05713653564453,0.0,277.45263671875,104.76954650878906
38SMB_00465_r2640_c720,0,0.684323251247406,42.31330490112305,95.94635009765625,106.53242492675781,156.9950714111328
38SMB_00465_r2640_c720,1,0.6476139426231384,211.86581420898438,273.69110107421875,263.29986572265625,320.0
38SMB_00465_r2640_c720,2,0.27167436480522156,152.33181762695312,158.12271118164062,234.30099487304688,237.68917846679688
38SMB_00465_r2640_c720,3,0.24483977258205414,168.18899536132812,93.62260437011719,203.95657348632812,129.1676025390625
38SMB_00465_r2640_c720,4,0.13959671556949615,278.567626953125,34.7645263671875,315.02685546875,68.83091735839844
38SMB_00465_r2640_c720,5,0.13849592208862305,0.49976348876953125,17.11609649658203,65.9853515625,114.15055084228516
38SMB_00465_r2640_c720,6,0.12301790714263916,276.4850769042969,165.5624542236328,320.0,217.83534240722656
38SMB_00465_r2640_c720,7,0.11947192996740341,0.5699615478515625,253.78086853027344,105.45677185058594,319.793212890625
38SMB_00465_r2640_c720,8,0.10704705119132996,80.61421203613281,290.863525390625,100.75315856933594,310.298828125
38SMB_00465_r2640_c720,9,0.10312969982624054,100.80770874023438,129.14321899414062,143.02850341796875,170.94073486328125
38SMB_00466_r2640_c960,0,0.3897840082645416,0.07070541381835938,273.6600341796875,23.862842559814453,319.89794921875
38SMB_00466_r2640_c960,1,0.33218830823898315,133.20663452148438,121.61900329589844,188.3382568359375,179.75001525878906
38SMB_00466_r2640_c960,2,0.17187939584255219,148.81610107421875,0.046234130859375,195.81976318359375,33.13173294067383
38SMB_00466_r2640_c960,3,0.1607854813337326,37.02265167236328,165.9657440185547,89.42242431640625,217.9225311279297
38SMB_00466_r2640_c960,4,0.14683325588703156,39.089141845703125,34.83937072753906,74.35147857666016,68.34223937988281
38SMB_00467_r2640_c1200,0,0.418565571308136,83.49784851074219,109.396240234375,137.26402282714844,167.46310424804688
38SMB_00467_r2640_c1200,1,0.19409242272377014,292.94281005859375,19.761192321777344,320.0,90.23596954345703
38SMB_00467_r2640_c1200,2,0.18413427472114563,263.4964294433594,270.69476318359375,320.0,320.0
38SMB_00467_r2640_c1200,3,0.17143000662326813,170.8486328125,60.950069427490234,236.21478271484375,124.38641357421875
38SMB_00467_r2640_c1200,4,0.1332823485136032,124.25377655029297,122.13369750976562,163.2598876953125,164.2203369140625
38SMB_00467_r2640_c1200,5,0.10285715013742447,160.79541015625,55.59249496459961,242.72869873046875,129.6298828125
38SMB_00467_r2640_c1200,6,0.10036588460206985,167.07577514648438,93.3060531616211,183.41464233398438,113.0481185913086
38SMB_00468_r2640_c1440,0,0.4737668037414551,280.654541015625,157.21441650390625,314.08660888671875,190.18670654296875
38SMB_00468_r2640_c1440,1,0.11594473570585251,53.455230712890625,5.624176025390625,147.36964416503906,92.53384399414062
38SMB_00468_r2640_c1440,2,0.10034375637769699,54.8643798828125,12.05712890625,129.50843811035156,84.4657974243164
38SMB_00469_r2640_c1680,0,0.5342739224433899,249.20309448242188,299.58935546875,292.6580505371094,319.991943359375
38SMB_00469_r2640_c1680,1,0.5026540756225586,40.77308654785156,157.19808959960938,73.90445709228516,189.96902465820312
38SMB_00469_r2640_c1680,2,0.35456573963165283,211.1396484375,13.274906158447266,253.25201416015625,55.45022964477539
38SMB_00469_r2640_c1680,3,0.18157562613487244,111.0302734375,0.0,214.51962280273438,91.92512512207031
38SMB_00469_r2640_c1680,4,0.12325127422809601,218.620361328125,219.43450927734375,261.69683837890625,262.17303466796875
38SMB_00470_r2640_c1920,0,0.5802869200706482,242.15380859375,215.97564697265625,298.48016357421875,272.9544982910156
38SMB_00470_r2640_c1920,1,0.500900387763977,9.979026794433594,300.15179443359375,51.869041442871094,320.0
38SMB_00470_r2640_c1920,2,0.4158919155597687,204.79537963867188,166.48220825195312,259.0959167480469,219.06680297851562
38SMB_00470_r2640_c1920,3,0.38272660970687866,307.17755126953125,0.07135963439941406,320.0,26.499263763427734
38SMB_00470_r2640_c1920,4,0.37614184617996216,289.336181640625,179.9771728515625,320.0,243.825927734375
38SMB_00470_r2640_c1920,5,0.21045444905757904,0.132537841796875,218.007080078125,21.415019989013672,256.8564758300781
38SMB_00470_r2640_c1920,6,0.18033772706985474,0.00251007080078125,5.3989715576171875,13.93893051147461,57.18250274658203
38SMB_00470_r2640_c1920,7,0.12766626477241516,306.76739501953125,0.0,319.99725341796875,34.19443130493164
38SMB_00470_r2640_c1920,8,0.11676007509231567,0.0,11.275793075561523,11.21841049194336,52.744529724121094
38SMB_00471_r2640_c2160,0,0.6512054204940796,1.20294189453125,214.63748168945312,59.54718017578125,273.1192932128906
38SMB_00471_r2640_c2160,1,0.6454030275344849,47.69886779785156,179.73239135742188,115.44325256347656,244.68185424804688
38SMB_00471_r2640_c2160,2,0.598309338092804,167.74102783203125,263.19232177734375,219.01275634765625,315.79119873046875
38SMB_00471_r2640_c2160,3,0.5910221338272095,248.27603149414062,199.45753479003906,295.2348937988281,247.6786651611328
38SMB_00471_r2640_c2160,4,0.4704027771949768,65.17959594726562,0.0,112.38568115234375,28.493803024291992
38SMB_00471_r2640_c2160,5,0.258259117603302,167.52420043945312,11.991989135742188,231.76596069335938,77.60542297363281
38SMB_00471_r2640_c2160,6,0.1824319213628769,141.3419647216797,32.599571228027344,182.2213592529297,76.7411880493164
38SMB_00471_r2640_c2160,7,0.1299075037240982,0.015996932983398438,160.87939453125,22.069740295410156,222.93014526367188
38SMB_00471_r2640_c2160,8,0.11443973332643509,0.04645729064941406,174.86444091796875,18.95291519165039,216.21826171875
38SMB_00472_r2640_c2400,0,0.7530917525291443,95.44367980957031,217.8341064453125,161.1630401611328,282.5685119628906
38SMB_00472_r2640_c2400,1,0.7051306962966919,230.92465209960938,21.265289306640625,288.6286315917969,80.55249786376953
38SMB_00472_r2640_c2400,2,0.6325501203536987,288.00439453125,157.96981811523438,320.0,216.47744750976562
38SMB_00472_r2640_c2400,3,0.5928621292114258,8.623687744140625,199.54977416992188,55.45044708251953,247.70175170898438
38SMB_00472_r2640_c2400,4,0.18784105777740479,183.30307006835938,226.25833129882812,233.74752807617188,275.4123840332031
38SMB_00473_r2640_c2640,0,0.7919591069221497,48.72724914550781,157.35195922851562,99.95979309082031,209.67596435546875
38SMB_00473_r2640_c2640,1,0.6456781029701233,0.037708282470703125,21.476730346679688,48.258724212646484,80.21778869628906
38SMB_00473_r2640_c2640,2,0.3356276750564575,213.99887084960938,0.0,289.7752380371094,46.96934127807617
38SMB_00473_r2640_c2640,3,0.24024762213230133,226.54464721679688,0.24166488647460938,283.2325134277344,44.021827697753906
38SMB_00474_r2640_c2880,0,0.6560566425323486,165.06134033203125,12.210624694824219,228.084716796875,76.30073547363281
38SMB_00474_r2640_c2880,1,0.3517317473888397,0.0,0.0,45.65971755981445,45.67329406738281
38SMB_00474_r2640_c2880,2,0.17005404829978943,207.19985961914062,59.81689453125,249.92666625976562,102.00312805175781
38SMB_00475_r2640_c3120,0,0.733169674873352,258.5001220703125,95.07621765136719,312.9591064453125,150.8367462158203
38SMB_00475_r2640_c3120,1,0.3062587082386017,158.3843231201172,121.50982666015625,212.3018341064453,175.11801147460938
38SMB_00476_r2640_c3360,0,0.7503809928894043,18.65387725830078,95.09744262695312,72.78187561035156,150.74981689453125
38SMB_00476_r2640_c3360,1,0.2703542411327362,182.20941162109375,49.757102966308594,252.43157958984375,115.9145736694336
38SMB_00477_r2640_c3600,0,0.6158056259155273,243.58909606933594,216.8004150390625,319.849609375,291.663818359375
38SMB_00478_r2640_c3840,0,0.5268891453742981,6.1827239990234375,217.7255859375,87.38456726074219,290.237060546875
38SMB_00478_r2640_c3840,1,0.2136254906654358,284.8165283203125,207.15609741210938,320.0,291.6683654785156
38SMB_00478_r2640_c3840,2,0.12682360410690308,290.6005859375,208.30722045898438,319.9971923828125,277.5818176269531
38SMB_00478_r2640_c3840,3,0.11304688453674316,133.53765869140625,214.08828735351562,197.573974609375,277.2655334472656
38SMB_00479_r2640_c4080,0,0.26690590381622314,247.30706787109375,0.0,301.83648681640625,43.92959976196289
38SMB_00479_r2640_c4080,1,0.20861314237117767,200.48544311523438,207.3548583984375,310.5481262207031,319.44140625
38SMB_00479_r2640_c4080,2,0.1981758326292038,91.55404663085938,190.25181579589844,137.7381591796875,235.7670440673828
38SMB_00479_r2640_c4080,3,0.15855205059051514,51.01262283325195,210.5252685546875,105.62968444824219,267.640380859375
38SMB_00480_r2640_c4320,0,0.2638055086135864,7.592262268066406,0.0,62.29566955566406,43.954227447509766
38SMB_00480_r2640_c4320,1,0.21697191894054413,77.26339721679688,18.25897979736328,132.2317657470703,68.07887268066406
38SMB_00480_r2640_c4320,2,0.19253623485565186,0.0,208.21722412109375,67.73013305664062,319.51361083984375
38SMB_00480_r2640_c4320,3,0.18519575893878937,222.71823120117188,0.16785430908203125,319.6498718261719,83.65579986572266
38SMB_00480_r2640_c4320,4,0.14465266466140747,0.0,62.6383056640625,81.71620178222656,148.7943878173828
38SMB_00481_r2640_c4560,0,0.7100737690925598,248.51986694335938,254.25241088867188,299.5751647949219,306.3695373535156
38SMB_00481_r2640_c4560,1,0.2670471966266632,296.62799072265625,204.71298217773438,319.96063232421875,266.4100646972656
38SMB_00481_r2640_c4560,2,0.21723000705242157,175.31106567382812,237.13604736328125,277.3123779296875,319.6522216796875
38SMB_00481_r2640_c4560,3,0.17993125319480896,300.71246337890625,207.9044189453125,319.96539306640625,259.154052734375
38SMB_00481_r2640_c4560,4,0.15565729141235352,290.7520751953125,200.91958618164062,319.92633056640625,274.9212951660156
38SMB_00481_r2640_c4560,5,0.1540970355272293,144.5272216796875,234.4890594482422,286.9011535644531,319.12445068359375
38SMB_00481_r2640_c4560,6,0.13418488204479218,165.6953125,228.72999572753906,311.89141845703125,320.0
38SMB_00482_r2640_c4800,0,0.706009566783905,10.149444580078125,254.70285034179688,59.20428466796875,305.7272033691406
38SMB_00482_r2640_c4800,1,0.5102777481079102,258.05584716796875,0.0,320.0,76.08602905273438
38SMB_00482_r2640_c4800,2,0.39409881830215454,120.65668487548828,293.5706787109375,174.53558349609375,320.0
38SMB_00482_r2640_c4800,3,0.20853319764137268,0.0,227.63702392578125,17.698997497558594,304.4344482421875
38SMB_00482_r2640_c4800,4,0.16647805273532867,0.025648117065429688,230.31341552734375,14.095806121826172,296.809814453125
38SMB_00482_r2640_c4800,5,0.16177357733249664,275.62408447265625,225.68112182617188,320.0,313.9105529785156
38SMB_00482_r2640_c4800,6,0.11722686141729355,225.47738647460938,25.492340087890625,275.1298522949219,74.35722351074219
38SMB_00482_r2640_c4800,7,0.10102489590644836,0.007258415222167969,256.35577392578125,14.693079948425293,304.39630126953125
38SMB_00483_r2640_c5040,0,0.33272188901901245,23.527847290039062,0.0,107.97062683105469,64.22148132324219
38SMB_00483_r2640_c5040,1,0.2044806331396103,20.570770263671875,0.16900634765625,147.62725830078125,71.74679565429688
38SMB_00483_r2640_c5040,2,0.14065270125865936,36.43585205078125,205.34719848632812,169.59188842773438,319.7505187988281
38SMB_00483_r2640_c5040,3,0.13442166149616241,241.71685791015625,295.50494384765625,312.65692138671875,319.99566650390625
38SMB_00484_r2640_c5280,0,0.1576380580663681,0.0,290.8874206542969,74.2419204711914,320.0
38SMB_00484_r2640_c5280,1,0.10229936987161636,0.011698722839355469,199.88839721679688,10.1168794631958,268.1683654785156
38SMB_00485_r2640_c5520,0,0.5348944067955017,217.64349365234375,210.311279296875,267.97723388671875,260.53680419921875
38SMB_00485_r2640_c5520,1,0.186409130692482,151.94906616210938,267.8919372558594,207.556640625,317.7989196777344
38SMB_00486_r2640_c5760,0,0.2400990128517151,0.0,208.00390625,27.301151275634766,266.81317138671875
38SMB_00491_r2640_c6960,0,0.7458216547966003,235.2563934326172,157.998046875,288.25543212890625,212.70831298828125
38SMB_00491_r2640_c6960,1,0.2337939739227295,171.09149169921875,170.34799194335938,248.08172607421875,254.42279052734375
38SMB_00492_r2640_c7200,0,0.7390928268432617,0.0442962646484375,159.42483520507812,45.91283416748047,211.775634765625
38SMB_00496_r2640_c8160,0,0.355126291513443,273.12451171875,124.81825256347656,320.0,186.49864196777344
38SMB_00497_r2640_c8400,0,0.14270615577697754,33.799591064453125,126.38740539550781,87.91954040527344,185.9709014892578
38SMB_00500_r2640_c9120,0,0.17042505741119385,276.490234375,179.63214111328125,319.99664306640625,237.73028564453125
38SMB_00502_r2640_c9600,0,0.34285110235214233,78.07305908203125,49.66831970214844,137.56689453125,108.65690612792969
38SMB_00503_r2640_c9680,0,0.35129445791244507,0.0,48.14640426635742,59.19807815551758,111.07908630371094
38SMB_00505_r2880_c240,0,0.30076685547828674,149.793701171875,91.0972900390625,223.86669921875,165.92996215820312
38SMB_00505_r2880_c240,1,0.20494946837425232,244.43899536132812,0.0,320.0,102.35645294189453
38SMB_00505_r2880_c240,2,0.20246213674545288,0.0,278.604736328125,35.36977767944336,318.9630126953125
38SMB_00505_r2880_c240,3,0.13477352261543274,100.89724731445312,0.0,144.79312133789062,38.48478317260742
38SMB_00506_r2880_c480,0,0.5791354775428772,290.0950012207031,168.95355224609375,320.0,215.11737060546875
38SMB_00506_r2880_c480,1,0.14727218449115753,0.0,0.2864837646484375,130.33401489257812,121.85546875
38SMB_00506_r2880_c480,2,0.13590946793556213,100.09862518310547,245.20193481445312,203.53009033203125,320.0
38SMB_00507_r2880_c720,0,0.7701958417892456,49.65688705444336,170.9904022216797,95.22418212890625,215.8214874267578
38SMB_00507_r2880_c720,1,0.6467827558517456,211.9320068359375,34.11516571044922,263.0672607421875,83.53014373779297
38SMB_00507_r2880_c720,2,0.10059767216444016,0.0,14.173843383789062,145.59817504882812,164.45767211914062
38SMB_00508_r2880_c960,0,0.41279229521751404,0.10412979125976562,33.41455078125,23.997053146362305,87.28138732910156
38SMB_00508_r2880_c960,1,0.26064226031303406,188.7503662109375,225.4424591064453,286.169921875,314.10125732421875
38SMB_00508_r2880_c960,2,0.2270546555519104,206.0969696044922,83.35475158691406,318.62994384765625,193.41209411621094
38SMB_00508_r2880_c960,3,0.16674582660198212,141.22047424316406,262.03546142578125,193.8982391357422,313.7391357421875
38SMB_00508_r2880_c960,4,0.10504626482725143,0.09584808349609375,218.0908203125,75.71375274658203,319.72943115234375
38SMB_00509_r2880_c1200,0,0.24338997900485992,265.6749267578125,28.922286987304688,320.0,98.96564483642578
38SMB_00510_r2880_c1440,0,0.4671694040298462,141.05520629882812,123.28204345703125,221.70742797851562,197.08432006835938
38SMB_00510_r2880_c1440,1,0.15019793808460236,204.38543701171875,49.32011795043945,311.4468994140625,149.8371124267578
38SMB_00510_r2880_c1440,2,0.13451100885868073,105.8989486694336,205.32337951660156,214.88919067382812,312.06005859375
38SMB_00511_r2880_c1680,0,0.7976341247558594,239.4904022216797,59.34539031982422,296.09210205078125,116.6637954711914
38SMB_00511_r2880_c1680,1,0.7078898549079895,143.6294403076172,210.12982177734375,219.49461364746094,282.1690368652344
38SMB_00511_r2880_c1680,2,0.18241286277770996,188.96795654296875,60.84963607788086,251.19635009765625,122.36151123046875
38SMB_00512_r2880_c1920,0,0.7729172110557556,1.0823173522949219,59.20393371582031,56.41434097290039,116.88316345214844
38SMB_00512_r2880_c1920,1,0.6477760076522827,130.93020629882812,143.48489379882812,187.16885375976562,196.955078125
38SMB_00512_r2880_c1920,2,0.5593490600585938,243.14077758789062,0.002838134765625,301.4924011230469,32.79448318481445
38SMB_00512_r2880_c1920,3,0.2530674636363983,222.790771484375,233.83798217773438,319.48248291015625,320.0
38SMB_00512_r2880_c1920,4,0.129075288772583,0.0,61.46857833862305,11.931238174438477,102.99940490722656
38SMB_00512_r2880_c1920,5,0.11939094215631485,272.83538818359375,220.372314453125,311.56182861328125,257.13665771484375
38SMB_00512_r2880_c1920,6,0.11692564934492111,0.09129905700683594,0.0627899169921875,19.905426025390625,16.868927001953125
38SMB_00513_r2880_c2160,0,0.5941330194473267,3.145427703857422,0.009857177734375,61.49662399291992,32.86931610107422
38SMB_00513_r2880_c2160,1,0.5676157474517822,167.73086547851562,22.673721313476562,219.50457763671875,76.20147705078125
38SMB_00513_r2880_c2160,2,0.43487200140953064,167.57077026367188,215.15362548828125,257.4060363769531,290.5364074707031
38SMB_00513_r2880_c2160,3,0.4281097650527954,78.36701965332031,218.52247619628906,156.52565002441406,295.8341064453125
38SMB_00513_r2880_c2160,4,0.23832696676254272,88.19834899902344,161.84896850585938,131.12986755371094,206.62222290039062
38SMB_00513_r2880_c2160,5,0.19356617331504822,0.0127716064453125,233.87905883789062,80.07430267333984,319.8114929199219
38SMB_00513_r2880_c2160,6,0.1423647105693817,0.0,0.6494541168212891,7.804934978485107,21.428409576416016
38SMB_00513_r2880_c2160,7,0.12692873179912567,90.84298706054688,229.30276489257812,106.85749816894531,244.20578002929688
38SMB_00513_r2880_c2160,8,0.11977101862430573,32.90026092529297,220.74624633789062,70.57046508789062,257.0044250488281
38SMB_00514_r2880_c2400,0,0.6766838431358337,95.33248138427734,0.0,162.89395141601562,41.97446823120117
38SMB_00514_r2880_c2400,1,0.14316722750663757,182.9490966796875,0.06686782836914062,234.3306884765625,34.925865173339844
38SMB_00516_r2880_c2880,0,0.8290579915046692,109.75098419189453,87.34608459472656,165.16009521484375,141.8047637939453
38SMB_00516_r2880_c2880,1,0.5234536528587341,71.01408386230469,209.93203735351562,120.65898132324219,258.4604797363281
38SMB_00516_r2880_c2880,2,0.13280275464057922,43.1378173828125,150.70162963867188,87.26768493652344,197.1739501953125
38SMB_00518_r2880_c3360,0,0.3374134302139282,132.94552612304688,297.18994140625,191.16836547851562,320.0
38SMB_00518_r2880_c3360,1,0.2622976303100586,190.64645385742188,149.24728393554688,251.30026245117188,211.25357055664062
38SMB_00518_r2880_c3360,2,0.15085925161838531,140.35516357421875,306.9063720703125,187.92144775390625,320.0
38SMB_00519_r2880_c3600,0,0.6524941325187683,244.10147094726562,0.0,320.0,50.57024383544922
38SMB_00519_r2880_c3600,1,0.5349814891815186,71.10662841796875,217.2542724609375,123.37411499023438,268.908935546875
38SMB_00520_r2880_c3840,0,0.5991414189338684,3.8583984375,0.0,89.83786010742188,50.0799674987793
38SMB_00520_r2880_c3840,1,0.29165855050086975,136.8205108642578,117.4482421875,194.18067932128906,173.73138427734375
38SMB_00521_r2880_c4080,0,0.5306922197341919,247.5732421875,215.40570068359375,320.0,285.2472839355469
38SMB_00521_r2880_c4080,1,0.4932178556919098,234.62008666992188,102.04530334472656,281.5688171386719,151.30906677246094
38SMB_00521_r2880_c4080,2,0.2098391354084015,208.15292358398438,0.0,311.0690002441406,94.49498748779297
38SMB_00521_r2880_c4080,3,0.19476161897182465,182.8550262451172,226.52761840820312,244.51182556152344,291.2383117675781
38SMB_00521_r2880_c4080,4,0.13804979622364044,227.38648986816406,136.02630615234375,286.863037109375,201.59747314453125
38SMB_00522_r2880_c4320,0,0.7027502655982971,236.70094299316406,121.84536743164062,300.03857421875,187.4515380859375
38SMB_00522_r2880_c4320,1,0.517017126083374,0.2526664733886719,100.59159851074219,42.80841064453125,151.68194580078125
38SMB_00522_r2880_c4320,2,0.49143657088279724,9.103340148925781,215.10321044921875,89.9552230834961,286.327392578125
38SMB_00522_r2880_c4320,3,0.3941711187362671,188.02407836914062,230.50830078125,256.39910888671875,296.59039306640625
38SMB_00522_r2880_c4320,4,0.3834744691848755,203.57284545898438,177.4146728515625,263.348876953125,241.49365234375
38SMB_00522_r2880_c4320,5,0.23945456743240356,0.12808990478515625,128.48117065429688,50.0861701965332,202.14068603515625
38SMB_00522_r2880_c4320,6,0.15953050553798676,0.12645721435546875,0.47821044921875,67.35726165771484,96.82725524902344
38SMB_00523_r2880_c4560,0,0.7064313888549805,248.59542846679688,13.912668228149414,299.6161193847656,66.50445556640625
38SMB_00523_r2880_c4560,1,0.6535040736198425,0.7319984436035156,122.50540924072266,58.69449996948242,186.73526000976562
38SMB_00523_r2880_c4560,2,0.2932325005531311,0.021587371826171875,176.66983032226562,21.002302169799805,245.33212280273438
38SMB_00523_r2880_c4560,3,0.14197102189064026,171.387939453125,0.0,301.25860595703125,121.68086242675781
38SMB_00524_r2880_c4800,0,0.7018594741821289,10.00102424621582,14.087631225585938,59.787109375,66.2177734375
38SMB_00524_r2880_c4800,1,0.6957923769950867,106.01739501953125,54.60588073730469,177.06442260742188,128.031005859375
38SMB_00524_r2880_c4800,2,0.22730664908885956,275.36700439453125,0.7410964965820312,320.0,75.42406463623047
38SMB_00524_r2880_c4800,3,0.18755067884922028,0.0,0.0,17.43683624267578,65.25483703613281
38SMB_00524_r2880_c4800,4,0.15246379375457764,0.04136085510253906,0.2541351318359375,15.317827224731445,53.01319122314453
38SMB_00524_r2880_c4800,5,0.10701756924390793,0.11286544799804688,243.9708251953125,45.00619888305664,316.17083740234375
38SMB_00524_r2880_c4800,6,0.10474405437707901,213.634033203125,0.01680755615234375,292.0802001953125,25.985279083251953
38SMB_00525_r2880_c5040,0,0.5242965817451477,61.71538543701172,133.7829132080078,126.37220001220703,194.49476623535156
38SMB_00525_r2880_c5040,1,0.2202163189649582,30.93841552734375,0.0,182.46864318847656,113.2649917602539
38SMB_00525_r2880_c5040,2,0.13777923583984375,205.04269409179688,40.892704010009766,319.3660583496094,151.9473876953125
38SMB_00525_r2880_c5040,3,0.12832747399806976,27.192489624023438,0.0,202.5775604248047,159.14227294921875
38SMB_00525_r2880_c5040,4,0.11877094209194183,130.417724609375,77.8368148803711,287.6593017578125,212.44003295898438
38SMB_00526_r2880_c5280,0,0.19827920198440552,67.36494445800781,229.15850830078125,128.17462158203125,290.50115966796875
38SMB_00526_r2880_c5280,1,0.17473679780960083,246.25848388671875,255.5733642578125,317.26171875,320.0
38SMB_00526_r2880_c5280,2,0.11666353046894073,0.563018798828125,36.568695068359375,143.4944610595703,181.11203002929688
38SMB_00526_r2880_c5280,3,0.1127302423119545,40.708457946777344,280.0815734863281,100.88443756103516,319.8074645996094
38SMB_00527_r2880_c5520,0,0.15496735274791718,220.639892578125,0.0,265.33563232421875,20.033185958862305
38SMB_00527_r2880_c5520,1,0.15056581795215607,152.02130126953125,27.830093383789062,207.5123291015625,78.97607421875
38SMB_00527_r2880_c5520,2,0.13248616456985474,9.447792053222656,259.91131591796875,78.658447265625,317.17144775390625
38SMB_00527_r2880_c5520,3,0.11465989798307419,193.95950317382812,105.63346862792969,279.935791015625,193.70509338378906
38SMB_00528_r2880_c5760,0,0.6497129797935486,65.04112243652344,94.557861328125,115.52284240722656,145.01663208007812
38SMB_00528_r2880_c5760,1,0.3235297203063965,246.59426879882812,101.39468383789062,312.6636047363281,161.539794921875
38SMB_00528_r2880_c5760,2,0.2803758680820465,0.0,107.48870849609375,37.819984436035156,169.08642578125
38SMB_00528_r2880_c5760,3,0.10415179282426834,121.15693664550781,176.62158203125,233.4931182861328,283.12176513671875
38SMB_00529_r2880_c6000,0,0.33813944458961487,6.9473419189453125,101.9652099609375,72.35067749023438,161.34225463867188
38SMB_00530_r2880_c6240,0,0.10021404922008514,47.85655212402344,117.24128723144531,104.29753112792969,170.1150360107422
38SMB_00531_r2880_c6480,0,0.310854434967041,193.68019104003906,225.255615234375,245.97865295410156,275.3941955566406
38SMB_00531_r2880_c6480,1,0.1468273401260376,110.64897918701172,127.43199920654297,187.13018798828125,201.83544921875
38SMB_00532_r2880_c6720,0,0.11082617938518524,205.18408203125,238.04087829589844,248.345458984375,280.76904296875
38SMB_00537_r2880_c7920,0,0.49468865990638733,90.98703002929688,238.96063232421875,143.6910400390625,292.958984375
38SMB_00543_r2880_c9360,0,0.4955093264579773,110.54495239257812,89.84024047851562,181.1114501953125,155.41061401367188
38SMB_00547_r3120_c240,0,0.10012233257293701,0.0,39.062049865722656,34.98931121826172,80.10517120361328
38SMB_00548_r3120_c480,0,0.13327769935131073,104.40509033203125,2.519195556640625,202.60748291015625,98.17393493652344
38SMB_00548_r3120_c480,1,0.12586797773838043,0.0,0.0,174.3477020263672,180.1175537109375
38SMB_00550_r3120_c960,0,0.29663991928100586,188.91827392578125,0.49798583984375,288.27252197265625,69.95986938476562
38SMB_00550_r3120_c960,1,0.15645070374011993,141.32200622558594,22.022340774536133,193.86622619628906,73.38633728027344
38SMB_00550_r3120_c960,2,0.11406576633453369,250.2223358154297,0.0,310.51312255859375,10.19773006439209
38SMB_00550_r3120_c960,3,0.1066790521144867,186.34564208984375,0.12071990966796875,269.5792541503906,58.885379791259766
38SMB_00550_r3120_c960,4,0.10659293085336685,254.8584442138672,0.020336151123046875,303.16302490234375,8.652154922485352
38SMB_00550_r3120_c960,5,0.10594333708286285,179.43511962890625,0.0247650146484375,299.4478759765625,82.85015106201172
38SMB_00551_r3120_c1200,0,0.43985238671302795,152.0556640625,227.6011962890625,201.56390380859375,277.8924560546875
38SMB_00551_r3120_c1200,1,0.38522762060165405,209.5389404296875,229.97427368164062,246.19140625,265.1527404785156
38SMB_00551_r3120_c1200,2,0.3157805800437927,85.25106811523438,49.20317459106445,171.77578735351562,124.36991882324219
38SMB_00551_r3120_c1200,3,0.12236571311950684,95.23870849609375,55.88451385498047,168.64370727539062,115.27214813232422
38SMB_00551_r3120_c1200,4,0.1100819930434227,15.769638061523438,0.017139434814453125,61.46394348144531,8.446191787719727
38SMB_00551_r3120_c1200,5,0.10393944382667542,0.0,0.48288726806640625,49.297000885009766,66.92823028564453
38SMB_00552_r3120_c1440,0,0.7884403467178345,219.62295532226562,133.57586669921875,268.8097229003906,181.4666748046875
38SMB_00552_r3120_c1440,1,0.20674487948417664,106.76950073242188,0.557281494140625,213.06781005859375,69.48487854003906
38SMB_00552_r3120_c1440,2,0.20283243060112,87.94696044921875,69.63661193847656,125.41195678710938,106.61714172363281
38SMB_00552_r3120_c1440,3,0.1127840057015419,273.7010498046875,170.03717041015625,320.0,225.80645751953125
38SMB_00553_r3120_c1680,0,0.5582806468009949,0.14111900329589844,132.973388671875,27.9081974029541,182.0128173828125
38SMB_00553_r3120_c1680,1,0.5274356007575989,143.07537841796875,0.0,222.14364624023438,40.07880401611328
38SMB_00553_r3120_c1680,2,0.4829675257205963,142.34213256835938,239.42999267578125,194.12557983398438,289.382080078125
38SMB_00553_r3120_c1680,3,0.4171743094921112,299.90936279296875,271.8508605957031,320.0,318.7447814941406
38SMB_00553_r3120_c1680,4,0.16446541249752045,131.23681640625,0.05835723876953125,239.0849609375,51.0992431640625
38SMB_00554_r3120_c1920,0,0.24380220472812653,58.774818420410156,269.11895751953125,116.7636947631836,319.73712158203125
38SMB_00554_r3120_c1920,1,0.22620905935764313,71.725341796875,1.6576614379882812,191.07843017578125,112.91950988769531
38SMB_00554_r3120_c1920,2,0.22561714053153992,224.87307739257812,0.0,318.3486022949219,82.93507385253906
38SMB_00554_r3120_c1920,3,0.11647945642471313,0.45317840576171875,81.18524169921875,84.68985748291016,179.40121459960938
38SMB_00554_r3120_c1920,4,0.1022300198674202,273.8207092285156,0.0,312.0096130371094,17.33224105834961
38SMB_00555_r3120_c2160,0,0.3922049403190613,166.41326904296875,0.0,260.03497314453125,52.93020248413086
38SMB_00555_r3120_c2160,1,0.25888586044311523,245.3285369873047,154.63743591308594,285.01092529296875,191.45872497558594
38SMB_00555_r3120_c2160,2,0.20253583788871765,0.2620697021484375,0.0,78.91827392578125,82.71255493164062
38SMB_00555_r3120_c2160,3,0.17009054124355316,81.44419860839844,0.0,152.7125244140625,54.06553649902344
38SMB_00555_r3120_c2160,4,0.13881641626358032,33.42949676513672,0.0,71.23194885253906,17.480138778686523
38SMB_00555_r3120_c2160,5,0.10408297181129456,81.45896911621094,0.0604400634765625,157.3662872314453,34.691184997558594
38SMB_00556_r3120_c2400,0,0.22361423075199127,6.583625793457031,154.70785522460938,44.97261047363281,191.238525390625
38SMB_00557_r3120_c2640,0,0.7915177941322327,176.70962524414062,181.24118041992188,226.48184204101562,230.98703002929688
38SMB_00557_r3120_c2640,1,0.7091109752655029,252.90318298339844,156.60914611816406,299.223876953125,203.4339141845703
38SMB_00557_r3120_c2640,2,0.4732387959957123,118.79179382324219,273.21868896484375,186.42588806152344,320.0
38SMB_00557_r3120_c2640,3,0.45176512002944946,134.2877197265625,224.68310546875,200.880859375,289.4312744140625
38SMB_00558_r3120_c2880,0,0.7051857709884644,13.249752044677734,156.73190307617188,59.2557487487793,203.35958862304688
38SMB_00558_r3120_c2880,1,0.43724289536476135,70.94075012207031,0.0,121.46223449707031,19.086849212646484
38SMB_00558_r3120_c2880,2,0.1557147055864334,88.08119201660156,269.5594482421875,148.98753356933594,320.0
38SMB_00559_r3120_c3120,0,0.5980356335639954,248.93844604492188,210.12588500976562,308.1673278808594,269.1582946777344
38SMB_00559_r3120_c3120,1,0.3739200234413147,273.21002197265625,146.06881713867188,319.95184326171875,242.22671508789062
38SMB_00560_r3120_c3360,0,0.6538074016571045,138.19549560546875,58.508544921875,189.33489990234375,107.308837890625
38SMB_00560_r3120_c3360,1,0.6377046704292297,10.644485473632812,212.28634643554688,67.3332748413086,266.64349365234375
38SMB_00560_r3120_c3360,2,0.3939433991909027,71.20321655273438,227.79901123046875,121.87008666992188,281.0073547363281
38SMB_00561_r3120_c3600,0,0.7633912563323975,119.95909118652344,73.58261108398438,177.67555236816406,132.85556030273438
38SMB_00561_r3120_c3600,1,0.3788885772228241,299.84814453125,234.08168029785156,320.0,279.91943359375
38SMB_00561_r3120_c3600,2,0.35665157437324524,280.40802001953125,169.00894165039062,320.0,249.349853515625
38SMB_00561_r3120_c3600,3,0.2786538004875183,146.78790283203125,192.29254150390625,210.108154296875,259.72491455078125
38SMB_00561_r3120_c3600,4,0.20408380031585693,63.89169692993164,0.016445159912109375,122.22735595703125,27.654685974121094
38SMB_00561_r3120_c3600,5,0.18183930218219757,271.01593017578125,40.832977294921875,320.0,111.5234375
38SMB_00561_r3120_c3600,6,0.10660108923912048,75.85838317871094,0.0,116.869873046875,23.15979766845703
38SMB_00562_r3120_c3840,0,0.4693908989429474,37.65608596801758,163.66944885253906,118.64460754394531,241.8730010986328
38SMB_00562_r3120_c3840,1,0.18129731714725494,231.16226196289062,86.37017822265625,303.5964050292969,169.15049743652344
38SMB_00563_r3120_c4080,0,0.4484216570854187,246.96279907226562,0.04190826416015625,320.0,45.074337005615234
38SMB_00563_r3120_c4080,1,0.2891734838485718,195.0582275390625,220.28890991210938,309.3389892578125,319.7095642089844
38SMB_00563_r3120_c4080,2,0.1836351454257965,0.0,85.6392593383789,64.19121551513672,171.12014770507812
38SMB_00563_r3120_c4080,3,0.1694711148738861,187.0902099609375,0.0,241.54266357421875,47.50703430175781
38SMB_00563_r3120_c4080,4,0.13227328658103943,178.9560546875,0.033481597900390625,249.27044677734375,52.51762390136719
38SMB_00563_r3120_c4080,5,0.13065895438194275,144.34036254882812,150.31637573242188,229.39016723632812,222.0736083984375
38SMB_00563_r3120_c4080,6,0.10037122666835785,164.65234375,131.36773681640625,209.770263671875,170.809814453125
38SMB_00564_r3120_c4320,0,0.6555220484733582,142.35101318359375,225.3629150390625,206.3709716796875,287.55035400390625
38SMB_00564_r3120_c4320,1,0.5746947526931763,187.55935668945312,0.0,256.2010498046875,57.22245788574219
38SMB_00564_r3120_c4320,2,0.31019482016563416,6.3791961669921875,0.16005706787109375,94.65937805175781,45.55289840698242
38SMB_00564_r3120_c4320,3,0.22130616009235382,60.49186706542969,231.47125244140625,105.06883239746094,275.5472412109375
38SMB_00564_r3120_c4320,4,0.14044828712940216,0.0,218.27142333984375,62.9094352722168,320.0
38SMB_00565_r3120_c4560,0,0.32702699303627014,247.05474853515625,184.5226593017578,318.3099365234375,251.82005310058594
38SMB_00565_r3120_c4560,1,0.25690406560897827,217.321533203125,271.3892822265625,270.2293701171875,319.677734375
38SMB_00565_r3120_c4560,2,0.18147163093090057,127.10296630859375,186.6982421875,214.22256469726562,276.3668212890625
38SMB_00565_r3120_c4560,3,0.1289931833744049,218.8175048828125,8.92997932434082,283.17205810546875,68.08688354492188
38SMB_00565_r3120_c4560,4,0.11161351948976517,160.58995056152344,302.25537109375,228.70497131347656,319.9666748046875
38SMB_00565_r3120_c4560,5,0.10783364623785019,0.03827667236328125,2.0801734924316406,17.968460083007812,51.32130813598633
38SMB_00566_r3120_c4800,0,0.34968963265419006,8.259407043457031,185.60597229003906,78.87963104248047,250.43516540527344
38SMB_00566_r3120_c4800,1,0.1267414689064026,0.022052764892578125,4.4601593017578125,44.79289627075195,81.55382537841797
38SMB_00567_r3120_c5040,0,0.10922068357467651,279.35858154296875,33.157161712646484,320.0,101.99169921875
38SMB_00568_r3120_c5280,0,0.20895013213157654,66.88461303710938,0.0,134.8311767578125,51.33259582519531
38SMB_00568_r3120_c5280,1,0.1422204226255417,42.3409423828125,38.04920959472656,100.16986083984375,97.72283935546875
38SMB_00568_r3120_c5280,2,0.13744205236434937,250.583740234375,22.541826248168945,316.5106201171875,75.93629455566406
38SMB_00568_r3120_c5280,3,0.10729845613241196,250.97592163085938,18.00597381591797,318.8451843261719,91.458740234375
38SMB_00569_r3120_c5520,0,0.758709728717804,237.9032745361328,257.89141845703125,320.0,319.99371337890625
38SMB_00569_r3120_c5520,1,0.2549188435077667,284.2762756347656,119.46420288085938,320.0,172.40765380859375
38SMB_00569_r3120_c5520,2,0.11094830930233002,12.275810241699219,25.104454040527344,75.2712631225586,74.36578369140625
38SMB_00570_r3120_c5760,0,0.8418030738830566,74.1578369140625,167.8809051513672,113.08148193359375,202.2232208251953
38SMB_00570_r3120_c5760,1,0.3180324137210846,0.0,248.9265594482422,130.71328735351562,320.0
38SMB_00570_r3120_c5760,2,0.15268433094024658,42.7100830078125,247.5440216064453,129.91744995117188,318.06024169921875
38SMB_00570_r3120_c5760,3,0.11719020456075668,34.87406921386719,63.40544128417969,186.1389617919922,207.7855987548828
38SMB_00571_r3120_c6000,0,0.11831066012382507,0.0,99.24462890625,18.81721305847168,152.33099365234375
38SMB_00573_r3120_c6480,0,0.29395562410354614,193.95535278320312,0.00504302978515625,245.14166259765625,35.21547317504883
38SMB_00579_r3120_c7920,0,0.7024298310279846,255.544921875,237.38214111328125,307.429443359375,290.22943115234375
38SMB_00579_r3120_c7920,1,0.5999850630760193,89.44035339355469,0.12223052978515625,145.18931579589844,55.08881378173828
38SMB_00579_r3120_c7920,2,0.17393675446510315,156.92568969726562,183.01657104492188,219.01361083984375,241.61923217773438
38SMB_00579_r3120_c7920,3,0.1444322168827057,159.40325927734375,188.03057861328125,210.4276123046875,236.90667724609375
38SMB_00579_r3120_c7920,4,0.13208818435668945,230.64764404296875,235.61761474609375,259.8372802734375,266.403564453125
38SMB_00580_r3120_c8160,0,0.705405056476593,17.161928176879883,238.97314453125,65.71812438964844,288.0660400390625
38SMB_00580_r3120_c8160,1,0.16276337206363678,0.06698226928710938,236.72836303710938,18.323348999023438,267.0308532714844
38SMB_00585_r3120_c9360,0,0.12265178561210632,157.78408813476562,126.15200805664062,229.89202880859375,200.98956298828125
38SMB_00586_r3120_c9600,0,0.2441658228635788,159.27713012695312,182.46435546875,209.46597290039062,231.23989868164062
38SMB_00587_r3120_c9680,0,0.2441234141588211,79.28047180175781,182.46978759765625,129.467041015625,231.23828125
38SMB_00593_r3360_c1200,0,0.3918369710445404,149.6708984375,0.0,198.6832275390625,37.687705993652344
38SMB_00593_r3360_c1200,1,0.23278073966503143,208.75552368164062,0.0,247.66714477539062,26.24329376220703
38SMB_00593_r3360_c1200,2,0.16630814969539642,206.91839599609375,106.94623565673828,257.87139892578125,158.84112548828125
38SMB_00594_r3360_c1440,0,0.25050684809684753,232.98202514648438,0.0,320.0,59.2174186706543
38SMB_00594_r3360_c1440,1,0.10140915215015411,0.0,112.65184020996094,15.334511756896973,164.6046905517578
38SMB_00595_r3360_c1680,0,0.5355059504508972,141.6490478515625,0.3295097351074219,193.9564208984375,50.21699905395508
38SMB_00595_r3360_c1680,1,0.38888272643089294,299.4161376953125,31.483003616333008,319.95037841796875,80.66737365722656
38SMB_00595_r3360_c1680,2,0.23641757667064667,83.82867431640625,237.91403198242188,167.43505859375,320.0
38SMB_00595_r3360_c1680,3,0.21852955222129822,162.32553100585938,164.37010192871094,208.13092041015625,214.1337127685547
38SMB_00595_r3360_c1680,4,0.19141121208667755,0.0,0.002437591552734375,83.70918273925781,52.934017181396484
38SMB_00595_r3360_c1680,5,0.138258159160614,111.37094116210938,279.48284912109375,174.97067260742188,320.0
38SMB_00595_r3360_c1680,6,0.10713180154561996,123.08277893066406,280.12835693359375,166.1730499267578,319.10833740234375
38SMB_00596_r3360_c1920,0,0.6850841045379639,112.60028076171875,104.07502746582031,149.8076171875,141.8123016357422
38SMB_00596_r3360_c1920,1,0.358178973197937,58.77570724487305,28.821533203125,115.78929138183594,87.74822998046875
38SMB_00596_r3360_c1920,2,0.13399386405944824,0.0,66.38479614257812,20.225101470947266,118.21316528320312
38SMB_00598_r3360_c2400,0,0.2179357409477234,107.4149169921875,285.7020263671875,173.32345581054688,319.9910888671875
38SMB_00598_r3360_c2400,1,0.21332404017448425,76.97317504882812,134.2969207763672,130.0721435546875,186.89234924316406
38SMB_00598_r3360_c2400,2,0.1375894397497177,179.15634155273438,220.63055419921875,288.5490417480469,317.40643310546875
38SMB_00598_r3360_c2400,3,0.10196198523044586,276.1279296875,244.66726684570312,317.6988525390625,285.5160827636719
38SMB_00599_r3360_c2640,0,0.6323012709617615,119.43236541748047,33.750144958496094,186.3658447265625,100.28234100341797
38SMB_00599_r3360_c2640,1,0.45356321334838867,133.48226928710938,0.0,204.89974975585938,50.02091979980469
38SMB_00599_r3360_c2640,2,0.37492847442626953,196.07620239257812,83.96644592285156,282.75677490234375,169.58810424804688
38SMB_00599_r3360_c2640,3,0.36092713475227356,266.3301086425781,279.209228515625,319.8778381347656,320.0
38SMB_00599_r3360_c2640,4,0.3106585443019867,0.0,221.804931640625,50.54154968261719,308.35919189453125
38SMB_00599_r3360_c2640,5,0.29559487104415894,148.38143920898438,247.02029418945312,237.03369140625,320.0
38SMB_00599_r3360_c2640,6,0.2047663927078247,94.90037536621094,305.93853759765625,141.05953979492188,319.99822998046875
38SMB_00599_r3360_c2640,7,0.1968696117401123,83.82138061523438,303.5471496582031,142.9587860107422,319.9380798339844
38SMB_00599_r3360_c2640,8,0.16710874438285828,99.61474609375,86.66033935546875,157.02041625976562,144.58331298828125
38SMB_00600_r3360_c2880,0,0.43152403831481934,28.514923095703125,281.0369873046875,91.9921875,319.96484375
38SMB_00600_r3360_c2880,1,0.14534804224967957,185.62265014648438,60.120906829833984,239.45272827148438,107.68392944335938
38SMB_00600_r3360_c2880,2,0.13320453464984894,294.24139404296875,276.20452880859375,319.91973876953125,318.2117919921875
38SMB_00600_r3360_c2880,3,0.1305549442768097,9.672897338867188,275.30908203125,99.92982482910156,319.8275146484375
38SMB_00600_r3360_c2880,4,0.11817196756601334,0.0630645751953125,85.552490234375,40.193843841552734,156.79638671875
38SMB_00601_r3360_c3120,0,0.7320981025695801,226.32952880859375,238.28485107421875,306.52142333984375,316.370849609375
38SMB_00601_r3360_c3120,1,0.4823981821537018,238.68589782714844,201.07916259765625,306.1451416015625,265.1759033203125
38SMB_00601_r3360_c3120,2,0.45248112082481384,115.88883209228516,107.89725494384766,211.03439331054688,209.87246704101562
38SMB_00601_r3360_c3120,3,0.3115065395832062,250.81668090820312,0.05420875549316406,308.6865539550781,28.73755645751953
38SMB_00601_r3360_c3120,4,0.1721494048833847,98.40873718261719,167.9713897705078,137.8638458251953,210.06517028808594
38SMB_00601_r3360_c3120,5,0.13008412718772888,308.2637023925781,0.16057968139648438,319.9937438964844,41.48297882080078
38SMB_00601_r3360_c3120,6,0.12577955424785614,53.339393615722656,276.7601318359375,95.51531219482422,319.18896484375
38SMB_00601_r3360_c3120,7,0.11668530106544495,311.85992431640625,0.0,319.919677734375,39.980613708496094
38SMB_00601_r3360_c3120,8,0.11376041918992996,303.93792724609375,0.08202362060546875,320.0,44.988441467285156
38SMB_00601_r3360_c3120,9,0.10110976547002792,292.40997314453125,206.218994140625,320.0,258.3063659667969
38SMB_00602_r3360_c3360,0,0.6956801414489746,117.95394134521484,263.35845947265625,181.29660034179688,320.0
38SMB_00602_r3360_c3360,1,0.6112689971923828,0.0,242.68313598632812,64.12043762207031,312.1020202636719
38SMB_00602_r3360_c3360,2,0.5136573910713196,1.1716136932373047,203.1475830078125,64.88713073730469,264.55194091796875
38SMB_00602_r3360_c3360,3,0.505125105381012,70.71525573730469,0.0,123.33149719238281,41.7666015625
38SMB_00602_r3360_c3360,4,0.3428906798362732,73.57359313964844,34.825374603271484,161.30905151367188,132.15771484375
38SMB_00602_r3360_c3360,5,0.31909695267677307,247.85516357421875,177.10073852539062,319.1417236328125,250.64486694335938
38SMB_00602_r3360_c3360,6,0.3081979751586914,11.999221801757812,0.04945564270019531,67.64030456542969,27.457965850830078
38SMB_00602_r3360_c3360,7,0.22487540543079376,212.04794311523438,214.33139038085938,275.7212219238281,281.6886291503906
38SMB_00602_r3360_c3360,8,0.15527650713920593,166.69619750976562,300.95587158203125,204.60165405273438,320.0
38SMB_00602_r3360_c3360,9,0.10579301416873932,55.537254333496094,213.969970703125,99.22563934326172,258.1964416503906
38SMB_00603_r3360_c3600,0,0.6551101207733154,184.865478515625,155.55645751953125,261.08648681640625,224.13873291015625
38SMB_00603_r3360_c3600,1,0.44568830728530884,8.672958374023438,179.13003540039062,90.85954284667969,249.96755981445312
38SMB_00603_r3360_c3600,2,0.41378676891326904,299.1982421875,0.12522506713867188,319.964599609375,39.195533752441406
38SMB_00603_r3360_c3600,3,0.16912105679512024,0.056278228759765625,200.2891845703125,38.953094482421875,284.737060546875
38SMB_00604_r3360_c3840,0,0.3607042133808136,0.0,167.01055908203125,20.17249298095703,198.38818359375
38SMB_00604_r3360_c3840,1,0.3052149713039398,185.41888427734375,216.2281494140625,230.6522216796875,262.9852600097656
38SMB_00605_r3360_c4080,0,0.6289798021316528,236.23056030273438,246.20193481445312,301.8899841308594,318.6621398925781
38SMB_00605_r3360_c4080,1,0.24036288261413574,190.06887817382812,0.0,305.7637023925781,118.90554809570312
38SMB_00605_r3360_c4080,2,0.18437157571315765,290.1358642578125,90.58722686767578,320.0,178.15576171875
38SMB_00605_r3360_c4080,3,0.13064682483673096,281.39410400390625,87.66242218017578,320.0,185.30877685546875
38SMB_00605_r3360_c4080,4,0.12134293466806412,269.49005126953125,97.94178771972656,311.13677978515625,146.16116333007812
38SMB_00605_r3360_c4080,5,0.1179531067609787,271.37158203125,98.71066284179688,319.2279052734375,157.08810424804688
38SMB_00605_r3360_c4080,6,0.11358809471130371,0.0,133.60592651367188,31.186832427978516,190.297119140625
38SMB_00605_r3360_c4080,7,0.10448838025331497,272.47613525390625,101.44953918457031,305.03265380859375,134.42532348632812
38SMB_00606_r3360_c4320,0,0.8679761290550232,243.08584594726562,213.04830932617188,295.3125305175781,264.2648010253906
38SMB_00606_r3360_c4320,1,0.8164207935333252,206.09912109375,109.54225158691406,265.5766296386719,172.23228454589844
38SMB_00606_r3360_c4320,2,0.6610032916069031,0.0,246.21803283691406,61.03739547729492,318.5657958984375
38SMB_00606_r3360_c4320,3,0.622707188129425,50.485198974609375,97.61380004882812,123.60107421875,168.16485595703125
38SMB_00606_r3360_c4320,4,0.6080512404441833,143.01919555664062,0.0,206.27474975585938,46.837589263916016
38SMB_00606_r3360_c4320,5,0.4662352502346039,144.4457550048828,138.1441650390625,233.7809600830078,223.2869873046875
38SMB_00606_r3360_c4320,6,0.2088060975074768,66.91233825683594,146.26226806640625,91.10807800292969,166.3150634765625
38SMB_00606_r3360_c4320,7,0.11796361953020096,60.87528991699219,0.0,103.93180847167969,35.336669921875
38SMB_00606_r3360_c4320,8,0.11616400629281998,37.96888732910156,87.4539566040039,127.2685546875,171.46871948242188
38SMB_00607_r3360_c4560,0,0.862953245639801,2.84930419921875,213.18917846679688,55.44049835205078,264.1664123535156
38SMB_00607_r3360_c4560,1,0.28273651003837585,0.042148590087890625,102.7752685546875,24.939838409423828,169.82373046875
38SMB_00607_r3360_c4560,2,0.1932573765516281,217.59164428710938,31.490264892578125,269.8444519042969,81.06095123291016
38SMB_00607_r3360_c4560,3,0.16296297311782837,193.78286743164062,113.98689270019531,269.7408447265625,205.53993225097656
38SMB_00607_r3360_c4560,4,0.15417394042015076,241.82949829101562,69.36538696289062,319.4802551269531,170.60879516601562
38SMB_00608_r3360_c4800,0,0.2231130450963974,29.455810546875,222.08285522460938,104.70640563964844,299.6922302246094
38SMB_00609_r3360_c5040,0,0.4449116587638855,265.5960693359375,287.9842529296875,317.23785400390625,319.9959716796875
38SMB_00610_r3360_c5280,0,0.3520399034023285,25.97612953186035,288.7349853515625,77.84789276123047,320.0
38SMB_00610_r3360_c5280,1,0.14437289535999298,152.8399658203125,142.21780395507812,208.6197509765625,198.78347778320312
38SMB_00611_r3360_c5520,0,0.706976592540741,236.51246643066406,11.502578735351562,320.0,113.48019409179688
38SMB_00612_r3360_c5760,0,0.5605068802833557,163.68179321289062,120.60706329345703,222.24063110351562,179.29620361328125
38SMB_00612_r3360_c5760,1,0.41798609495162964,235.156494140625,92.12150573730469,320.0,184.39390563964844
38SMB_00612_r3360_c5760,2,0.29227718710899353,1.0194244384765625,7.158958435058594,127.906494140625,115.24714660644531
38SMB_00613_r3360_c6000,0,0.4149106442928314,0.5653076171875,93.203125,83.53506469726562,183.56051635742188
38SMB_00613_r3360_c6000,1,0.11212632060050964,1.1010169982910156,89.94676208496094,29.860218048095703,120.89686584472656
38SMB_00621_r3360_c7920,0,0.7240543365478516,256.91796875,0.06436920166015625,305.831298828125,49.31093215942383
38SMB_00621_r3360_c7920,1,0.20774655044078827,231.63900756835938,0.1640758514404297,260.1050720214844,26.166698455810547
38SMB_00622_r3360_c8160,0,0.7144677639007568,17.400909423828125,0.137420654296875,65.08345031738281,48.97582244873047
38SMB_00622_r3360_c8160,1,0.21270334720611572,0.006908416748046875,0.2574138641357422,18.835641860961914,26.931909561157227
38SMB_00627_r3360_c9360,0,0.16805022954940796,138.25,310.4299621582031,167.84619140625,319.9843444824219
38SMB_00628_r3360_c9600,0,0.1513073593378067,287.80670166015625,69.2065658569336,320.0,117.69889068603516
38SMB_00629_r3360_c9680,0,0.1849518120288849,207.6728515625,69.50555419921875,252.78564453125,117.37753295898438
38SMB_00632_r3600_c480,0,0.17805875837802887,239.56463623046875,217.8951416015625,320.0,319.565673828125
38SMB_00632_r3600_c480,1,0.14640195667743683,210.70648193359375,232.6828155517578,320.0,318.85357666015625
38SMB_00633_r3600_c720,0,0.15584751963615417,0.8424835205078125,234.0864715576172,112.18085479736328,320.0
38SMB_00635_r3600_c1200,0,0.17595265805721283,234.43923950195312,112.27272033691406,266.48199462890625,151.7860565185547
38SMB_00635_r3600_c1200,1,0.12907202541828156,0.0,0.0,53.083335876464844,50.22920608520508
38SMB_00636_r3600_c1440,0,0.8568763732910156,113.54438781738281,93.25051879882812,152.71104431152344,130.62681579589844
38SMB_00636_r3600_c1440,1,0.204118013381958,0.0,105.64259338378906,32.71505355834961,156.84837341308594
38SMB_00637_r3600_c1680,0,0.5711172223091125,181.79022216796875,159.96914672851562,243.919189453125,217.99240112304688
38SMB_00637_r3600_c1680,1,0.4291040301322937,117.84009552001953,38.934200286865234,174.06689453125,97.19345092773438
38SMB_00637_r3600_c1680,2,0.3277592658996582,84.12889099121094,0.0,167.3145751953125,84.74270629882812
38SMB_00638_r3600_c1920,0,0.14224888384342194,149.4845733642578,236.06060791015625,198.05625915527344,282.16241455078125
38SMB_00639_r3600_c2160,0,0.5646747946739197,236.6721954345703,203.164306640625,290.23284912109375,259.5677490234375
38SMB_00639_r3600_c2160,1,0.3663233518600464,67.01167297363281,186.11563110351562,121.24720764160156,242.26443481445312
38SMB_00639_r3600_c2160,2,0.15875719487667084,220.05697631835938,29.2471923828125,316.0559387207031,128.8100128173828
38SMB_00639_r3600_c2160,3,0.1140255257487297,155.00485229492188,51.22739028930664,215.11465454101562,109.30654907226562
38SMB_00639_r3600_c2160,4,0.1033036857843399,59.51612854003906,179.4954833984375,127.66450500488281,245.71014404296875
38SMB_00640_r3600_c2400,0,0.5528011918067932,0.0,203.75137329101562,49.94338607788086,259.0042724609375
38SMB_00640_r3600_c2400,1,0.411345899105072,107.50907897949219,44.4569091796875,170.0463104248047,102.27883911132812
38SMB_00640_r3600_c2400,2,0.24416178464889526,201.37728881835938,191.56982421875,268.5014953613281,263.47857666015625
38SMB_00640_r3600_c2400,3,0.13148148357868195,0.469482421875,31.444717407226562,72.76007080078125,129.19644165039062
38SMB_00640_r3600_c2400,4,0.10126058012247086,101.50982666015625,149.20211791992188,190.04519653320312,241.55728149414062
38SMB_00641_r3600_c2640,0,0.3623409569263458,274.58172607421875,292.45159912109375,320.0,320.0
38SMB_00641_r3600_c2640,1,0.34842970967292786,83.95585632324219,67.64794921875,141.43807983398438,129.51470947265625
38SMB_00641_r3600_c2640,2,0.19998711347579956,268.3087158203125,205.81268310546875,319.98211669921875,273.16961669921875
38SMB_00641_r3600_c2640,3,0.18334631621837616,155.74835205078125,13.292129516601562,232.03848266601562,90.32577514648438
38SMB_00641_r3600_c2640,4,0.10038603097200394,0.05119037628173828,218.96157836914062,15.460792541503906,263.5194091796875
38SMB_00642_r3600_c2880,0,0.45270347595214844,80.48638916015625,276.1268615722656,155.33709716796875,319.7316589355469
38SMB_00642_r3600_c2880,1,0.39458170533180237,31.102310180664062,289.28472900390625,87.49847412109375,320.0
38SMB_00642_r3600_c2880,2,0.1532694399356842,186.75369262695312,161.4044189453125,241.44192504882812,215.65902709960938
38SMB_00642_r3600_c2880,3,0.10025735199451447,294.43359375,36.16999816894531,319.9371337890625,78.71952056884766
38SMB_00643_r3600_c3120,0,0.7141703963279724,226.79962158203125,0.0,306.5322265625,76.13264465332031
38SMB_00643_r3600_c3120,1,0.5899311900138855,281.6378173828125,229.60906982421875,320.0,289.650146484375
38SMB_00643_r3600_c3120,2,0.30219417810440063,104.33170318603516,299.92193603515625,168.05776977539062,319.97076416015625
38SMB_00643_r3600_c3120,3,0.257327139377594,85.70953369140625,251.58738708496094,141.68563842773438,302.257568359375
38SMB_00643_r3600_c3120,4,0.23803244531154633,105.83712768554688,87.53336334228516,216.49356079101562,202.71188354492188
38SMB_00643_r3600_c3120,5,0.16380435228347778,127.15327453613281,197.87750244140625,210.9895477294922,276.1439208984375
38SMB_00643_r3600_c3120,6,0.14661875367164612,252.13912963867188,0.0,302.9142150878906,26.768199920654297
38SMB_00643_r3600_c3120,7,0.13417834043502808,109.28961181640625,304.2138671875,164.85162353515625,319.95751953125
38SMB_00643_r3600_c3120,8,0.10668331384658813,53.3533935546875,36.931976318359375,95.46945190429688,80.18621826171875
38SMB_00644_r3600_c3360,0,0.6463723182678223,41.73355484008789,228.0272216796875,108.64706420898438,292.323486328125
38SMB_00644_r3600_c3360,1,0.5952200889587402,0.0,1.8034515380859375,64.89152526855469,73.38383483886719
38SMB_00644_r3600_c3360,2,0.3240509033203125,244.63558959960938,179.1068115234375,286.9043884277344,219.82373046875
38SMB_00644_r3600_c3360,3,0.23083654046058655,151.78976440429688,60.27253723144531,236.85482788085938,148.8946533203125
38SMB_00644_r3600_c3360,4,0.18065740168094635,43.3212890625,91.02011108398438,172.59561157226562,212.5108642578125
38SMB_00644_r3600_c3360,5,0.17936253547668457,108.9267578125,20.063304901123047,186.37765502929688,111.85829162597656
38SMB_00644_r3600_c3360,6,0.17359855771064758,210.62158203125,0.04428863525390625,288.261474609375,46.86659240722656
38SMB_00644_r3600_c3360,7,0.13565924763679504,59.203880310058594,0.0,103.5881118774414,19.026927947998047
38SMB_00644_r3600_c3360,8,0.13497410714626312,3.7233200073242188,0.0,64.40823364257812,26.871875762939453
38SMB_00645_r3600_c3600,0,0.2978805601596832,3.4737777709960938,178.8551025390625,47.101470947265625,219.54885864257812
38SMB_00645_r3600_c3600,1,0.20223216712474823,51.62865447998047,99.71623229980469,95.93607330322266,142.6673126220703
38SMB_00645_r3600_c3600,2,0.17132152616977692,0.069305419921875,0.0,41.52789306640625,43.339866638183594
38SMB_00645_r3600_c3600,3,0.13622307777404785,66.12205505371094,146.1300506591797,155.73162841796875,214.14918518066406
38SMB_00646_r3600_c3840,0,0.7783575654029846,185.64569091796875,260.0758056640625,254.87985229492188,319.18310546875
38SMB_00646_r3600_c3840,1,0.34513965249061584,241.1967315673828,114.63694763183594,302.64007568359375,185.12095642089844
38SMB_00646_r3600_c3840,2,0.12298277765512466,175.94229125976562,0.0,229.94854736328125,21.494892120361328
38SMB_00646_r3600_c3840,3,0.12170211970806122,16.46636199951172,262.413330078125,94.90884399414062,319.9991455078125
38SMB_00646_r3600_c3840,4,0.11792944371700287,50.391326904296875,104.46760559082031,95.65310668945312,146.49061584472656
38SMB_00647_r3600_c4080,0,0.5722622275352478,183.99832153320312,241.17892456054688,243.79251098632812,302.1426086425781
38SMB_00647_r3600_c4080,1,0.5721754431724548,236.3148956298828,6.809112548828125,301.44207763671875,79.82295227050781
38SMB_00647_r3600_c4080,2,0.46244388818740845,0.8676300048828125,111.80529022216797,66.39611053466797,185.7880859375
38SMB_00647_r3600_c4080,3,0.19466786086559296,65.89542388916016,26.678451538085938,193.27767944335938,144.65087890625
38SMB_00647_r3600_c4080,4,0.12400991469621658,188.24288940429688,161.48388671875,309.189208984375,295.9788818359375
38SMB_00647_r3600_c4080,5,0.1037907525897026,155.80511474609375,210.80465698242188,202.58575439453125,256.7653503417969
38SMB_00648_r3600_c4320,0,0.6168177723884583,0.0,6.792182922363281,60.74579620361328,79.71160888671875
38SMB_00648_r3600_c4320,1,0.5842761993408203,247.34060668945312,0.0022029876708984375,295.6824035644531,23.44831657409668
38SMB_00648_r3600_c4320,2,0.39682576060295105,118.1722412109375,124.26535034179688,168.49276733398438,172.32147216796875
38SMB_00648_r3600_c4320,3,0.23229728639125824,0.0,183.91815185546875,73.79104614257812,304.40966796875
38SMB_00648_r3600_c4320,4,0.11334763467311859,41.741905212402344,289.04693603515625,99.02312469482422,319.9390869140625
38SMB_00649_r3600_c4560,0,0.5882908701896667,7.740943908691406,0.00205230712890625,55.717323303222656,23.44267463684082
38SMB_00650_r3600_c4800,0,0.29887881875038147,222.07275390625,137.94140625,261.301025390625,176.7156982421875
38SMB_00650_r3600_c4800,1,0.24299363791942596,25.635459899902344,0.0,103.27758026123047,58.750614166259766
38SMB_00650_r3600_c4800,2,0.10397488623857498,90.30787658691406,128.5269775390625,150.12620544433594,189.16943359375
38SMB_00651_r3600_c5040,0,0.33114171028137207,265.6458740234375,49.56620788574219,319.543701171875,115.85775756835938
38SMB_00651_r3600_c5040,1,0.30039581656455994,134.5349578857422,53.921875,197.19126892089844,115.14324951171875
38SMB_00651_r3600_c5040,2,0.10821536183357239,0.017726898193359375,134.8265380859375,20.837190628051758,181.03765869140625
38SMB_00652_r3600_c5280,0,0.27329161763191223,89.87945556640625,97.78449249267578,235.251220703125,240.04351806640625
38SMB_00652_r3600_c5280,1,0.2567051351070404,26.23091697692871,49.39765930175781,88.5156021118164,111.55960083007812
38SMB_00652_r3600_c5280,2,0.18409079313278198,226.9208526611328,109.61567687988281,319.06854248046875,245.1881866455078
38SMB_00652_r3600_c5280,3,0.12959882616996765,187.02127075195312,69.45149230957031,258.7846984863281,134.42739868164062
38SMB_00652_r3600_c5280,4,0.12352030724287033,64.127685546875,160.17471313476562,130.4010772705078,230.92208862304688
38SMB_00652_r3600_c5280,5,0.1213524267077446,210.99099731445312,116.74018859863281,253.50949096679688,156.55641174316406
38SMB_00652_r3600_c5280,6,0.1016940325498581,0.0,265.21917724609375,21.208574295043945,319.75469970703125
38SMB_00653_r3600_c5520,0,0.6547727584838867,244.12744140625,124.23371124267578,295.9608154296875,174.08843994140625
38SMB_00653_r3600_c5520,1,0.5168299674987793,277.47119140625,129.43887329101562,320.0,219.13037109375
38SMB_00653_r3600_c5520,2,0.36882540583610535,247.25460815429688,182.48233032226562,283.7091979980469,219.98452758789062
38SMB_00653_r3600_c5520,3,0.31034597754478455,46.64036560058594,137.48846435546875,163.03759765625,252.99127197265625
38SMB_00653_r3600_c5520,4,0.27734825015068054,245.631591796875,204.90664672851562,319.6964111328125,281.2090148925781
38SMB_00653_r3600_c5520,5,0.19687581062316895,284.37060546875,135.99562072753906,319.9874267578125,208.7183380126953
38SMB_00653_r3600_c5520,6,0.17153501510620117,196.79345703125,0.30315399169921875,318.859130859375,90.2971420288086
38SMB_00653_r3600_c5520,7,0.15915217995643616,0.0,102.44532012939453,180.983642578125,270.74884033203125
38SMB_00653_r3600_c5520,8,0.12865027785301208,3.6206130981445312,281.0020751953125,81.3117446899414,319.8253173828125
38SMB_00654_r3600_c5760,0,0.6683353185653687,4.557361602783203,124.56324768066406,56.49723434448242,174.9742889404297
38SMB_00654_r3600_c5760,1,0.40458324551582336,7.555366516113281,182.89236450195312,43.231014251708984,219.66036987304688
38SMB_00654_r3600_c5760,2,0.39167946577072144,40.53529357910156,122.67424011230469,124.97285461425781,210.5425262451172
38SMB_00654_r3600_c5760,3,0.26508423686027527,7.048576354980469,206.37225341796875,79.9592514038086,279.53594970703125
38SMB_00654_r3600_c5760,4,0.1328340619802475,12.732385635375977,126.49172973632812,53.608421325683594,169.8939208984375
38SMB_00655_r3600_c6000,0,0.2126556783914566,69.5311279296875,49.32170104980469,126.82456970214844,106.25419616699219
38SMB_00655_r3600_c6000,1,0.10034245997667313,268.6404113769531,301.44732666015625,319.9122009277344,319.99462890625
38SMB_00656_r3600_c6240,0,0.6962928771972656,186.546630859375,279.8048095703125,233.72128295898438,320.0
38SMB_00657_r3600_c6480,0,0.22955983877182007,110.6986083984375,179.93368530273438,165.67633056640625,236.44839477539062
38SMB_00659_r3600_c6960,0,0.267375111579895,180.45718383789062,113.65226745605469,271.2743835449219,198.93275451660156
38SMB_00660_r3600_c7200,0,0.15006761252880096,167.6351318359375,188.5970458984375,218.61639404296875,238.48501586914062
38SMB_00661_r3600_c7440,0,0.23835448920726776,136.5701446533203,249.5006103515625,204.29127502441406,313.35870361328125
38SMB_00661_r3600_c7440,1,0.23729316890239716,105.87492370605469,291.89385986328125,164.5327606201172,319.98663330078125
38SMB_00662_r3600_c7680,0,0.15910254418849945,129.6363525390625,77.0225830078125,185.44683837890625,129.33322143554688
38SMB_00673_r3840_c240,0,0.10527995228767395,51.78570556640625,194.4286346435547,80.03387451171875,221.8742218017578
38SMB_00677_r3840_c1200,0,0.21086975932121277,219.96124267578125,0.40137481689453125,319.604248046875,74.2833480834961
38SMB_00678_r3840_c1440,0,0.21255700290203094,1.173004150390625,0.0,136.38197326660156,90.08981323242188
38SMB_00678_r3840_c1440,1,0.10295971482992172,211.35345458984375,168.1358642578125,255.5238037109375,213.05023193359375
38SMB_00680_r3840_c1920,0,0.6804705262184143,181.867431640625,209.573974609375,238.07427978515625,267.0916748046875
38SMB_00680_r3840_c1920,1,0.574775218963623,213.35501098632812,232.35107421875,277.3482666015625,297.67626953125
38SMB_00680_r3840_c1920,2,0.4235551357269287,94.22515106201172,157.8658905029297,200.41143798828125,253.36293029785156
38SMB_00680_r3840_c1920,3,0.33245110511779785,296.0048828125,275.00616455078125,319.98773193359375,320.0
38SMB_00680_r3840_c1920,4,0.16250842809677124,266.42205810546875,216.404052734375,317.88250732421875,270.17816162109375
38SMB_00680_r3840_c1920,5,0.12644337117671967,151.169189453125,0.0,198.862548828125,42.378780364990234
38SMB_00680_r3840_c1920,6,0.1148742213845253,300.8579406738281,281.5337219238281,319.9464416503906,320.0
38SMB_00681_r3840_c2160,0,0.5660495758056641,54.23599624633789,276.23974609375,106.22421264648438,320.0
38SMB_00681_r3840_c2160,1,0.4278595745563507,0.04095458984375,228.9891357421875,36.14293670654297,301.58184814453125
38SMB_00681_r3840_c2160,2,0.33113589882850647,237.95111083984375,0.0,285.74639892578125,18.254072189331055
38SMB_00681_r3840_c2160,3,0.29279252886772156,276.52081298828125,279.4151916503906,319.94061279296875,320.0
38SMB_00681_r3840_c2160,4,0.1636313498020172,26.855003356933594,216.7432861328125,78.87446594238281,270.052490234375
38SMB_00681_r3840_c2160,5,0.1256050020456314,149.085205078125,265.3616638183594,191.73675537109375,308.3441467285156
38SMB_00682_r3840_c2400,0,0.47689488530158997,122.24309539794922,294.3833923339844,183.32073974609375,320.0
38SMB_00682_r3840_c2400,1,0.38642919063568115,235.12489318847656,298.77911376953125,280.809814453125,320.0
38SMB_00682_r3840_c2400,2,0.3010183870792389,0.24708938598632812,0.0,45.492618560791016,18.656394958496094
38SMB_00682_r3840_c2400,3,0.2680022418498993,37.104774475097656,280.1353759765625,87.74842834472656,319.9671630859375
38SMB_00682_r3840_c2400,4,0.16940639913082123,129.61358642578125,299.1609802246094,179.92227172851562,319.9877624511719
38SMB_00682_r3840_c2400,5,0.11174380034208298,265.478515625,139.02017211914062,320.0,205.00827026367188
38SMB_00683_r3840_c2640,0,0.40296050906181335,167.88214111328125,0.0,220.70492553710938,31.223756790161133
38SMB_00683_r3840_c2640,1,0.37745553255081177,0.769500732421875,297.2169494628906,40.80923080444336,320.0
38SMB_00683_r3840_c2640,2,0.28510886430740356,269.85833740234375,46.926177978515625,320.0,108.21852111816406
38SMB_00683_r3840_c2640,3,0.2824156880378723,23.683067321777344,140.18637084960938,90.87948608398438,205.41983032226562
38SMB_00683_r3840_c2640,4,0.2818637490272522,12.984321594238281,51.43621826171875,109.29669952392578,153.13278198242188
38SMB_00683_r3840_c2640,5,0.2654532194137573,268.80145263671875,87.31269073486328,320.0,173.078857421875
38SMB_00683_r3840_c2640,6,0.1455753594636917,265.27862548828125,0.0384521484375,320.0,35.988426208496094
38SMB_00684_r3840_c2880,0,0.40800780057907104,221.43362426757812,187.05584716796875,266.36236572265625,232.9127197265625
38SMB_00684_r3840_c2880,1,0.4074932038784027,79.3289794921875,36.886634826660156,152.92677307128906,105.28472137451172
38SMB_00684_r3840_c2880,2,0.404375821352005,30.497711181640625,100.57058715820312,96.23797607421875,165.019775390625
38SMB_00684_r3840_c2880,3,0.3293207287788391,118.97953796386719,167.654296875,173.9126434326172,222.8756103515625
38SMB_00684_r3840_c2880,4,0.27585896849632263,224.54559326171875,223.79962158203125,288.257568359375,290.5482177734375
38SMB_00684_r3840_c2880,5,0.2611580193042755,30.09452247619629,49.563873291015625,89.08812713623047,107.70358276367188
38SMB_00684_r3840_c2880,6,0.260285884141922,162.248046875,57.041473388671875,232.69873046875,131.62828063964844
38SMB_00684_r3840_c2880,7,0.2210533320903778,265.2542419433594,182.27011108398438,298.6591491699219,215.770263671875
38SMB_00684_r3840_c2880,8,0.11915826052427292,125.73306274414062,0.051166534423828125,206.87716674804688,59.95957946777344
38SMB_00685_r3840_c3120,0,0.6733457446098328,225.03451538085938,174.97079467773438,284.4935302734375,240.28353881835938
38SMB_00685_r3840_c3120,1,0.6547843813896179,280.13604736328125,0.0,319.78497314453125,49.99038314819336
38SMB_00685_r3840_c3120,2,0.5245760083198547,271.88616943359375,166.0780029296875,320.0,216.99685668945312
38SMB_00685_r3840_c3120,3,0.481485515832901,272.4803161621094,84.85429382324219,319.9341125488281,146.7852783203125
38SMB_00685_r3840_c3120,4,0.4272485375404358,134.42288208007812,123.46073150634766,219.21026611328125,216.20065307617188
38SMB_00685_r3840_c3120,5,0.3531455993652344,183.53952026367188,88.50395202636719,250.15414428710938,162.04849243164062
38SMB_00685_r3840_c3120,6,0.2802697718143463,85.61114501953125,11.154155731201172,142.26052856445312,63.76901626586914
38SMB_00685_r3840_c3120,7,0.24416673183441162,162.85812377929688,208.47329711914062,269.13336181640625,319.9559631347656
38SMB_00685_r3840_c3120,8,0.21628202497959137,25.03350830078125,182.2313232421875,58.73906707763672,215.784423828125
38SMB_00685_r3840_c3120,9,0.2025626301765442,266.70159912109375,136.39700317382812,320.0,218.8896484375
38SMB_00685_r3840_c3120,10,0.20024006068706512,0.12490081787109375,177.08395385742188,27.200870513916016,235.3570556640625
38SMB_00685_r3840_c3120,11,0.18713296949863434,0.0,161.151611328125,28.76262092590332,239.73748779296875
38SMB_00685_r3840_c3120,12,0.18441884219646454,0.06889724731445312,225.41578674316406,49.16250991821289,289.9466552734375
38SMB_00685_r3840_c3120,13,0.1778801679611206,105.00447845458984,58.662750244140625,169.81814575195312,115.86248779296875
38SMB_00685_r3840_c3120,14,0.14912159740924835,123.53693389892578,0.0,180.246337890625,31.674217224121094
38SMB_00685_r3840_c3120,15,0.14261358976364136,138.0598602294922,143.025390625,211.3851776123047,218.15365600585938
38SMB_00686_r3840_c3360,0,0.8298026919364929,253.64869689941406,156.65872192382812,302.18212890625,201.45205688476562
38SMB_00686_r3840_c3360,1,0.6550568342208862,42.51686096191406,0.0,110.84356689453125,51.88385772705078
38SMB_00686_r3840_c3360,2,0.5389173626899719,0.367523193359375,174.58621215820312,43.7014274597168,239.83895874023438
38SMB_00686_r3840_c3360,3,0.5200541019439697,31.910322189331055,165.2167510986328,85.24429321289062,217.1071014404297
38SMB_00686_r3840_c3360,4,0.23775820434093475,0.0,247.24246215820312,36.38966369628906,320.0
38SMB_00686_r3840_c3360,5,0.22744017839431763,214.34381103515625,108.5869140625,258.671630859375,153.21493530273438
38SMB_00686_r3840_c3360,6,0.21125143766403198,291.45587158203125,201.79739379882812,320.0,266.7327575683594
38SMB_00686_r3840_c3360,7,0.14344073832035065,27.044029235839844,136.82373046875,95.40365600585938,218.92559814453125
38SMB_00687_r3840_c3600,0,0.8268098831176758,14.229816436767578,156.74789428710938,62.1851692199707,201.32455444335938
38SMB_00687_r3840_c3600,1,0.36234086751937866,85.05807495117188,241.07485961914062,128.2513427734375,281.5722961425781
38SMB_00687_r3840_c3600,2,0.20667444169521332,77.14718627929688,125.82530212402344,201.99652099609375,244.5983123779297
38SMB_00687_r3840_c3600,3,0.2038453370332718,0.0,106.73600769042969,18.72225570678711,156.50318908691406
38SMB_00687_r3840_c3600,4,0.14868392050266266,234.64324951171875,0.161834716796875,320.0,94.30166625976562
38SMB_00687_r3840_c3600,5,0.108833447098732,50.07720947265625,199.21661376953125,107.96527099609375,259.65643310546875
38SMB_00687_r3840_c3600,6,0.10567343980073929,256.7914123535156,21.540443420410156,318.6499938964844,92.60846710205078
38SMB_00688_r3840_c3840,0,0.7680712938308716,185.61737060546875,19.79925537109375,254.80160522460938,80.90426635742188
38SMB_00688_r3840_c3840,1,0.3081381916999817,230.67105102539062,260.64013671875,277.6769104003906,307.500244140625
38SMB_00688_r3840_c3840,2,0.2520614564418793,19.65833282470703,20.093338012695312,94.76679992675781,91.93842315673828
38SMB_00688_r3840_c3840,3,0.20915308594703674,5.166961669921875,1.9870452880859375,97.42250061035156,93.50714874267578
38SMB_00688_r3840_c3840,4,0.1647844910621643,243.25909423828125,74.77197265625,316.41455078125,153.9180908203125
38SMB_00688_r3840_c3840,5,0.12760208547115326,22.693206787109375,28.1972713470459,82.85884857177734,83.34786224365234
38SMB_00688_r3840_c3840,6,0.10017944127321243,228.3794403076172,252.60899353027344,288.93695068359375,310.697021484375
38SMB_00689_r3840_c4080,0,0.5169435143470764,184.57154846191406,2.5768089294433594,243.0076141357422,61.7034797668457
38SMB_00689_r3840_c4080,1,0.2256408929824829,221.6756591796875,0.0,311.060302734375,65.37425231933594
38SMB_00689_r3840_c4080,2,0.211836576461792,0.009563446044921875,259.29290771484375,39.7454948425293,308.88922119140625
38SMB_00689_r3840_c4080,3,0.20552976429462433,3.4871597290039062,76.77278137207031,76.35563659667969,153.0248565673828
38SMB_00689_r3840_c4080,4,0.17837797105312347,151.94259643554688,0.051357269287109375,207.89749145507812,16.47612762451172
38SMB_00689_r3840_c4080,5,0.1694021224975586,157.1759033203125,0.034996986389160156,200.99127197265625,14.499554634094238
38SMB_00689_r3840_c4080,6,0.13777734339237213,172.52362060546875,0.45372772216796875,249.4364013671875,64.65991973876953
38SMB_00689_r3840_c4080,7,0.13327622413635254,282.31561279296875,39.764984130859375,319.95831298828125,127.60292053222656
38SMB_00689_r3840_c4080,8,0.12318189442157745,0.0,252.23780822753906,47.629638671875,311.868896484375
38SMB_00690_r3840_c4320,0,0.710608720779419,255.39596557617188,175.14132690429688,307.4226379394531,228.34805297851562
38SMB_00690_r3840_c4320,1,0.4705624580383301,189.5037841796875,128.27096557617188,247.77752685546875,190.91873168945312
38SMB_00690_r3840_c4320,2,0.192377507686615,0.0,0.0,70.49217224121094,66.34013366699219
38SMB_00690_r3840_c4320,3,0.16096970438957214,44.41273498535156,47.65653991699219,139.93667602539062,138.01165771484375
38SMB_00691_r3840_c4560,0,0.7198987007141113,15.399911880493164,174.9677276611328,67.75607299804688,228.5821075439453
38SMB_00691_r3840_c4560,1,0.5759010910987854,106.2776870727539,220.9727783203125,164.31478881835938,280.33392333984375
38SMB_00691_r3840_c4560,2,0.5716035962104797,166.62655639648438,202.51608276367188,218.79226684570312,255.46524047851562
38SMB_00691_r3840_c4560,3,0.14737246930599213,245.30166625976562,233.29794311523438,292.6268615722656,280.6306457519531
38SMB_00692_r3840_c4800,0,0.8091028332710266,75.69708251953125,233.92913818359375,128.96206665039062,285.49853515625
38SMB_00692_r3840_c4800,1,0.24880936741828918,119.42391967773438,35.681495666503906,188.811279296875,102.20659637451172
38SMB_00692_r3840_c4800,2,0.15540575981140137,5.084236145019531,232.99497985839844,53.47831344604492,280.734375
38SMB_00692_r3840_c4800,3,0.11413044482469559,132.52053833007812,45.06710433959961,187.73434448242188,99.70556640625
38SMB_00694_r3840_c5280,0,0.15953516960144043,288.3819885253906,212.75323486328125,320.0,260.00799560546875
38SMB_00694_r3840_c5280,1,0.14703987538814545,257.20965576171875,260.1472473144531,320.0,320.0
38SMB_00694_r3840_c5280,2,0.11678697168827057,239.35598754882812,34.77792739868164,317.9671325683594,113.85073852539062
38SMB_00695_r3840_c5520,0,0.6956900358200073,278.35565185546875,219.19534301757812,320.0,265.085205078125
38SMB_00695_r3840_c5520,1,0.2543131411075592,32.34004211425781,0.3255615234375,131.62928771972656,60.026397705078125
38SMB_00695_r3840_c5520,2,0.22614845633506775,249.47006225585938,0.0,317.3368225097656,39.14580535888672
38SMB_00695_r3840_c5520,3,0.1978849619626999,116.666259765625,0.0,154.77078247070312,13.111092567443848
38SMB_00695_r3840_c5520,4,0.19301201403141022,1.879425048828125,176.8836669921875,94.52503967285156,275.8258056640625
38SMB_00695_r3840_c5520,5,0.1926967054605484,48.286441802978516,213.36483764648438,92.38165283203125,258.4330749511719
38SMB_00695_r3840_c5520,6,0.14292879402637482,4.824974060058594,36.941680908203125,81.17650604248047,111.47515869140625
38SMB_00695_r3840_c5520,7,0.11735346913337708,1.1461868286132812,3.0201797485351562,80.91268920898438,114.816650390625
38SMB_00696_r3840_c5760,0,0.6807385087013245,41.79817199707031,222.02035522460938,79.48751831054688,262.85711669921875
38SMB_00696_r3840_c5760,1,0.168130025267601,11.890846252441406,0.010204315185546875,76.04609680175781,34.15304183959961
38SMB_00697_r3840_c6000,0,0.38840165734291077,119.02596282958984,155.67654418945312,152.36715698242188,189.27401733398438
38SMB_00697_r3840_c6000,1,0.11747797578573227,65.10284423828125,22.167905807495117,98.03016662597656,55.5279541015625
38SMB_00698_r3840_c6240,0,0.6990728974342346,186.0030517578125,39.74555206298828,233.77188110351562,87.46981811523438
38SMB_00698_r3840_c6240,1,0.20249640941619873,80.42730712890625,247.42083740234375,132.45127868652344,301.36895751953125
38SMB_00703_r3840_c7440,0,0.4691254198551178,141.9422607421875,190.32107543945312,209.2386474609375,257.6569519042969
38SMB_00703_r3840_c7440,1,0.3854010999202728,99.49091339111328,51.275875091552734,162.17474365234375,114.65328979492188
38SMB_00703_r3840_c7440,2,0.22949129343032837,137.21038818359375,10.400985717773438,204.0855712890625,72.62310791015625
38SMB_00703_r3840_c7440,3,0.10488669574260712,68.28196716308594,119.38819885253906,115.56759643554688,167.33045959472656
38SMB_00707_r3840_c8400,0,0.827133059501648,282.8193054199219,114.95128631591797,320.0,161.84686279296875
38SMB_00708_r3840_c8640,0,0.8301432728767395,42.55080032348633,114.5281982421875,89.31275939941406,161.10858154296875
38SMB_00714_r4080_c0,0,0.2284356653690338,0.0,254.6765899658203,29.994773864746094,312.48675537109375
38SMB_00714_r4080_c0,1,0.1535506695508957,0.0,259.40447998046875,24.800098419189453,307.93310546875
38SMB_00714_r4080_c0,2,0.10600756108760834,0.106842041015625,262.9696044921875,19.552993774414062,303.07757568359375
38SMB_00721_r4080_c1680,0,0.3009487986564636,271.6236572265625,85.42802429199219,319.9066162109375,163.42726135253906
38SMB_00721_r4080_c1680,1,0.24130646884441376,33.55003356933594,0.16297149658203125,169.57772827148438,89.46771240234375
38SMB_00721_r4080_c1680,2,0.15330590307712555,107.64977264404297,106.33454895019531,259.30841064453125,251.3682098388672
38SMB_00721_r4080_c1680,3,0.13259558379650116,155.69134521484375,43.0345458984375,256.9924011230469,130.3335723876953
38SMB_00722_r4080_c1920,0,0.5738978981971741,212.61550903320312,0.0,277.5001525878906,56.87666320800781
38SMB_00722_r4080_c1920,1,0.5444998145103455,29.048583984375,83.93374633789062,110.69293212890625,162.95803833007812
38SMB_00722_r4080_c1920,2,0.4057565927505493,241.91819763183594,275.07147216796875,320.0,320.0
38SMB_00722_r4080_c1920,3,0.38103169202804565,296.5427551269531,34.3013916015625,319.9758605957031,91.32620239257812
38SMB_00722_r4080_c1920,4,0.2913571000099182,115.32087707519531,197.76663208007812,187.9966583251953,266.5821838378906
38SMB_00722_r4080_c1920,5,0.24405048787593842,171.33819580078125,0.0,235.48968505859375,28.441926956176758
38SMB_00722_r4080_c1920,6,0.17770443856716156,182.7571258544922,0.07287979125976562,234.0475616455078,24.8000431060791
38SMB_00722_r4080_c1920,7,0.15141694247722626,245.22789001464844,225.92578125,297.34375,275.23040771484375
38SMB_00722_r4080_c1920,8,0.15109385550022125,266.2283935546875,0.0,316.33795166015625,31.359270095825195
38SMB_00722_r4080_c1920,9,0.1382289081811905,158.6580810546875,111.43238067626953,203.9461669921875,160.22418212890625
38SMB_00722_r4080_c1920,10,0.13311031460762024,302.0033264160156,42.695159912109375,319.9303894042969,88.06855773925781
38SMB_00722_r4080_c1920,11,0.10217198729515076,0.0,145.44088745117188,123.80938720703125,258.78411865234375
38SMB_00723_r4080_c2160,0,0.7831684947013855,128.62252807617188,230.24267578125,177.18862915039062,279.314697265625
38SMB_00723_r4080_c2160,1,0.5794886946678162,52.96737289428711,35.16516876220703,106.98074340820312,91.9697036743164
38SMB_00723_r4080_c2160,2,0.46712249517440796,0.0,0.0,36.51274108886719,62.26673889160156
38SMB_00723_r4080_c2160,3,0.3845301866531372,228.7847900390625,129.01438903808594,314.920654296875,211.76246643066406
38SMB_00723_r4080_c2160,4,0.3604941964149475,4.2223052978515625,275.5188903808594,82.80835723876953,319.8254089355469
38SMB_00723_r4080_c2160,5,0.23729968070983887,65.46127319335938,108.57421112060547,179.57412719726562,210.39666748046875
38SMB_00723_r4080_c2160,6,0.2288145124912262,141.13059997558594,81.93748474121094,187.9804229736328,128.95130920410156
38SMB_00723_r4080_c2160,7,0.21718735992908478,168.37936401367188,168.91180419921875,219.76296997070312,220.4798583984375
38SMB_00723_r4080_c2160,8,0.1562214493751526,100.10926818847656,196.55801391601562,146.43968200683594,243.82467651367188
38SMB_00723_r4080_c2160,9,0.1524256020784378,275.717529296875,38.94950485229492,320.0,95.71928405761719
38SMB_00723_r4080_c2160,10,0.15033335983753204,26.66011619567871,0.0,76.6954574584961,31.00918960571289
38SMB_00723_r4080_c2160,11,0.12850143015384674,14.086891174316406,229.3992919921875,55.87981414794922,273.4674987792969
38SMB_00723_r4080_c2160,12,0.1021638736128807,149.22308349609375,24.909334182739258,192.12225341796875,67.63639831542969
38SMB_00724_r4080_c2400,0,0.7190693020820618,82.75785827636719,206.74954223632812,134.3393096923828,257.4187927246094
38SMB_00724_r4080_c2400,1,0.6659535765647888,228.72006225585938,56.74552917480469,282.8119201660156,110.02761840820312
38SMB_00724_r4080_c2400,2,0.6643538475036621,123.89215087890625,55.792694091796875,189.76602172851562,121.42903137207031
38SMB_00724_r4080_c2400,3,0.5628206133842468,95.21192932128906,270.67578125,167.24183654785156,319.7412109375
38SMB_00724_r4080_c2400,4,0.43670105934143066,245.61875915527344,110.46498107910156,291.376953125,157.80027770996094
38SMB_00724_r4080_c2400,5,0.21385762095451355,38.02372741699219,40.676368713378906,88.80403137207031,91.48998260498047
38SMB_00724_r4080_c2400,6,0.21017788350582123,0.0,125.6490707397461,73.71839904785156,209.94631958007812
38SMB_00724_r4080_c2400,7,0.17724086344242096,200.84161376953125,92.12922668457031,241.54803466796875,132.23045349121094
38SMB_00725_r4080_c2640,0,0.5253666639328003,0.2201080322265625,55.98576354980469,42.61390686035156,110.13687133789062
38SMB_00725_r4080_c2640,1,0.4640846252441406,4.129901885986328,110.60687255859375,51.43410873413086,157.79666137695312
38SMB_00725_r4080_c2640,2,0.19690175354480743,283.4727783203125,194.2177734375,320.0,290.1321716308594
38SMB_00725_r4080_c2640,3,0.18716764450073242,290.4810791015625,201.7081298828125,319.98486328125,283.96441650390625
38SMB_00725_r4080_c2640,4,0.1753806471824646,273.4112548828125,259.676513671875,320.0,319.466064453125
38SMB_00725_r4080_c2640,5,0.11333278566598892,303.9602966308594,88.81108093261719,319.9645080566406,165.59481811523438
38SMB_00726_r4080_c2880,0,0.8257594108581543,253.66476440429688,73.86399841308594,306.2503356933594,127.66081237792969
38SMB_00726_r4080_c2880,1,0.6856025457382202,267.037109375,172.89181518554688,309.76873779296875,212.59854125976562
38SMB_00726_r4080_c2880,2,0.5608281493186951,45.02589416503906,188.5587158203125,141.26353454589844,291.6272888183594
38SMB_00726_r4080_c2880,3,0.3856751322746277,130.45053100585938,236.9788818359375,214.69619750976562,315.4769287109375
38SMB_00726_r4080_c2880,4,0.2739756107330322,226.85549926757812,0.0,288.3143615722656,50.24870681762695
38SMB_00726_r4080_c2880,5,0.261383593082428,177.25942993164062,197.46165466308594,226.37142944335938,243.3714141845703
38SMB_00726_r4080_c2880,6,0.15938560664653778,33.93958282470703,263.67633056640625,90.38529205322266,319.47686767578125
38SMB_00726_r4080_c2880,7,0.1213136538863182,176.521484375,28.645553588867188,267.3882751464844,129.1057586669922
38SMB_00726_r4080_c2880,8,0.11250749975442886,97.21340942382812,44.006195068359375,214.8719482421875,159.02920532226562
38SMB_00726_r4080_c2880,9,0.11152702569961548,176.35000610351562,121.86927795410156,192.16143798828125,137.99195861816406
38SMB_00727_r4080_c3120,0,0.8266705274581909,13.88641357421875,73.831298828125,66.31260681152344,127.62265014648438
38SMB_00727_r4080_c3120,1,0.6920392513275146,27.173095703125,172.98275756835938,69.38162994384766,212.62417602539062
38SMB_00727_r4080_c3120,2,0.43765097856521606,0.0084991455078125,79.07492065429688,20.838592529296875,134.45184326171875
38SMB_00727_r4080_c3120,3,0.400150865316391,260.6697998046875,211.54745483398438,319.2889404296875,274.9333190917969
38SMB_00727_r4080_c3120,4,0.3633829653263092,202.14559936523438,65.49952697753906,256.1178283691406,120.28713989257812
38SMB_00727_r4080_c3120,5,0.3346841633319855,0.0,252.22950744628906,22.992582321166992,317.224365234375
38SMB_00727_r4080_c3120,6,0.2934402525424957,260.22802734375,264.9326171875,308.39959716796875,314.63702392578125
38SMB_00727_r4080_c3120,7,0.2493119090795517,167.35769653320312,0.1517791748046875,270.9468688964844,79.16017150878906
38SMB_00727_r4080_c3120,8,0.2070651352405548,0.4428253173828125,0.0,48.38478088378906,50.506866455078125
38SMB_00727_r4080_c3120,9,0.20574890077114105,256.27056884765625,116.17996215820312,310.66033935546875,173.7435302734375
38SMB_00727_r4080_c3120,10,0.15646730363368988,0.00174713134765625,86.8380126953125,16.250316619873047,130.2501678466797
38SMB_00727_r4080_c3120,11,0.1463920623064041,75.10038757324219,46.199703216552734,129.90403747558594,99.74685668945312
38SMB_00727_r4080_c3120,12,0.12951301038265228,0.010908126831054688,248.93536376953125,16.79290008544922,312.1815185546875
38SMB_00727_r4080_c3120,13,0.11189724504947662,250.60577392578125,108.14556884765625,319.3140869140625,176.7867431640625
38SMB_00727_r4080_c3120,14,0.11040912568569183,0.0,249.42649841308594,31.58576202392578,319.582275390625
38SMB_00728_r4080_c3360,0,0.48008304834365845,287.9693603515625,154.03872680664062,320.0,228.70571899414062
38SMB_00728_r4080_c3360,1,0.35021117329597473,20.87306022644043,210.93392944335938,82.9439697265625,275.3434143066406
38SMB_00728_r4080_c3360,2,0.29415300488471985,0.0,79.18339538574219,14.980215072631836,120.06965637207031
38SMB_00728_r4080_c3360,3,0.2874041795730591,20.46015167236328,265.12042236328125,67.932861328125,314.40142822265625
38SMB_00728_r4080_c3360,4,0.21996062994003296,0.01245880126953125,5.153083801269531,33.05810546875,85.25222778320312
38SMB_00728_r4080_c3360,5,0.19714480638504028,17.246932983398438,116.4365234375,70.54957580566406,173.75289916992188
38SMB_00728_r4080_c3360,6,0.1224130243062973,300.6513366699219,0.12254142761230469,319.6463317871094,26.80811882019043
38SMB_00728_r4080_c3360,7,0.10509772598743439,294.3639831542969,167.28497314453125,320.0,223.7716064453125
38SMB_00728_r4080_c3360,8,0.10066033899784088,0.09993743896484375,70.84994506835938,17.579303741455078,126.20391845703125
38SMB_00729_r4080_c3600,0,0.7389068603515625,48.34135437011719,160.28164672851562,114.20823669433594,227.42514038085938
38SMB_00729_r4080_c3600,1,0.5848472714424133,86.89683532714844,235.83953857421875,127.91569519042969,277.55963134765625
38SMB_00729_r4080_c3600,2,0.4378575384616852,85.2266845703125,0.8220672607421875,128.6327667236328,41.46757507324219
38SMB_00729_r4080_c3600,3,0.3092069923877716,220.73692321777344,92.46589660644531,320.0,198.44590759277344
38SMB_00729_r4080_c3600,4,0.16063742339611053,61.16731643676758,0.1843090057373047,98.41706848144531,20.97850227355957
38SMB_00729_r4080_c3600,5,0.10184310376644135,0.043182373046875,33.72906494140625,19.960769653320312,86.79010009765625
38SMB_00730_r4080_c3840,0,0.5323180556297302,257.5050048828125,231.81130981445312,320.0,310.7708435058594
38SMB_00730_r4080_c3840,1,0.2765790820121765,228.7427978515625,19.09001922607422,279.19903564453125,68.71143341064453
38SMB_00730_r4080_c3840,2,0.2544279992580414,195.56564331054688,82.76577758789062,283.10064697265625,177.00665283203125
38SMB_00730_r4080_c3840,3,0.2253468632698059,0.0,99.78547668457031,104.46440124511719,195.63853454589844
38SMB_00730_r4080_c3840,4,0.1253925859928131,102.17343139648438,121.24574279785156,150.49044799804688,169.8387908935547
38SMB_00730_r4080_c3840,5,0.11421005427837372,226.3662872314453,12.64759635925293,286.98785400390625,71.78826904296875
38SMB_00731_r4080_c4080,0,0.5991904735565186,68.23245239257812,110.7369384765625,120.41561889648438,160.85107421875
38SMB_00731_r4080_c4080,1,0.5887665748596191,19.670394897460938,233.76663208007812,98.0195541381836,306.7608337402344
38SMB_00731_r4080_c4080,2,0.5046585202217102,118.85760498046875,238.04837036132812,170.33676147460938,290.2149963378906
38SMB_00731_r4080_c4080,3,0.22377079725265503,0.005428314208984375,19.28656005859375,39.75602722167969,68.39696502685547
38SMB_00731_r4080_c4080,4,0.13081149756908417,0.0,12.625345230102539,48.87946701049805,72.03800201416016
38SMB_00733_r4080_c4560,0,0.41993457078933716,166.3286895751953,0.02776050567626953,212.95555114746094,12.155020713806152
38SMB_00733_r4080_c4560,1,0.33184176683425903,107.60846710205078,0.05774688720703125,163.62457275390625,37.58916091918945
38SMB_00733_r4080_c4560,2,0.20245566964149475,163.46249389648438,0.09032726287841797,215.78277587890625,15.993992805480957
38SMB_00733_r4080_c4560,3,0.1260356456041336,246.66470336914062,0.01526641845703125,292.2864685058594,41.44961166381836
38SMB_00733_r4080_c4560,4,0.10515850782394409,51.4327392578125,309.0271301269531,109.72531127929688,319.9161071777344
38SMB_00734_r4080_c4800,0,0.7760775089263916,76.685791015625,0.0,128.86004638671875,44.90020751953125
38SMB_00734_r4080_c4800,1,0.13624490797519684,4.221302032470703,0.0,52.53855895996094,40.09693145751953
38SMB_00735_r4080_c5040,0,0.1335485726594925,219.99081420898438,0.032257080078125,305.1905212402344,52.67304992675781
38SMB_00736_r4080_c5280,0,0.2450747787952423,121.94508361816406,91.10736083984375,195.86424255371094,167.21307373046875
38SMB_00736_r4080_c5280,1,0.2337232530117035,277.5543212890625,0.0,320.0,25.709503173828125
38SMB_00736_r4080_c5280,2,0.13351993262767792,254.80215454101562,18.146011352539062,319.8745422363281,104.63662719726562
38SMB_00736_r4080_c5280,3,0.1315002739429474,274.1026611328125,278.7289733886719,319.28759765625,320.0
38SMB_00736_r4080_c5280,4,0.10830632597208023,264.70367431640625,77.63302612304688,320.0,145.65731811523438
38SMB_00737_r4080_c5520,0,0.7347605228424072,198.4442138671875,207.0419921875,241.17608642578125,249.31671142578125
38SMB_00737_r4080_c5520,1,0.5586622953414917,277.9734191894531,0.0,319.4422302246094,25.500619888305664
38SMB_00737_r4080_c5520,2,0.34715378284454346,37.47802734375,0.0,96.18894958496094,22.146913528442383
38SMB_00737_r4080_c5520,3,0.1848762184381485,116.51880645751953,211.85565185546875,263.5908203125,320.0
38SMB_00737_r4080_c5520,4,0.17353250086307526,44.96345520019531,0.08537864685058594,92.62599182128906,18.085023880004883
38SMB_00737_r4080_c5520,5,0.1350090205669403,5.043087005615234,167.42434692382812,130.37728881835938,294.1979064941406
38SMB_00738_r4080_c5760,0,0.5400785207748413,41.92039489746094,0.0006275177001953125,79.15757751464844,23.141401290893555
38SMB_00738_r4080_c5760,1,0.1399943083524704,141.1945343017578,246.3137664794922,180.3746795654297,282.92401123046875
38SMB_00740_r4080_c6240,0,0.23497791588306427,82.28912353515625,8.308464050292969,129.39918518066406,60.49549102783203
38SMB_00740_r4080_c6240,1,0.1337229162454605,104.8651351928711,0.03692436218261719,154.45822143554688,16.784849166870117
38SMB_00740_r4080_c6240,2,0.10953673720359802,109.49815368652344,0.061687469482421875,151.6529083251953,12.314380645751953
38SMB_00745_r4080_c7440,0,0.33514344692230225,171.06805419921875,89.47364807128906,216.39471435546875,135.85052490234375
38SMB_00745_r4080_c7440,1,0.30684947967529297,158.08758544921875,0.031772613525390625,213.9700927734375,17.21385955810547
38SMB_00745_r4080_c7440,2,0.1166185811161995,160.95205688476562,0.04417610168457031,213.61318969726562,12.646292686462402
38SMB_00749_r4080_c8400,0,0.3586902916431427,205.93453979492188,107.8233642578125,295.4576721191406,199.04946899414062
38SMB_00750_r4080_c8640,0,0.1727275401353836,0.0,105.2337875366211,56.52915573120117,199.73049926757812
38SMB_00750_r4080_c8640,1,0.1588878482580185,0.06975173950195312,127.61624908447266,52.02252960205078,196.72482299804688
38SMB_00756_r4320_c0,0,0.2358810156583786,0.0069751739501953125,15.471183776855469,30.25149917602539,73.13833618164062
38SMB_00756_r4320_c0,1,0.15515904128551483,0.0,19.219011306762695,24.870553970336914,67.85340881347656
38SMB_00756_r4320_c0,2,0.10110851377248764,0.07649421691894531,22.24131202697754,19.598981857299805,63.634056091308594
38SMB_00763_r4320_c1680,0,0.13170801103115082,294.02008056640625,152.5313262939453,320.0,202.64393615722656
38SMB_00764_r4320_c1920,0,0.1814623475074768,247.37893676757812,0.0,295.2789001464844,33.60792541503906
38SMB_00764_r4320_c1920,1,0.176778644323349,55.5124626159668,127.77674102783203,147.74302673339844,211.57440185546875
38SMB_00764_r4320_c1920,2,0.1511315256357193,52.02598571777344,94.11314392089844,95.24201965332031,137.40597534179688
38SMB_00764_r4320_c1920,3,0.12322305887937546,76.31587219238281,213.10487365722656,109.61744689941406,246.7222137451172
38SMB_00764_r4320_c1920,4,0.10602627694606781,222.72210693359375,0.0,300.35955810546875,37.405128479003906
38SMB_00765_r4320_c2160,0,0.7467077970504761,128.87283325195312,0.0,175.56802368164062,39.08527374267578
38SMB_00765_r4320_c2160,1,0.5915824174880981,166.83877563476562,168.8814697265625,263.9673156738281,260.005859375
38SMB_00765_r4320_c2160,2,0.17926716804504395,6.26873779296875,0.0,55.459896087646484,33.87844467163086
38SMB_00765_r4320_c2160,3,0.16129779815673828,101.94569396972656,115.66349029541016,155.2717742919922,174.27529907226562
38SMB_00766_r4320_c2400,0,0.6635345220565796,98.57929992675781,30.172264099121094,165.97862243652344,97.76643371582031
38SMB_00766_r4320_c2400,1,0.4628303647041321,248.1280517578125,174.02540588378906,319.77294921875,243.3383026123047
38SMB_00766_r4320_c2400,2,0.2964097559452057,170.75140380859375,113.33552551269531,232.81512451171875,177.81187438964844
38SMB_00766_r4320_c2400,3,0.28728029131889343,216.97982788085938,154.04225158691406,258.2126159667969,193.72508239746094
38SMB_00766_r4320_c2400,4,0.2796590030193329,83.47979736328125,0.0,131.93331909179688,16.117704391479492
38SMB_00766_r4320_c2400,5,0.12860889732837677,0.0,64.78929138183594,13.65354061126709,102.58863830566406
38SMB_00766_r4320_c2400,6,0.11408055573701859,142.110107421875,62.84721374511719,196.8685302734375,120.24726867675781
38SMB_00767_r4320_c2640,0,0.5568057298660278,298.80841064453125,146.32241821289062,319.95196533203125,196.86654663085938
38SMB_00767_r4320_c2640,1,0.450839102268219,213.48895263671875,225.68109130859375,268.5411376953125,281.3796691894531
38SMB_00767_r4320_c2640,2,0.32390522956848145,117.8215560913086,153.96463012695312,155.90322875976562,192.18191528320312
38SMB_00767_r4320_c2640,3,0.27503547072410583,135.01614379882812,189.61337280273438,187.2955322265625,243.98306274414062
38SMB_00767_r4320_c2640,4,0.19186082482337952,273.572021484375,14.588249206542969,319.9593505859375,81.22331237792969
38SMB_00767_r4320_c2640,5,0.15836569666862488,292.3352966308594,0.09603500366210938,319.7383117675781,45.19163131713867
38SMB_00767_r4320_c2640,6,0.15327122807502747,9.613693237304688,176.6297607421875,82.94390106201172,237.472412109375
38SMB_00767_r4320_c2640,7,0.1420004516839981,180.5236358642578,172.97640991210938,247.0305633544922,242.98211669921875
38SMB_00767_r4320_c2640,8,0.13468296825885773,0.023889541625976562,144.21768188476562,17.181835174560547,204.92214965820312
38SMB_00767_r4320_c2640,9,0.12319306284189224,0.020824432373046875,153.383544921875,17.937837600708008,197.01776123046875
38SMB_00767_r4320_c2640,10,0.12035972625017166,16.34273910522461,166.54083251953125,132.352294921875,258.51165771484375
38SMB_00768_r4320_c2880,0,0.8217240571975708,58.22854232788086,149.49673461914062,101.50335693359375,194.51571655273438
38SMB_00768_r4320_c2880,1,0.719113826751709,88.76193237304688,232.75616455078125,145.83203125,286.86138916015625
38SMB_00768_r4320_c2880,2,0.6634484529495239,122.16056823730469,195.89004516601562,185.18653869628906,258.9661560058594
38SMB_00768_r4320_c2880,3,0.4681764245033264,54.19300842285156,0.0,140.75196838378906,51.490943908691406
38SMB_00768_r4320_c2880,4,0.41309675574302673,130.50216674804688,0.0,214.21170043945312,75.18649291992188
38SMB_00768_r4320_c2880,5,0.21769168972969055,0.0,216.36279296875,29.208023071289062,279.64898681640625
38SMB_00768_r4320_c2880,6,0.2001149207353592,34.231788635253906,23.817262649536133,90.5852279663086,81.5025634765625
38SMB_00768_r4320_c2880,7,0.17507487535476685,0.022090911865234375,188.89202880859375,33.63701629638672,290.09674072265625
38SMB_00768_r4320_c2880,8,0.16819986701011658,275.8232421875,118.604248046875,319.669677734375,202.52777099609375
38SMB_00768_r4320_c2880,9,0.13171908259391785,38.43504333496094,0.0,147.92062377929688,67.10623168945312
38SMB_00768_r4320_c2880,10,0.11569038778543472,145.204345703125,262.6158447265625,188.0980224609375,305.8851318359375
38SMB_00769_r4320_c3120,0,0.5885391235351562,85.79639434814453,87.81307983398438,172.13970947265625,175.98300170898438
38SMB_00769_r4320_c3120,1,0.5791252255439758,152.833251953125,154.48727416992188,204.6656494140625,204.666015625
38SMB_00769_r4320_c3120,2,0.47592076659202576,207.57907104492188,140.32916259765625,298.3420104980469,241.01809692382812
38SMB_00769_r4320_c3120,3,0.4597528278827667,74.64692687988281,268.6656494140625,145.64234924316406,320.0
38SMB_00769_r4320_c3120,4,0.44901156425476074,71.38587951660156,196.97598266601562,143.0984649658203,274.3634033203125
38SMB_00769_r4320_c3120,5,0.3075307011604309,35.023887634277344,118.50525665283203,105.40373992919922,193.6123046875
38SMB_00769_r4320_c3120,6,0.29990872740745544,217.73236083984375,90.54316711425781,260.54156494140625,133.54400634765625
38SMB_00769_r4320_c3120,7,0.2986026108264923,0.0,12.425994873046875,22.680213928222656,73.14118194580078
38SMB_00769_r4320_c3120,8,0.2961355745792389,268.14697265625,0.0,318.8756103515625,35.0999755859375
38SMB_00769_r4320_c3120,9,0.263069748878479,260.42529296875,24.88325309753418,308.5413818359375,74.048828125
38SMB_00769_r4320_c3120,10,0.2380392849445343,219.96206665039062,149.5260009765625,290.9744567871094,238.17822265625
38SMB_00769_r4320_c3120,11,0.1347149759531021,98.01966094970703,93.31266021728516,162.535888671875,172.23330688476562
38SMB_00769_r4320_c3120,12,0.1187002882361412,0.012660026550292969,8.854850769042969,13.586243629455566,68.36888122558594
38SMB_00770_r4320_c3360,0,0.6027301549911499,195.81776428222656,130.09304809570312,254.13087463378906,188.38153076171875
38SMB_00770_r4320_c3360,1,0.549042820930481,175.9920654296875,293.96282958984375,218.77288818359375,319.94439697265625
38SMB_00770_r4320_c3360,2,0.43867433071136475,286.91741943359375,79.96026611328125,319.947265625,126.68756103515625
38SMB_00770_r4320_c3360,3,0.39258161187171936,156.2100067138672,230.70858764648438,238.38865661621094,305.2891540527344
38SMB_00770_r4320_c3360,4,0.2706034779548645,86.65042114257812,118.97832489013672,145.23338317871094,174.87200927734375
38SMB_00770_r4320_c3360,5,0.27031728625297546,20.50371551513672,24.979734420776367,68.054931640625,73.86164855957031
38SMB_00770_r4320_c3360,6,0.26499778032302856,28.201927185058594,0.03807830810546875,80.52615356445312,34.46858596801758
38SMB_00770_r4320_c3360,7,0.2632191479206085,245.73208618164062,181.47064208984375,320.0,275.1166687011719
38SMB_00770_r4320_c3360,8,0.2560531497001648,231.236328125,73.37109375,269.5185546875,112.76620483398438
38SMB_00770_r4320_c3360,9,0.2459096908569336,0.006378173828125,87.90267944335938,19.017393112182617,135.05108642578125
38SMB_00770_r4320_c3360,10,0.21489763259887695,0.0,141.212890625,59.19572448730469,247.23568725585938
38SMB_00770_r4320_c3360,11,0.15800738334655762,296.37139892578125,160.67391967773438,319.94256591796875,210.145751953125
38SMB_00770_r4320_c3360,12,0.1503477394580841,80.37312316894531,107.1426773071289,148.13978576660156,180.11697387695312
38SMB_00770_r4320_c3360,13,0.11983095854520798,152.474365234375,224.13034057617188,256.6643981933594,318.5724182128906
38SMB_00770_r4320_c3360,14,0.10877740383148193,227.98577880859375,71.3829345703125,272.6268310546875,119.76908874511719
38SMB_00770_r4320_c3360,15,0.10397399961948395,267.17523193359375,157.35096740722656,304.61053466796875,192.97743225097656
38SMB_00771_r4320_c3600,0,0.7982598543167114,251.2940673828125,237.87771606445312,308.5980224609375,295.6936950683594
38SMB_00771_r4320_c3600,1,0.6629872918128967,187.04061889648438,86.23564147949219,240.30465698242188,141.7220458984375
38SMB_00771_r4320_c3600,2,0.6026552319526672,140.20458984375,244.85411071777344,201.05712890625,305.721923828125
38SMB_00771_r4320_c3600,3,0.566869854927063,86.31853485107422,0.0,127.76483917236328,37.83473587036133
38SMB_00771_r4320_c3600,4,0.5003800392150879,5.856056213378906,187.6107177734375,94.82168579101562,271.1478271484375
38SMB_00771_r4320_c3600,5,0.4622589647769928,46.96257019042969,81.59832763671875,91.31753540039062,126.11642456054688
38SMB_00771_r4320_c3600,6,0.3183194696903229,95.85018920898438,166.88876342773438,160.96438598632812,232.88067626953125
38SMB_00771_r4320_c3600,7,0.24170957505702972,290.9473876953125,175.94931030273438,320.0,252.47592163085938
38SMB_00771_r4320_c3600,8,0.2000386118888855,0.0,71.61079406738281,29.67917251586914,111.82756042480469
38SMB_00771_r4320_c3600,9,0.18855223059654236,55.2435302734375,156.16567993164062,107.87515258789062,210.99484252929688
38SMB_00771_r4320_c3600,10,0.1320882886648178,29.004783630371094,157.72850036621094,65.1707763671875,192.21705627441406
38SMB_00771_r4320_c3600,11,0.11541517823934555,23.8575496673584,153.07662963867188,68.10518646240234,197.54483032226562
38SMB_00771_r4320_c3600,12,0.10740447044372559,0.2691001892089844,244.89517211914062,60.4532356262207,311.9043273925781
38SMB_00771_r4320_c3600,13,0.103988878428936,204.8726806640625,252.81961059570312,255.16299438476562,304.2773742675781
38SMB_00772_r4320_c3840,0,0.8081680536270142,11.88836669921875,238.03970336914062,68.22058868408203,295.4418640136719
38SMB_00772_r4320_c3840,1,0.6694251894950867,49.632568359375,183.90994262695312,118.37730407714844,256.2147521972656
38SMB_00772_r4320_c3840,2,0.6204031705856323,99.39344787597656,179.4976806640625,150.3319854736328,229.8470458984375
38SMB_00772_r4320_c3840,3,0.5725701451301575,150.90859985351562,134.17578125,210.08413696289062,196.41741943359375
38SMB_00772_r4320_c3840,4,0.5629345178604126,269.5910949707031,86.71839904785156,320.0,145.4918975830078
38SMB_00772_r4320_c3840,5,0.5301266312599182,249.73715209960938,166.63629150390625,320.0,260.19122314453125
38SMB_00772_r4320_c3840,6,0.4114425778388977,257.8266906738281,0.0,320.0,69.44485473632812
38SMB_00772_r4320_c3840,7,0.23526328802108765,132.84500122070312,188.28311157226562,212.0413818359375,273.79681396484375
38SMB_00772_r4320_c3840,8,0.16342326998710632,227.12579345703125,284.0765380859375,281.12139892578125,319.91632080078125
38SMB_00772_r4320_c3840,9,0.10507037490606308,234.8892059326172,253.00440979003906,282.64715576171875,296.3399658203125
38SMB_00772_r4320_c3840,10,0.10048624873161316,0.0882720947265625,239.55714416503906,21.909351348876953,304.4014892578125
38SMB_00773_r4320_c4080,0,0.6683956384658813,218.76565551757812,230.8720703125,268.5762023925781,281.58563232421875
38SMB_00773_r4320_c4080,1,0.5900339484214783,119.21038055419922,0.30889129638671875,170.24102783203125,50.462669372558594
38SMB_00773_r4320_c4080,2,0.5885145664215088,29.588775634765625,89.34512329101562,88.48765563964844,145.31704711914062
38SMB_00773_r4320_c4080,3,0.5636981725692749,273.55328369140625,171.31784057617188,320.0,252.19100952148438
38SMB_00773_r4320_c4080,4,0.4944753348827362,16.563201904296875,0.0,98.85920715332031,67.99795532226562
38SMB_00773_r4320_c4080,5,0.4741103947162628,11.318367004394531,167.7735595703125,92.55158233642578,259.2309265136719
38SMB_00773_r4320_c4080,6,0.4475383162498474,186.96905517578125,172.83554077148438,238.95968627929688,224.4813232421875
38SMB_00773_r4320_c4080,7,0.20721112191677094,121.5307846069336,236.7707061767578,219.96401977539062,320.0
38SMB_00773_r4320_c4080,8,0.19273537397384644,0.30982208251953125,251.97003173828125,44.78245544433594,297.74688720703125
38SMB_00773_r4320_c4080,9,0.16892549395561218,269.77740478515625,117.99715423583984,314.38311767578125,161.96890258789062
38SMB_00773_r4320_c4080,10,0.15735308825969696,86.71076965332031,236.422119140625,146.3220672607422,290.05657958984375
38SMB_00773_r4320_c4080,11,0.1351219266653061,0.12958908081054688,282.08087158203125,42.47869110107422,319.890625
38SMB_00773_r4320_c4080,12,0.1321617215871811,1.8040771484375,153.60653686523438,100.88154602050781,263.7799072265625
38SMB_00773_r4320_c4080,13,0.10223877429962158,0.07573318481445312,250.30288696289062,48.883689880371094,313.0915222167969
38SMB_00774_r4320_c4320,0,0.6573911309242249,79.294921875,191.93231201171875,131.33770751953125,250.6241455078125
38SMB_00774_r4320_c4320,1,0.6471031904220581,33.604251861572266,170.9827880859375,105.2696533203125,245.59475708007812
38SMB_00774_r4320_c4320,2,0.6389749646186829,0.13130950927734375,230.0489501953125,28.759498596191406,281.466796875
38SMB_00774_r4320_c4320,3,0.528502881526947,142.5396728515625,127.4602279663086,214.679443359375,199.16030883789062
38SMB_00774_r4320_c4320,4,0.21091751754283905,194.2794189453125,92.1854248046875,234.2467041015625,131.53570556640625
38SMB_00774_r4320_c4320,5,0.17345726490020752,30.117233276367188,118.6789321899414,73.42863464355469,161.52157592773438
38SMB_00774_r4320_c4320,6,0.12880900502204895,79.56332397460938,181.71353149414062,100.78086853027344,204.79306030273438
38SMB_00775_r4320_c4560,0,0.7209284901618958,209.1820068359375,230.1449432373047,273.94970703125,297.75054931640625
38SMB_00775_r4320_c4560,1,0.2697876989841461,53.43730163574219,193.05960083007812,150.83535766601562,286.7876892089844
38SMB_00776_r4320_c4800,0,0.48398375511169434,0.11138534545898438,227.17572021484375,33.68357467651367,293.01409912109375
38SMB_00776_r4320_c4800,1,0.4115270972251892,281.921630859375,127.86624145507812,319.7801513671875,196.97491455078125
38SMB_00776_r4320_c4800,2,0.26854953169822693,146.61358642578125,285.6888427734375,212.9849853515625,319.9471435546875
38SMB_00777_r4320_c5040,0,0.4887310564517975,41.26914978027344,130.23638916015625,105.21145629882812,195.57247924804688
38SMB_00777_r4320_c5040,1,0.13426373898983002,238.1321258544922,274.59149169921875,319.82379150390625,319.94903564453125
38SMB_00778_r4320_c5280,0,0.6575583219528198,183.15524291992188,280.7138977050781,225.63845825195312,320.0
38SMB_00778_r4320_c5280,1,0.33144763112068176,272.55120849609375,37.96764373779297,319.40533447265625,89.99259185791016
38SMB_00778_r4320_c5280,2,0.18833570182323456,282.32513427734375,202.79837036132812,320.0,292.8065490722656
38SMB_00778_r4320_c5280,3,0.11651074886322021,0.54034423828125,274.7442626953125,90.60292053222656,319.7274169921875
38SMB_00778_r4320_c5280,4,0.10971034318208694,269.3913879394531,193.68841552734375,320.0,301.4229431152344
38SMB_00779_r4320_c5520,0,0.5696640014648438,44.27972412109375,207.9010009765625,117.01612854003906,284.637451171875
38SMB_00779_r4320_c5520,1,0.4131988286972046,51.273075103759766,57.13543701171875,136.70977783203125,151.28260803222656
38SMB_00779_r4320_c5520,2,0.29866454005241394,32.717926025390625,37.8673095703125,81.75189208984375,90.11610412597656
38SMB_00779_r4320_c5520,3,0.29112255573272705,80.643310546875,278.30499267578125,138.1048126220703,320.0
38SMB_00779_r4320_c5520,4,0.21117739379405975,115.81816864013672,0.0,302.23565673828125,128.82711791992188
38SMB_00779_r4320_c5520,5,0.11660968512296677,33.695220947265625,0.0,133.2594451904297,59.77493667602539
38SMB_00780_r4320_c5760,0,0.17242255806922913,140.32330322265625,5.462688446044922,180.91375732421875,44.02484893798828
38SMB_00780_r4320_c5760,1,0.11800580471754074,89.07377624511719,0.06476974487304688,126.19673156738281,23.148984909057617
38SMB_00783_r4320_c6480,0,0.6471858024597168,197.84149169921875,210.63900756835938,265.2103271484375,289.6929016113281
38SMB_00783_r4320_c6480,1,0.34044933319091797,205.82998657226562,225.37124633789062,260.6786193847656,288.6540832519531
38SMB_00783_r4320_c6480,2,0.22459228336811066,204.85281372070312,287.6640625,298.9751892089844,319.727294921875
38SMB_00783_r4320_c6480,3,0.21054479479789734,236.13455200195312,291.144775390625,291.6890563964844,319.72393798828125
38SMB_00784_r4320_c6720,0,0.5710771083831787,0.13396072387695312,284.80474853515625,58.00801086425781,319.86590576171875
38SMB_00784_r4320_c6720,1,0.1681087613105774,0.01624298095703125,220.01705932617188,33.01560592651367,297.4261169433594
38SMB_00787_r4320_c7440,0,0.12236642092466354,0.0,278.7542724609375,24.22430992126465,319.555419921875
38SMB_00787_r4320_c7440,1,0.11444572359323502,0.08051681518554688,278.08270263671875,36.19243621826172,319.944580078125
38SMB_00795_r4320_c9360,0,0.6939805746078491,120.9805908203125,174.88644409179688,162.10186767578125,216.30081176757812
38SMB_00806_r4560_c1920,0,0.11477460712194443,244.48382568359375,133.42025756835938,319.780029296875,266.31561279296875
38SMB_00807_r4560_c2160,0,0.1719452440738678,173.46348571777344,0.011318206787109375,230.0986785888672,16.04627227783203
38SMB_00809_r4560_c2640,0,0.2529141902923584,76.03817749023438,98.7650146484375,131.6173095703125,153.41018676757812
38SMB_00809_r4560_c2640,1,0.21839787065982819,213.20751953125,0.0,267.2901916503906,40.29270935058594
38SMB_00810_r4560_c2880,0,0.6396206617355347,92.1199951171875,0.0,141.9916229248047,44.25975036621094
38SMB_00810_r4560_c2880,1,0.3934042751789093,195.7841339111328,106.5531997680664,250.4529571533203,154.11929321289062
38SMB_00810_r4560_c2880,2,0.2066562920808792,0.14465713500976562,0.0,27.26444435119629,36.808963775634766
38SMB_00810_r4560_c2880,3,0.134109228849411,147.0599365234375,24.655221939086914,186.468505859375,64.06433868408203
38SMB_00811_r4560_c3120,0,0.7021897435188293,76.97572326660156,31.448162078857422,140.61143493652344,100.58039855957031
38SMB_00811_r4560_c3120,1,0.4185084402561188,121.20185852050781,265.6964111328125,174.4888153076172,316.9376220703125
38SMB_00811_r4560_c3120,2,0.22746162116527557,177.80218505859375,260.7962646484375,215.28857421875,300.3704833984375
38SMB_00811_r4560_c3120,3,0.19181109964847565,0.0,103.58023071289062,9.577966690063477,152.01202392578125
38SMB_00811_r4560_c3120,4,0.13558708131313324,0.0,100.51644897460938,14.016087532043457,157.10018920898438
38SMB_00812_r4560_c3360,0,0.7507697939872742,90.90229797363281,184.8776397705078,138.29336547851562,232.1056365966797
38SMB_00812_r4560_c3360,1,0.6996838450431824,175.71527099609375,53.50959777832031,215.1417236328125,94.777587890625
38SMB_00812_r4560_c3360,2,0.358980655670166,156.42117309570312,0.0,236.85635375976562,63.325523376464844
38SMB_00812_r4560_c3360,3,0.2975066006183624,308.00152587890625,218.82406616210938,319.94537353515625,247.89016723632812
38SMB_00812_r4560_c3360,4,0.26267898082733154,255.9958038330078,0.0,320.0,25.536724090576172
38SMB_00812_r4560_c3360,5,0.17943063378334045,269.30877685546875,221.20172119140625,310.02227783203125,260.02801513671875
38SMB_00812_r4560_c3360,6,0.16514615714550018,306.6973876953125,210.90301513671875,319.9378662109375,256.45294189453125
38SMB_00812_r4560_c3360,7,0.143145352602005,266.75225830078125,0.05682563781738281,319.82342529296875,17.768667221069336
38SMB_00812_r4560_c3360,8,0.12117499858140945,241.75665283203125,0.0,320.0,29.342039108276367
38SMB_00813_r4560_c3600,0,0.8175356388092041,251.67282104492188,0.19441604614257812,308.6350402832031,55.42731857299805
38SMB_00813_r4560_c3600,1,0.7196453809738159,60.28788375854492,203.99578857421875,128.2356719970703,269.5697021484375
38SMB_00813_r4560_c3600,2,0.6066470742225647,140.19517517089844,5.398050308227539,201.0335235595703,65.96961212158203
38SMB_00813_r4560_c3600,3,0.4234868884086609,182.94302368164062,289.0064697265625,232.51028442382812,319.9742431640625
38SMB_00813_r4560_c3600,4,0.31099796295166016,28.984214782714844,220.54156494140625,69.49922180175781,260.20703125
38SMB_00813_r4560_c3600,5,0.289969801902771,20.843658447265625,0.0,97.76612091064453,27.028491973876953
38SMB_00813_r4560_c3600,6,0.1334509402513504,0.2664375305175781,4.4808197021484375,60.81169509887695,72.19514465332031
38SMB_00813_r4560_c3600,7,0.13120703399181366,0.0,0.05741119384765625,120.48062133789062,80.12891387939453
38SMB_00813_r4560_c3600,8,0.12700673937797546,31.37358856201172,0.0,96.6031494140625,18.600078582763672
38SMB_00813_r4560_c3600,9,0.1089746281504631,205.00942993164062,12.952713012695312,254.89627075195312,64.26905822753906
38SMB_00814_r4560_c3840,0,0.8291177749633789,12.325210571289062,0.3951263427734375,68.34180450439453,55.01909637451172
38SMB_00814_r4560_c3840,1,0.5131925940513611,159.83978271484375,184.46115112304688,252.2513427734375,282.9894714355469
38SMB_00814_r4560_c3840,2,0.30194222927093506,74.50376892089844,217.59298706054688,198.4756622314453,319.4689636230469
38SMB_00814_r4560_c3840,3,0.2622954547405243,57.44358825683594,0.04828357696533203,113.58921813964844,15.782485961914062
38SMB_00814_r4560_c3840,4,0.18868182599544525,66.09307861328125,0.0811300277709961,110.52743530273438,13.708888053894043
38SMB_00814_r4560_c3840,5,0.1733587086200714,274.06707763671875,253.09475708007812,319.75616455078125,301.5796203613281
38SMB_00814_r4560_c3840,6,0.14118696749210358,229.0294189453125,44.286102294921875,282.5063171386719,95.66307067871094
38SMB_00814_r4560_c3840,7,0.11917813867330551,235.38015747070312,14.219379425048828,282.5914001464844,57.318973541259766
38SMB_00815_r4560_c4080,0,0.536213755607605,220.30429077148438,0.0,268.13323974609375,40.565284729003906
38SMB_00815_r4560_c4080,1,0.2538859248161316,86.72158813476562,0.0,148.4439697265625,50.57492446899414
38SMB_00815_r4560_c4080,2,0.18297548592090607,43.76417541503906,79.64891052246094,105.45773315429688,134.84986877441406
38SMB_00815_r4560_c4080,3,0.1752036213874817,31.38794708251953,192.0732421875,93.26830291748047,253.477783203125
38SMB_00815_r4560_c4080,4,0.15303677320480347,0.3331794738769531,13.618919372558594,44.07024002075195,58.33629608154297
38SMB_00815_r4560_c4080,5,0.15076881647109985,123.18472290039062,0.0,218.16885375976562,88.80230712890625
38SMB_00815_r4560_c4080,6,0.14955095946788788,0.015827178955078125,11.500045776367188,48.74095153808594,88.04441833496094
38SMB_00816_r4560_c4320,0,0.8302715420722961,219.58413696289062,209.03567504882812,265.336181640625,256.09320068359375
38SMB_00816_r4560_c4320,1,0.5222585797309875,0.16775131225585938,0.06515884399414062,26.977035522460938,40.47941589355469
38SMB_00817_r4560_c4560,0,0.6714680194854736,209.04208374023438,136.58224487304688,252.13687133789062,180.05654907226562
38SMB_00817_r4560_c4560,1,0.5383634567260742,0.08601760864257812,203.03350830078125,24.256031036376953,262.749267578125
38SMB_00817_r4560_c4560,2,0.5328174233436584,214.06103515625,0.0,268.99053955078125,52.88890838623047
38SMB_00818_r4560_c4800,0,0.6805457472801208,253.8157958984375,177.8497314453125,307.1702880859375,226.5013427734375
38SMB_00818_r4560_c4800,1,0.5697557330131531,210.6429443359375,78.45782470703125,272.303955078125,135.80828857421875
38SMB_00818_r4560_c4800,2,0.49864280223846436,151.7369842529297,48.034664154052734,209.5730438232422,106.91497802734375
38SMB_00818_r4560_c4800,3,0.4306274354457855,150.99581909179688,261.8031005859375,210.85324096679688,320.0
38SMB_00818_r4560_c4800,4,0.39796775579452515,0.01265716552734375,135.4736328125,12.28079605102539,181.95379638671875
38SMB_00818_r4560_c4800,5,0.38637787103652954,282.81170654296875,115.81481170654297,320.0,171.33984375
38SMB_00818_r4560_c4800,6,0.365608274936676,84.17901611328125,96.60260009765625,124.10260009765625,138.1519012451172
38SMB_00818_r4560_c4800,7,0.3450540602207184,0.22670555114746094,0.0,30.900976181030273,49.47183609008789
38SMB_00818_r4560_c4800,8,0.3313451409339905,166.61138916015625,97.63985443115234,250.28231811523438,192.46981811523438
38SMB_00818_r4560_c4800,9,0.2961679697036743,0.0,129.7627410888672,14.584474563598633,185.3850555419922
38SMB_00818_r4560_c4800,10,0.16262495517730713,0.0,272.5430908203125,16.54842758178711,319.111572265625
38SMB_00819_r4560_c5040,0,0.696923553943634,16.925277709960938,180.79287719726562,64.00325775146484,223.46078491210938
38SMB_00819_r4560_c5040,1,0.5718402862548828,44.24951171875,124.08641052246094,94.34992980957031,167.93687438964844
38SMB_00819_r4560_c5040,2,0.2597707211971283,0.010448455810546875,83.587158203125,32.04607391357422,126.72476196289062
38SMB_00819_r4560_c5040,3,0.13710033893585205,33.21149826049805,119.61541748046875,96.95143127441406,171.52630615234375
38SMB_00819_r4560_c5040,4,0.1049560084939003,245.02224731445312,45.029701232910156,319.1282043457031,103.45018768310547
38SMB_00819_r4560_c5040,5,0.10356543213129044,0.05165863037109375,69.10958862304688,31.44228744506836,130.55657958984375
38SMB_00820_r4560_c5280,0,0.7611340284347534,184.6707763671875,41.80681610107422,223.003662109375,83.10449981689453
38SMB_00820_r4560_c5280,1,0.16835924983024597,291.3701171875,0.11779022216796875,319.705810546875,51.540767669677734
38SMB_00820_r4560_c5280,2,0.11483320593833923,298.8514709472656,0.0,320.0,46.62847137451172
38SMB_00820_r4560_c5280,3,0.10793847590684891,168.98513793945312,122.0379638671875,200.76217651367188,156.2857666015625
38SMB_00821_r4560_c5520,0,0.24884119629859924,50.44837188720703,0.0,113.54656219482422,45.248416900634766
38SMB_00822_r4560_c5760,0,0.18941351771354675,186.38714599609375,272.53680419921875,273.02386474609375,319.86346435546875
38SMB_00823_r4560_c6000,0,0.19787338376045227,0.0398406982421875,268.73095703125,34.670196533203125,320.0
38SMB_00825_r4560_c6480,0,0.5336084961891174,187.73666381835938,0.06586456298828125,273.8916015625,55.11996841430664
38SMB_00825_r4560_c6480,1,0.17500360310077667,169.736328125,36.35441589355469,301.53997802734375,172.12738037109375
38SMB_00826_r4560_c6720,0,0.5567935705184937,265.12603759765625,135.31695556640625,311.74835205078125,179.94424438476562
38SMB_00826_r4560_c6720,1,0.4194844365119934,0.0,41.77265930175781,57.77470779418945,126.56632995605469
38SMB_00826_r4560_c6720,2,0.15042851865291595,215.4339599609375,151.83889770507812,320.0,271.93829345703125
38SMB_00827_r4560_c6960,0,0.5059443712234497,25.560165405273438,136.0387725830078,70.673583984375,179.3871612548828
38SMB_00827_r4560_c6960,1,0.13836261630058289,94.15576171875,262.26263427734375,181.984375,320.0
38SMB_00828_r4560_c7200,0,0.7254505157470703,205.05767822265625,277.2696533203125,257.9623718261719,320.0
38SMB_00828_r4560_c7200,1,0.46200886368751526,292.25054931640625,101.77520751953125,320.0,143.04971313476562
38SMB_00828_r4560_c7200,2,0.10287977010011673,246.5082550048828,311.41180419921875,272.40887451171875,320.0
38SMB_00829_r4560_c7440,0,0.5078505873680115,52.39935302734375,101.43318176269531,95.884033203125,143.21018981933594
38SMB_00829_r4560_c7440,1,0.344577819108963,0.00043964385986328125,279.1407165527344,14.393105506896973,318.6166687011719
38SMB_00829_r4560_c7440,2,0.14985500276088715,1.798849105834961,311.74981689453125,28.17228126525879,319.99407958984375
38SMB_00829_r4560_c7440,3,0.11046679317951202,21.58820343017578,304.983154296875,92.94934844970703,319.97900390625
38SMB_00829_r4560_c7440,4,0.10827501863241196,0.061641693115234375,277.48968505859375,20.35390853881836,319.70648193359375
38SMB_00829_r4560_c7440,5,0.1056571677327156,0.0,35.23286056518555,36.35906219482422,120.24040222167969
38SMB_00832_r4560_c8160,0,0.17287790775299072,0.8160247802734375,105.86393737792969,86.17375946044922,190.2790069580078
38SMB_00840_r4800_c0,0,0.11935435980558395,101.421142578125,293.5491638183594,147.2037353515625,319.9734802246094
38SMB_00840_r4800_c0,1,0.11506765335798264,108.89053344726562,191.44940185546875,151.61041259765625,234.323486328125
38SMB_00841_r4800_c240,0,0.2150580883026123,0.04395103454589844,100.16316223144531,26.492979049682617,167.9076385498047
38SMB_00841_r4800_c240,1,0.13688960671424866,0.0067806243896484375,111.15199279785156,19.767852783203125,162.76707458496094
38SMB_00841_r4800_c240,2,0.11181700229644775,22.03546142578125,147.03781127929688,134.8604736328125,273.84051513671875
38SMB_00842_r4800_c480,0,0.12285938858985901,237.58843994140625,216.7423095703125,302.38555908203125,284.88555908203125
38SMB_00844_r4800_c960,0,0.29986339807510376,48.15745544433594,179.56686401367188,120.12184143066406,256.5820007324219
38SMB_00849_r4800_c2160,0,0.2122279852628708,109.61119079589844,0.02561473846435547,169.10191345214844,13.27731990814209
38SMB_00849_r4800_c2160,1,0.13200801610946655,102.29722595214844,0.042385101318359375,172.5620880126953,17.319007873535156
38SMB_00849_r4800_c2160,2,0.11842700093984604,139.01739501953125,272.189453125,213.2008056640625,320.0
38SMB_00853_r4800_c3120,0,0.46406373381614685,119.57938385009766,22.878341674804688,177.13827514648438,79.83232879638672
38SMB_00853_r4800_c3120,1,0.24289226531982422,149.219482421875,90.15621948242188,192.6119384765625,134.60671997070312
38SMB_00853_r4800_c3120,2,0.21271729469299316,174.35276794433594,18.546764373779297,218.3068389892578,63.390499114990234
38SMB_00853_r4800_c3120,3,0.17879319190979004,85.79283142089844,60.08281326293945,146.95704650878906,123.96424865722656
38SMB_00854_r4800_c3360,0,0.7724471688270569,177.0428466796875,137.712646484375,221.793701171875,182.6241455078125
38SMB_00854_r4800_c3360,1,0.7280128598213196,78.6612548828125,154.81423950195312,128.770751953125,204.32952880859375
38SMB_00854_r4800_c3360,2,0.3436700999736786,145.89129638671875,119.26907348632812,196.01266479492188,168.33358764648438
38SMB_00854_r4800_c3360,3,0.3008861839771271,212.2838134765625,161.41409301757812,262.0377197265625,211.13638305664062
38SMB_00854_r4800_c3360,4,0.284781277179718,266.024169921875,0.011440277099609375,308.0093994140625,19.369426727294922
38SMB_00855_r4800_c3600,0,0.7882866859436035,151.26348876953125,268.05145263671875,206.4329833984375,320.0
38SMB_00855_r4800_c3600,1,0.7776860594749451,117.31314086914062,267.97265625,163.64398193359375,313.873046875
38SMB_00855_r4800_c3600,2,0.3390328288078308,26.9141788482666,0.0843658447265625,68.06949615478516,19.328353881835938
38SMB_00855_r4800_c3600,3,0.315277099609375,62.66208267211914,0.0,120.26739501953125,28.804128646850586
38SMB_00855_r4800_c3600,4,0.3006175458431244,241.48776245117188,162.68350219726562,305.9811096191406,230.81130981445312
38SMB_00855_r4800_c3600,5,0.2961369454860687,184.09780883789062,298.38226318359375,233.66946411132812,319.97320556640625
38SMB_00855_r4800_c3600,6,0.27847498655319214,183.51321411132812,49.80482482910156,228.16555786132812,93.57817077636719
38SMB_00855_r4800_c3600,7,0.25919482111930847,139.32205200195312,61.450836181640625,260.7624206542969,163.31069946289062
38SMB_00855_r4800_c3600,8,0.22789420187473297,129.28829956054688,125.7007064819336,163.91867065429688,160.82937622070312
38SMB_00855_r4800_c3600,9,0.20902028679847717,277.7381591796875,284.18548583984375,319.51409912109375,319.94891357421875
38SMB_00855_r4800_c3600,10,0.16452151536941528,244.6781005859375,294.2794494628906,293.330322265625,320.0
38SMB_00855_r4800_c3600,11,0.10593875497579575,86.56941223144531,283.2972106933594,133.83889770507812,320.0
38SMB_00856_r4800_c3840,0,0.3518410921096802,169.98033142089844,0.0526275634765625,254.8218231201172,45.87730026245117
38SMB_00856_r4800_c3840,1,0.33398160338401794,2.4804611206054688,163.11697387695312,65.24513244628906,231.56497192382812
38SMB_00856_r4800_c3840,2,0.24851782619953156,96.69071197509766,168.5928955078125,180.68563842773438,256.6689147949219
38SMB_00856_r4800_c3840,3,0.2263200730085373,82.38743591308594,0.0,197.4751739501953,97.89112854003906
38SMB_00856_r4800_c3840,4,0.21341240406036377,274.0208740234375,13.458227157592773,319.7877197265625,61.80518341064453
38SMB_00856_r4800_c3840,5,0.15381237864494324,39.71082305908203,286.24359130859375,85.30782318115234,319.91827392578125
38SMB_00856_r4800_c3840,6,0.1312158852815628,6.172096252441406,295.777587890625,50.572853088378906,320.0
38SMB_00856_r4800_c3840,7,0.11621426790952682,174.96412658691406,0.040134429931640625,245.5358123779297,38.29033660888672
38SMB_00857_r4800_c4080,0,0.8667485117912292,181.5537109375,242.860595703125,267.2206726074219,320.0
38SMB_00857_r4800_c4080,1,0.8308221101760864,134.60888671875,236.73077392578125,199.68096923828125,303.27618408203125
38SMB_00857_r4800_c4080,2,0.3741314709186554,94.47283935546875,211.92318725585938,142.00485229492188,260.5344543457031
38SMB_00857_r4800_c4080,3,0.27265483140945435,113.7794189453125,83.56040954589844,161.0155029296875,132.31602478027344
38SMB_00857_r4800_c4080,4,0.12261539697647095,146.1746826171875,310.700927734375,186.97103881835938,319.977783203125
38SMB_00858_r4800_c4320,0,0.668637752532959,103.32689666748047,217.83770751953125,168.95989990234375,278.23858642578125
38SMB_00858_r4800_c4320,1,0.33664435148239136,219.51370239257812,0.014426231384277344,265.5408020019531,13.787338256835938
38SMB_00858_r4800_c4320,2,0.3182452917098999,0.017076492309570312,253.94366455078125,25.01761817932129,316.89569091796875
38SMB_00858_r4800_c4320,3,0.2581067681312561,106.81088256835938,142.27801513671875,142.03628540039062,181.18301391601562
38SMB_00858_r4800_c4320,4,0.13924257457256317,151.30856323242188,161.08099365234375,206.98968505859375,222.40704345703125
38SMB_00858_r4800_c4320,5,0.1026340126991272,211.875244140625,0.0,275.60009765625,17.66556739807129
38SMB_00859_r4800_c4560,0,0.3069819211959839,230.708984375,225.13677978515625,267.5484313964844,264.09100341796875
38SMB_00860_r4800_c4800,0,0.5092060565948486,151.0931396484375,21.95592498779297,210.98858642578125,88.15570068359375
38SMB_00860_r4800_c4800,1,0.15709295868873596,73.01194763183594,126.86598205566406,111.99635314941406,166.7659454345703
38SMB_00860_r4800_c4800,2,0.1392279416322708,0.0,32.08973693847656,16.25762939453125,83.25166320800781
38SMB_00860_r4800_c4800,3,0.12608933448791504,164.64642333984375,278.757080078125,210.41525268554688,320.0
38SMB_00860_r4800_c4800,4,0.10198503732681274,0.0552978515625,221.4644775390625,27.0854434967041,266.33319091796875
38SMB_00861_r4800_c5040,0,0.754278838634491,252.38153076171875,174.9981689453125,318.455810546875,247.08953857421875
38SMB_00861_r4800_c5040,1,0.2417677491903305,309.52923583984375,232.02618408203125,320.0,261.95123291015625
38SMB_00861_r4800_c5040,2,0.12840746343135834,307.46954345703125,227.58364868164062,320.0,265.0064392089844
38SMB_00862_r4800_c5280,0,0.8852337002754211,190.609130859375,140.5683135986328,232.963623046875,183.6853790283203
38SMB_00862_r4800_c5280,1,0.8427078723907471,97.21026611328125,236.51499938964844,148.13717651367188,287.8114013671875
38SMB_00862_r4800_c5280,2,0.7004149556159973,9.540336608886719,173.74610900878906,82.18423461914062,249.02073669433594
38SMB_00862_r4800_c5280,3,0.6467533111572266,194.56683349609375,285.2814636230469,242.610107421875,320.0
38SMB_00862_r4800_c5280,4,0.5924490690231323,66.93231201171875,229.43890380859375,101.66354370117188,263.144287109375
38SMB_00863_r4800_c5520,0,0.754306972026825,68.11013793945312,128.51791381835938,114.56649780273438,177.73916625976562
38SMB_00863_r4800_c5520,1,0.28692397475242615,254.68458557128906,309.4295349121094,300.0260009765625,319.9912414550781
38SMB_00863_r4800_c5520,2,0.2435021996498108,257.396240234375,312.14678955078125,298.76806640625,319.9202880859375
38SMB_00863_r4800_c5520,3,0.24247774481773376,168.20291137695312,299.7455749511719,206.396240234375,319.8805847167969
38SMB_00863_r4800_c5520,4,0.16796329617500305,276.65618896484375,0.29521942138671875,319.97735595703125,63.265926361083984
38SMB_00864_r4800_c5760,0,0.27628713846206665,14.507822036743164,309.4484558105469,60.563087463378906,319.9665832519531
38SMB_00864_r4800_c5760,1,0.23941315710544586,17.372501373291016,312.07940673828125,59.08921432495117,319.91961669921875
38SMB_00865_r4800_c6000,0,0.12144392728805542,0.0,22.8924560546875,35.50839614868164,111.50857543945312
38SMB_00865_r4800_c6000,1,0.11409781128168106,147.486572265625,0.0,186.65960693359375,18.121002197265625
38SMB_00866_r4800_c6240,0,0.18451395630836487,112.45362091064453,220.6807861328125,173.71832275390625,286.3420715332031
38SMB_00867_r4800_c6480,0,0.20582158863544464,229.93592834472656,0.00934600830078125,320.0,79.46665954589844
38SMB_00869_r4800_c6960,0,0.28422653675079346,96.29178619384766,28.089481353759766,176.94638061523438,109.338134765625
38SMB_00869_r4800_c6960,1,0.13289672136306763,243.87347412109375,190.98138427734375,319.4072265625,317.2645568847656
38SMB_00870_r4800_c7200,0,0.8219431042671204,206.27670288085938,36.960670471191406,258.39715576171875,91.86640167236328
38SMB_00870_r4800_c7200,1,0.3031746447086334,229.66012573242188,94.15831756591797,320.0,218.6737060546875
38SMB_00870_r4800_c7200,2,0.18253391981124878,203.6096954345703,89.03461456298828,320.0,240.781005859375
38SMB_00870_r4800_c7200,3,0.1699066460132599,18.868255615234375,138.73724365234375,206.17294311523438,320.0
38SMB_00870_r4800_c7200,4,0.11454956978559494,144.49562072753906,86.19422912597656,178.0205535888672,123.08198547363281
38SMB_00871_r4800_c7440,0,0.3235764801502228,0.0,38.47804260253906,14.091716766357422,82.88539123535156
38SMB_00871_r4800_c7440,1,0.2427055388689041,248.7816162109375,109.84626007080078,319.65069580078125,242.7109375
38SMB_00871_r4800_c7440,2,0.19187666475772858,136.43270874023438,182.38577270507812,155.30914306640625,204.00973510742188
38SMB_00871_r4800_c7440,3,0.1095188781619072,240.75210571289062,97.27288818359375,320.0,268.94366455078125
38SMB_00872_r4800_c7680,0,0.11203444749116898,146.01629638671875,266.19158935546875,164.0999755859375,283.57794189453125
38SMB_00874_r4800_c8160,0,0.11195742338895798,223.45751953125,225.98471069335938,319.54046630859375,319.7153015136719
38SMB_00875_r4800_c8400,0,0.5999768972396851,79.5821533203125,222.28683471679688,130.52957153320312,268.1720886230469
38SMB_00875_r4800_c8400,1,0.31224915385246277,134.70474243164062,227.91651916503906,198.87747192382812,298.004638671875
38SMB_00876_r4800_c8640,0,0.12588556110858917,125.79246520996094,276.09942626953125,160.1147003173828,313.71490478515625
38SMB_00882_r5040_c0,0,0.1052500456571579,162.9409942626953,267.29644775390625,204.2536163330078,305.27789306640625
38SMB_00883_r5040_c240,0,0.11859887093305588,137.85302734375,288.7643737792969,185.98751831054688,319.8744201660156
38SMB_00884_r5040_c480,0,0.24426986277103424,60.611785888671875,64.3714599609375,159.96908569335938,180.12557983398438
38SMB_00885_r5040_c720,0,0.16792631149291992,133.25723266601562,160.96713256835938,209.32879638671875,234.74880981445312
38SMB_00885_r5040_c720,1,0.1435767114162445,132.84571838378906,153.3201904296875,223.47068786621094,243.79998779296875
38SMB_00885_r5040_c720,2,0.1019391417503357,217.57823181152344,131.25482177734375,316.6475830078125,221.97592163085938
38SMB_00887_r5040_c1200,0,0.16067355871200562,69.61517333984375,215.92120361328125,147.48727416992188,292.17303466796875
38SMB_00887_r5040_c1200,1,0.119655080139637,200.38970947265625,250.27084350585938,320.0,319.5707702636719
38SMB_00888_r5040_c1440,0,0.17095141112804413,219.1359405517578,256.3419189453125,320.0,319.8597412109375
38SMB_00889_r5040_c1680,0,0.14977920055389404,0.0,264.21533203125,64.09954071044922,320.0
38SMB_00889_r5040_c1680,1,0.10556747764348984,0.7163772583007812,259.9573974609375,100.08667755126953,320.0
38SMB_00891_r5040_c2160,0,0.24870388209819794,87.68855285644531,160.00965881347656,142.7669219970703,215.86778259277344
38SMB_00891_r5040_c2160,1,0.10344962775707245,131.00137329101562,0.5926666259765625,183.50396728515625,45.66876983642578
38SMB_00896_r5040_c3360,0,0.4896466135978699,184.8634033203125,230.03591918945312,242.7618408203125,290.2149353027344
38SMB_00896_r5040_c3360,1,0.1482352316379547,236.5190887451172,78.62249755859375,295.06610107421875,152.85305786132812
38SMB_00896_r5040_c3360,2,0.13692747056484222,264.5536804199219,144.72811889648438,312.6231994628906,193.54544067382812
38SMB_00896_r5040_c3360,3,0.10830867290496826,241.6624755859375,95.65681457519531,291.120361328125,149.95159912109375
38SMB_00897_r5040_c3600,0,0.7758027911186218,170.06069946289062,54.16486740112305,239.94699096679688,124.16319274902344
38SMB_00897_r5040_c3600,1,0.7756668925285339,117.17108154296875,28.01441192626953,163.58370971679688,73.33539581298828
38SMB_00897_r5040_c3600,2,0.7337448000907898,150.36685180664062,28.22277069091797,206.41873168945312,85.60914611816406
38SMB_00897_r5040_c3600,3,0.5555862784385681,234.78561401367188,175.34365844726562,281.3975524902344,220.01876831054688
38SMB_00897_r5040_c3600,4,0.46531036496162415,240.36016845703125,54.752166748046875,300.412109375,119.94528198242188
38SMB_00897_r5040_c3600,5,0.4143128991127014,213.80148315429688,0.0,294.3974914550781,56.60014343261719
38SMB_00897_r5040_c3600,6,0.2354377657175064,117.53302001953125,178.54556274414062,236.84808349609375,292.13079833984375
38SMB_00897_r5040_c3600,7,0.1684575378894806,284.785888671875,172.32855224609375,320.0,231.5391845703125
38SMB_00897_r5040_c3600,8,0.13427802920341492,24.778226852416992,144.93246459960938,72.0318603515625,193.60543823242188
38SMB_00897_r5040_c3600,9,0.10504404455423355,257.839111328125,40.21208190917969,319.1409912109375,136.3560028076172
38SMB_00898_r5040_c3840,0,0.7322295904159546,277.90557861328125,269.68475341796875,320.0,318.44940185546875
38SMB_00898_r5040_c3840,1,0.46639829874038696,110.35762023925781,240.403076171875,148.8755340576172,278.2763671875
38SMB_00898_r5040_c3840,2,0.46509408950805664,0.0,176.1338348388672,41.44538116455078,219.7255096435547
38SMB_00898_r5040_c3840,3,0.3874650001525879,184.58485412597656,157.40606689453125,235.36463928222656,208.92083740234375
38SMB_00898_r5040_c3840,4,0.3870218098163605,2.904834747314453,57.813880920410156,60.120670318603516,116.89356231689453
38SMB_00898_r5040_c3840,5,0.3237399458885193,45.06949234008789,176.31019592285156,113.38336181640625,250.6066436767578
38SMB_00898_r5040_c3840,6,0.22507745027542114,0.3382110595703125,0.0,54.2639274597168,57.475643157958984
38SMB_00898_r5040_c3840,7,0.20619863271713257,167.42575073242188,260.011962890625,271.7441711425781,319.69140625
38SMB_00898_r5040_c3840,8,0.19384433329105377,34.5078239440918,45.29286193847656,106.85017395019531,129.59461975097656
38SMB_00898_r5040_c3840,9,0.19164158403873444,241.90953063964844,306.33856201171875,305.0167236328125,320.0
38SMB_00898_r5040_c3840,10,0.1791663020849228,250.03175354003906,308.39215087890625,287.568603515625,319.917724609375
38SMB_00898_r5040_c3840,11,0.13369177281856537,38.79169464111328,49.81244659423828,91.2106704711914,106.27167510986328
38SMB_00898_r5040_c3840,12,0.13310618698596954,247.0,302.2587585449219,308.75152587890625,320.0
38SMB_00899_r5040_c4080,0,0.8224930763244629,134.095703125,0.0,201.04034423828125,64.25098419189453
38SMB_00899_r5040_c4080,1,0.7952941060066223,181.28524780273438,2.7729949951171875,267.8668518066406,85.04916381835938
38SMB_00899_r5040_c4080,2,0.7670094966888428,97.64794921875,112.71266174316406,153.30917358398438,166.5181427001953
38SMB_00899_r5040_c4080,3,0.7505157589912415,37.778785705566406,270.0443115234375,86.28724670410156,318.8836669921875
38SMB_00899_r5040_c4080,4,0.333903968334198,141.16812133789062,244.42042541503906,182.74075317382812,287.5570068359375
38SMB_00899_r5040_c4080,5,0.20280976593494415,0.1314849853515625,277.56207275390625,26.140357971191406,319.21917724609375
38SMB_00899_r5040_c4080,6,0.18408428132534027,9.177192687988281,308.3667907714844,47.68704605102539,319.9559020996094
38SMB_00899_r5040_c4080,7,0.16759957373142242,2.626974105834961,306.5513916015625,63.32862091064453,319.9825439453125
38SMB_00899_r5040_c4080,8,0.15182113647460938,85.16351318359375,153.52252197265625,155.03855895996094,218.3585205078125
38SMB_00899_r5040_c4080,9,0.15128929913043976,95.85539245605469,0.0,146.12522888183594,23.029891967773438
38SMB_00899_r5040_c4080,10,0.13655401766300201,0.0,142.840576171875,29.629779815673828,202.1785888671875
38SMB_00900_r5040_c4320,0,0.8073250651359558,114.19280242919922,154.8323516845703,163.49359130859375,202.1155548095703
38SMB_00900_r5040_c4320,1,0.5885319113731384,97.283935546875,0.0,172.439697265625,40.40874481201172
38SMB_00900_r5040_c4320,2,0.3453578054904938,0.012582778930664062,11.570167541503906,27.35239601135254,76.5991439819336
38SMB_00900_r5040_c4320,3,0.21842539310455322,221.9027099609375,296.8009033203125,266.27227783203125,319.968505859375
38SMB_00900_r5040_c4320,4,0.1152486503124237,145.87039184570312,31.82023811340332,193.38275146484375,77.32325744628906
38SMB_00901_r5040_c4560,0,0.5768806338310242,175.63958740234375,160.3338623046875,243.10565185546875,227.46282958984375
38SMB_00901_r5040_c4560,1,0.5481456518173218,129.45062255859375,155.48016357421875,184.72332763671875,208.04931640625
38SMB_00901_r5040_c4560,2,0.3080962896347046,263.1934814453125,196.63327026367188,320.0,271.6173400878906
38SMB_00901_r5040_c4560,3,0.12756185233592987,228.6309814453125,0.0,269.5641174316406,24.959108352661133
38SMB_00901_r5040_c4560,4,0.124627023935318,0.28376007080078125,291.98797607421875,25.582828521728516,319.82684326171875
38SMB_00901_r5040_c4560,5,0.10713180154561996,257.69390869140625,89.78155517578125,294.19329833984375,126.79585266113281
38SMB_00902_r5040_c4800,0,0.31723320484161377,23.15142822265625,198.29852294921875,94.54144287109375,271.8486328125
38SMB_00902_r5040_c4800,1,0.18066854774951935,217.03863525390625,125.86676025390625,278.0644226074219,186.08938598632812
38SMB_00902_r5040_c4800,2,0.1333959698677063,162.37966918945312,37.10166931152344,216.9930419921875,92.61801147460938
38SMB_00902_r5040_c4800,3,0.10741448402404785,17.88361358642578,89.97846984863281,54.00934600830078,126.60348510742188
38SMB_00903_r5040_c5040,0,0.15870653092861176,308.1546325683594,0.1987457275390625,320.0,22.494857788085938
38SMB_00903_r5040_c5040,1,0.14913533627986908,268.76007080078125,0.0,318.26751708984375,7.714553356170654
38SMB_00903_r5040_c5040,2,0.10642294585704803,263.04986572265625,0.0,319.73309326171875,22.902334213256836
38SMB_00903_r5040_c5040,3,0.1049329936504364,304.20745849609375,0.10247039794921875,319.87261962890625,26.227588653564453
38SMB_00903_r5040_c5040,4,0.1034448966383934,0.057781219482421875,113.5665512084961,36.93527603149414,186.13021850585938
38SMB_00904_r5040_c5280,0,0.8371185064315796,94.04063415527344,0.0,151.14378356933594,50.39266586303711
38SMB_00904_r5040_c5280,1,0.7339538335800171,191.96908569335938,42.94322967529297,241.97476196289062,92.30970001220703
38SMB_00904_r5040_c5280,2,0.7088760137557983,172.35528564453125,246.25433349609375,219.6845703125,293.006103515625
38SMB_00904_r5040_c5280,3,0.5590260028839111,191.94065856933594,83.91879272460938,250.31117248535156,141.79376220703125
38SMB_00904_r5040_c5280,4,0.4627515375614166,165.17327880859375,94.50204467773438,200.325927734375,129.07748413085938
38SMB_00904_r5040_c5280,5,0.33514204621315,65.85981750488281,0.08889961242675781,104.54786682128906,23.238758087158203
38SMB_00904_r5040_c5280,6,0.15955141186714172,52.70085906982422,0.0,105.46552276611328,25.44652557373047
38SMB_00904_r5040_c5280,7,0.11443626135587692,26.346946716308594,0.0,86.57244873046875,8.281209945678711
38SMB_00905_r5040_c5520,0,0.7431856989860535,257.2139892578125,70.82267761230469,297.8729248046875,108.18177795410156
38SMB_00905_r5040_c5520,1,0.6673609018325806,207.71331787109375,196.22430419921875,251.78945922851562,239.89495849609375
38SMB_00905_r5040_c5520,2,0.1977291703224182,167.1883544921875,60.36222457885742,207.9534912109375,104.06019592285156
38SMB_00906_r5040_c5760,0,0.7559314966201782,16.47219467163086,70.04222106933594,58.49386978149414,108.70225524902344
38SMB_00906_r5040_c5760,1,0.4764610826969147,0.0,197.883056640625,12.548924446105957,239.48138427734375
38SMB_00906_r5040_c5760,2,0.33010920882225037,0.0,188.07794189453125,14.705801010131836,240.70925903320312
38SMB_00909_r5040_c6480,0,0.1876118779182434,220.90350341796875,149.90664672851562,281.9031982421875,206.83212280273438
38SMB_00910_r5040_c6720,0,0.22156742215156555,0.0,150.62542724609375,40.44850158691406,203.89303588867188
38SMB_00911_r5040_c6960,0,0.21264511346817017,89.53273010253906,221.925537109375,209.70509338378906,320.0
38SMB_00911_r5040_c6960,1,0.170315682888031,242.11972045898438,184.9969482421875,295.6672058105469,234.16683959960938
38SMB_00912_r5040_c7200,0,0.13588370382785797,2.444305419921875,184.9407958984375,55.221763610839844,234.0760498046875
38SMB_00912_r5040_c7200,1,0.1326376497745514,33.42182922363281,182.25872802734375,187.54110717773438,320.0
38SMB_00912_r5040_c7200,2,0.109404057264328,143.08453369140625,76.99560546875,166.58966064453125,100.05245971679688
38SMB_00913_r5040_c7440,0,0.39755165576934814,63.45831298828125,149.991943359375,126.82220458984375,214.1597900390625
38SMB_00913_r5040_c7440,1,0.17567159235477448,1.2361373901367188,0.10728073120117188,85.00843048095703,63.367801666259766
38SMB_00914_r5040_c7680,0,0.23573750257492065,122.88862609863281,157.06997680664062,174.1605682373047,205.16915893554688
38SMB_00914_r5040_c7680,1,0.11932985484600067,145.06283569335938,25.664030075073242,164.52218627929688,44.414215087890625
38SMB_00917_r5040_c8400,0,0.565985381603241,76.8634033203125,0.056827545166015625,134.07693481445312,33.471534729003906
38SMB_00917_r5040_c8400,1,0.34742575883865356,167.07249450683594,151.7171630859375,214.0683135986328,201.7091064453125
38SMB_00918_r5040_c8640,0,0.1092483326792717,124.37247467041016,34.64177703857422,161.48129272460938,74.4489974975586
38SMB_00928_r5280_c960,0,0.10334689915180206,0.07744216918945312,283.84912109375,44.136474609375,320.0
38SMB_00930_r5280_c1440,0,0.2827169895172119,223.12350463867188,18.5732421875,320.0,132.66372680664062
38SMB_00931_r5280_c1680,0,0.31992849707603455,0.448211669921875,24.266204833984375,94.28541564941406,130.75357055664062
38SMB_00931_r5280_c1680,1,0.10743217170238495,121.11449432373047,299.5479736328125,188.25201416015625,319.9847412109375
38SMB_00932_r5280_c1920,0,0.15425193309783936,292.0504150390625,140.40325927734375,319.994140625,200.44314575195312
38SMB_00933_r5280_c2160,0,0.12116294354200363,201.2780303955078,135.78567504882812,316.95501708984375,244.89047241210938
38SMB_00934_r5280_c2400,0,0.1456485092639923,296.381591796875,246.2205810546875,320.0,298.537353515625
38SMB_00934_r5280_c2400,1,0.1428266167640686,213.28033447265625,212.70645141601562,313.27032470703125,305.3780212402344
38SMB_00934_r5280_c2400,2,0.10015048086643219,300.0465393066406,252.33265686035156,319.9239196777344,293.768798828125
38SMB_00938_r5280_c3360,0,0.3513874411582947,185.25247192382812,0.0,243.00112915039062,49.905555725097656
38SMB_00939_r5280_c3600,0,0.37405017018318176,221.2189483642578,45.95436096191406,298.77459716796875,128.14976501464844
38SMB_00939_r5280_c3600,1,0.10955283790826797,146.29653930664062,0.07678604125976562,226.80233764648438,51.42838668823242
38SMB_00940_r5280_c3840,0,0.7307136058807373,124.82161712646484,263.23095703125,174.06112670898438,312.785888671875
38SMB_00940_r5280_c3840,1,0.6888567209243774,277.74993896484375,30.13823699951172,320.0,80.027099609375
38SMB_00940_r5280_c3840,2,0.5630848407745361,102.16839599609375,151.84048461914062,168.380615234375,215.18597412109375
38SMB_00940_r5280_c3840,3,0.46759742498397827,110.29734802246094,0.07975387573242188,150.0414276123047,38.27886199951172
38SMB_00940_r5280_c3840,4,0.36437660455703735,287.631103515625,78.9088134765625,320.0,127.05470275878906
38SMB_00940_r5280_c3840,5,0.29660868644714355,193.23715209960938,260.2880859375,238.10775756835938,310.4144287109375
38SMB_00940_r5280_c3840,6,0.24705487489700317,176.3282470703125,19.66602325439453,264.70574951171875,98.37126922607422
38SMB_00940_r5280_c3840,7,0.24601192772388458,221.87814331054688,258.443115234375,280.2407531738281,319.247314453125
38SMB_00940_r5280_c3840,8,0.17311571538448334,221.530029296875,172.07101440429688,267.07501220703125,216.81588745117188
38SMB_00940_r5280_c3840,9,0.11909633129835129,224.90963745117188,261.1671142578125,269.7327880859375,315.6414794921875
38SMB_00940_r5280_c3840,10,0.109914131462574,0.0,43.06233215332031,58.0624885559082,129.84844970703125
38SMB_00940_r5280_c3840,11,0.10948122292757034,287.7611083984375,307.96502685546875,319.7109375,319.97796630859375
38SMB_00941_r5280_c4080,0,0.8489332795143127,148.08926391601562,152.51181030273438,195.80953979492188,201.40597534179688
38SMB_00941_r5280_c4080,1,0.726233184337616,38.33570098876953,30.06664276123047,85.50582122802734,80.06919860839844
38SMB_00941_r5280_c4080,2,0.5628940463066101,47.151611328125,81.2950439453125,93.67402648925781,126.48394775390625
38SMB_00941_r5280_c4080,3,0.34977346658706665,141.39077758789062,4.052391052246094,182.50128173828125,47.633827209472656
38SMB_00941_r5280_c4080,4,0.2143784463405609,220.72286987304688,249.28793334960938,270.3974914550781,298.3320617675781
38SMB_00941_r5280_c4080,5,0.20779891312122345,75.34431457519531,273.1455078125,121.29745483398438,319.12646484375
38SMB_00941_r5280_c4080,6,0.19790373742580414,0.08159255981445312,169.09231567382812,26.739578247070312,215.21633911132812
38SMB_00941_r5280_c4080,7,0.17551331222057343,0.04003143310546875,33.20613098144531,26.874074935913086,79.37936401367188
38SMB_00941_r5280_c4080,8,0.15713734924793243,40.16243362426758,306.85894775390625,99.56642150878906,320.0
38SMB_00941_r5280_c4080,9,0.1501215100288391,81.57415771484375,214.70608520507812,167.98052978515625,285.1951599121094
38SMB_00941_r5280_c4080,10,0.14949862658977509,41.77370071411133,302.24676513671875,105.30946350097656,320.0
38SMB_00941_r5280_c4080,11,0.13843801617622375,90.19984436035156,51.33152389526367,157.79200744628906,113.05494689941406
38SMB_00941_r5280_c4080,12,0.12287924438714981,0.0211029052734375,255.97442626953125,42.80846405029297,319.8726806640625
38SMB_00942_r5280_c4320,0,0.5938027501106262,65.33062744140625,226.13563537597656,135.2554168701172,290.4886474609375
38SMB_00942_r5280_c4320,1,0.21152465045452118,224.31509399414062,56.99586486816406,264.8335266113281,96.23698425292969
38SMB_00942_r5280_c4320,2,0.18245995044708252,12.454669952392578,2.08807373046875,132.32630920410156,103.06378173828125
38SMB_00942_r5280_c4320,3,0.13850684463977814,0.0340423583984375,248.55908203125,28.57803726196289,301.990234375
38SMB_00942_r5280_c4320,4,0.10202958434820175,0.0,152.3775634765625,13.186781883239746,210.47000122070312
38SMB_00943_r5280_c4560,0,0.41742268204689026,265.65203857421875,0.041179656982421875,316.75836181640625,32.73565673828125
38SMB_00943_r5280_c4560,1,0.2283671796321869,0.0,51.03299331665039,24.569124221801758,99.31329345703125
38SMB_00943_r5280_c4560,2,0.20588645339012146,247.5381622314453,83.50729370117188,294.84295654296875,132.02740478515625
38SMB_00944_r5280_c4800,0,0.3438786268234253,25.6055850982666,0.06304931640625,77.3093032836914,32.68144226074219
38SMB_00944_r5280_c4800,1,0.21478573977947235,8.434459686279297,84.64437866210938,54.45193099975586,131.65542602539062
38SMB_00946_r5280_c5280,0,0.7159423232078552,172.90260314941406,6.76519775390625,218.9782257080078,52.264732360839844
38SMB_00948_r5280_c5760,0,0.6046003699302673,67.66925048828125,173.47323608398438,115.70341491699219,221.70401000976562
38SMB_00953_r5280_c6960,0,0.4630221724510193,249.9039306640625,66.76113891601562,319.1226806640625,141.16065979003906
38SMB_00953_r5280_c6960,1,0.3254770040512085,47.541595458984375,0.0045642852783203125,106.08699035644531,21.88680648803711
38SMB_00953_r5280_c6960,2,0.25311946868896484,280.6976318359375,0.0,320.0,83.10472869873047
38SMB_00953_r5280_c6960,3,0.17218299210071564,84.8951644897461,0.17154693603515625,209.27737426757812,90.17435455322266
38SMB_00954_r5280_c7200,0,0.38886651396751404,11.511405944824219,66.989013671875,84.40438842773438,141.20535278320312
38SMB_00954_r5280_c7200,1,0.3853824734687805,234.59652709960938,153.94842529296875,310.9189147949219,219.6654052734375
38SMB_00954_r5280_c7200,2,0.2297680526971817,42.01902770996094,0.0,201.3209991455078,95.4516830444336
38SMB_00955_r5280_c7440,0,0.5625759959220886,147.82382202148438,170.68064880371094,188.328125,211.12998962402344
38SMB_00955_r5280_c7440,1,0.35332000255584717,0.6422882080078125,151.600830078125,70.43980407714844,219.59918212890625
38SMB_00958_r5280_c8160,0,0.34147557616233826,105.7637710571289,117.59231567382812,165.83627319335938,180.25723266601562
38SMB_00958_r5280_c8160,1,0.24630065262317657,204.92401123046875,174.28765869140625,250.40673828125,227.05267333984375
38SMB_00958_r5280_c8160,2,0.23532189428806305,154.5255126953125,102.22294616699219,203.66290283203125,145.009765625
38SMB_00958_r5280_c8160,3,0.10601451247930527,251.10850524902344,0.0,320.0,73.44856262207031
38SMB_00959_r5280_c8400,0,0.12372975051403046,304.969482421875,273.9708251953125,320.0,320.0
38SMB_00959_r5280_c8400,1,0.11635074019432068,15.549186706542969,0.0,84.42082977294922,72.46769714355469
38SMB_00959_r5280_c8400,2,0.10018374025821686,232.45455932617188,32.48435974121094,272.6640319824219,86.06301879882812
38SMB_00960_r5280_c8640,0,0.13611216843128204,150.62979125976562,252.52989196777344,296.71875,319.83642578125
38SMB_00960_r5280_c8640,1,0.1218339279294014,85.79903411865234,257.14111328125,241.22463989257812,319.6297607421875
38SMB_00960_r5280_c8640,2,0.10612642765045166,57.28759002685547,290.6684875488281,98.1120376586914,320.0
38SMB_00960_r5280_c8640,3,0.10136692970991135,52.924991607666016,279.51922607421875,102.28054809570312,320.0
38SMB_00961_r5280_c8880,0,0.5146588087081909,220.28103637695312,210.38641357421875,294.6585998535156,288.31573486328125
38SMB_00962_r5280_c9120,0,0.37011590600013733,0.0,209.32473754882812,53.95112228393555,289.3882751464844
38SMB_00972_r5520_c1440,0,0.16081811487674713,283.6061096191406,53.15296173095703,319.9811096191406,118.63678741455078
38SMB_00972_r5520_c1440,1,0.13789531588554382,217.57717895507812,73.31866455078125,273.6628723144531,130.43154907226562
38SMB_00973_r5520_c1680,0,0.6082034707069397,235.5135498046875,242.53482055664062,292.13153076171875,301.7093811035156
38SMB_00973_r5520_c1680,1,0.12864674627780914,0.0,66.65263366699219,36.60750961303711,137.49911499023438
38SMB_00974_r5520_c1920,0,0.6406815052032471,0.01154327392578125,242.59420776367188,51.37798309326172,299.8961486816406
38SMB_00974_r5520_c1920,1,0.10512840747833252,300.3173828125,84.65290832519531,320.0,149.04429626464844
38SMB_00975_r5520_c2160,0,0.3534921705722809,174.77886962890625,178.62979125976562,263.8087463378906,266.9056091308594
38SMB_00975_r5520_c2160,1,0.25235795974731445,60.14077377319336,87.74896240234375,119.05316162109375,148.74880981445312
38SMB_00975_r5520_c2160,2,0.11199703067541122,39.962974548339844,0.0,89.64612579345703,25.603538513183594
38SMB_00976_r5520_c2400,0,0.4887903332710266,94.34335327148438,88.36294555664062,168.09796142578125,152.97796630859375
38SMB_00976_r5520_c2400,1,0.26662060618400574,166.05630493164062,238.88101196289062,204.76651000976562,277.7783508300781
38SMB_00976_r5520_c2400,2,0.1316211223602295,298.16143798828125,9.225725173950195,319.95904541015625,56.903564453125
38SMB_00976_r5520_c2400,3,0.12378201633691788,106.02940368652344,0.0,155.3986358642578,14.182398796081543
38SMB_00976_r5520_c2400,4,0.11757618933916092,104.10902404785156,0.0,174.6748809814453,16.634902954101562
38SMB_00982_r5520_c3840,0,0.7201507091522217,124.79998016357422,23.104103088378906,174.04010009765625,72.6866455078125
38SMB_00982_r5520_c3840,1,0.2931939661502838,193.22726440429688,20.37970733642578,238.0020751953125,70.01057434082031
38SMB_00982_r5520_c3840,2,0.22332055866718292,275.73681640625,64.98545837402344,320.0,139.98593139648438
38SMB_00982_r5520_c3840,3,0.16678258776664734,222.0570068359375,19.504486083984375,278.36334228515625,81.08450317382812
38SMB_00982_r5520_c3840,4,0.10043798387050629,224.6494140625,21.274124145507812,269.2559814453125,73.77129364013672
38SMB_00983_r5520_c4080,0,0.5773873329162598,229.808349609375,100.85526275634766,308.45343017578125,174.38449096679688
38SMB_00983_r5520_c4080,1,0.35797441005706787,36.55128479003906,67.33412170410156,93.35162353515625,123.99620056152344
38SMB_00983_r5520_c4080,2,0.21570532023906708,220.51431274414062,9.398872375488281,270.50091552734375,58.84674835205078
38SMB_00983_r5520_c4080,3,0.197035551071167,89.92879486083984,137.19960021972656,185.64688110351562,241.8381805419922
38SMB_00983_r5520_c4080,4,0.17848283052444458,75.16539001464844,32.900848388671875,121.33808898925781,79.64080047607422
38SMB_00983_r5520_c4080,5,0.16063986718654633,0.027919769287109375,171.55718994140625,32.690799713134766,242.42776489257812
38SMB_00983_r5520_c4080,6,0.13650280237197876,79.24850463867188,0.0,167.84674072265625,46.9839973449707
38SMB_00984_r5520_c4320,0,0.8325462937355042,73.53323364257812,224.25656127929688,132.5501251220703,283.1512145996094
38SMB_00984_r5520_c4320,1,0.650399923324585,115.36974334716797,289.59820556640625,168.6256103515625,320.0
38SMB_00984_r5520_c4320,2,0.6253674030303955,66.03309631347656,0.009937286376953125,135.56759643554688,50.04938507080078
38SMB_00984_r5520_c4320,3,0.5201614499092102,0.0,101.50955200195312,67.8530044555664,173.51800537109375
38SMB_00984_r5520_c4320,4,0.4865385591983795,294.20562744140625,127.3543701171875,320.0,189.80029296875
38SMB_00984_r5520_c4320,5,0.2058117687702179,71.62579345703125,122.88937377929688,130.53414916992188,174.1370849609375
38SMB_00984_r5520_c4320,6,0.19813871383666992,300.743896484375,135.69775390625,319.9840087890625,183.63705444335938
38SMB_00984_r5520_c4320,7,0.13604173064231873,49.89714431762695,293.74407958984375,123.52507019042969,320.0
38SMB_00984_r5520_c4320,8,0.12930049002170563,0.0,7.839988708496094,29.27288055419922,62.56434631347656
38SMB_00985_r5520_c4560,0,0.8260876536369324,52.89388656616211,132.65231323242188,106.71200561523438,187.45346069335938
38SMB_00985_r5520_c4560,1,0.5957748889923096,146.72314453125,257.9535827636719,190.44659423828125,300.0404968261719
38SMB_00986_r5520_c4800,0,0.43899914622306824,197.75582885742188,285.7103271484375,280.1220703125,319.95166015625
38SMB_00987_r5520_c5040,0,0.5887660384178162,102.19287109375,178.4958038330078,158.30621337890625,236.4656524658203
38SMB_00987_r5520_c5040,1,0.5480208992958069,230.45819091796875,221.44171142578125,277.0574951171875,266.63372802734375
38SMB_00987_r5520_c5040,2,0.24166631698608398,0.18571090698242188,283.1123046875,40.18803024291992,320.0
38SMB_00987_r5520_c5040,3,0.12867064774036407,149.9874267578125,246.05892944335938,237.28897094726562,320.0
38SMB_00988_r5520_c5280,0,0.5997384786605835,157.87155151367188,154.31333923339844,203.24826049804688,204.01365661621094
38SMB_00988_r5520_c5280,1,0.3936167061328888,0.0,221.818115234375,36.10873031616211,265.0732421875
38SMB_00988_r5520_c5280,2,0.23267005383968353,197.49557495117188,218.37203979492188,245.82882690429688,264.0359802246094
38SMB_00989_r5520_c5520,0,0.2810662090778351,194.83554077148438,118.3109359741211,240.44454956054688,172.10391235351562
38SMB_00991_r5520_c6000,0,0.6857014298439026,98.92080688476562,134.00454711914062,137.11370849609375,171.51913452148438
38SMB_00991_r5520_c6000,1,0.20475536584854126,27.87044906616211,129.4906005859375,102.9674072265625,195.40679931640625
38SMB_00991_r5520_c6000,2,0.118399977684021,36.318199157714844,137.46810913085938,100.79779815673828,189.40963745117188
38SMB_00992_r5520_c6240,0,0.5259328484535217,117.57408142089844,202.02456665039062,155.3722381591797,238.43545532226562
38SMB_00998_r5520_c7680,0,0.1744215488433838,169.05758666992188,207.58303833007812,242.24765014648438,275.1236267089844
38SMB_01000_r5520_c8160,0,0.1273132860660553,64.98162841796875,24.7855224609375,175.9290771484375,130.4427490234375
38SMB_01001_r5520_c8400,0,0.20973244309425354,301.56805419921875,34.52758026123047,319.97613525390625,86.9277114868164
38SMB_01001_r5520_c8400,1,0.19400593638420105,191.8846893310547,221.88983154296875,224.54930114746094,260.1381530761719
38SMB_01001_r5520_c8400,2,0.11546874046325684,303.98944091796875,49.04685592651367,319.93194580078125,85.03611755371094
38SMB_01002_r5520_c8640,0,0.47514837980270386,290.15020751953125,209.96926879882812,319.948486328125,263.3001403808594
38SMB_01002_r5520_c8640,1,0.41845598816871643,279.960205078125,250.84080505371094,320.0,312.142333984375
38SMB_01002_r5520_c8640,2,0.11880911886692047,73.21807861328125,19.097427368164062,248.33953857421875,151.70535278320312
38SMB_01002_r5520_c8640,3,0.11453312635421753,259.8372802734375,208.58517456054688,302.193115234375,253.78305053710938
38SMB_01003_r5520_c8880,0,0.7379554510116577,40.32383346557617,251.60281372070312,102.52485656738281,311.4716491699219
38SMB_01003_r5520_c8880,1,0.6762756109237671,49.104248046875,212.22509765625,105.47029113769531,266.2584533691406
38SMB_01003_r5520_c8880,2,0.34127670526504517,223.92550659179688,0.036334991455078125,290.3207702636719,46.31281280517578
38SMB_01003_r5520_c8880,3,0.19033358991146088,114.84950256347656,189.06016540527344,166.6459503173828,235.83250427246094
38SMB_01004_r5520_c9120,0,0.2817966639995575,0.0,0.024318695068359375,52.05893325805664,47.36114501953125
38SMB_01005_r5520_c9360,0,0.5310721397399902,63.843353271484375,251.70111083984375,139.3490447998047,320.0
38SMB_01006_r5520_c9600,0,0.12015465646982193,105.88931274414062,35.74305725097656,156.94189453125,86.64337158203125
38SMB_01006_r5520_c9600,1,0.10814907401800156,104.45919799804688,34.572174072265625,165.21554565429688,96.92195129394531
38SMB_01007_r5520_c9680,0,0.11769428104162216,25.971099853515625,35.774009704589844,76.92149353027344,86.58554077148438
38SMB_01007_r5520_c9680,1,0.10752333700656891,24.558427810668945,34.603214263916016,85.18806457519531,96.87173461914062
38SMB_01014_r5760_c1440,0,0.2013084441423416,252.77581787109375,69.07490539550781,303.3544921875,119.67298889160156
38SMB_01014_r5760_c1440,1,0.1237671822309494,247.84991455078125,61.48866271972656,312.050048828125,123.31703186035156
38SMB_01014_r5760_c1440,2,0.10519958287477493,244.9998779296875,44.93840026855469,320.0,134.95651245117188
38SMB_01015_r5760_c1680,0,0.6070396304130554,235.86380004882812,3.592012405395508,291.2691345214844,61.761566162109375
38SMB_01015_r5760_c1680,1,0.1663457751274109,13.293807983398438,68.21548461914062,64.35531616210938,119.82553100585938
38SMB_01015_r5760_c1680,2,0.10003244131803513,5.7144775390625,60.52952194213867,72.84226989746094,124.71473693847656
38SMB_01016_r5760_c1920,0,0.6302855610847473,0.097625732421875,3.031219482421875,52.17204666137695,61.2618408203125
38SMB_01016_r5760_c1920,1,0.18485191464424133,81.54898071289062,75.56654357910156,141.1009063720703,133.4396514892578
38SMB_01016_r5760_c1920,2,0.13471108675003052,303.1690673828125,233.89610290527344,319.998779296875,308.21875
38SMB_01016_r5760_c1920,3,0.11785749346017838,304.8297119140625,120.23036193847656,319.8670654296875,146.4745330810547
38SMB_01016_r5760_c1920,4,0.11681447178125381,233.2875518798828,254.9124298095703,278.80487060546875,299.82208251953125
38SMB_01016_r5760_c1920,5,0.1100262850522995,301.75531005859375,107.93492889404297,319.99249267578125,154.2935791015625
38SMB_01016_r5760_c1920,6,0.10962817072868347,307.6453857421875,235.4515380859375,320.0,303.93359375
38SMB_01016_r5760_c1920,7,0.10047159343957901,233.10435485839844,51.993865966796875,316.486083984375,138.9137420654297
38SMB_01017_r5760_c2160,0,0.27875271439552307,65.50230407714844,187.83016967773438,171.21768188476562,299.8224182128906
38SMB_01017_r5760_c2160,1,0.21503782272338867,172.1072235107422,236.9427490234375,248.8804168701172,320.0
38SMB_01017_r5760_c2160,2,0.16949708759784698,184.93154907226562,238.90869140625,240.07662963867188,317.57550048828125
38SMB_01017_r5760_c2160,3,0.15528789162635803,46.03375244140625,39.20805358886719,187.15875244140625,194.509765625
38SMB_01017_r5760_c2160,4,0.10153192281723022,0.020721435546875,238.8366241455078,42.312618255615234,307.03472900390625
38SMB_01018_r5760_c2400,0,0.20402438938617706,169.02642822265625,2.1207199096679688,202.892333984375,32.94214630126953
38SMB_01018_r5760_c2400,1,0.13363859057426453,225.7954559326172,220.3841552734375,312.98175048828125,306.3526611328125
38SMB_01019_r5760_c2640,0,0.18862701952457428,0.0,213.32034301757812,73.48069763183594,308.0855407714844
38SMB_01021_r5760_c3120,0,0.3208628296852112,113.53309631347656,115.7275390625,165.76002502441406,170.93899536132812
38SMB_01022_r5760_c3360,0,0.1804233342409134,69.68002319335938,224.65118408203125,130.30340576171875,281.98284912109375
38SMB_01022_r5760_c3360,1,0.14832809567451477,195.60824584960938,286.29278564453125,262.8536376953125,320.0
38SMB_01025_r5760_c4080,0,0.788716733455658,239.34776306152344,162.90382385253906,282.7705078125,205.5763702392578
38SMB_01025_r5760_c4080,1,0.7834705114364624,199.42367553710938,100.14385223388672,273.5873107910156,172.0706787109375
38SMB_01025_r5760_c4080,2,0.48255911469459534,137.34332275390625,76.98797607421875,213.44720458984375,154.42127990722656
38SMB_01025_r5760_c4080,3,0.46399661898612976,151.4306640625,286.9366760253906,209.95855712890625,319.8736267089844
38SMB_01025_r5760_c4080,4,0.31654122471809387,136.0534210205078,124.9362564086914,178.1736297607422,165.39382934570312
38SMB_01025_r5760_c4080,5,0.29274970293045044,110.95982360839844,98.504638671875,152.9199981689453,139.80996704101562
38SMB_01025_r5760_c4080,6,0.25699448585510254,293.6982421875,53.5118408203125,320.0,102.5693359375
38SMB_01025_r5760_c4080,7,0.17736564576625824,169.15972900390625,198.6656494140625,290.2543029785156,319.27545166015625
38SMB_01025_r5760_c4080,8,0.1635732799768448,295.3245544433594,210.2926025390625,320.0,262.4925537109375
38SMB_01025_r5760_c4080,9,0.11858635395765305,128.62481689453125,205.966796875,180.56927490234375,254.0732421875
38SMB_01026_r5760_c4320,0,0.8270742297172546,115.52237701416016,48.76346206665039,169.98538208007812,101.55117797851562
38SMB_01026_r5760_c4320,1,0.7952286005020142,0.09972000122070312,162.54074096679688,43.06966018676758,206.088623046875
38SMB_01026_r5760_c4320,2,0.7288013100624084,74.24476623535156,0.00601959228515625,132.7000732421875,41.69654846191406
38SMB_01026_r5760_c4320,3,0.6254700422286987,103.85511779785156,240.8973846435547,184.4430694580078,318.88861083984375
38SMB_01026_r5760_c4320,4,0.5106495022773743,53.45552444458008,51.57890701293945,120.96025085449219,114.12797546386719
38SMB_01026_r5760_c4320,5,0.3849656581878662,51.77561569213867,194.84359741210938,135.14610290527344,269.5947265625
38SMB_01026_r5760_c4320,6,0.24189475178718567,0.02193450927734375,103.54542541503906,37.17816162109375,182.8690643310547
38SMB_01026_r5760_c4320,7,0.13912317156791687,103.93466186523438,121.18605041503906,158.14404296875,174.0898895263672
38SMB_01026_r5760_c4320,8,0.12518976628780365,218.8616943359375,199.788330078125,259.7628173828125,239.46759033203125
38SMB_01026_r5760_c4320,9,0.10710130631923676,0.083099365234375,105.14337158203125,19.755802154541016,169.61849975585938
38SMB_01026_r5760_c4320,10,0.10704317688941956,0.22139358520507812,0.0,49.929237365722656,23.085140228271484
38SMB_01027_r5760_c4560,0,0.834164023399353,232.55950927734375,137.47901916503906,293.4154052734375,199.6736297607422
38SMB_01027_r5760_c4560,1,0.636157214641571,202.88145446777344,207.81512451171875,246.4692840576172,250.25164794921875
38SMB_01027_r5760_c4560,2,0.5839260816574097,146.29910278320312,17.00701141357422,190.56326293945312,59.81922912597656
38SMB_01027_r5760_c4560,3,0.5263007879257202,157.6295928955078,163.16586303710938,217.32081604003906,225.42184448242188
38SMB_01027_r5760_c4560,4,0.5118790864944458,108.96885681152344,277.8763427734375,160.6504364013672,320.0
38SMB_01027_r5760_c4560,5,0.4597010314464569,282.67376708984375,194.90939331054688,320.0,278.9271545410156
38SMB_01027_r5760_c4560,6,0.4477415978908539,222.18173217773438,263.84893798828125,281.9916687011719,319.66778564453125
38SMB_01027_r5760_c4560,7,0.44011929631233215,106.98429870605469,177.96746826171875,163.80262756347656,235.77081298828125
38SMB_01028_r5760_c4800,0,0.7935792207717896,0.3044242858886719,135.83670043945312,52.761741638183594,199.50106811523438
38SMB_01028_r5760_c4800,1,0.7589388489723206,43.18294906616211,202.5399169921875,109.68679809570312,272.83209228515625
38SMB_01028_r5760_c4800,2,0.6465353965759277,138.41796875,66.56059265136719,194.38775634765625,122.26679992675781
38SMB_01028_r5760_c4800,3,0.6220092177391052,202.10122680664062,45.24625778198242,278.11962890625,111.16004943847656
38SMB_01028_r5760_c4800,4,0.5225321054458618,218.61651611328125,110.14311218261719,266.1102600097656,156.5840301513672
38SMB_01028_r5760_c4800,5,0.38412198424339294,277.024658203125,85.27668762207031,320.0,138.3897247314453
38SMB_01028_r5760_c4800,6,0.3364649713039398,0.0,264.2668151855469,42.574493408203125,319.8456115722656
38SMB_01028_r5760_c4800,7,0.2074902057647705,89.85514831542969,248.09982299804688,131.2661895751953,286.8916320800781
38SMB_01029_r5760_c5040,0,0.5499932765960693,36.939918518066406,85.08818054199219,88.63180541992188,138.5966033935547
38SMB_01029_r5760_c5040,1,0.540274441242218,0.030475616455078125,43.54068374633789,37.817115783691406,107.2225341796875
38SMB_01029_r5760_c5040,2,0.2934798002243042,0.0,105.50164794921875,25.34267234802246,155.32821655273438
38SMB_01029_r5760_c5040,3,0.2648163139820099,231.16412353515625,0.0,278.86944580078125,26.449785232543945
38SMB_01029_r5760_c5040,4,0.13454082608222961,150.25485229492188,5.837440490722656,237.12832641601562,82.78604888916016
38SMB_01029_r5760_c5040,5,0.11400076746940613,234.86746215820312,0.014032363891601562,274.3999938964844,22.22386932373047
38SMB_01030_r5760_c5280,0,0.31484729051589966,196.73678588867188,0.0,245.12124633789062,23.40867042541504
38SMB_01030_r5760_c5280,1,0.2714475095272064,0.00988006591796875,0.0,38.12309265136719,24.973901748657227
38SMB_01031_r5760_c5520,0,0.7233781814575195,274.9667663574219,154.5765380859375,320.0,206.4774169921875
38SMB_01032_r5760_c5760,0,0.7493215799331665,35.333763122558594,154.46925354003906,86.49375915527344,206.3491668701172
38SMB_01032_r5760_c5760,1,0.6402098536491394,209.578857421875,261.76788330078125,259.13800048828125,313.44915771484375
38SMB_01032_r5760_c5760,2,0.1769249141216278,115.4333724975586,239.43157958984375,154.05258178710938,276.92962646484375
38SMB_01033_r5760_c6000,0,0.2876890301704407,0.0057926177978515625,261.64813232421875,17.7814884185791,313.1527099609375
38SMB_01035_r5760_c6480,0,0.6893893480300903,241.36917114257812,166.27560424804688,311.8898010253906,233.24386596679688
38SMB_01035_r5760_c6480,1,0.3631775975227356,123.9622573852539,125.66133117675781,157.83560180664062,158.3925323486328
38SMB_01035_r5760_c6480,2,0.10279357433319092,225.78062438964844,293.16357421875,288.3260498046875,319.87982177734375
38SMB_01036_r5760_c6720,0,0.8941628932952881,228.70223999023438,211.87835693359375,275.3659362792969,257.6683349609375
38SMB_01036_r5760_c6720,1,0.7131480574607849,2.3265914916992188,166.2886199951172,71.92019653320312,233.33985900878906
38SMB_01036_r5760_c6720,2,0.11783601343631744,0.21062469482421875,295.3135986328125,39.95722198486328,319.717529296875
38SMB_01036_r5760_c6720,3,0.10110651701688766,7.044044494628906,174.48159790039062,46.51835632324219,217.73397827148438
38SMB_01037_r5760_c6960,0,0.813651442527771,0.0,212.1312255859375,34.9268684387207,257.225830078125
38SMB_01038_r5760_c7200,0,0.6770666837692261,275.13275146484375,251.41055297851562,320.0,320.0
38SMB_01039_r5760_c7440,0,0.4754564166069031,32.89373779296875,251.53546142578125,139.5700225830078,320.0
38SMB_01039_r5760_c7440,1,0.44187575578689575,273.82525634765625,151.95294189453125,319.91888427734375,214.77691650390625
38SMB_01040_r5760_c7680,0,0.4847022593021393,65.24977111816406,101.48875427246094,114.61894226074219,152.6383514404297
38SMB_01040_r5760_c7680,1,0.3065713346004486,175.66073608398438,83.46377563476562,215.40682983398438,123.38246154785156
38SMB_01040_r5760_c7680,2,0.19729526340961456,37.213531494140625,137.46542358398438,130.049072265625,220.45712280273438
38SMB_01040_r5760_c7680,3,0.1713455766439438,33.98677062988281,149.10952758789062,108.32719421386719,218.046630859375
38SMB_01040_r5760_c7680,4,0.11378869414329529,0.0,140.01339721679688,39.817962646484375,189.82479858398438
38SMB_01041_r5760_c7920,0,0.19054222106933594,136.13284301757812,0.0,240.70498657226562,56.01455307006836
38SMB_01042_r5760_c8160,0,0.1722029745578766,87.8887939453125,64.63871002197266,143.47109985351562,119.97493743896484
38SMB_01043_r5760_c8400,0,0.1720259040594101,184.35369873046875,0.0,229.59881591796875,23.024890899658203
38SMB_01044_r5760_c8640,0,0.39963382482528687,280.1473388671875,9.693946838378906,320.0,71.00543212890625
38SMB_01044_r5760_c8640,1,0.2649911046028137,292.93060302734375,0.0,320.0,23.664199829101562
38SMB_01044_r5760_c8640,2,0.13207298517227173,287.53125,0.0,319.910400390625,33.937381744384766
38SMB_01045_r5760_c8880,0,0.7346854209899902,40.48195266723633,12.125656127929688,102.30613708496094,70.60671997070312
38SMB_01045_r5760_c8880,1,0.25006428360939026,54.13507843017578,0.0,104.18364715576172,24.684852600097656
38SMB_01045_r5760_c8880,2,0.23068951070308685,182.18975830078125,0.0,239.902099609375,43.98409652709961
38SMB_01045_r5760_c8880,3,0.19171234965324402,223.526611328125,0.0,286.63507080078125,48.674625396728516
38SMB_01045_r5760_c8880,4,0.16287875175476074,53.90995788574219,0.0,88.1104736328125,22.469635009765625
38SMB_01045_r5760_c8880,5,0.16146273910999298,48.45576858520508,0.0,113.26155090332031,28.092626571655273
38SMB_01045_r5760_c8880,6,0.14452965557575226,40.509769439697266,0.0,104.8892822265625,63.060279846191406
38SMB_01045_r5760_c8880,7,0.1265074908733368,50.917449951171875,0.08280181884765625,109.21055603027344,14.220528602600098
38SMB_01045_r5760_c8880,8,0.11466531455516815,209.9501495361328,0.0,319.13311767578125,115.01560974121094
38SMB_01046_r5760_c9120,0,0.8974799513816833,216.69308471679688,227.23065185546875,279.66351318359375,291.77947998046875
38SMB_01046_r5760_c9120,1,0.5558860301971436,200.67601013183594,292.89239501953125,249.00526428222656,319.99530029296875
38SMB_01046_r5760_c9120,2,0.19767698645591736,157.30723571777344,171.12396240234375,183.78846740722656,200.3255615234375
38SMB_01046_r5760_c9120,3,0.11990515887737274,0.4654731750488281,0.08434677124023438,44.127037048339844,48.66898727416992
38SMB_01047_r5760_c9360,0,0.775050163269043,0.0,229.97560119628906,38.89854431152344,290.1209716796875
38SMB_01047_r5760_c9360,1,0.4563806653022766,65.20504760742188,13.607284545898438,137.3394317626953,75.55430603027344
38SMB_01053_r6000_c720,0,0.17334048449993134,94.1709976196289,45.01487731933594,187.62997436523438,156.02366638183594
38SMB_01053_r6000_c720,1,0.14949753880500793,26.26593017578125,196.98611450195312,118.36878967285156,297.5257568359375
38SMB_01053_r6000_c720,2,0.1127806156873703,247.06005859375,257.32403564453125,290.991455078125,301.53363037109375
38SMB_01054_r6000_c960,0,0.14937232434749603,5.039928436279297,256.77960205078125,51.798057556152344,301.91522216796875
38SMB_01054_r6000_c960,1,0.10387102514505386,0.035137176513671875,275.2686767578125,40.95497131347656,320.0
38SMB_01058_r6000_c1920,0,0.15284313261508942,284.4521484375,83.103759765625,320.0,157.72164916992188
38SMB_01058_r6000_c1920,1,0.11889225989580154,233.4849090576172,15.23215103149414,278.58953857421875,59.76517105102539
38SMB_01058_r6000_c1920,2,0.10332567989826202,306.1357727050781,2.704010009765625,319.9904479980469,64.51500701904297
38SMB_01059_r6000_c2160,0,0.31727781891822815,61.64349365234375,0.05924224853515625,157.07579040527344,68.580078125
38SMB_01059_r6000_c2160,1,0.2904941439628601,118.3743896484375,251.80911254882812,189.65252685546875,320.0
38SMB_01059_r6000_c2160,2,0.16042666137218475,166.6519775390625,0.0,251.18218994140625,98.3641586303711
38SMB_01059_r6000_c2160,3,0.10839464515447617,42.292724609375,86.69151306152344,149.0806884765625,205.64463806152344
38SMB_01060_r6000_c2400,0,0.2639612853527069,214.26602172851562,0.09027481079101562,316.2655334472656,61.661441802978516
38SMB_01060_r6000_c2400,1,0.21975238621234894,204.59060668945312,220.0839385986328,282.4674987792969,303.30853271484375
38SMB_01060_r6000_c2400,2,0.20675316452980042,260.4134521484375,258.014892578125,295.7786865234375,294.282958984375
38SMB_01060_r6000_c2400,3,0.1496289074420929,206.46954345703125,290.9089050292969,236.525634765625,319.5715637207031
38SMB_01060_r6000_c2400,4,0.11754036694765091,285.03173828125,25.520278930664062,320.0,112.52496337890625
38SMB_01061_r6000_c2640,0,0.2849094867706299,0.0,0.0,74.87803649902344,64.68505859375
38SMB_01061_r6000_c2640,1,0.27421998977661133,120.77288055419922,109.95085906982422,186.00958251953125,173.85107421875
38SMB_01061_r6000_c2640,2,0.270817369222641,45.52109909057617,31.841232299804688,150.5990447998047,136.78839111328125
38SMB_01061_r6000_c2640,3,0.16896043717861176,172.36587524414062,146.86514282226562,274.79144287109375,246.27102661132812
38SMB_01061_r6000_c2640,4,0.16662533581256866,0.013469696044921875,216.66082763671875,47.33933639526367,315.74261474609375
38SMB_01061_r6000_c2640,5,0.15360267460346222,20.34783172607422,257.5559997558594,56.118202209472656,294.8276062011719
38SMB_01062_r6000_c2880,0,0.10741095244884491,217.64308166503906,177.17312622070312,298.81396484375,249.01376342773438
38SMB_01062_r6000_c2880,1,0.1042916476726532,0.0,165.15597534179688,128.09286499023438,320.0
38SMB_01063_r6000_c3120,0,0.16643743216991425,0.030155181884765625,174.4278564453125,59.88947296142578,255.38653564453125
38SMB_01065_r6000_c3600,0,0.4676700532436371,71.49226379394531,117.75445556640625,158.20980834960938,197.55841064453125
38SMB_01065_r6000_c3600,1,0.14648397266864777,86.31013488769531,123.4926528930664,155.31617736816406,188.06314086914062
38SMB_01066_r6000_c3840,0,0.24617522954940796,210.6453857421875,215.6614990234375,254.29925537109375,259.9915466308594
38SMB_01067_r6000_c4080,0,0.6846765875816345,153.01495361328125,47.433837890625,210.7740478515625,107.07415771484375
38SMB_01067_r6000_c4080,1,0.2607433497905731,184.05218505859375,0.0,293.63970947265625,91.72840881347656
38SMB_01067_r6000_c4080,2,0.22295497357845306,0.0,212.1722412109375,15.502862930297852,258.1961669921875
38SMB_01067_r6000_c4080,3,0.19690249860286713,0.0,216.01528930664062,12.387822151184082,255.94705200195312
38SMB_01068_r6000_c4320,0,0.8551273941993713,225.54684448242188,188.71524047851562,274.5679016113281,235.49838256835938
38SMB_01068_r6000_c4320,1,0.6961731910705566,248.152099609375,101.29878234863281,287.99969482421875,141.5534210205078
38SMB_01068_r6000_c4320,2,0.6872514486312866,197.86566162109375,100.01126098632812,260.7234802246094,167.09417724609375
38SMB_01068_r6000_c4320,3,0.5581203699111938,104.19612121582031,4.3831787109375,184.2129364013672,78.96440124511719
38SMB_01068_r6000_c4320,4,0.46295616030693054,127.74301147460938,250.2696990966797,159.84796142578125,283.27667236328125
38SMB_01068_r6000_c4320,5,0.4378436505794525,296.33905029296875,112.26634979248047,320.0,156.2923583984375
38SMB_01068_r6000_c4320,6,0.2747865319252014,70.61834716796875,288.6905517578125,147.5707550048828,320.0
38SMB_01069_r6000_c4560,0,0.7457181811332703,0.0,188.99066162109375,34.119293212890625,236.77783203125
38SMB_01069_r6000_c4560,1,0.6966309547424316,71.62213897705078,277.41571044921875,111.1717300415039,316.48651123046875
38SMB_01069_r6000_c4560,2,0.6927141547203064,8.182044982910156,101.85530090332031,47.97423553466797,140.87490844726562
38SMB_01069_r6000_c4560,3,0.6301624774932861,109.57075500488281,37.85078430175781,160.62892150878906,89.15412139892578
38SMB_01069_r6000_c4560,4,0.37338435649871826,56.548030853271484,111.92350769042969,107.36883544921875,160.9575958251953
38SMB_01069_r6000_c4560,5,0.37135711312294006,222.57568359375,24.177574157714844,281.69683837890625,80.64891815185547
38SMB_01069_r6000_c4560,6,0.24682557582855225,0.0,100.21914672851562,16.524463653564453,170.05258178710938
38SMB_01069_r6000_c4560,7,0.23821836709976196,205.43478393554688,0.0,246.35891723632812,9.557271957397461
38SMB_01069_r6000_c4560,8,0.20917974412441254,289.31005859375,0.057415008544921875,319.634521484375,38.447689056396484
38SMB_01069_r6000_c4560,9,0.16125528514385223,137.0113983154297,311.4649658203125,178.6301727294922,319.898193359375
38SMB_01069_r6000_c4560,10,0.1409773826599121,195.5326690673828,0.0,255.0403289794922,14.290365219116211
38SMB_01069_r6000_c4560,11,0.13737721741199493,132.6497802734375,309.44989013671875,181.62579345703125,319.95635986328125
38SMB_01069_r6000_c4560,12,0.13042239844799042,0.0,106.02896118164062,13.145425796508789,166.62808227539062
38SMB_01069_r6000_c4560,13,0.12701603770256042,298.2991943359375,0.4746360778808594,320.0,36.89224624633789
38SMB_01069_r6000_c4560,14,0.12549816071987152,307.66241455078125,265.97528076171875,319.874755859375,317.67718505859375
38SMB_01069_r6000_c4560,15,0.12440536171197891,289.0892028808594,310.4163513183594,319.5599670410156,320.0
38SMB_01069_r6000_c4560,16,0.10379510372877121,0.0,117.07852935791016,10.080406188964844,163.99282836914062
38SMB_01069_r6000_c4560,17,0.10329905152320862,304.02276611328125,251.87161254882812,320.0,320.0
38SMB_01070_r6000_c4800,0,0.6962310671806335,134.30990600585938,296.78582763671875,178.51608276367188,320.0
38SMB_01070_r6000_c4800,1,0.5436967015266418,283.3527526855469,274.16033935546875,320.0,319.75762939453125
38SMB_01070_r6000_c4800,2,0.4806045889854431,69.66288757324219,260.13653564453125,126.64456176757812,312.68194580078125
38SMB_01070_r6000_c4800,3,0.43352222442626953,49.97150421142578,0.0,103.66333770751953,31.940393447875977
38SMB_01070_r6000_c4800,4,0.218587264418602,0.0,24.658432006835938,42.26459884643555,81.89126586914062
38SMB_01070_r6000_c4800,5,0.20211894810199738,90.03750610351562,8.09344482421875,130.98431396484375,46.74918746948242
38SMB_01070_r6000_c4800,6,0.1821744590997696,280.541748046875,255.15484619140625,320.0,320.0
38SMB_01070_r6000_c4800,7,0.1470559686422348,123.3194580078125,5.402191162109375,224.27496337890625,96.64613342285156
38SMB_01071_r6000_c5040,0,0.7242581844329834,43.51518249511719,277.2618103027344,91.90090942382812,320.0
38SMB_01071_r6000_c5040,1,0.6419863104820251,244.62957763671875,129.7343292236328,289.46148681640625,175.3756561279297
38SMB_01071_r6000_c5040,2,0.18135981261730194,241.7845916748047,296.75860595703125,286.58563232421875,319.93792724609375
38SMB_01072_r6000_c5280,0,0.6418650150299072,4.512351989746094,129.68032836914062,49.44554138183594,175.32571411132812
38SMB_01072_r6000_c5280,1,0.19542083144187927,1.4355506896972656,296.426513671875,48.480533599853516,319.926513671875
38SMB_01072_r6000_c5280,2,0.18341436982154846,164.77377319335938,286.44598388671875,216.95065307617188,319.80169677734375
38SMB_01072_r6000_c5280,3,0.12490491569042206,4.9232635498046875,299.28326416015625,41.556617736816406,319.99896240234375
38SMB_01074_r6000_c5760,0,0.6210833787918091,209.77154541015625,21.853553771972656,259.0296630859375,73.1946792602539
38SMB_01074_r6000_c5760,1,0.16823555529117584,114.06001281738281,0.0,153.97608947753906,36.55558776855469
38SMB_01074_r6000_c5760,2,0.12165843695402145,262.6644287109375,287.5636901855469,303.07757568359375,320.0
38SMB_01075_r6000_c6000,0,0.863120436668396,241.04156494140625,173.52586364746094,286.04815673828125,219.51527404785156
38SMB_01075_r6000_c6000,1,0.5674879550933838,234.7339630126953,236.8485107421875,285.05242919921875,283.39007568359375
38SMB_01075_r6000_c6000,2,0.2772887051105499,0.0043392181396484375,22.272993087768555,17.54923439025879,72.84344482421875
38SMB_01075_r6000_c6000,3,0.1178801879286766,23.353300094604492,287.88690185546875,62.48573303222656,320.0
38SMB_01076_r6000_c6240,0,0.8738117218017578,0.20528030395507812,172.6102294921875,48.31862258911133,220.87957763671875
38SMB_01076_r6000_c6240,1,0.5396848320960999,0.08513641357421875,236.11563110351562,46.234100341796875,283.8315124511719
38SMB_01077_r6000_c6480,0,0.10484161972999573,232.4742431640625,53.96009063720703,275.09161376953125,98.80805206298828
38SMB_01078_r6000_c6720,0,0.5080804824829102,230.88131713867188,0.0,274.6399841308594,16.560646057128906
38SMB_01078_r6000_c6720,1,0.31681081652641296,166.7977294921875,98.2391128540039,235.546875,166.79086303710938
38SMB_01078_r6000_c6720,2,0.12843725085258484,174.3300018310547,104.9166259765625,228.60523986816406,161.93838500976562
38SMB_01078_r6000_c6720,3,0.11809267103672028,0.3557090759277344,55.69879150390625,31.204853057861328,97.59747314453125
38SMB_01078_r6000_c6720,4,0.1034676805138588,0.5424385070800781,69.79435729980469,28.66982650756836,97.28413391113281
38SMB_01078_r6000_c6720,5,0.10075033456087112,1.2249107360839844,57.16209411621094,27.946208953857422,88.43499755859375
38SMB_01079_r6000_c6960,0,0.4921174943447113,0.1116180419921875,0.058837890625,34.935638427734375,16.917572021484375
38SMB_01080_r6000_c7200,0,0.5747351050376892,271.5885009765625,9.886978149414062,319.90911865234375,106.80987548828125
38SMB_01081_r6000_c7440,0,0.46610555052757263,34.79283142089844,13.150810241699219,131.5653839111328,114.37383270263672
38SMB_01082_r6000_c7680,0,0.1853618025779724,204.37167358398438,96.31602478027344,251.308837890625,144.58212280273438
38SMB_01082_r6000_c7680,1,0.10952864587306976,62.342315673828125,287.0540771484375,124.63801574707031,319.982666015625
38SMB_01083_r6000_c7920,0,0.3138055205345154,272.1501159667969,110.8376693725586,320.0,166.98587036132812
38SMB_01084_r6000_c8160,0,0.2657366991043091,33.309906005859375,112.48713684082031,89.08767700195312,165.76353454589844
38SMB_01084_r6000_c8160,1,0.16710422933101654,261.79290771484375,229.86148071289062,294.20635986328125,263.0113830566406
38SMB_01085_r6000_c8400,0,0.1683194488286972,21.421510696411133,229.39321899414062,54.629547119140625,263.3417663574219
38SMB_01088_r6000_c9120,0,0.898452639579773,217.35745239257812,0.0,279.0334777832031,50.20265579223633
38SMB_01088_r6000_c9120,1,0.5045769214630127,195.61700439453125,53.98484420776367,250.20294189453125,110.89549255371094
38SMB_01089_r6000_c9360,0,0.6943908333778381,0.13267898559570312,0.0,37.68877029418945,49.06201934814453
38SMB_01090_r6000_c9600,0,0.31569093465805054,203.20257568359375,214.0112762451172,317.86187744140625,320.0
38SMB_01090_r6000_c9600,1,0.2782878279685974,179.47640991210938,218.51351928710938,225.170654296875,264.4943542480469
38SMB_01090_r6000_c9600,2,0.2129451483488083,220.87542724609375,189.63253784179688,270.34515380859375,235.89816284179688
38SMB_01090_r6000_c9600,3,0.17366094887256622,307.344970703125,224.98355102539062,319.9307861328125,266.0073547363281
38SMB_01090_r6000_c9600,4,0.12753702700138092,306.06488037109375,210.16342163085938,319.97308349609375,267.1825866699219
38SMB_01091_r6000_c9680,0,0.3166201412677765,124.07891845703125,216.0368194580078,240.2154541015625,319.69207763671875
38SMB_01091_r6000_c9680,1,0.279562771320343,99.45755004882812,218.49017333984375,145.18203735351562,264.5046081542969
38SMB_01091_r6000_c9680,2,0.21123690903186798,140.85263061523438,189.61141967773438,190.32107543945312,235.90823364257812
38SMB_01091_r6000_c9680,3,0.10738371312618256,242.14669799804688,259.1051025390625,259.44659423828125,275.5418701171875
38SMB_01092_r6240_c0,0,0.16267041862010956,28.3992919921875,44.41259765625,150.21939086914062,154.54360961914062
38SMB_01092_r6240_c0,1,0.12073910236358643,95.94059753417969,221.57440185546875,217.0133514404297,319.782470703125
38SMB_01094_r6240_c480,0,0.11041360348463058,190.44229125976562,117.56730651855469,294.9006042480469,209.77476501464844
38SMB_01095_r6240_c720,0,0.1430807113647461,0.4725189208984375,189.58828735351562,95.85662841796875,311.63177490234375
38SMB_01095_r6240_c720,1,0.12957903742790222,244.86346435546875,17.103248596191406,292.31622314453125,62.29291534423828
38SMB_01095_r6240_c720,2,0.11120245605707169,215.29443359375,44.70796585083008,281.9397888183594,109.02494812011719
38SMB_01095_r6240_c720,3,0.10190370678901672,125.43214416503906,164.85597229003906,188.76246643066406,230.35960388183594
38SMB_01096_r6240_c960,0,0.16675476729869843,4.7728118896484375,16.04243278503418,52.199920654296875,62.59271240234375
38SMB_01096_r6240_c960,1,0.13456331193447113,0.0,23.27130126953125,48.71689987182617,119.63844299316406
38SMB_01096_r6240_c960,2,0.11643459647893906,0.024730682373046875,38.91262435913086,42.771453857421875,115.7332763671875
38SMB_01096_r6240_c960,3,0.10256995260715485,135.90673828125,193.4002685546875,229.875244140625,278.8077392578125
38SMB_01101_r6240_c2160,0,0.21366649866104126,118.6379623413086,13.467437744140625,189.01004028320312,85.92676544189453
38SMB_01101_r6240_c2160,1,0.17326949536800385,299.38433837890625,238.42742919921875,319.90936279296875,290.4600830078125
38SMB_01102_r6240_c2400,0,0.33611735701560974,55.53604507446289,237.79336547851562,121.00222778320312,304.4698791503906
38SMB_01102_r6240_c2400,1,0.26773813366889954,202.86550903320312,0.24872589111328125,283.2290954589844,64.25716400146484
38SMB_01102_r6240_c2400,2,0.24556314945220947,260.48541259765625,18.14804458618164,296.11541748046875,54.11481857299805
38SMB_01102_r6240_c2400,3,0.23104071617126465,135.85116577148438,244.42303466796875,187.56875610351562,295.73095703125
38SMB_01102_r6240_c2400,4,0.18286943435668945,0.026910781860351562,177.25584411621094,21.274860382080078,230.2222137451172
38SMB_01102_r6240_c2400,5,0.1659311205148697,178.51116943359375,217.99887084960938,231.42526245117188,272.9695739746094
38SMB_01102_r6240_c2400,6,0.14422734081745148,29.0787353515625,252.43716430664062,71.56175994873047,299.3646545410156
38SMB_01102_r6240_c2400,7,0.14320893585681915,206.4620819091797,51.11424255371094,236.7922821044922,80.90274047851562
38SMB_01102_r6240_c2400,8,0.11257712543010712,267.135986328125,39.016571044921875,319.99029541015625,128.86911010742188
38SMB_01102_r6240_c2400,9,0.1110660508275032,71.82301330566406,18.160781860351562,139.71124267578125,90.45295715332031
38SMB_01103_r6240_c2640,0,0.18526390194892883,103.8690185546875,149.14727783203125,160.96063232421875,210.48104858398438
38SMB_01103_r6240_c2640,1,0.1774425357580185,20.360153198242188,17.87454605102539,56.22368621826172,54.4050178527832
38SMB_01103_r6240_c2640,2,0.13204123079776764,0.0,0.0,44.08543395996094,74.23583984375
38SMB_01103_r6240_c2640,3,0.13047026097774506,0.0,156.64886474609375,116.919921875,273.8836975097656
38SMB_01104_r6240_c2880,0,0.24047958850860596,268.99072265625,126.36577606201172,320.0,180.57025146484375
38SMB_01104_r6240_c2880,1,0.10013061761856079,0.0,269.6768798828125,19.831281661987305,316.0806884765625
38SMB_01105_r6240_c3120,0,0.27898555994033813,103.29483032226562,168.49649047851562,216.8712158203125,292.3656921386719
38SMB_01105_r6240_c3120,1,0.271092027425766,28.70672035217285,126.95280456542969,83.34795379638672,180.52015686035156
38SMB_01105_r6240_c3120,2,0.17080238461494446,46.27049255371094,0.06362533569335938,119.35575866699219,52.77315139770508
38SMB_01107_r6240_c3600,0,0.6127578020095825,281.1632385253906,151.79244995117188,320.0,203.86468505859375
38SMB_01107_r6240_c3600,1,0.2746707499027252,143.89016723632812,151.22665405273438,205.36410522460938,212.61203002929688
38SMB_01107_r6240_c3600,2,0.15491971373558044,162.54916381835938,119.2901611328125,204.39053344726562,162.6590576171875
38SMB_01108_r6240_c3840,0,0.8325615525245667,97.7633056640625,103.28115844726562,138.82907104492188,144.72637939453125
38SMB_01108_r6240_c3840,1,0.817696213722229,238.535400390625,75.69132995605469,284.9010009765625,121.72906494140625
38SMB_01108_r6240_c3840,2,0.6754688620567322,41.58076858520508,152.8480224609375,89.25071716308594,203.39910888671875
38SMB_01108_r6240_c3840,3,0.5014059543609619,215.58395385742188,149.69200134277344,282.8372497558594,219.65257263183594
38SMB_01108_r6240_c3840,4,0.43136826157569885,208.31146240234375,0.0,254.19036865234375,18.998046875
38SMB_01108_r6240_c3840,5,0.2952403426170349,234.6410369873047,201.80877685546875,313.37677001953125,286.55535888671875
38SMB_01108_r6240_c3840,6,0.14734837412834167,233.63381958007812,245.96728515625,251.42312622070312,264.15399169921875
38SMB_01108_r6240_c3840,7,0.10153814405202866,204.19509887695312,108.79376220703125,255.8502197265625,161.63421630859375
38SMB_01109_r6240_c4080,0,0.8463161587715149,0.21047210693359375,75.8990478515625,45.27048873901367,121.30059814453125
38SMB_01109_r6240_c4080,1,0.5123642683029175,229.92300415039062,176.43548583984375,281.89215087890625,231.59881591796875
38SMB_01109_r6240_c4080,2,0.5057519674301147,282.665283203125,209.77764892578125,320.0,265.89495849609375
38SMB_01109_r6240_c4080,3,0.3941885232925415,0.0011844635009765625,108.06777954101562,15.604354858398438,142.71893310546875
38SMB_01109_r6240_c4080,4,0.24377363920211792,0.0,146.51226806640625,45.12307357788086,222.96539306640625
38SMB_01109_r6240_c4080,5,0.1571541577577591,0.261016845703125,204.09396362304688,71.45947265625,281.61029052734375
38SMB_01109_r6240_c4080,6,0.1177283450961113,301.7235107421875,72.71685791015625,319.96405029296875,135.10983276367188
38SMB_01109_r6240_c4080,7,0.1083945482969284,221.11685180664062,171.90985107421875,285.2630310058594,241.36001586914062
38SMB_01110_r6240_c4320,0,0.6884023547172546,41.93724060058594,207.70217895507812,102.36053466796875,266.9555358886719
38SMB_01110_r6240_c4320,1,0.548407793045044,60.88950729370117,48.37275695800781,143.61656188964844,131.68629455566406
38SMB_01110_r6240_c4320,2,0.4963586926460266,127.72290802001953,10.067779541015625,159.9864501953125,43.411949157714844
38SMB_01110_r6240_c4320,3,0.4037861227989197,0.09366989135742188,172.66751098632812,42.0299186706543,236.99624633789062
38SMB_01111_r6240_c4560,0,0.8223499655723572,139.43414306640625,72.07696533203125,177.63436889648438,113.8372802734375
38SMB_01111_r6240_c4560,1,0.6912552118301392,71.71067810058594,37.33644104003906,110.76997375488281,76.2646484375
38SMB_01111_r6240_c4560,2,0.5310129523277283,279.11041259765625,228.87115478515625,320.0,279.4149475097656
38SMB_01111_r6240_c4560,3,0.48797208070755005,262.69793701171875,289.46746826171875,320.0,320.0
38SMB_01111_r6240_c4560,4,0.14791683852672577,285.7667236328125,68.31944274902344,320.0,108.68844604492188
38SMB_01111_r6240_c4560,5,0.12704946100711823,239.23556518554688,286.4281921386719,320.0,320.0
38SMB_01111_r6240_c4560,6,0.12091956287622452,42.034812927246094,215.1395263671875,83.43488311767578,256.8790283203125
38SMB_01111_r6240_c4560,7,0.11772527545690536,309.70166015625,17.989585876464844,319.9765625,79.31466674804688
38SMB_01112_r6240_c4800,0,0.848400890827179,133.64254760742188,57.155094146728516,177.96832275390625,101.92694091796875
38SMB_01112_r6240_c4800,1,0.6993587613105774,39.683441162109375,231.08847045898438,86.96630096435547,277.8594055175781
38SMB_01112_r6240_c4800,2,0.5137794613838196,19.8436279296875,292.7149658203125,92.82915496826172,320.0
38SMB_01112_r6240_c4800,3,0.5068042874336243,72.91931915283203,22.161758422851562,124.45288848876953,70.07693481445312
38SMB_01112_r6240_c4800,4,0.45081573724746704,285.46380615234375,35.42243194580078,319.99066162109375,88.02305603027344
38SMB_01112_r6240_c4800,5,0.19354301691055298,46.30476379394531,69.08522033691406,82.75152587890625,108.04765319824219
38SMB_01112_r6240_c4800,6,0.11264652013778687,280.25128173828125,239.9180908203125,320.0,295.00958251953125
38SMB_01112_r6240_c4800,7,0.10014849901199341,34.70326232910156,298.24041748046875,89.35537719726562,320.0
38SMB_01113_r6240_c5040,0,0.651351273059845,45.67198944091797,38.97120666503906,91.0306625366211,87.85020446777344
38SMB_01113_r6240_c5040,1,0.5978012084960938,292.2525939941406,229.35614013671875,319.8735656738281,275.3529052734375
38SMB_01113_r6240_c5040,2,0.23686012625694275,244.94224548339844,58.22479248046875,283.90283203125,95.20077514648438
38SMB_01113_r6240_c5040,3,0.2331462800502777,105.14995574951172,232.80625915527344,194.3541259765625,294.812255859375
38SMB_01113_r6240_c5040,4,0.18322084844112396,36.9879035949707,237.34915161132812,105.79740905761719,294.8420104980469
38SMB_01113_r6240_c5040,5,0.1400061398744583,114.33450317382812,238.92892456054688,178.40997314453125,292.3624572753906
38SMB_01113_r6240_c5040,6,0.11243801563978195,0.009103775024414062,138.96029663085938,20.445703506469727,194.83316040039062
38SMB_01114_r6240_c5280,0,0.6158313155174255,51.28183364868164,229.45526123046875,96.91702270507812,274.6296081542969
38SMB_01114_r6240_c5280,1,0.45992937684059143,164.8392333984375,47.645233154296875,217.7783203125,98.81233215332031
38SMB_01114_r6240_c5280,2,0.24257145822048187,2.5291099548339844,56.8303108215332,45.400665283203125,96.09770202636719
38SMB_01114_r6240_c5280,3,0.1590709686279297,207.3986358642578,50.05572509765625,250.79847717285156,93.60493469238281
38SMB_01114_r6240_c5280,4,0.15531685948371887,298.32928466796875,242.6114501953125,319.92462158203125,282.9892578125
38SMB_01114_r6240_c5280,5,0.12531782686710358,151.299072265625,14.159957885742188,233.95526123046875,102.23097229003906
38SMB_01114_r6240_c5280,6,0.11107698082923889,1.7814064025878906,40.553157806396484,58.91843795776367,97.77227783203125
38SMB_01115_r6240_c5520,0,0.10858751833438873,56.03002166748047,232.35968017578125,115.9697036743164,286.95001220703125
38SMB_01115_r6240_c5520,1,0.10715640336275101,76.77042388916016,237.9938201904297,113.63713836669922,274.19012451171875
38SMB_01115_r6240_c5520,2,0.10079089552164078,87.37220764160156,242.4647216796875,110.57820129394531,267.7237854003906
38SMB_01116_r6240_c5760,0,0.18869876861572266,264.92822265625,47.829994201660156,301.77972412109375,84.6752700805664
38SMB_01116_r6240_c5760,1,0.12994129955768585,159.91171264648438,275.3916320800781,202.10379028320312,317.0232238769531
38SMB_01117_r6240_c6000,0,0.5565778017044067,235.34393310546875,0.0,284.98779296875,42.76331329345703
38SMB_01117_r6240_c6000,1,0.17278259992599487,25.191539764404297,47.90272521972656,61.566776275634766,84.61683654785156
38SMB_01117_r6240_c6000,2,0.11615795642137527,244.22146606445312,0.7303276062011719,282.1445007324219,38.51026916503906
38SMB_01118_r6240_c6240,0,0.5062955617904663,0.2606048583984375,0.0,46.5495719909668,42.28233337402344
38SMB_01120_r6240_c6720,0,0.7858730554580688,188.99856567382812,256.0906982421875,234.80337524414062,300.47174072265625
38SMB_01120_r6240_c6720,1,0.27417245507240295,181.36618041992188,284.3203125,207.01657104492188,312.08203125
38SMB_01122_r6240_c7200,0,0.1255154311656952,29.89118766784668,146.33511352539062,87.85992431640625,206.24850463867188
38SMB_01123_r6240_c7440,0,0.33144107460975647,248.69842529296875,273.23004150390625,310.95037841796875,319.94586181640625
38SMB_01124_r6240_c7680,0,0.3536204397678375,8.022733688354492,273.1949768066406,71.32688903808594,319.9653015136719
38SMB_01124_r6240_c7680,1,0.19373944401741028,0.0001163482666015625,106.78363037109375,24.775781631469727,163.86569213867188
38SMB_01124_r6240_c7680,2,0.14489561319351196,207.7236328125,287.83099365234375,268.8675537109375,319.72613525390625
38SMB_01124_r6240_c7680,3,0.1264333724975586,214.15399169921875,290.252197265625,259.202880859375,319.896728515625
38SMB_01124_r6240_c7680,4,0.12255427986383438,60.25998306274414,45.85268783569336,118.94943237304688,102.85079956054688
38SMB_01125_r6240_c7920,0,0.30897605419158936,141.47213745117188,171.00347900390625,193.81826782226562,220.87841796875
38SMB_01126_r6240_c8160,0,0.23096159100532532,169.3268280029297,270.6964111328125,237.93019104003906,320.0
38SMB_01126_r6240_c8160,1,0.15334197878837585,261.754638671875,0.08594512939453125,294.5860595703125,23.365280151367188
38SMB_01127_r6240_c8400,0,0.13682809472084045,21.70532989501953,0.10399246215820312,54.78724670410156,23.576257705688477
38SMB_01131_r6240_c9360,0,0.8834842443466187,186.46453857421875,238.07757568359375,236.65023803710938,290.53485107421875
38SMB_01132_r6240_c9600,0,0.4210584759712219,203.5880126953125,0.0,317.5888671875,74.41691589355469
38SMB_01132_r6240_c9600,1,0.2470330446958542,178.31121826171875,0.07257080078125,224.48422241210938,23.665157318115234
38SMB_01132_r6240_c9600,2,0.18666499853134155,236.572509765625,202.52005004882812,319.842041015625,307.5545349121094
38SMB_01132_r6240_c9600,3,0.16433250904083252,112.69485473632812,137.30661010742188,177.45077514648438,203.32424926757812
38SMB_01132_r6240_c9600,4,0.15697802603244781,307.19219970703125,0.3254661560058594,320.0,26.055007934570312
38SMB_01133_r6240_c9680,0,0.41696321964263916,124.54122924804688,0.07572174072265625,240.50042724609375,74.210205078125
38SMB_01133_r6240_c9680,1,0.24676911532878876,222.4688720703125,0.0,269.91302490234375,32.38862228393555
38SMB_01133_r6240_c9680,2,0.24647772312164307,98.32710266113281,0.07293891906738281,144.46742248535156,23.6568546295166
38SMB_01133_r6240_c9680,3,0.16410396993160248,32.710662841796875,137.29412841796875,97.43063354492188,203.3192138671875
38SMB_01133_r6240_c9680,4,0.11607013642787933,153.1766357421875,185.766357421875,272.9486083984375,306.45330810546875
38SMB_01133_r6240_c9680,5,0.10106068104505539,241.80975341796875,19.12045669555664,259.529541015625,35.63832092285156
38SMB_01134_r6480_c0,0,0.1320047229528427,153.4063262939453,302.1065673828125,196.6318817138672,319.92236328125
38SMB_01135_r6480_c240,0,0.341156005859375,71.4962158203125,175.94577026367188,184.38858032226562,288.7100524902344
38SMB_01135_r6480_c240,1,0.2021532505750656,0.02245330810546875,221.6407470703125,25.011924743652344,282.86309814453125
38SMB_01135_r6480_c240,2,0.20155280828475952,251.22695922851562,218.80795288085938,320.0,319.5635070800781
38SMB_01135_r6480_c240,3,0.1970435529947281,186.52835083007812,246.9196319580078,252.64627075195312,312.48260498046875
38SMB_01135_r6480_c240,4,0.1299850195646286,0.011323928833007812,225.6749267578125,20.269289016723633,277.74981689453125
38SMB_01136_r6480_c480,0,0.30271366238594055,0.0,219.37513732910156,135.87588500976562,319.5654296875
38SMB_01136_r6480_c480,1,0.14185857772827148,85.14689636230469,47.93086624145508,154.14337158203125,114.41957092285156
38SMB_01136_r6480_c480,2,0.12340051680803299,70.50624084472656,140.86209106445312,144.6410369873047,228.64959716796875
38SMB_01136_r6480_c480,3,0.11019424349069595,153.0572509765625,266.6024169921875,214.2950439453125,319.9617919921875
38SMB_01137_r6480_c720,0,0.1625284105539322,107.47378540039062,23.453125,204.12704467773438,130.41937255859375
38SMB_01137_r6480_c720,1,0.12761938571929932,168.521240234375,126.9374771118164,242.81805419921875,202.37106323242188
38SMB_01138_r6480_c960,0,0.19375017285346985,127.39205169677734,248.9473114013672,185.11050415039062,307.89190673828125
38SMB_01138_r6480_c960,1,0.11076834052801132,134.28213500976562,252.03469848632812,181.79550170898438,301.0685729980469
38SMB_01138_r6480_c960,2,0.10866401344537735,169.2450408935547,113.95355224609375,242.85130310058594,202.29092407226562
38SMB_01142_r6480_c1920,0,0.10531216114759445,141.51943969726562,127.82382202148438,264.3981628417969,265.3834228515625
38SMB_01143_r6480_c2160,0,0.2589133083820343,296.90716552734375,0.23278427124023438,319.95513916015625,50.71059036254883
38SMB_01144_r6480_c2400,0,0.409550279378891,233.2163848876953,157.95799255371094,286.12469482421875,212.02137756347656
38SMB_01144_r6480_c2400,1,0.32584914565086365,55.72067642211914,0.7568817138671875,120.892333984375,64.36083984375
38SMB_01144_r6480_c2400,2,0.3037824332714081,133.57684326171875,2.2012786865234375,190.86419677734375,58.71953582763672
38SMB_01144_r6480_c2400,3,0.2721163332462311,118.87701416015625,250.3011016845703,178.42984008789062,311.49627685546875
38SMB_01144_r6480_c2400,4,0.2420012354850769,168.6011505126953,0.09877395629882812,233.14329528808594,35.267860412597656
38SMB_01144_r6480_c2400,5,0.16105952858924866,41.632625579833984,66.92018127441406,116.87942504882812,150.43917846679688
38SMB_01144_r6480_c2400,6,0.13599516451358795,310.2672424316406,278.673828125,319.9676208496094,319.580322265625
38SMB_01144_r6480_c2400,7,0.13474494218826294,29.18035125732422,11.872215270996094,71.8016586303711,59.50489807128906
38SMB_01144_r6480_c2400,8,0.10007636994123459,182.32528686523438,0.0,229.08700561523438,29.283279418945312
38SMB_01145_r6480_c2640,0,0.38877394795417786,0.0,157.69570922851562,46.92343521118164,212.18862915039062
38SMB_01146_r6480_c2880,0,0.10180258750915527,178.22232055664062,279.25384521484375,217.4375,319.98541259765625
38SMB_01146_r6480_c2880,1,0.1012234166264534,0.00463104248046875,31.199066162109375,16.55384063720703,74.01992797851562
38SMB_01147_r6480_c3120,0,0.1178692877292633,79.75048828125,275.8504638671875,135.01547241210938,319.9761962890625
38SMB_01148_r6480_c3360,0,0.6812555193901062,104.25660705566406,193.04519653320312,145.87161254882812,234.57919311523438
38SMB_01149_r6480_c3600,0,0.17118172347545624,278.9510803222656,125.25675964355469,320.0,175.5471649169922
38SMB_01149_r6480_c3600,1,0.1022888571023941,267.31414794921875,102.07839965820312,320.0,176.01702880859375
38SMB_01150_r6480_c3840,0,0.7696770429611206,205.80706787109375,69.97378540039062,247.55340576171875,112.6444091796875
38SMB_01150_r6480_c3840,1,0.7645062208175659,270.9439697265625,228.25064086914062,318.1962890625,276.2302551269531
38SMB_01150_r6480_c3840,2,0.38456642627716064,300.1497802734375,262.96099853515625,319.946533203125,301.76885986328125
38SMB_01150_r6480_c3840,3,0.3762691915035248,263.24542236328125,273.943359375,303.21356201171875,314.5240478515625
38SMB_01150_r6480_c3840,4,0.23637264966964722,275.9418029785156,111.01116943359375,320.0,169.8665771484375
38SMB_01150_r6480_c3840,5,0.20748838782310486,36.141197204589844,124.35711669921875,85.12686157226562,176.21649169921875
38SMB_01150_r6480_c3840,6,0.18987306952476501,31.012001037597656,111.79571533203125,87.85154724121094,176.48382568359375
38SMB_01150_r6480_c3840,7,0.11275943368673325,219.81100463867188,48.053497314453125,320.0,162.41995239257812
38SMB_01150_r6480_c3840,8,0.11253773421049118,232.475830078125,3.7313098907470703,252.46353149414062,26.183195114135742
38SMB_01151_r6480_c4080,0,0.9009526371955872,154.42562866210938,259.976318359375,207.09957885742188,310.3594970703125
38SMB_01151_r6480_c4080,1,0.7629380822181702,31.129453659057617,228.3819580078125,78.98391723632812,276.38372802734375
38SMB_01151_r6480_c4080,2,0.7284095883369446,79.61309814453125,116.03053283691406,123.49658203125,156.59019470214844
38SMB_01151_r6480_c4080,3,0.6878570318222046,199.92449951171875,286.59478759765625,252.523193359375,320.0
38SMB_01151_r6480_c4080,4,0.4050025939941406,216.22064208984375,134.26583862304688,265.55419921875,185.92440795898438
38SMB_01151_r6480_c4080,5,0.3837924003601074,34.58349609375,111.06890869140625,90.588134765625,169.78790283203125
38SMB_01151_r6480_c4080,6,0.35215097665786743,23.44500732421875,274.40606689453125,63.30433654785156,314.6273193359375
38SMB_01151_r6480_c4080,7,0.22410210967063904,59.25727462768555,236.998046875,158.2980194091797,320.0
38SMB_01151_r6480_c4080,8,0.18663619458675385,287.4524230957031,0.015203475952148438,319.7618103027344,25.62055206298828
38SMB_01151_r6480_c4080,9,0.1338229775428772,27.163894653320312,132.10792541503906,141.15573120117188,240.2156524658203
38SMB_01152_r6480_c4320,0,0.673058807849884,176.3861846923828,244.37139892578125,227.58729553222656,297.57135009765625
38SMB_01152_r6480_c4320,1,0.3539082109928131,46.42408752441406,0.024089813232421875,99.92605590820312,25.55083465576172
38SMB_01152_r6480_c4320,2,0.2206050157546997,55.435882568359375,93.01419067382812,158.61070251464844,196.60870361328125
38SMB_01152_r6480_c4320,3,0.1715957373380661,0.0,136.34127807617188,22.44331169128418,183.8338623046875
38SMB_01152_r6480_c4320,4,0.13995687663555145,44.106536865234375,191.9620361328125,90.39512634277344,239.49508666992188
38SMB_01152_r6480_c4320,5,0.12810540199279785,177.56378173828125,123.43417358398438,209.88201904296875,156.45028686523438
38SMB_01152_r6480_c4320,6,0.11996782571077347,220.93191528320312,251.67601013183594,253.56881713867188,284.0155029296875
38SMB_01152_r6480_c4320,7,0.10342124104499817,0.028028488159179688,289.0887756347656,9.81706428527832,320.0
38SMB_01153_r6480_c4560,0,0.8219091892242432,208.26654052734375,155.72933959960938,260.511962890625,209.88601684570312
38SMB_01153_r6480_c4560,1,0.6624516248703003,272.21087646484375,256.8515625,317.21368408203125,302.16632080078125
38SMB_01153_r6480_c4560,2,0.6312140822410583,243.24600219726562,45.66272735595703,320.0,122.47577667236328
38SMB_01153_r6480_c4560,3,0.4335015118122101,247.54876708984375,182.30368041992188,294.99407958984375,227.59652709960938
38SMB_01153_r6480_c4560,4,0.3296753466129303,278.9505615234375,0.0,319.8260498046875,39.564605712890625
38SMB_01153_r6480_c4560,5,0.1805160641670227,123.1139907836914,146.52777099609375,180.27609252929688,205.33880615234375
38SMB_01153_r6480_c4560,6,0.14560051262378693,310.08544921875,248.16775512695312,320.0,280.4350280761719
38SMB_01153_r6480_c4560,7,0.12249840050935745,247.48385620117188,55.05659484863281,319.0497131347656,112.10060119628906
38SMB_01153_r6480_c4560,8,0.10841791331768036,228.4801025390625,248.74493408203125,273.43505859375,295.9603271484375
38SMB_01154_r6480_c4800,0,0.8851495385169983,94.3389892578125,262.82403564453125,144.55401611328125,313.73406982421875
38SMB_01154_r6480_c4800,1,0.728175163269043,68.82470703125,237.95059204101562,115.91183471679688,284.4104919433594
38SMB_01154_r6480_c4800,2,0.7034845948219299,4.334129333496094,47.425567626953125,90.06626892089844,120.75779724121094
38SMB_01154_r6480_c4800,3,0.6866261959075928,71.25738525390625,117.20337677001953,112.70611572265625,159.8916015625
38SMB_01154_r6480_c4800,4,0.5941066741943359,142.89364624023438,177.7678680419922,191.21273803710938,227.58180236816406
38SMB_01154_r6480_c4800,5,0.5676045417785645,32.92156982421875,257.5531311035156,77.28790283203125,301.6473083496094
38SMB_01154_r6480_c4800,6,0.5235098004341125,0.0,157.22967529296875,19.791736602783203,207.9725341796875
38SMB_01154_r6480_c4800,7,0.47174111008644104,38.60772705078125,0.0,89.00341796875,40.35691452026367
38SMB_01154_r6480_c4800,8,0.41875123977661133,5.577507019042969,182.7988739013672,55.08224868774414,227.4730987548828
38SMB_01154_r6480_c4800,9,0.2119668424129486,136.70692443847656,217.90274047851562,192.79042053222656,268.9179992675781
38SMB_01154_r6480_c4800,10,0.14758649468421936,158.1896209716797,172.49404907226562,175.4600372314453,188.96273803710938
38SMB_01154_r6480_c4800,11,0.1093498095870018,279.609375,0.5767288208007812,320.0,55.460472106933594
38SMB_01154_r6480_c4800,12,0.10591603815555573,13.453392028808594,54.032630920410156,87.3349380493164,106.4426498413086
38SMB_01155_r6480_c5040,0,0.6207848191261292,238.2213134765625,208.6549072265625,303.45941162109375,267.5826110839844
38SMB_01155_r6480_c5040,1,0.5555991530418396,121.57957458496094,224.36544799804688,168.59864807128906,271.87933349609375
38SMB_01155_r6480_c5040,2,0.5135926604270935,292.17852783203125,0.0,319.7542724609375,35.66444778442383
38SMB_01155_r6480_c5040,3,0.2726640999317169,111.02046966552734,0.0,189.73025512695312,58.811946868896484
38SMB_01155_r6480_c5040,4,0.2445555329322815,194.96072387695312,287.2444152832031,235.0230712890625,320.0
38SMB_01155_r6480_c5040,5,0.19899892807006836,37.737640380859375,0.14213180541992188,105.89154052734375,55.98309326171875
38SMB_01156_r6480_c5280,0,0.7374778985977173,1.234710693359375,205.54983520507812,64.78468322753906,268.9214782714844
38SMB_01156_r6480_c5280,1,0.49942898750305176,51.08037185668945,0.05260467529296875,97.99745178222656,35.82874298095703
38SMB_01156_r6480_c5280,2,0.1403428018093109,268.83489990234375,203.5582275390625,320.0,266.99029541015625
38SMB_01156_r6480_c5280,3,0.13441622257232666,298.04022216796875,2.453289031982422,319.966552734375,43.49039840698242
38SMB_01157_r6480_c5520,0,0.3930712342262268,28.22655487060547,204.3468017578125,94.20478820800781,266.9658203125
38SMB_01157_r6480_c5520,1,0.11911565065383911,57.84502029418945,0.000606536865234375,112.40763854980469,44.75844955444336
38SMB_01157_r6480_c5520,2,0.10624513775110245,65.56521606445312,0.0803375244140625,113.9998779296875,35.49530029296875
38SMB_01157_r6480_c5520,3,0.10415039956569672,41.741844177246094,279.60888671875,95.30461883544922,320.0
38SMB_01157_r6480_c5520,4,0.1017071008682251,58.62965774536133,2.113658905029297,98.40388488769531,43.19288635253906
38SMB_01158_r6480_c5760,0,0.8707171082496643,113.63544464111328,96.20408630371094,158.904052734375,142.171630859375
38SMB_01158_r6480_c5760,1,0.13188375532627106,160.02374267578125,35.46015930175781,202.2174072265625,76.7492446899414
38SMB_01161_r6480_c6480,0,0.38526105880737305,121.91836547851562,219.158203125,167.80023193359375,264.9604797363281
38SMB_01162_r6480_c6720,0,0.7810681462287903,188.74729919433594,15.662460327148438,235.02223205566406,60.770713806152344
38SMB_01162_r6480_c6720,1,0.3382946252822876,181.11962890625,44.22666931152344,207.13909912109375,72.01082611083984
38SMB_01165_r6480_c7440,0,0.18348658084869385,250.6716766357422,34.64539337158203,309.35601806640625,90.69603729248047
38SMB_01166_r6480_c7680,0,0.20076817274093628,10.451814651489258,34.76863098144531,69.42230224609375,90.7236328125
38SMB_01166_r6480_c7680,1,0.10561852157115936,210.14947509765625,46.73456573486328,262.93829345703125,100.8218002319336
38SMB_01167_r6480_c7920,0,0.2143028825521469,0.008518218994140625,45.89010238647461,26.320642471313477,103.92776489257812
38SMB_01167_r6480_c7920,1,0.11722074449062347,0.0417633056640625,48.78330993652344,20.34170150756836,97.77896118164062
38SMB_01168_r6480_c8160,0,0.3262358009815216,170.55276489257812,30.289016723632812,238.10952758789062,95.07818603515625
38SMB_01168_r6480_c8160,1,0.14887341856956482,148.36874389648438,223.5955352783203,221.75436401367188,290.82708740234375
38SMB_01169_r6480_c8400,0,0.7030505537986755,290.9619140625,71.67512512207031,319.9954833984375,118.77403259277344
38SMB_01169_r6480_c8400,1,0.19457659125328064,275.456298828125,182.2635955810547,319.860595703125,255.86582946777344
38SMB_01170_r6480_c8640,0,0.8102557063102722,50.77751541137695,71.52528381347656,98.21986389160156,118.77024841308594
38SMB_01172_r6480_c9120,0,0.6609928607940674,101.9503173828125,94.2625732421875,147.2969512939453,136.66917419433594
38SMB_01173_r6480_c9360,0,0.8852935433387756,186.55682373046875,0.1514434814453125,236.51983642578125,50.9006462097168
38SMB_01174_r6480_c9600,0,0.7393106818199158,236.61322021484375,0.0,320.0,70.71878051757812
38SMB_01175_r6480_c9680,0,0.3577028512954712,156.51528930664062,0.11890411376953125,267.96551513671875,72.95405578613281
38SMB_01175_r6480_c9680,1,0.14266608655452728,240.37229919433594,0.0,320.0,47.36847686767578
38SMB_01177_r6720_c240,0,0.18424871563911438,187.30712890625,8.291946411132812,251.88882446289062,71.26217651367188
38SMB_01177_r6720_c240,1,0.13275904953479767,0.044708251953125,0.0,27.0589656829834,43.42741775512695
38SMB_01178_r6720_c480,0,0.15580035746097565,158.60247802734375,28.56496810913086,222.454345703125,128.39077758789062
38SMB_01178_r6720_c480,1,0.1337365359067917,9.073959350585938,0.0,130.4417724609375,113.19144439697266
38SMB_01178_r6720_c480,2,0.12275423109531403,129.53372192382812,28.54568862915039,229.04733276367188,133.01290893554688
38SMB_01179_r6720_c720,0,0.10231386125087738,216.3237762451172,13.505577087402344,251.83958435058594,49.092498779296875
38SMB_01180_r6720_c960,0,0.17438872158527374,128.12954711914062,9.522911071777344,185.12176513671875,67.56876373291016
38SMB_01180_r6720_c960,1,0.11074279248714447,0.2159423828125,159.50643920898438,71.17257690429688,281.15802001953125
38SMB_01180_r6720_c960,2,0.10589093714952469,241.4469451904297,0.011735916137695312,297.55047607421875,27.80686378479004
38SMB_01180_r6720_c960,3,0.1052330955862999,187.54110717773438,21.00261688232422,291.8340759277344,115.08081817626953
38SMB_01181_r6720_c1200,0,0.23056241869926453,248.17543029785156,151.27169799804688,319.0814208984375,230.01577758789062
38SMB_01181_r6720_c1200,1,0.1911260485649109,68.78425598144531,78.97108459472656,162.4091339111328,173.41444396972656
38SMB_01181_r6720_c1200,2,0.11520504206418991,1.6224136352539062,0.0,59.87529754638672,27.265161514282227
38SMB_01182_r6720_c1440,0,0.2070709466934204,8.382759094238281,151.22471618652344,83.6121597290039,230.4863739013672
38SMB_01182_r6720_c1440,1,0.13799624145030975,128.6482391357422,240.34466552734375,185.22010803222656,297.76007080078125
38SMB_01182_r6720_c1440,2,0.10234246402978897,14.438154220581055,155.177001953125,75.01081848144531,223.22283935546875
38SMB_01183_r6720_c1680,0,0.2559984624385834,57.960113525390625,26.464675903320312,184.7335205078125,163.8984832763672
38SMB_01183_r6720_c1680,1,0.15720784664154053,53.011566162109375,238.96426391601562,176.26963806152344,319.1134338378906
38SMB_01184_r6720_c1920,0,0.11923203617334366,112.91256713867188,207.85369873046875,238.22607421875,320.0
38SMB_01186_r6720_c2400,0,0.26440417766571045,117.7874755859375,9.771369934082031,178.60317993164062,72.67820739746094
38SMB_01186_r6720_c2400,1,0.15438982844352722,56.932586669921875,108.175048828125,113.524169921875,177.72830200195312
38SMB_01186_r6720_c2400,2,0.13992008566856384,55.22938537597656,105.6696548461914,152.41806030273438,204.95834350585938
38SMB_01186_r6720_c2400,3,0.13782237470149994,238.96694946289062,163.77392578125,319.4107360839844,254.96804809570312
38SMB_01186_r6720_c2400,4,0.13372091948986053,55.803619384765625,107.10147857666016,133.76449584960938,186.43002319335938
38SMB_01186_r6720_c2400,5,0.11094187200069427,280.05792236328125,105.37759399414062,320.0,164.75131225585938
38SMB_01187_r6720_c2640,0,0.21964725852012634,124.6739273071289,189.55197143554688,269.4566345214844,320.0
38SMB_01187_r6720_c2640,1,0.12041450291872025,4.820522308349609,142.73907470703125,132.68194580078125,257.0784606933594
38SMB_01188_r6720_c2880,0,0.10901079326868057,174.80117797851562,188.0250244140625,225.98831176757812,232.4041748046875
38SMB_01188_r6720_c2880,1,0.10046163946390152,124.34026336669922,229.1893310546875,180.47003173828125,295.769287109375
38SMB_01189_r6720_c3120,0,0.4944611191749573,204.548828125,255.4683380126953,260.9124755859375,314.10418701171875
38SMB_01189_r6720_c3120,1,0.29395776987075806,290.3558349609375,294.41583251953125,319.9031982421875,320.0
38SMB_01189_r6720_c3120,2,0.18224011361598969,144.82748413085938,278.4695129394531,187.65866088867188,320.0
38SMB_01189_r6720_c3120,3,0.1200954020023346,257.13299560546875,118.1881103515625,292.07476806640625,153.32791137695312
38SMB_01189_r6720_c3120,4,0.11075153201818466,168.3302001953125,297.8599548339844,215.70098876953125,319.9996643066406
38SMB_01190_r6720_c3360,0,0.6422370672225952,153.75448608398438,264.9665832519531,213.185302734375,319.3034362792969
38SMB_01190_r6720_c3360,1,0.5674493312835693,46.41631317138672,292.0445861816406,104.6655044555664,319.9568786621094
38SMB_01190_r6720_c3360,2,0.5079198479652405,165.0629119873047,162.4243927001953,250.4812774658203,235.8806915283203
38SMB_01190_r6720_c3360,3,0.40540552139282227,226.89028930664062,242.19662475585938,291.1097717285156,307.3643493652344
38SMB_01190_r6720_c3360,4,0.3940590023994446,95.71414184570312,106.06404876708984,153.7647705078125,162.43240356445312
38SMB_01190_r6720_c3360,5,0.39291709661483765,196.848876953125,303.31182861328125,233.4901123046875,319.96051025390625
38SMB_01190_r6720_c3360,6,0.3444380462169647,183.62838745117188,111.25984954833984,266.9288635253906,190.54428100585938
38SMB_01190_r6720_c3360,7,0.2118862271308899,136.9864501953125,72.97639465332031,223.135986328125,167.53407287597656
38SMB_01190_r6720_c3360,8,0.17994779348373413,1.093902587890625,118.07618713378906,80.01834106445312,222.7079315185547
38SMB_01190_r6720_c3360,9,0.11815153807401657,15.502861022949219,115.18276977539062,58.17725372314453,157.14419555664062
38SMB_01190_r6720_c3360,10,0.11149527132511139,152.36837768554688,310.89312744140625,186.36666870117188,319.9793701171875
38SMB_01191_r6720_c3600,0,0.20971423387527466,79.74139404296875,111.70413970947266,131.54168701171875,169.38388061523438
38SMB_01191_r6720_c3600,1,0.14151506125926971,0.0,243.96710205078125,49.56357192993164,320.0
38SMB_01192_r6720_c3840,0,0.8607146739959717,269.63433837890625,75.95744323730469,320.0,137.89230346679688
38SMB_01192_r6720_c3840,1,0.7659869194030762,272.70794677734375,0.0,318.39605712890625,36.736541748046875
38SMB_01192_r6720_c3840,2,0.3740972876548767,300.2528381347656,23.09131622314453,319.9270324707031,61.94549560546875
38SMB_01192_r6720_c3840,3,0.3518739342689514,263.485107421875,34.21343231201172,302.97802734375,73.55702209472656
38SMB_01192_r6720_c3840,4,0.27910315990448,254.3791046142578,297.1578369140625,318.65985107421875,320.0
38SMB_01192_r6720_c3840,5,0.19160884618759155,256.6263427734375,302.166259765625,312.70306396484375,319.94482421875
38SMB_01193_r6720_c4080,0,0.8985243439674377,154.42291259765625,19.915727615356445,207.15350341796875,70.4937744140625
38SMB_01193_r6720_c4080,1,0.8460545539855957,29.0938720703125,77.06060791015625,89.08784484863281,138.2913818359375
38SMB_01193_r6720_c4080,2,0.8410434126853943,200.65936279296875,47.12482833862305,254.2447509765625,101.63792419433594
38SMB_01193_r6720_c4080,3,0.7205227017402649,32.9310302734375,0.0,78.93717956542969,36.79510498046875
38SMB_01193_r6720_c4080,4,0.33878248929977417,23.315818786621094,34.093238830566406,63.22731018066406,73.71501922607422
38SMB_01193_r6720_c4080,5,0.28287577629089355,83.10888671875,97.07228088378906,127.02000427246094,140.4259490966797
38SMB_01193_r6720_c4080,6,0.23575171828269958,12.971305847167969,297.27899169921875,79.09281158447266,320.0
38SMB_01193_r6720_c4080,7,0.22814324498176575,255.88650512695312,63.92851257324219,317.0597839355469,133.63607788085938
38SMB_01193_r6720_c4080,8,0.21762870252132416,16.54151153564453,301.76605224609375,73.68177032470703,320.0
38SMB_01193_r6720_c4080,9,0.14983822405338287,59.33585739135742,0.0,165.63438415527344,115.99417114257812
38SMB_01193_r6720_c4080,10,0.1430474817752838,159.7283935546875,284.84716796875,219.07791137695312,319.8797607421875
38SMB_01193_r6720_c4080,11,0.10965465009212494,139.45570373535156,281.7298583984375,221.5635528564453,320.0
38SMB_01194_r6720_c4320,0,0.6855213046073914,177.34384155273438,4.562496185302734,227.41677856445312,57.30917739868164
38SMB_01194_r6720_c4320,1,0.6335244178771973,293.60809326171875,74.61149597167969,319.95245361328125,138.5277557373047
38SMB_01194_r6720_c4320,2,0.6102437973022461,87.26101684570312,174.29949951171875,164.57106018066406,251.5499267578125
38SMB_01194_r6720_c4320,3,0.6020030379295349,213.06588745117188,132.26637268066406,260.19659423828125,180.9162139892578
38SMB_01194_r6720_c4320,4,0.3846172094345093,139.46832275390625,250.9507293701172,203.72369384765625,312.80413818359375
38SMB_01194_r6720_c4320,5,0.22379475831985474,16.699058532714844,63.50262451171875,76.28803253173828,133.23536682128906
38SMB_01194_r6720_c4320,6,0.17421714961528778,0.0019969940185546875,48.66647720336914,13.803810119628906,104.46578979492188
38SMB_01194_r6720_c4320,7,0.1728130728006363,299.13720703125,78.01986694335938,320.0,132.08621215820312
38SMB_01194_r6720_c4320,8,0.1581522524356842,71.00491333007812,76.33967590332031,155.453857421875,162.56028747558594
38SMB_01194_r6720_c4320,9,0.15099668502807617,121.68199157714844,232.55523681640625,210.76365661621094,313.617919921875
38SMB_01194_r6720_c4320,10,0.13405214250087738,221.0223388671875,11.747871398925781,253.60015869140625,43.94158172607422
38SMB_01194_r6720_c4320,11,0.11523426324129105,97.37724304199219,87.03256225585938,147.26560974121094,144.19839477539062
38SMB_01194_r6720_c4320,12,0.10948214679956436,0.0,52.71843338012695,11.382217407226562,98.29039001464844
38SMB_01195_r6720_c4560,0,0.8876941800117493,53.82661056518555,77.14364624023438,105.84840393066406,134.703125
38SMB_01195_r6720_c4560,1,0.660301148891449,272.98944091796875,17.24335479736328,316.93792724609375,61.81224822998047
38SMB_01195_r6720_c4560,2,0.3614549934864044,59.41132354736328,300.49871826171875,120.36420440673828,320.0
38SMB_01195_r6720_c4560,3,0.2583795189857483,0.0457305908203125,131.29473876953125,19.290008544921875,183.07070922851562
38SMB_01195_r6720_c4560,4,0.1277427077293396,310.3067321777344,8.57997989654541,320.0,39.411964416503906
38SMB_01195_r6720_c4560,5,0.11624031513929367,290.1177673339844,49.091033935546875,320.0,124.47793579101562
38SMB_01195_r6720_c4560,6,0.10922983288764954,229.18402099609375,9.862998962402344,272.6687927246094,55.32984161376953
38SMB_01195_r6720_c4560,7,0.10488328337669373,277.3477783203125,58.46042251586914,318.73828125,97.208984375
38SMB_01196_r6720_c4800,0,0.8744048476219177,94.71705627441406,22.842023849487305,144.5719451904297,72.39317321777344
38SMB_01196_r6720_c4800,1,0.7779231071472168,69.0322265625,0.0,116.1815185546875,44.277156829833984
38SMB_01196_r6720_c4800,2,0.7429615259170532,159.8995361328125,104.11901092529297,225.48980712890625,168.78497314453125
38SMB_01196_r6720_c4800,3,0.5840938687324524,32.86420440673828,17.57080078125,77.30474090576172,61.83990478515625
38SMB_01196_r6720_c4800,4,0.38647398352622986,189.11544799804688,224.624755859375,252.22195434570312,285.29376220703125
38SMB_01196_r6720_c4800,5,0.3083926737308502,285.50347900390625,229.43490600585938,320.0,284.1492004394531
38SMB_01196_r6720_c4800,6,0.21842296421527863,191.78811645507812,143.37298583984375,270.5699157714844,227.83349609375
38SMB_01196_r6720_c4800,7,0.1400994062423706,201.37741088867188,65.22053527832031,244.37008666992188,108.07745361328125
38SMB_01196_r6720_c4800,8,0.10824795067310333,44.98319625854492,52.711761474609375,115.36347961425781,120.24203491210938
38SMB_01197_r6720_c5040,0,0.830814778804779,225.72381591796875,256.42999267578125,281.0128173828125,311.97052001953125
38SMB_01197_r6720_c5040,1,0.5376896858215332,44.748268127441406,228.17471313476562,103.62154388427734,286.3247985839844
38SMB_01197_r6720_c5040,2,0.522097110748291,259.18603515625,208.38412475585938,317.3848876953125,277.3403015136719
38SMB_01197_r6720_c5040,3,0.4954766035079956,240.17510986328125,0.000774383544921875,306.13458251953125,29.007213592529297
38SMB_01197_r6720_c5040,4,0.46023985743522644,121.63450622558594,0.0,167.87632751464844,31.950927734375
38SMB_01197_r6720_c5040,5,0.2797423005104065,195.12435913085938,46.691802978515625,234.83920288085938,85.65443420410156
38SMB_01198_r6720_c5280,0,0.7290499806404114,79.16097259521484,209.8572998046875,125.91873931884766,255.38323974609375
38SMB_01198_r6720_c5280,1,0.6821339726448059,0.0,254.46835327148438,40.531211853027344,311.4965515136719
38SMB_01198_r6720_c5280,2,0.5061458945274353,18.988021850585938,208.30337524414062,77.90179443359375,277.4575500488281
38SMB_01198_r6720_c5280,3,0.4977482557296753,175.27316284179688,198.21295166015625,249.35287475585938,267.2121887207031
38SMB_01198_r6720_c5280,4,0.496658056974411,1.0092239379882812,0.0,66.09320831298828,29.231586456298828
38SMB_01198_r6720_c5280,5,0.3492840528488159,98.35043334960938,174.87680053710938,130.96473693847656,208.50094604492188
38SMB_01198_r6720_c5280,6,0.2578672766685486,213.76544189453125,142.45729064941406,248.00723266601562,176.9307403564453
38SMB_01198_r6720_c5280,7,0.2260884791612625,177.30699157714844,71.55429077148438,218.1626739501953,112.59413146972656
38SMB_01199_r6720_c5520,0,0.7809078097343445,138.83599853515625,160.904296875,201.7623291015625,224.560302734375
38SMB_01199_r6720_c5520,1,0.5126686096191406,284.4979248046875,181.43746948242188,320.0,247.42086791992188
38SMB_01199_r6720_c5520,2,0.15749995410442352,0.008744239807128906,204.22161865234375,11.375438690185547,272.6700439453125
38SMB_01199_r6720_c5520,3,0.12741179764270782,41.82121276855469,39.10184860229492,96.020263671875,95.90748596191406
38SMB_01200_r6720_c5760,0,0.5859470367431641,46.057525634765625,185.54800415039062,102.98738098144531,244.65634155273438
38SMB_01202_r6720_c6240,0,0.40442314743995667,274.9945068359375,287.1956787109375,319.80645751953125,320.0
38SMB_01203_r6720_c6480,0,0.27904802560806274,34.360130310058594,287.04974365234375,83.42181396484375,320.0
38SMB_01203_r6720_c6480,1,0.2426801472902298,117.50758361816406,0.0,169.8719940185547,25.106590270996094
38SMB_01207_r6720_c7440,0,0.8480628132820129,203.60670471191406,119.21487426757812,250.5529022216797,166.48013305664062
38SMB_01207_r6720_c7440,1,0.3524712324142456,98.60684204101562,147.31829833984375,172.51766967773438,224.1669921875
38SMB_01207_r6720_c7440,2,0.21424831449985504,95.17903137207031,142.07553100585938,188.68763732910156,229.98617553710938
38SMB_01207_r6720_c7440,3,0.11914865672588348,105.19669342041016,154.06301879882812,167.57962036132812,216.48330688476562
38SMB_01209_r6720_c7920,0,0.20939774811267853,126.61282348632812,298.5726318359375,182.054443359375,319.9232177734375
38SMB_01209_r6720_c7920,1,0.1619609147310257,136.65362548828125,11.823760986328125,232.49267578125,105.86705017089844
38SMB_01209_r6720_c7920,2,0.11689995229244232,233.97360229492188,150.11019897460938,281.5710144042969,202.08840942382812
38SMB_01210_r6720_c8160,0,0.6680245995521545,274.439697265625,137.9422607421875,318.9952392578125,180.15557861328125
38SMB_01210_r6720_c8160,1,0.39568936824798584,198.03829956054688,300.21966552734375,256.3893737792969,320.0
38SMB_01210_r6720_c8160,2,0.14921952784061432,0.10958099365234375,145.4560089111328,41.210350036621094,201.0105743408203
38SMB_01210_r6720_c8160,3,0.14609937369823456,40.954620361328125,210.84249877929688,130.05047607421875,299.8453674316406
38SMB_01210_r6720_c8160,4,0.1141064316034317,144.32205200195312,0.056888580322265625,224.66177368164062,52.48938751220703
38SMB_01210_r6720_c8160,5,0.11102160811424255,0.13129520416259766,145.07440185546875,12.813467979431152,166.26370239257812
38SMB_01211_r6720_c8400,0,0.6227692365646362,34.5980224609375,138.5146942138672,79.44212341308594,179.66566467285156
38SMB_01211_r6720_c8400,1,0.4561971426010132,193.03402709960938,274.57244873046875,238.66793823242188,318.20257568359375
38SMB_01211_r6720_c8400,2,0.44274625182151794,299.06878662109375,200.15890502929688,319.9237060546875,266.3430480957031
38SMB_01211_r6720_c8400,3,0.37612152099609375,98.94001007080078,226.1844024658203,193.089111328125,317.63800048828125
38SMB_01211_r6720_c8400,4,0.2336931973695755,227.38909912109375,276.1270751953125,308.864990234375,319.9627685546875
38SMB_01211_r6720_c8400,5,0.207280695438385,292.0421142578125,138.79214477539062,319.989990234375,175.86166381835938
38SMB_01211_r6720_c8400,6,0.16608183085918427,304.3568420410156,205.47006225585938,320.0,259.7345275878906
38SMB_01211_r6720_c8400,7,0.15398909151554108,85.11984252929688,178.15054321289062,140.79180908203125,234.84698486328125
38SMB_01212_r6720_c8640,0,0.7848201990127563,60.15631103515625,206.35287475585938,109.75711059570312,256.8724670410156
38SMB_01212_r6720_c8640,1,0.2779669165611267,1.7186813354492188,276.310791015625,67.65674591064453,319.960693359375
38SMB_01212_r6720_c8640,2,0.24517720937728882,52.2138786315918,139.4783477783203,89.36540222167969,176.1192169189453
38SMB_01212_r6720_c8640,3,0.24289226531982422,69.31016540527344,296.2299499511719,157.19007873535156,319.9263000488281
38SMB_01212_r6720_c8640,4,0.14304940402507782,60.50849914550781,288.6894226074219,177.74510192871094,320.0
38SMB_01212_r6720_c8640,5,0.13037113845348358,80.99922180175781,302.96453857421875,145.38992309570312,319.92510986328125
38SMB_01214_r6720_c9120,0,0.6561166644096375,256.3155517578125,149.55569458007812,298.32843017578125,193.10641479492188
38SMB_01215_r6720_c9360,0,0.66300368309021,16.171363830566406,149.73387145996094,58.227439880371094,192.5983428955078
38SMB_01215_r6720_c9360,1,0.21748168766498566,302.95977783203125,120.03196716308594,319.99029541015625,169.72706604003906
38SMB_01215_r6720_c9360,2,0.1645328551530838,302.359619140625,117.59999084472656,319.8980712890625,186.0102996826172
38SMB_01215_r6720_c9360,3,0.10024905204772949,299.7923583984375,109.82293701171875,319.98602294921875,195.17987060546875
38SMB_01216_r6720_c9600,0,0.552937388420105,55.343017578125,117.51429748535156,130.1690216064453,194.74363708496094
38SMB_01216_r6720_c9600,1,0.2648690640926361,156.48239135742188,230.0504150390625,241.79513549804688,310.77264404296875
38SMB_01216_r6720_c9600,2,0.15105488896369934,175.48155212402344,233.9151611328125,236.1927032470703,300.12896728515625
38SMB_01217_r6720_c9680,0,0.6007486581802368,0.0,116.7178955078125,50.382877349853516,196.56808471679688
38SMB_01217_r6720_c9680,1,0.265257328748703,76.6036376953125,230.16001892089844,161.69375610351562,310.6453857421875
38SMB_01217_r6720_c9680,2,0.15025217831134796,95.74443054199219,234.00172424316406,156.13409423828125,299.9403076171875
38SMB_01224_r6960_c1440,0,0.13638463616371155,81.369873046875,213.68923950195312,197.61709594726562,319.6266784667969
38SMB_01224_r6960_c1440,1,0.11090599000453949,129.46493530273438,3.2025680541992188,184.36422729492188,57.607215881347656
38SMB_01225_r6960_c1680,0,0.20157407224178314,269.0540771484375,100.47691345214844,319.8975830078125,169.15272521972656
38SMB_01226_r6960_c1920,0,0.2428852617740631,27.775283813476562,79.412353515625,127.026123046875,173.05316162109375
38SMB_01226_r6960_c1920,1,0.1098000779747963,112.54976654052734,184.67898559570312,162.80075073242188,238.30130004882812
38SMB_01227_r6960_c2160,0,0.1238931342959404,85.38093566894531,196.66888427734375,171.67189025878906,286.39556884765625
38SMB_01228_r6960_c2400,0,0.3590475618839264,278.99969482421875,237.34600830078125,320.0,293.88525390625
38SMB_01228_r6960_c2400,1,0.16897155344486237,250.15652465820312,67.4248046875,318.2571105957031,134.59988403320312
38SMB_01229_r6960_c2640,0,0.2170119732618332,0.0,101.12423706054688,20.840559005737305,143.12408447265625
38SMB_01229_r6960_c2640,1,0.16333717107772827,297.9837646484375,194.63345336914062,320.0,270.5588684082031
38SMB_01229_r6960_c2640,2,0.14945097267627716,10.433403015136719,67.69194030761719,79.936279296875,134.3599090576172
38SMB_01229_r6960_c2640,3,0.1250699758529663,40.191532135009766,239.31988525390625,94.51937866210938,293.2420654296875
38SMB_01229_r6960_c2640,4,0.10040407627820969,266.93121337890625,264.84014892578125,320.0,320.0
38SMB_01230_r6960_c2880,0,0.3381764590740204,27.864673614501953,267.06817626953125,115.17500305175781,319.91021728515625
38SMB_01230_r6960_c2880,1,0.25908058881759644,127.32296752929688,151.11856079101562,178.90765380859375,202.93264770507812
38SMB_01230_r6960_c2880,2,0.2379031479358673,179.73744201660156,156.95333862304688,240.0830535888672,231.83352661132812
38SMB_01230_r6960_c2880,3,0.14299272000789642,261.5667419433594,137.96304321289062,319.8912658691406,255.35446166992188
38SMB_01231_r6960_c3120,0,0.48051929473876953,289.898193359375,53.35923385620117,320.0,109.56239318847656
38SMB_01231_r6960_c3120,1,0.43107566237449646,201.26080322265625,12.730026245117188,265.25390625,78.96954345703125
38SMB_01231_r6960_c3120,2,0.18836697936058044,138.87313842773438,59.62078857421875,272.8592834472656,207.11141967773438
38SMB_01231_r6960_c3120,3,0.14995703101158142,25.880149841308594,141.96090698242188,122.0306625366211,258.1658630371094
38SMB_01231_r6960_c3120,4,0.12010431289672852,143.73143005371094,37.91047668457031,188.80519104003906,87.93595886230469
38SMB_01231_r6960_c3120,5,0.11950243264436722,266.07366943359375,130.26507568359375,313.35235595703125,179.98800659179688
38SMB_01232_r6960_c3360,0,0.6151347756385803,152.91876220703125,23.841102600097656,212.72659301757812,81.44082641601562
38SMB_01232_r6960_c3360,1,0.6097138524055481,47.8211669921875,51.93196105957031,108.88494873046875,111.81605529785156
38SMB_01232_r6960_c3360,2,0.5662323832511902,193.0432891845703,62.217411041259766,233.3434295654297,102.96685791015625
38SMB_01232_r6960_c3360,3,0.4352863132953644,227.0956268310547,2.2357635498046875,291.01641845703125,67.20649719238281
38SMB_01232_r6960_c3360,4,0.1192641630768776,48.7254638671875,204.24099731445312,126.50949096679688,288.3345031738281
38SMB_01232_r6960_c3360,5,0.11089207231998444,24.473222732543945,129.00177001953125,75.22598266601562,181.25823974609375
38SMB_01232_r6960_c3360,6,0.10907968133687973,0.08359146118164062,91.71284484863281,24.75714111328125,160.885986328125
38SMB_01233_r6960_c3600,0,0.2546525001525879,138.43728637695312,152.59451293945312,193.07882690429688,206.32040405273438
38SMB_01233_r6960_c3600,1,0.16081658005714417,0.0,0.7246932983398438,51.421504974365234,85.52660369873047
38SMB_01234_r6960_c3840,0,0.4055728614330292,256.1203918457031,57.76654052734375,315.6817932128906,116.2763671875
38SMB_01234_r6960_c3840,1,0.1967717856168747,203.8056640625,190.6982421875,237.23736572265625,223.61932373046875
38SMB_01234_r6960_c3840,2,0.15926432609558105,0.0620574951171875,228.35137939453125,39.15241241455078,303.02825927734375
38SMB_01235_r6960_c4080,0,0.5543525218963623,111.22370910644531,130.62799072265625,186.95155334472656,209.0947265625
38SMB_01235_r6960_c4080,1,0.4031536281108856,16.303497314453125,57.89335632324219,76.07157897949219,116.13027954101562
38SMB_01235_r6960_c4080,2,0.4003565311431885,128.15087890625,45.48143005371094,223.048583984375,139.12692260742188
38SMB_01235_r6960_c4080,3,0.13876046240329742,0.0,225.58993530273438,83.74598693847656,317.8559875488281
38SMB_01235_r6960_c4080,4,0.1168253943324089,93.64674377441406,217.235107421875,111.77204895019531,233.96484375
38SMB_01235_r6960_c4080,5,0.11257932335138321,62.50555419921875,221.82760620117188,106.09867858886719,263.1632995605469
38SMB_01236_r6960_c4320,0,0.6485567688941956,115.1205062866211,149.87530517578125,179.48904418945312,218.5391845703125
38SMB_01236_r6960_c4320,1,0.48079174757003784,154.56494140625,170.80975341796875,240.97366333007812,248.99911499023438
38SMB_01236_r6960_c4320,2,0.3711341917514801,139.01654052734375,10.587623596191406,204.01348876953125,73.42527770996094
38SMB_01236_r6960_c4320,3,0.2841428220272064,301.6158447265625,59.217769622802734,320.0,103.08682250976562
38SMB_01236_r6960_c4320,4,0.17501242458820343,299.10186767578125,224.55560302734375,319.94915771484375,265.07440185546875
38SMB_01236_r6960_c4320,5,0.14286531507968903,146.8461151123047,301.3179931640625,187.5172576904297,319.993408203125
38SMB_01236_r6960_c4320,6,0.13605950772762299,161.40365600585938,177.98458862304688,236.18576049804688,235.07034301757812
38SMB_01236_r6960_c4320,7,0.11953063309192657,176.4568634033203,277.0474853515625,222.40028381347656,319.639892578125
38SMB_01236_r6960_c4320,8,0.11231444776058197,121.3620376586914,0.0,210.18008422851562,74.58030700683594
38SMB_01236_r6960_c4320,9,0.10173672437667847,232.72549438476562,79.75030517578125,280.5682678222656,127.81350708007812
38SMB_01237_r6960_c4560,0,0.8447611331939697,61.74037170410156,58.47459411621094,129.35337829589844,122.42257690429688
38SMB_01237_r6960_c4560,1,0.38449665904045105,57.123931884765625,206.45135498046875,120.75579833984375,267.49969482421875
38SMB_01237_r6960_c4560,2,0.20245152711868286,147.22877502441406,174.51779174804688,192.81919860839844,216.56210327148438
38SMB_01237_r6960_c4560,3,0.14928038418293,0.0,78.3551025390625,40.83753967285156,128.09051513671875
38SMB_01238_r6960_c4800,0,0.43213945627212524,174.42355346679688,158.43399047851562,234.19021606445312,216.36712646484375
38SMB_01238_r6960_c4800,1,0.22575481235980988,283.3435974121094,0.005649566650390625,319.8623962402344,44.4312744140625
38SMB_01238_r6960_c4800,2,0.21070538461208344,189.20208740234375,0.017520904541015625,251.68804931640625,43.9242057800293
38SMB_01238_r6960_c4800,3,0.11445993930101395,267.1589050292969,30.183853149414062,320.0,112.42716979980469
38SMB_01238_r6960_c4800,4,0.1000431701540947,238.27053833007812,0.0,290.9781188964844,48.420387268066406
38SMB_01239_r6960_c5040,0,0.8367181420326233,226.2308349609375,16.808639526367188,280.6095886230469,71.44448852539062
38SMB_01239_r6960_c5040,1,0.6232059001922607,231.18740844726562,178.44964599609375,320.0,268.41754150390625
38SMB_01239_r6960_c5040,2,0.34542906284332275,266.481689453125,0.0,310.63970947265625,37.90178680419922
38SMB_01239_r6960_c5040,3,0.3321300148963928,93.28341674804688,97.90280151367188,153.94583129882812,160.20599365234375
38SMB_01239_r6960_c5040,4,0.31542906165122986,42.961273193359375,0.0051422119140625,104.00091552734375,45.600677490234375
38SMB_01239_r6960_c5040,5,0.17307879030704498,242.66079711914062,186.01870727539062,315.6465148925781,260.05316162109375
38SMB_01239_r6960_c5040,6,0.15552641451358795,274.9039306640625,271.23876953125,319.50799560546875,318.91162109375
38SMB_01239_r6960_c5040,7,0.15156343579292297,30.456283569335938,32.66440200805664,97.09611511230469,100.18939208984375
38SMB_01239_r6960_c5040,8,0.13746854662895203,176.45040893554688,129.7740478515625,267.7737731933594,228.6094970703125
38SMB_01239_r6960_c5040,9,0.13595041632652283,244.0950927734375,160.24569702148438,264.85064697265625,180.30819702148438
38SMB_01240_r6960_c5280,0,0.6973286271095276,0.22183609008789062,15.541549682617188,41.04927444458008,71.26041412353516
38SMB_01240_r6960_c5280,1,0.6106349229812622,0.0,182.07546997070312,81.76923370361328,265.0522766113281
38SMB_01240_r6960_c5280,2,0.5367853045463562,92.10818481445312,252.040283203125,136.92333984375,296.12628173828125
38SMB_01240_r6960_c5280,3,0.3331327438354492,26.5489501953125,0.0,70.7412338256836,38.03369140625
38SMB_01240_r6960_c5280,4,0.2650049328804016,76.39128112792969,0.0,135.5774383544922,13.898505210876465
38SMB_01240_r6960_c5280,5,0.17810273170471191,0.015430450439453125,160.20416259765625,20.97887420654297,220.13238525390625
38SMB_01240_r6960_c5280,6,0.13042429089546204,33.74082946777344,270.50177001953125,83.23374938964844,319.3935546875
38SMB_01240_r6960_c5280,7,0.1199527159333229,125.86888122558594,277.37835693359375,173.07118225097656,320.0
38SMB_01240_r6960_c5280,8,0.11896359175443649,0.0,152.44235229492188,92.68209075927734,278.0737609863281
38SMB_01240_r6960_c5280,9,0.11003752797842026,1.9675216674804688,159.58761596679688,25.059772491455078,182.08792114257812
38SMB_01241_r6960_c5520,0,0.2146933376789093,148.27670288085938,242.90118408203125,192.10067749023438,287.04058837890625
38SMB_01241_r6960_c5520,1,0.1313261091709137,0.0,168.75596618652344,11.377182006835938,225.7879180908203
38SMB_01241_r6960_c5520,2,0.10621769726276398,52.07426452636719,131.07620239257812,87.56730651855469,167.56381225585938
38SMB_01242_r6960_c5760,0,0.7219587564468384,94.42790222167969,175.35726928710938,149.81654357910156,232.33084106445312
38SMB_01242_r6960_c5760,1,0.27711692452430725,74.73878479003906,275.55181884765625,109.71025085449219,311.6046142578125
38SMB_01244_r6960_c6240,0,0.7672168612480164,268.85809326171875,48.23927307128906,320.0,114.37886047363281
38SMB_01244_r6960_c6240,1,0.5801331400871277,242.87252807617188,208.40896606445312,306.6664123535156,267.6924743652344
38SMB_01244_r6960_c6240,2,0.22894781827926636,82.97529602050781,175.4901123046875,129.53309631347656,223.47174072265625
38SMB_01244_r6960_c6240,3,0.21042440831661224,169.43890380859375,51.16648483276367,212.84234619140625,89.66160583496094
38SMB_01245_r6960_c6480,0,0.6937309503555298,27.116188049316406,47.49161911010742,92.00548553466797,114.81929016113281
38SMB_01245_r6960_c6480,1,0.5675449371337891,2.154205322265625,207.04708862304688,68.42623138427734,270.1675720214844
38SMB_01245_r6960_c6480,2,0.46274662017822266,243.4360809326172,116.16818237304688,288.96063232421875,161.56936645507812
38SMB_01246_r6960_c6720,0,0.5202596187591553,2.704730987548828,116.21490478515625,48.6093635559082,160.85983276367188
38SMB_01246_r6960_c6720,1,0.39857935905456543,112.99556732177734,301.3302001953125,170.50442504882812,319.978515625
38SMB_01246_r6960_c6720,2,0.12694041430950165,104.46429443359375,296.5287170410156,180.48651123046875,320.0
38SMB_01251_r6960_c7920,0,0.46811166405677795,256.53753662109375,179.53866577148438,317.68511962890625,241.45132446289062
38SMB_01251_r6960_c7920,1,0.32825955748558044,128.26910400390625,60.151580810546875,179.2435302734375,106.84959411621094
38SMB_01251_r6960_c7920,2,0.25835102796554565,187.94668579101562,231.07620239257812,240.46279907226562,282.7390441894531
38SMB_01251_r6960_c7920,3,0.21116453409194946,124.579833984375,54.19162368774414,182.97396850585938,113.43490600585938
38SMB_01251_r6960_c7920,4,0.1565442979335785,148.37696838378906,100.83790588378906,172.6905975341797,129.32632446289062
38SMB_01251_r6960_c7920,5,0.1255325973033905,130.3138427734375,63.22962188720703,171.36920166015625,103.24274444580078
38SMB_01252_r6960_c8160,0,0.7680230140686035,186.98760986328125,60.447418212890625,264.84283447265625,138.83676147460938
38SMB_01252_r6960_c8160,1,0.4526357650756836,16.63538932800293,179.5315704345703,79.35781860351562,241.6691436767578
38SMB_01252_r6960_c8160,2,0.2822570502758026,103.21957397460938,163.997802734375,160.53253173828125,225.43115234375
38SMB_01252_r6960_c8160,3,0.2604631185531616,108.00315856933594,231.92733764648438,167.50648498535156,294.8448181152344
38SMB_01252_r6960_c8160,4,0.24140118062496185,245.8633575439453,157.39248657226562,304.82086181640625,216.68832397460938
38SMB_01253_r6960_c8400,0,0.7805172801017761,145.53855895996094,190.29226684570312,201.78807067871094,245.62322998046875
38SMB_01253_r6960_c8400,1,0.5424493551254272,193.49847412109375,34.458030700683594,238.5374755859375,78.53279876708984
38SMB_01253_r6960_c8400,2,0.4734850525856018,231.498779296875,36.12937545776367,308.3084716796875,105.16166687011719
38SMB_01253_r6960_c8400,3,0.32785993814468384,51.803558349609375,121.2029037475586,116.16825866699219,187.38088989257812
38SMB_01253_r6960_c8400,4,0.28323566913604736,4.665733337402344,157.091064453125,64.88690185546875,216.7177734375
38SMB_01253_r6960_c8400,5,0.2144836038351059,98.77728271484375,0.0,191.81967163085938,78.8487548828125
38SMB_01253_r6960_c8400,6,0.15489555895328522,77.66018676757812,248.22975158691406,152.69155883789062,319.55615234375
38SMB_01253_r6960_c8400,7,0.12436985224485397,305.43389892578125,0.1620769500732422,319.87518310546875,20.317575454711914
38SMB_01253_r6960_c8400,8,0.10717163980007172,306.5459289550781,0.0,319.9732360839844,27.737468719482422
38SMB_01254_r6960_c8640,0,0.6990522742271423,89.15992736816406,238.39303588867188,153.51441955566406,304.1372375488281
38SMB_01254_r6960_c8640,1,0.6782974600791931,182.12124633789062,144.12255859375,252.23947143554688,212.42684936523438
38SMB_01254_r6960_c8640,2,0.5493795275688171,72.52220153808594,56.56893539428711,150.83360290527344,127.66781616210938
38SMB_01254_r6960_c8640,3,0.48458531498908997,235.78982543945312,213.57095336914062,302.2610778808594,274.2543029785156
38SMB_01254_r6960_c8640,4,0.45787566900253296,1.1292953491210938,36.665462493896484,67.85296630859375,105.01141357421875
38SMB_01254_r6960_c8640,5,0.43441393971443176,64.4119873046875,0.0,109.89059448242188,16.023727416992188
38SMB_01254_r6960_c8640,6,0.19698424637317657,60.076202392578125,0.0,117.69264221191406,20.137115478515625
38SMB_01254_r6960_c8640,7,0.18675348162651062,36.50689697265625,258.9189453125,95.16712951660156,309.9307861328125
38SMB_01254_r6960_c8640,8,0.1537649780511856,83.91799926757812,62.72904968261719,146.84829711914062,123.00736999511719
38SMB_01255_r6960_c8880,0,0.5274791121482849,230.26495361328125,220.97158813476562,284.49908447265625,275.7890319824219
38SMB_01255_r6960_c8880,1,0.4704657793045044,92.46371459960938,197.94622802734375,153.39039611816406,260.3883361816406
38SMB_01255_r6960_c8880,2,0.42849236726760864,0.6672401428222656,213.86276245117188,61.108821868896484,274.2062683105469
38SMB_01255_r6960_c8880,3,0.1551520824432373,224.29119873046875,215.6329345703125,289.7598876953125,281.4215087890625
38SMB_01255_r6960_c8880,4,0.12052728235721588,0.011319160461425781,218.2762451171875,12.629071235656738,276.0293884277344
38SMB_01255_r6960_c8880,5,0.11947569251060486,143.39675903320312,205.14495849609375,192.90396118164062,252.1553955078125
38SMB_01256_r6960_c9120,0,0.4274131953716278,0.0,219.60418701171875,45.65402603149414,276.59918212890625
38SMB_01256_r6960_c9120,1,0.3985714912414551,266.07470703125,284.69464111328125,319.4813232421875,319.9031982421875
38SMB_01256_r6960_c9120,2,0.39500367641448975,165.25924682617188,208.45654296875,265.1152038574219,300.4076843261719
38SMB_01256_r6960_c9120,3,0.39166268706321716,246.5703125,176.99887084960938,300.1087646484375,229.08859252929688
38SMB_01257_r6960_c9360,0,0.5500998497009277,125.45156860351562,97.54118347167969,183.78225708007812,156.67947387695312
38SMB_01257_r6960_c9360,1,0.4009515941143036,6.038726806640625,176.84307861328125,59.97888946533203,229.11419677734375
38SMB_01257_r6960_c9360,2,0.3216891586780548,25.936521530151367,286.548583984375,87.30169677734375,319.9949951171875
38SMB_01257_r6960_c9360,3,0.21596340835094452,0.07279014587402344,227.24472045898438,30.12134552001953,291.1540832519531
38SMB_01258_r6960_c9600,0,0.17915818095207214,152.42721557617188,0.0,244.15914916992188,71.42213439941406
38SMB_01259_r6960_c9680,0,0.17941835522651672,72.40382385253906,0.0,164.16717529296875,71.43135070800781
38SMB_01260_r7200_c0,0,0.1990589052438736,187.02049255371094,255.40562438964844,236.82569885253906,305.5791015625
38SMB_01260_r7200_c0,1,0.11639078706502914,180.56292724609375,249.26800537109375,243.071533203125,311.1546630859375
38SMB_01262_r7200_c480,0,0.1941271871328354,247.96945190429688,293.6898193359375,307.5780944824219,319.9642333984375
38SMB_01262_r7200_c480,1,0.18701492249965668,229.97686767578125,287.94952392578125,308.6990966796875,319.97052001953125
38SMB_01262_r7200_c480,2,0.1121782660484314,257.2005615234375,302.19134521484375,302.94482421875,319.98297119140625
38SMB_01263_r7200_c720,0,0.2018262892961502,4.1141815185546875,293.5374755859375,66.70974731445312,319.9837646484375
38SMB_01263_r7200_c720,1,0.1239611804485321,12.634391784667969,298.4914245605469,64.44015502929688,320.0
38SMB_01264_r7200_c960,0,0.11313982307910919,195.1159210205078,246.49600219726562,244.43983459472656,299.1299133300781
38SMB_01265_r7200_c1200,0,0.1565355509519577,64.10896301269531,167.35592651367188,94.44883728027344,199.81912231445312
38SMB_01265_r7200_c1200,1,0.10188703238964081,0.07152366638183594,217.34075927734375,19.727689743041992,262.5709228515625
38SMB_01266_r7200_c1440,0,0.1464807540178299,86.22785186767578,0.3092041015625,196.207275390625,77.65365600585938
38SMB_01267_r7200_c1680,0,0.10419124364852905,269.84796142578125,90.08380126953125,320.0,149.2435302734375
38SMB_01268_r7200_c1920,0,0.1398186981678009,64.75674438476562,159.98809814453125,185.46401977539062,273.75054931640625
38SMB_01268_r7200_c1920,1,0.13976116478443146,220.10092163085938,251.55746459960938,304.1852722167969,315.6579895019531
38SMB_01268_r7200_c1920,2,0.1106242761015892,26.46125030517578,87.77525329589844,86.38824462890625,148.75759887695312
38SMB_01269_r7200_c2160,0,0.35594847798347473,210.9210205078125,302.7098388671875,279.72186279296875,319.9326171875
38SMB_01269_r7200_c2160,1,0.3351387083530426,215.94204711914062,305.91644287109375,271.0856018066406,319.83709716796875
38SMB_01269_r7200_c2160,2,0.1731545627117157,0.5495185852050781,253.50025939941406,62.96100616455078,316.6005859375
38SMB_01270_r7200_c2400,0,0.41119086742401123,278.72003173828125,0.001354217529296875,320.0,53.92067337036133
38SMB_01270_r7200_c2400,1,0.29564163088798523,226.45457458496094,284.42071533203125,305.1585693359375,320.0
38SMB_01270_r7200_c2400,2,0.14761540293693542,229.84548950195312,291.02288818359375,284.0699157714844,319.94488525390625
38SMB_01270_r7200_c2400,3,0.11101981997489929,0.2661609649658203,308.74566650390625,30.049848556518555,319.8348388671875
38SMB_01270_r7200_c2400,4,0.10765845328569412,0.247894287109375,304.3510437011719,38.57733154296875,319.8285827636719
38SMB_01271_r7200_c2640,0,0.30588826537132263,226.3047332763672,135.9062042236328,317.08306884765625,223.19764709472656
38SMB_01271_r7200_c2640,1,0.140833780169487,273.8373718261719,18.34671401977539,320.0,124.2755126953125
38SMB_01271_r7200_c2640,2,0.12899082899093628,259.09246826171875,94.05020141601562,301.20379638671875,137.85733032226562
38SMB_01271_r7200_c2640,3,0.1266271024942398,0.0,284.6413879394531,62.43824005126953,319.8013000488281
38SMB_01271_r7200_c2640,4,0.12271260470151901,40.0301628112793,0.84368896484375,95.02214050292969,53.198570251464844
38SMB_01272_r7200_c2880,0,0.5616713166236877,0.0,136.62030029296875,77.92042541503906,223.57269287109375
38SMB_01272_r7200_c2880,1,0.4151357114315033,30.708404541015625,25.229976654052734,116.92117309570312,116.50738525390625
38SMB_01272_r7200_c2880,2,0.40278708934783936,188.43203735351562,167.76519775390625,258.5767822265625,231.5506591796875
38SMB_01272_r7200_c2880,3,0.3535799980163574,62.17858123779297,0.07280731201171875,120.99018096923828,34.29479217529297
38SMB_01272_r7200_c2880,4,0.31090685725212097,136.23577880859375,115.88286590576172,197.0849609375,175.2337646484375
38SMB_01272_r7200_c2880,5,0.27137303352355957,161.7615509033203,220.02191162109375,227.5770721435547,278.1411437988281
38SMB_01272_r7200_c2880,6,0.13617423176765442,19.33347511291504,93.63592529296875,61.95970916748047,137.81924438476562
38SMB_01273_r7200_c3120,0,0.10678932070732117,250.55032348632812,129.302490234375,319.5314025878906,263.5464172363281
38SMB_01274_r7200_c3360,0,0.5249890089035034,220.26136779785156,224.25616455078125,295.874267578125,292.119140625
38SMB_01274_r7200_c3360,1,0.5113845467567444,90.24551391601562,195.99017333984375,172.69863891601562,276.5069274902344
38SMB_01274_r7200_c3360,2,0.43246006965637207,9.549041748046875,123.35975646972656,138.97396850585938,238.76393127441406
38SMB_01274_r7200_c3360,3,0.29907041788101196,120.31063079833984,243.3485107421875,200.13174438476562,312.65838623046875
38SMB_01274_r7200_c3360,4,0.22162021696567535,76.2718505859375,75.16108703613281,130.40325927734375,131.51182556152344
38SMB_01274_r7200_c3360,5,0.17941413819789886,147.2061767578125,300.11541748046875,198.70242309570312,319.98223876953125
38SMB_01274_r7200_c3360,6,0.12519457936286926,124.50212097167969,57.13951110839844,251.5327911376953,185.94876098632812
38SMB_01274_r7200_c3360,7,0.12258802354335785,91.03990173339844,192.28182983398438,206.53965759277344,317.697998046875
38SMB_01275_r7200_c3600,0,0.7768096923828125,120.14059448242188,238.87413024902344,186.26361083984375,304.861083984375
38SMB_01275_r7200_c3600,1,0.6124065518379211,127.75911712646484,172.94235229492188,206.58779907226562,254.0263671875
38SMB_01275_r7200_c3600,2,0.4170288145542145,216.2491455078125,154.37863159179688,288.41912841796875,233.41378784179688
38SMB_01275_r7200_c3600,3,0.3596944212913513,0.22562026977539062,221.3240966796875,55.00315856933594,292.42205810546875
38SMB_01275_r7200_c3600,4,0.29993724822998047,193.5037841796875,151.30712890625,290.4399719238281,243.3323974609375
38SMB_01275_r7200_c3600,5,0.26444265246391296,73.36785888671875,40.284332275390625,211.08486938476562,179.00665283203125
38SMB_01275_r7200_c3600,6,0.24845564365386963,295.69610595703125,132.8553466796875,320.0,184.48568725585938
38SMB_01275_r7200_c3600,7,0.23920059204101562,170.80062866210938,178.70228576660156,205.01107788085938,214.7532501220703
38SMB_01275_r7200_c3600,8,0.16243912279605865,219.91799926757812,48.841156005859375,319.6856384277344,169.31002807617188
38SMB_01275_r7200_c3600,9,0.13316716253757477,206.83956909179688,18.0982666015625,320.0,169.96917724609375
38SMB_01276_r7200_c3840,0,0.35096827149391174,0.25501251220703125,161.90609741210938,47.849815368652344,241.64285278320312
38SMB_01276_r7200_c3840,1,0.13607676327228546,309.70849609375,77.02000427246094,320.0,109.13337707519531
38SMB_01277_r7200_c4080,0,0.44365182518959045,278.6891174316406,165.87782287597656,320.0,240.8146209716797
38SMB_01277_r7200_c4080,1,0.32859042286872864,198.8573760986328,245.11004638671875,317.85943603515625,320.0
38SMB_01277_r7200_c4080,2,0.19343312084674835,156.23239135742188,174.85943603515625,212.62832641601562,233.8956298828125
38SMB_01277_r7200_c4080,3,0.1390218883752823,80.2958984375,178.91085815429688,165.21148681640625,275.5085144042969
38SMB_01277_r7200_c4080,4,0.10736716538667679,112.22261047363281,295.05560302734375,166.09132385253906,320.0
38SMB_01278_r7200_c4320,0,0.6520131230354309,211.98068237304688,85.88677978515625,271.7405700683594,140.96768188476562
38SMB_01278_r7200_c4320,1,0.4852047562599182,172.51260375976562,130.61080932617188,231.97604370117188,190.40945434570312
38SMB_01278_r7200_c4320,2,0.43923452496528625,36.00749588012695,153.76239013671875,122.71861267089844,243.26959228515625
38SMB_01278_r7200_c4320,3,0.41833552718162537,128.75267028808594,101.75997924804688,190.74388122558594,161.82586669921875
38SMB_01278_r7200_c4320,4,0.3174358606338501,271.8487854003906,166.35269165039062,320.0,228.58853149414062
38SMB_01278_r7200_c4320,5,0.20767639577388763,0.0,38.88020706176758,51.186676025390625,109.26033020019531
38SMB_01278_r7200_c4320,6,0.17633435130119324,293.009521484375,77.13717651367188,320.0,137.03965759277344
38SMB_01278_r7200_c4320,7,0.11717850714921951,199.3424835205078,79.15055847167969,229.30421447753906,109.24671936035156
38SMB_01278_r7200_c4320,8,0.10868729650974274,177.55545043945312,37.516693115234375,222.15341186523438,82.17200469970703
38SMB_01279_r7200_c4560,0,0.6890718340873718,92.07142639160156,148.5494384765625,183.44883728027344,230.5902099609375
38SMB_01279_r7200_c4560,1,0.6388778686523438,52.339813232421875,79.2918701171875,106.732666015625,134.2633056640625
38SMB_01279_r7200_c4560,2,0.5081444978713989,0.0,92.1839599609375,31.93538475036621,138.9976806640625
38SMB_01279_r7200_c4560,3,0.3366127610206604,31.215721130371094,166.75201416015625,88.85263061523438,228.55596923828125
38SMB_01279_r7200_c4560,4,0.27007797360420227,54.58909606933594,0.0184783935546875,111.76019287109375,27.137229919433594
38SMB_01279_r7200_c4560,5,0.1573474109172821,83.77864074707031,142.363525390625,199.3356475830078,290.9246826171875
38SMB_01279_r7200_c4560,6,0.14828576147556305,166.8795928955078,84.07614135742188,206.7329559326172,123.68572998046875
38SMB_01280_r7200_c4800,0,0.2436242401599884,0.0,207.48211669921875,32.56580352783203,275.3384094238281
38SMB_01280_r7200_c4800,1,0.1343248188495636,265.9822692871094,101.03938293457031,316.6894226074219,154.2113037109375
38SMB_01281_r7200_c5040,0,0.6596575379371643,234.95065307617188,229.84133911132812,293.3666687011719,295.3699035644531
38SMB_01281_r7200_c5040,1,0.4284253716468811,172.87098693847656,242.94488525390625,218.71873474121094,293.11749267578125
38SMB_01281_r7200_c5040,2,0.24116069078445435,240.5609893798828,0.0,317.00836181640625,25.936351776123047
38SMB_01281_r7200_c5040,3,0.14896351099014282,25.909255981445312,101.05203247070312,78.10972595214844,154.40609741210938
38SMB_01281_r7200_c5040,4,0.14809909462928772,133.27996826171875,235.6862335205078,185.20291137695312,289.43658447265625
38SMB_01281_r7200_c5040,5,0.12079595029354095,142.28781127929688,0.015899658203125,172.51498413085938,6.841960906982422
38SMB_01281_r7200_c5040,6,0.1182461604475975,125.70124816894531,0.0,177.59828186035156,10.576847076416016
38SMB_01282_r7200_c5280,0,0.7145580053329468,126.50920104980469,290.78265380859375,181.1728973388672,319.99896240234375
38SMB_01282_r7200_c5280,1,0.6739432215690613,0.0,229.19110107421875,55.40153884887695,295.74334716796875
38SMB_01282_r7200_c5280,2,0.5340835452079773,92.0318603515625,11.89990234375,136.98130798339844,56.163658142089844
38SMB_01282_r7200_c5280,3,0.23856501281261444,1.1230010986328125,0.0,77.2270278930664,26.235116958618164
38SMB_01282_r7200_c5280,4,0.2362791746854782,160.61239624023438,185.67532348632812,209.20278930664062,235.96237182617188
38SMB_01282_r7200_c5280,5,0.15127675235271454,126.43232727050781,37.42510986328125,172.13243103027344,82.45669555664062
38SMB_01282_r7200_c5280,6,0.11000055819749832,230.6510467529297,281.85284423828125,286.78863525390625,319.98199462890625
38SMB_01282_r7200_c5280,7,0.10760059952735901,180.5928955078125,105.71640014648438,245.12371826171875,176.25985717773438
38SMB_01282_r7200_c5280,8,0.10139959305524826,34.21306610107422,31.18775177001953,82.9633560180664,81.73680114746094
38SMB_01283_r7200_c5520,0,0.3959520757198334,224.36920166015625,73.52824401855469,274.2301025390625,120.84902954101562
38SMB_01283_r7200_c5520,1,0.38502806425094604,86.43617248535156,182.40689086914062,179.5747528076172,276.838134765625
38SMB_01283_r7200_c5520,2,0.3280201852321625,145.0847625732422,149.50457763671875,213.2202911376953,229.26019287109375
38SMB_01283_r7200_c5520,3,0.23345914483070374,162.82440185546875,185.7449951171875,205.5533447265625,225.68963623046875
38SMB_01283_r7200_c5520,4,0.18503543734550476,149.07179260253906,3.9515151977539062,191.4819793701172,46.74036407470703
38SMB_01283_r7200_c5520,5,0.15725789964199066,97.38163757324219,186.68853759765625,165.6892852783203,270.1799621582031
38SMB_01283_r7200_c5520,6,0.12092690914869308,164.94125366210938,84.55308532714844,215.10177612304688,129.4208526611328
38SMB_01283_r7200_c5520,7,0.11771409958600998,110.54086303710938,186.80465698242188,170.97149658203125,260.49871826171875
38SMB_01283_r7200_c5520,8,0.10960656404495239,0.07486343383789062,281.075439453125,46.717041015625,320.0
38SMB_01284_r7200_c5760,0,0.49435853958129883,255.13710021972656,199.97450256347656,304.4495849609375,247.67298889160156
38SMB_01284_r7200_c5760,1,0.44827836751937866,0.013988494873046875,72.18495178222656,33.094322204589844,120.17839050292969
38SMB_01284_r7200_c5760,2,0.3332745432853699,75.82177734375,35.94847106933594,109.3187255859375,69.92756652832031
38SMB_01284_r7200_c5760,3,0.17108851671218872,192.23617553710938,170.98257446289062,234.19912719726562,207.70663452148438
38SMB_01284_r7200_c5760,4,0.14148516952991486,163.278564453125,270.91778564453125,257.0443115234375,319.8406982421875
38SMB_01285_r7200_c6000,0,0.46665069460868835,14.446929931640625,199.07093811035156,65.58480834960938,248.7018585205078
38SMB_01285_r7200_c6000,1,0.36868879199028015,205.3685302734375,142.40020751953125,279.1664123535156,222.76681518554688
38SMB_01285_r7200_c6000,2,0.19723108410835266,149.74093627929688,224.7449951171875,261.9327392578125,319.4932861328125
38SMB_01285_r7200_c6000,3,0.1832720786333084,73.73184204101562,244.9051513671875,125.21817016601562,294.5831298828125
38SMB_01285_r7200_c6000,4,0.16087615489959717,177.68362426757812,223.99700927734375,256.4163513183594,300.29095458984375
38SMB_01285_r7200_c6000,5,0.14090175926685333,299.810791015625,130.48764038085938,319.960693359375,178.90695190429688
38SMB_01286_r7200_c6240,0,0.545716404914856,252.17295837402344,66.73495483398438,320.0,142.95263671875
38SMB_01286_r7200_c6240,1,0.5440681576728821,58.816932678222656,132.5999755859375,103.79676055908203,177.72625732421875
38SMB_01286_r7200_c6240,2,0.42261189222335815,239.2501983642578,0.0,304.80670166015625,28.187896728515625
38SMB_01286_r7200_c6240,3,0.24617063999176025,172.90196228027344,129.98046875,221.2976531982422,177.467041015625
38SMB_01286_r7200_c6240,4,0.17964957654476166,30.474964141845703,214.95883178710938,112.23088073730469,287.0728454589844
38SMB_01286_r7200_c6240,5,0.1652071326971054,82.84365844726562,266.13818359375,161.24154663085938,319.89764404296875
38SMB_01286_r7200_c6240,6,0.1597917228937149,2.6117095947265625,212.37490844726562,112.4012451171875,300.4393615722656
38SMB_01286_r7200_c6240,7,0.14200690388679504,0.0,206.65408325195312,112.19674682617188,320.0
38SMB_01286_r7200_c6240,8,0.11216895282268524,0.0,229.18630981445312,13.948063850402832,268.69708251953125
38SMB_01287_r7200_c6480,0,0.7542035579681396,183.60679626464844,133.17041015625,236.2374725341797,186.6033935546875
38SMB_01287_r7200_c6480,1,0.575046956539154,13.212013244628906,66.54792785644531,91.69746398925781,141.1130828857422
38SMB_01287_r7200_c6480,2,0.4358789920806885,1.3139057159423828,0.0046939849853515625,64.54745483398438,27.992019653320312
38SMB_01287_r7200_c6480,3,0.35017722845077515,279.06988525390625,112.96748352050781,319.96551513671875,176.58042907714844
38SMB_01287_r7200_c6480,4,0.24604366719722748,129.45010375976562,261.09918212890625,195.18881225585938,320.0
38SMB_01287_r7200_c6480,5,0.1435164362192154,252.01385498046875,181.43344116210938,294.39874267578125,223.50320434570312
38SMB_01288_r7200_c6720,0,0.44335171580314636,112.21934509277344,51.831756591796875,204.0830535888672,138.03500366210938
38SMB_01288_r7200_c6720,1,0.35313162207603455,38.913387298583984,113.63160705566406,95.79147338867188,177.0943145751953
38SMB_01288_r7200_c6720,2,0.12539860606193542,12.205144882202148,181.536376953125,54.16132354736328,223.17385864257812
38SMB_01288_r7200_c6720,3,0.11843746155500412,36.917545318603516,111.86465454101562,113.235107421875,180.4674072265625
38SMB_01289_r7200_c6960,0,0.2992689609527588,237.19754028320312,204.1396484375,320.0,295.8228759765625
38SMB_01290_r7200_c7200,0,0.2622930407524109,0.0,208.59393310546875,89.51205444335938,294.74163818359375
38SMB_01293_r7200_c7920,0,0.2000844031572342,187.87002563476562,0.0,239.91342163085938,42.50033950805664
38SMB_01294_r7200_c8160,0,0.5141165852546692,115.80770874023438,230.58575439453125,171.81869506835938,292.99224853515625
38SMB_01294_r7200_c8160,1,0.3278988301753998,116.4754638671875,52.9717903137207,167.94317626953125,110.72731018066406
38SMB_01294_r7200_c8160,2,0.259949266910553,127.92733764648438,286.63983154296875,176.26708984375,319.90423583984375
38SMB_01294_r7200_c8160,3,0.252979040145874,122.48910522460938,126.05075073242188,168.68832397460938,175.58462524414062
38SMB_01294_r7200_c8160,4,0.12661001086235046,169.55917358398438,172.86212158203125,189.37673950195312,192.86593627929688
38SMB_01294_r7200_c8160,5,0.11134938895702362,104.03079223632812,228.1279296875,195.46630859375,319.30096435546875
38SMB_01295_r7200_c8400,0,0.22923700511455536,265.5965576171875,190.77056884765625,317.9593505859375,245.4642333984375
38SMB_01295_r7200_c8400,1,0.12166159600019455,78.13139343261719,9.066085815429688,151.72962951660156,79.55339813232422
38SMB_01296_r7200_c8640,0,0.710857093334198,89.68464660644531,0.939971923828125,153.2099609375,64.1054916381836
38SMB_01296_r7200_c8640,1,0.7105333805084229,241.655029296875,95.4256591796875,297.4876708984375,151.9354705810547
38SMB_01296_r7200_c8640,2,0.44938719272613525,109.24614715576172,44.80803680419922,187.5704345703125,124.60869598388672
38SMB_01296_r7200_c8640,3,0.25445714592933655,235.10946655273438,0.0,298.1657409667969,31.922378540039062
38SMB_01296_r7200_c8640,4,0.22160235047340393,26.978914260864258,192.39874267578125,77.74446105957031,244.6435546875
38SMB_01296_r7200_c8640,5,0.17769956588745117,36.602901458740234,18.8625545501709,95.19808959960938,69.71009063720703
38SMB_01297_r7200_c8880,0,0.7200669050216675,1.7390480041503906,95.06080627441406,57.681392669677734,152.0046844482422
38SMB_01297_r7200_c8880,1,0.5114399194717407,231.54891967773438,0.0,285.4815979003906,35.692115783691406
38SMB_01297_r7200_c8880,2,0.2516455352306366,276.455810546875,205.65621948242188,319.835693359375,267.18438720703125
38SMB_01297_r7200_c8880,3,0.1827351599931717,2.790069580078125,0.0,57.53583526611328,31.704160690307617
38SMB_01297_r7200_c8880,4,0.16384033858776093,206.7586669921875,183.76654052734375,289.8631286621094,262.7989501953125
38SMB_01297_r7200_c8880,5,0.10027757287025452,94.40492248535156,0.0,158.8245391845703,24.71339225769043
38SMB_01298_r7200_c9120,0,0.5465564131736755,0.0,0.006656646728515625,46.462440490722656,36.18550491333008
38SMB_01298_r7200_c9120,1,0.3083830177783966,267.1026611328125,43.781192779541016,319.8199462890625,103.67257690429688
38SMB_01298_r7200_c9120,2,0.24916842579841614,164.10293579101562,0.0,270.6058044433594,61.652565002441406
38SMB_01298_r7200_c9120,3,0.2140342891216278,0.0,184.08023071289062,51.55360794067383,263.5968017578125
38SMB_01298_r7200_c9120,4,0.21009288728237152,40.81372833251953,209.92556762695312,93.24959564208984,260.04144287109375
38SMB_01298_r7200_c9120,5,0.12635259330272675,35.7010498046875,203.22598266601562,100.13619995117188,265.9952392578125
38SMB_01299_r7200_c9360,0,0.235077366232872,27.38298225402832,44.79005432128906,84.89601135253906,102.06501770019531
38SMB_01299_r7200_c9360,1,0.1336904913187027,0.07152557373046875,0.0,27.302371978759766,50.76180648803711
38SMB_01300_r7200_c9600,0,0.16034524142742157,281.14483642578125,114.52499389648438,319.96429443359375,176.898193359375
38SMB_01300_r7200_c9600,1,0.1601361334323883,89.26332092285156,132.50802612304688,138.8081512451172,185.07785034179688
38SMB_01300_r7200_c9600,2,0.13724607229232788,0.019428253173828125,97.48059844970703,37.720237731933594,162.3072509765625
38SMB_01300_r7200_c9600,3,0.12914466857910156,224.19540405273438,297.81500244140625,262.7050476074219,320.0
38SMB_01300_r7200_c9600,4,0.12298642843961716,143.19082641601562,103.34675598144531,198.11505126953125,159.0876922607422
38SMB_01300_r7200_c9600,5,0.1198139488697052,226.558837890625,197.7308349609375,273.01666259765625,244.68844604492188
38SMB_01301_r7200_c9680,0,0.17091627418994904,204.85403442382812,117.59419250488281,261.4674987792969,173.2310028076172
38SMB_01301_r7200_c9680,1,0.1671026200056076,10.748088836669922,133.0235595703125,58.2484245300293,184.22683715820312
38SMB_01301_r7200_c9680,2,0.14693626761436462,144.98663330078125,298.47943115234375,181.68560791015625,320.0
38SMB_01301_r7200_c9680,3,0.1391465812921524,65.17947387695312,105.471923828125,116.04924011230469,156.69415283203125
38SMB_01301_r7200_c9680,4,0.1315869390964508,147.0341796875,197.5703582763672,192.47283935546875,243.8181610107422
38SMB_01301_r7200_c9680,5,0.11317728459835052,17.50950050354004,102.19778442382812,59.681922912597656,143.40963745117188
38SMB_01302_r7440_c0,0,0.2085631787776947,187.193603515625,15.724983215332031,236.67486572265625,65.21824645996094
38SMB_01302_r7440_c0,1,0.20114026963710785,61.78718185424805,58.11439514160156,123.17329406738281,121.25982666015625
38SMB_01302_r7440_c0,2,0.13391432166099548,121.60035705566406,229.32958984375,170.83949279785156,275.9638671875
38SMB_01302_r7440_c0,3,0.10342053323984146,180.12936401367188,9.245290756225586,242.93426513671875,71.6003189086914
38SMB_01302_r7440_c0,4,0.10224787890911102,0.0,243.73178100585938,47.052555084228516,298.9894714355469
38SMB_01304_r7440_c480,0,0.3642345368862152,252.57449340820312,55.4780387878418,306.8183288574219,113.33302307128906
38SMB_01304_r7440_c480,1,0.11760136485099792,228.87319946289062,47.195613861083984,312.0566101074219,118.4906005859375
38SMB_01305_r7440_c720,0,0.40239304304122925,10.057289123535156,55.0820426940918,68.46574401855469,114.69386291503906
38SMB_01305_r7440_c720,1,0.19869127869606018,162.97500610351562,25.659252166748047,259.3854675292969,120.35667419433594
38SMB_01305_r7440_c720,2,0.10209281742572784,163.9890899658203,33.20976638793945,251.0631866455078,105.05003356933594
38SMB_01305_r7440_c720,3,0.10143984109163284,208.41567993164062,79.0780029296875,250.11032104492188,117.08428955078125
38SMB_01306_r7440_c960,0,0.4920334219932556,295.935791015625,77.87538146972656,320.0,130.02145385742188
38SMB_01306_r7440_c960,1,0.14020685851573944,203.70797729492188,0.024814605712890625,266.0190734863281,25.44108772277832
38SMB_01307_r7440_c1200,0,0.4746031165122986,55.43157958984375,81.66297912597656,99.89476013183594,128.4197540283203
38SMB_01307_r7440_c1200,1,0.18284942209720612,253.9766387939453,268.0567321777344,320.0,320.0
38SMB_01308_r7440_c1440,0,0.20116794109344482,180.59295654296875,268.43157958984375,235.6724853515625,320.0
38SMB_01308_r7440_c1440,1,0.19343675673007965,10.731613159179688,258.95086669921875,132.59339904785156,320.0
38SMB_01309_r7440_c1680,0,0.17301902174949646,81.18682861328125,105.0753173828125,159.35809326171875,187.2103271484375
38SMB_01309_r7440_c1680,1,0.10811696946620941,93.8392333984375,111.47613525390625,150.14675903320312,182.61923217773438
38SMB_01310_r7440_c1920,0,0.14205820858478546,222.22283935546875,13.136940002441406,302.94110107421875,84.00831604003906
38SMB_01311_r7440_c2160,0,0.42295774817466736,215.99771118164062,64.70909118652344,270.4233703613281,121.64451599121094
38SMB_01311_r7440_c2160,1,0.21262061595916748,87.85055541992188,76.79887390136719,153.2315673828125,139.2914581298828
38SMB_01311_r7440_c2160,2,0.16527940332889557,218.62545776367188,67.67808532714844,265.8474426269531,112.18525695800781
38SMB_01311_r7440_c2160,3,0.15142562985420227,0.3747215270996094,14.911827087402344,62.43192672729492,83.92437744140625
38SMB_01311_r7440_c2160,4,0.14787453413009644,225.86077880859375,227.85617065429688,320.0,319.8865051269531
38SMB_01311_r7440_c2160,5,0.12968188524246216,92.43527221679688,84.41557312011719,143.04531860351562,135.05934143066406
38SMB_01312_r7440_c2400,0,0.35123366117477417,92.74307250976562,276.7674255371094,151.55328369140625,319.9319152832031
38SMB_01312_r7440_c2400,1,0.3389197885990143,0.0,62.45429992675781,30.795900344848633,121.81071472167969
38SMB_01312_r7440_c2400,2,0.24889039993286133,0.0,231.30899047851562,101.7660903930664,320.0
38SMB_01312_r7440_c2400,3,0.18510878086090088,261.0994873046875,57.46669006347656,311.8782958984375,109.55905151367188
38SMB_01312_r7440_c2400,4,0.15669023990631104,230.10292053222656,46.910194396972656,312.547607421875,113.83512115478516
38SMB_01312_r7440_c2400,5,0.1495683640241623,230.95315551757812,54.077308654785156,273.8939208984375,96.5052719116211
38SMB_01313_r7440_c2640,0,0.3617711663246155,71.76990509033203,254.55906677246094,120.75101470947266,301.747314453125
38SMB_01313_r7440_c2640,1,0.3501285910606384,200.98123168945312,96.16455078125,297.9002990722656,190.16244506835938
38SMB_01313_r7440_c2640,2,0.20671844482421875,179.47598266601562,213.97244262695312,219.20993041992188,253.48129272460938
38SMB_01313_r7440_c2640,3,0.14046360552310944,22.005266189575195,58.49772644042969,70.69224548339844,109.10365295410156
38SMB_01313_r7440_c2640,4,0.1384975165128708,80.14642333984375,283.49029541015625,145.63320922851562,319.78472900390625
38SMB_01313_r7440_c2640,5,0.11168086528778076,219.47604370117188,163.84658813476562,318.8576354980469,278.7713928222656
38SMB_01314_r7440_c2880,0,0.3699030578136444,176.42958068847656,162.62094116210938,213.27381896972656,202.73577880859375
38SMB_01314_r7440_c2880,1,0.10725374519824982,92.53456115722656,211.34091186523438,180.27027893066406,283.6360168457031
38SMB_01315_r7440_c3120,0,0.4054914712905884,198.89218139648438,92.87721252441406,293.40692138671875,172.0661163330078
38SMB_01315_r7440_c3120,1,0.24671664834022522,92.48138427734375,0.04401969909667969,143.51043701171875,31.16204261779785
38SMB_01315_r7440_c3120,2,0.20368456840515137,136.13327026367188,306.33197021484375,180.89920043945312,319.97174072265625
38SMB_01315_r7440_c3120,3,0.19724927842617035,132.91387939453125,302.0333557128906,183.3150634765625,319.9685363769531
38SMB_01315_r7440_c3120,4,0.17188210785388947,294.06707763671875,196.50830078125,319.8701171875,247.20355224609375
38SMB_01315_r7440_c3120,5,0.14536316692829132,155.56454467773438,78.84336853027344,199.3363037109375,126.37025451660156
38SMB_01315_r7440_c3120,6,0.11359835416078568,135.83114624023438,139.96975708007812,186.76409912109375,194.60202026367188
38SMB_01316_r7440_c3360,0,0.7828235030174255,73.880859375,257.46502685546875,133.30018615722656,316.65716552734375
38SMB_01316_r7440_c3360,1,0.6991509199142456,183.89768981933594,69.53573608398438,250.75376892089844,128.4266357421875
38SMB_01316_r7440_c3360,2,0.48512810468673706,271.9091796875,255.82765197753906,320.0,307.6500244140625
38SMB_01316_r7440_c3360,3,0.46582353115081787,204.95358276367188,213.67807006835938,264.0757751464844,270.6348571777344
38SMB_01316_r7440_c3360,4,0.42750686407089233,46.017696380615234,190.83819580078125,115.26730346679688,259.492919921875
38SMB_01316_r7440_c3360,5,0.3975262939929962,221.31838989257812,0.0,294.7554016113281,50.51063919067383
38SMB_01316_r7440_c3360,6,0.38159510493278503,0.0,93.85558319091797,53.39069366455078,172.2608642578125
38SMB_01316_r7440_c3360,7,0.3410128653049469,120.270263671875,3.6513519287109375,200.10272216796875,72.44268798828125
38SMB_01316_r7440_c3360,8,0.30834031105041504,148.59115600585938,60.92021179199219,196.76828002929688,108.99172973632812
38SMB_01316_r7440_c3360,9,0.284990519285202,126.13447570800781,168.21121215820312,215.9810333251953,265.6694641113281
38SMB_01316_r7440_c3360,10,0.2595409154891968,284.204345703125,298.8686218261719,319.8662109375,319.9617614746094
38SMB_01316_r7440_c3360,11,0.1650557965040207,282.67938232421875,305.4732666015625,319.12335205078125,319.98968505859375
38SMB_01316_r7440_c3360,12,0.13536393642425537,40.56500244140625,60.66681671142578,171.7556610107422,195.4881591796875
38SMB_01317_r7440_c3600,0,0.782282292842865,120.48017883300781,0.6023788452148438,186.9717254638672,64.91549682617188
38SMB_01317_r7440_c3600,1,0.6547689437866211,275.7216491699219,103.1552734375,320.0,152.49923706054688
38SMB_01317_r7440_c3600,2,0.5818365216255188,83.03297424316406,263.0885314941406,121.35881042480469,301.0474548339844
38SMB_01317_r7440_c3600,3,0.5515881180763245,33.26887512207031,256.48651123046875,85.19397735595703,307.42657470703125
38SMB_01317_r7440_c3600,4,0.4289114773273468,40.17784118652344,295.36865234375,115.65327453613281,320.0
38SMB_01317_r7440_c3600,5,0.2910865247249603,0.026424407958984375,71.57443237304688,11.894118309020996,127.53750610351562
38SMB_01317_r7440_c3600,6,0.23044587671756744,0.0,0.0,54.741634368896484,51.53497314453125
38SMB_01317_r7440_c3600,7,0.22934839129447937,0.0,82.49876403808594,10.497562408447266,124.31153869628906
38SMB_01317_r7440_c3600,8,0.19611985981464386,41.8404426574707,301.15118408203125,109.80915832519531,319.95452880859375
38SMB_01317_r7440_c3600,9,0.1887025535106659,0.0,215.86370849609375,24.32786750793457,276.58758544921875
38SMB_01317_r7440_c3600,10,0.17416159808635712,0.024997711181640625,62.712860107421875,15.596724510192871,132.36334228515625
38SMB_01317_r7440_c3600,11,0.16495895385742188,153.57125854492188,0.049063682556152344,193.275146484375,13.43514633178711
38SMB_01318_r7440_c3840,0,0.705105721950531,228.309814453125,100.89511108398438,272.9264831542969,147.52072143554688
38SMB_01318_r7440_c3840,1,0.697324812412262,35.683631896972656,103.5745849609375,83.38107299804688,152.82916259765625
38SMB_01318_r7440_c3840,2,0.2421121895313263,219.6884002685547,261.98291015625,253.95973205566406,296.84344482421875
38SMB_01319_r7440_c4080,0,0.721590518951416,254.88980102539062,235.702880859375,307.4464416503906,288.1988525390625
38SMB_01319_r7440_c4080,1,0.6638206839561462,0.0,100.12684631347656,32.49357986450195,148.3724365234375
38SMB_01319_r7440_c4080,2,0.6448118090629578,297.95526123046875,108.78480529785156,320.0,149.86741638183594
38SMB_01319_r7440_c4080,3,0.49117356538772583,113.32553100585938,156.61488342285156,172.1348876953125,222.69227600097656
38SMB_01319_r7440_c4080,4,0.46786949038505554,97.83131408691406,57.85334777832031,178.51499938964844,145.03750610351562
38SMB_01319_r7440_c4080,5,0.30640098452568054,202.4401092529297,3.1594696044921875,317.86785888671875,105.1141586303711
38SMB_01319_r7440_c4080,6,0.1921701431274414,0.0013608932495117188,258.9664306640625,11.948814392089844,299.33544921875
38SMB_01319_r7440_c4080,7,0.13653074204921722,74.08282470703125,311.05706787109375,125.28314208984375,319.89544677734375
38SMB_01319_r7440_c4080,8,0.13576611876487732,212.12783813476562,206.28533935546875,241.32907104492188,236.178955078125
38SMB_01319_r7440_c4080,9,0.13462428748607635,65.30606079101562,304.5904541015625,131.02569580078125,319.94677734375
38SMB_01319_r7440_c4080,10,0.1098957508802414,68.61384582519531,308.6748046875,129.68519592285156,319.93328857421875
38SMB_01319_r7440_c4080,11,0.10865723341703415,156.70001220703125,209.72988891601562,199.96237182617188,249.52719116210938
38SMB_01320_r7440_c4320,0,0.7692441344261169,263.7930908203125,214.95172119140625,317.952880859375,268.30047607421875
38SMB_01320_r7440_c4320,1,0.7277364730834961,15.426460266113281,235.79013061523438,67.26496887207031,288.0578308105469
38SMB_01320_r7440_c4320,2,0.5486178994178772,173.62664794921875,140.59963989257812,228.17947387695312,197.15054321289062
38SMB_01320_r7440_c4320,3,0.4698929488658905,68.545654296875,245.1116180419922,114.62399291992188,292.92755126953125
38SMB_01320_r7440_c4320,4,0.38171741366386414,57.45626449584961,100.63424682617188,113.85983276367188,152.64767456054688
38SMB_01320_r7440_c4320,5,0.12858186662197113,129.2628631591797,242.32675170898438,204.9054412841797,319.6485900878906
38SMB_01320_r7440_c4320,6,0.12049301713705063,228.43905639648438,294.521728515625,279.4378662109375,319.96875
38SMB_01321_r7440_c4560,0,0.7351513504981995,23.956497192382812,214.89627075195312,79.59698486328125,268.3382568359375
38SMB_01321_r7440_c4560,1,0.2609652876853943,91.07395935058594,161.3140869140625,243.5409698486328,277.7879333496094
38SMB_01321_r7440_c4560,2,0.20445378124713898,95.14032745361328,170.8790283203125,188.19390869140625,250.5166015625
38SMB_01321_r7440_c4560,3,0.11070878058671951,121.17900848388672,173.6346435546875,247.9320068359375,274.9901123046875
38SMB_01322_r7440_c4800,0,0.5547855496406555,178.71502685546875,208.32357788085938,261.9444885253906,289.8772277832031
38SMB_01322_r7440_c4800,1,0.3331545889377594,0.125885009765625,0.0,32.383888244628906,35.96820068359375
38SMB_01322_r7440_c4800,2,0.1505802571773529,3.3418502807617188,192.42587280273438,97.33491516113281,267.06524658203125
38SMB_01322_r7440_c4800,3,0.12144164741039276,0.1396350860595703,0.2647209167480469,24.038434982299805,31.162151336669922
38SMB_01322_r7440_c4800,4,0.10197149962186813,181.59100341796875,217.90750122070312,255.21707153320312,273.0306091308594
38SMB_01323_r7440_c5040,0,0.8238197565078735,146.1551513671875,186.89276123046875,206.0853271484375,246.16851806640625
38SMB_01323_r7440_c5040,1,0.5523777008056641,235.92828369140625,0.0,293.44866943359375,53.656982421875
38SMB_01323_r7440_c5040,2,0.47331878542900085,170.49819946289062,1.1900291442871094,220.65863037109375,54.79454803466797
38SMB_01323_r7440_c5040,3,0.17568153142929077,231.85220336914062,208.25347900390625,261.1243591308594,238.67755126953125
38SMB_01323_r7440_c5040,4,0.13347013294696808,145.38792419433594,109.29224395751953,202.2791290283203,166.190673828125
38SMB_01323_r7440_c5040,5,0.1310850977897644,132.5791015625,0.0,185.82025146484375,49.472198486328125
38SMB_01323_r7440_c5040,6,0.10549088567495346,0.03970909118652344,215.9051513671875,27.972558975219727,282.58905029296875
38SMB_01323_r7440_c5040,7,0.10317742824554443,228.91845703125,104.44137573242188,270.60675048828125,141.6226043701172
38SMB_01324_r7440_c5280,0,0.8338795304298401,126.06654357910156,50.034061431884766,180.0763397216797,103.50677490234375
38SMB_01324_r7440_c5280,1,0.5389782786369324,0.2822456359863281,0.0,53.26228332519531,53.43031692504883
38SMB_01324_r7440_c5280,2,0.41701388359069824,170.6327362060547,204.57025146484375,228.4190216064453,261.861572265625
38SMB_01324_r7440_c5280,3,0.3598955571651459,232.43299865722656,41.81459045410156,290.757568359375,105.26460266113281
38SMB_01324_r7440_c5280,4,0.3287314176559448,252.02557373046875,149.47891235351562,308.86993408203125,204.51315307617188
38SMB_01324_r7440_c5280,5,0.3251176178455353,181.03982543945312,157.421875,232.67587280273438,210.53350830078125
38SMB_01325_r7440_c5520,0,0.42465195059776306,94.29493713378906,0.0,159.68667602539062,34.21121597290039
38SMB_01325_r7440_c5520,1,0.41219934821128845,0.0,41.20431137084961,50.44968795776367,104.97189331054688
38SMB_01325_r7440_c5520,2,0.3365494906902313,12.704307556152344,149.83433532714844,68.66737365722656,204.06007385253906
38SMB_01325_r7440_c5520,3,0.3230840563774109,230.32305908203125,235.966552734375,273.9439697265625,275.402099609375
38SMB_01325_r7440_c5520,4,0.24868309497833252,207.18563842773438,202.9031219482422,246.77066040039062,244.5717010498047
38SMB_01325_r7440_c5520,5,0.22534112632274628,278.6298828125,53.15542984008789,319.987548828125,98.80313110351562
38SMB_01325_r7440_c5520,6,0.12040527909994125,38.924522399902344,43.43742370605469,87.34188079833984,94.04263305664062
38SMB_01326_r7440_c5760,0,0.3304348886013031,38.25994110107422,53.305782318115234,82.87831115722656,97.69479370117188
38SMB_01326_r7440_c5760,1,0.2924954295158386,256.0997314453125,150.63760375976562,315.282470703125,217.51052856445312
38SMB_01326_r7440_c5760,2,0.2754327058792114,214.57041931152344,78.53889465332031,253.3400115966797,117.75138854980469
38SMB_01326_r7440_c5760,3,0.24387961626052856,0.0,235.57855224609375,33.74285125732422,276.31207275390625
38SMB_01326_r7440_c5760,4,0.1938970983028412,80.50404357910156,164.3431396484375,127.75703430175781,209.04705810546875
38SMB_01326_r7440_c5760,5,0.18179568648338318,124.20329284667969,233.77613830566406,177.87306213378906,285.9173583984375
38SMB_01326_r7440_c5760,6,0.1379307508468628,202.96400451660156,0.0,318.6043701171875,109.92599487304688
38SMB_01326_r7440_c5760,7,0.11624041944742203,206.9687957763672,131.16470336914062,253.7904510498047,177.43038940429688
38SMB_01326_r7440_c5760,8,0.10480743646621704,168.95278930664062,0.0,320.0,119.3764419555664
38SMB_01327_r7440_c6000,0,0.2933109700679779,15.535858154296875,150.97982788085938,74.890625,217.63888549804688
38SMB_01327_r7440_c6000,1,0.1915486603975296,178.188720703125,0.009151458740234375,256.17510986328125,58.54857635498047
38SMB_01327_r7440_c6000,2,0.19125007092952728,0.0,8.210350036621094,101.57659912109375,98.7892837524414
38SMB_01327_r7440_c6000,3,0.18865233659744263,74.34455871582031,4.74835205078125,125.25267028808594,54.474327087402344
38SMB_01327_r7440_c6000,4,0.18599680066108704,151.7762451171875,0.0,261.0326232910156,90.33139038085938
38SMB_01327_r7440_c6000,5,0.13472242653369904,0.0,80.38798522949219,12.456496238708496,126.80104064941406
38SMB_01327_r7440_c6000,6,0.1261977106332779,0.0181884765625,131.85903930664062,13.383017539978027,181.59646606445312
38SMB_01327_r7440_c6000,7,0.10324212908744812,161.07684326171875,36.30223846435547,216.0001220703125,85.9800796508789
38SMB_01328_r7440_c6240,0,0.40339332818984985,168.80084228515625,189.960205078125,278.3858642578125,304.3843688964844
38SMB_01328_r7440_c6240,1,0.20986412465572357,78.67466735839844,25.614898681640625,169.09500122070312,128.84518432617188
38SMB_01328_r7440_c6240,2,0.13915349543094635,0.0,0.0595550537109375,114.65798950195312,97.31228637695312
38SMB_01328_r7440_c6240,3,0.1192845031619072,31.209320068359375,0.12584686279296875,112.32708740234375,46.23018264770508
38SMB_01328_r7440_c6240,4,0.11199640482664108,0.0,0.0,113.25309753417969,64.72817993164062
38SMB_01329_r7440_c6480,0,0.641616940498352,0.0,232.11138916015625,43.967140197753906,307.11468505859375
38SMB_01329_r7440_c6480,1,0.41762199997901917,127.35475158691406,21.09777069091797,197.7380828857422,98.12278747558594
38SMB_01329_r7440_c6480,2,0.41267532110214233,106.915283203125,261.0787353515625,184.87234497070312,319.76708984375
38SMB_01329_r7440_c6480,3,0.3006838262081146,132.46279907226562,151.22634887695312,204.35305786132812,231.01220703125
38SMB_01329_r7440_c6480,4,0.1638692170381546,118.35135650634766,273.3164978027344,180.68875122070312,320.0
38SMB_01329_r7440_c6480,5,0.13527056574821472,61.6333122253418,275.8956298828125,114.41242980957031,320.0
38SMB_01329_r7440_c6480,6,0.1302841156721115,12.01806640625,257.42047119140625,128.87530517578125,319.34332275390625
38SMB_01330_r7440_c6720,0,0.7675619721412659,103.70816040039062,239.55413818359375,158.28887939453125,292.585205078125
38SMB_01330_r7440_c6720,1,0.6513476967811584,163.63011169433594,252.52084350585938,211.9579315185547,301.6484680175781
38SMB_01330_r7440_c6720,2,0.25942307710647583,64.416748046875,96.00302124023438,114.27578735351562,145.52029418945312
38SMB_01330_r7440_c6720,3,0.1571701318025589,190.18902587890625,173.22787475585938,233.83929443359375,215.84262084960938
38SMB_01330_r7440_c6720,4,0.11757984757423401,0.06951904296875,186.68246459960938,34.99725341796875,246.56497192382812
38SMB_01331_r7440_c6960,0,0.452923446893692,232.78244018554688,0.0,320.0,60.97591018676758
38SMB_01332_r7440_c7200,0,0.3573487102985382,0.0,0.0,93.35560607910156,55.063270568847656
38SMB_01333_r7440_c7440,0,0.6065099239349365,275.22235107421875,121.9529037475586,320.0,180.19107055664062
38SMB_01333_r7440_c7440,1,0.5019474029541016,170.05581665039062,230.0103759765625,235.16165161132812,300.26177978515625
38SMB_01333_r7440_c7440,2,0.3576032221317291,260.3049011230469,203.56414794921875,320.0,267.3531494140625
38SMB_01334_r7440_c7680,0,0.6391642689704895,110.11843872070312,169.07467651367188,187.73580932617188,248.01675415039062
38SMB_01334_r7440_c7680,1,0.6279761791229248,33.851776123046875,122.79547119140625,87.17221069335938,181.03152465820312
38SMB_01334_r7440_c7680,2,0.3106008470058441,21.22405242919922,203.0224609375,83.41556549072266,267.33758544921875
38SMB_01335_r7440_c7920,0,0.47222113609313965,138.83538818359375,255.1645050048828,182.7967529296875,299.68902587890625
38SMB_01335_r7440_c7920,1,0.2793474793434143,161.36431884765625,84.13737487792969,186.58123779296875,110.1890869140625
38SMB_01335_r7440_c7920,2,0.23892594873905182,169.8077392578125,72.477783203125,244.20098876953125,145.50973510742188
38SMB_01335_r7440_c7920,3,0.1827889233827591,128.4615020751953,299.39263916015625,172.6034393310547,319.99786376953125
38SMB_01336_r7440_c8160,0,0.526061475276947,114.57461547851562,0.0,173.99465942382812,53.029075622558594
38SMB_01336_r7440_c8160,1,0.18153581023216248,261.697265625,45.100772857666016,307.3531494140625,90.91232299804688
38SMB_01336_r7440_c8160,2,0.11673595011234283,105.1116943359375,49.327911376953125,190.58596801757812,159.36322021484375
38SMB_01337_r7440_c8400,0,0.18560323119163513,21.646926879882812,45.1087646484375,67.28718566894531,90.96562194824219
38SMB_01339_r7440_c8880,0,0.10686427354812622,273.82098388671875,0.0,320.0,23.207374572753906
38SMB_01340_r7440_c9120,0,0.19898052513599396,32.140235900878906,0.0,96.9036636352539,23.787479400634766
38SMB_01340_r7440_c9120,1,0.12983331084251404,37.81496047973633,0.0,94.78004455566406,18.914440155029297
38SMB_01341_r7440_c9360,0,0.6573904156684875,203.01400756835938,256.064697265625,274.4417419433594,319.8382568359375
38SMB_01341_r7440_c9360,1,0.2824642062187195,91.86808776855469,269.2818908691406,143.70387268066406,319.5924377441406
38SMB_01341_r7440_c9360,2,0.1873825341463089,248.60952758789062,296.88519287109375,296.2944641113281,319.95220947265625
38SMB_01341_r7440_c9360,3,0.1844981163740158,242.58013916015625,294.69073486328125,311.98150634765625,319.96392822265625
38SMB_01341_r7440_c9360,4,0.10817253589630127,88.305908203125,258.363525390625,215.66348266601562,320.0
38SMB_01341_r7440_c9360,5,0.10118776559829712,152.32228088378906,224.70181274414062,205.0624542236328,275.5217590332031
38SMB_01342_r7440_c9600,0,0.7814143300056458,207.84408569335938,165.03732299804688,247.87796020507812,205.82675170898438
38SMB_01342_r7440_c9600,1,0.24255238473415375,0.0,254.03578186035156,37.880531311035156,320.0
38SMB_01342_r7440_c9600,2,0.18026036024093628,223.19503784179688,58.003536224365234,261.1120300292969,97.31875610351562
38SMB_01342_r7440_c9600,3,0.16648276150226593,2.116943359375,295.428955078125,71.16279602050781,319.9652099609375
38SMB_01342_r7440_c9600,4,0.15231719613075256,223.6676025390625,89.21328735351562,281.43994140625,147.98773193359375
38SMB_01342_r7440_c9600,5,0.13689163327217102,0.0,232.48428344726562,34.6900749206543,320.0
38SMB_01342_r7440_c9600,6,0.12539467215538025,228.91738891601562,102.79624938964844,271.1887512207031,144.4330596923828
38SMB_01342_r7440_c9600,7,0.1165020614862442,8.517463684082031,299.67889404296875,57.64421844482422,319.97210693359375
38SMB_01342_r7440_c9600,8,0.11544229835271835,0.014591217041015625,263.22833251953125,50.97846603393555,320.0
38SMB_01343_r7440_c9680,0,0.7813627123832703,127.85047912597656,165.04800415039062,167.85972595214844,205.80868530273438
38SMB_01343_r7440_c9680,1,0.17924752831459045,143.2198486328125,58.015907287597656,181.09210205078125,97.3176040649414
38SMB_01343_r7440_c9680,2,0.15212805569171906,143.70022583007812,89.24945068359375,201.41934204101562,147.96124267578125
38SMB_01343_r7440_c9680,3,0.12548664212226868,148.93121337890625,102.79942321777344,191.18807983398438,144.4241485595703
38SMB_01344_r7680_c0,0,0.20273083448410034,78.82099914550781,62.9283447265625,175.3170623779297,161.10389709472656
38SMB_01344_r7680_c0,1,0.19915448129177094,119.59927368164062,0.07285308837890625,172.6865234375,36.87059783935547
38SMB_01344_r7680_c0,2,0.18299153447151184,0.034515380859375,163.58023071289062,90.47563171386719,258.51434326171875
38SMB_01344_r7680_c0,3,0.1366560310125351,157.87774658203125,0.0,208.94775390625,38.6737060546875
38SMB_01344_r7680_c0,4,0.1002192497253418,0.0,4.679500579833984,46.97135925292969,59.3013801574707
38SMB_01345_r7680_c240,0,0.7609304189682007,117.73309326171875,91.29708862304688,172.29843139648438,146.81680297851562
38SMB_01346_r7680_c480,0,0.6950421929359436,177.94482421875,101.04365539550781,232.52838134765625,156.42115783691406
38SMB_01346_r7680_c480,1,0.28229251503944397,258.93798828125,249.5825653076172,313.601318359375,305.60162353515625
38SMB_01347_r7680_c720,0,0.2784377336502075,19.0415096282959,249.67343139648438,73.56024932861328,305.5345153808594
38SMB_01347_r7680_c720,1,0.2014951854944229,191.99435424804688,145.81350708007812,264.0751037597656,208.80465698242188
38SMB_01348_r7680_c960,0,0.7366870045661926,271.40771484375,174.75453186035156,313.832763671875,217.09217834472656
38SMB_01349_r7680_c1200,0,0.7243775725364685,31.549942016601562,174.91162109375,73.66094970703125,216.98876953125
38SMB_01350_r7680_c1440,0,0.38074004650115967,261.27618408203125,96.08476257324219,314.84259033203125,147.9559326171875
38SMB_01350_r7680_c1440,1,0.3230742812156677,242.98756408691406,167.8236083984375,308.8477783203125,247.5989990234375
38SMB_01350_r7680_c1440,2,0.2111813724040985,246.09381103515625,169.76889038085938,303.18695068359375,223.03616333007812
38SMB_01350_r7680_c1440,3,0.17912690341472626,234.29049682617188,169.32064819335938,319.2127380371094,256.014404296875
38SMB_01350_r7680_c1440,4,0.11859492212533951,180.91891479492188,28.773954391479492,235.12026977539062,84.019775390625
38SMB_01351_r7680_c1680,0,0.7728994488716125,70.41935729980469,244.69427490234375,120.62736511230469,294.251953125
38SMB_01351_r7680_c1680,1,0.4052363634109497,20.959938049316406,96.31805419921875,74.51603698730469,147.86648559570312
38SMB_01351_r7680_c1680,2,0.370572566986084,135.80856323242188,221.94879150390625,205.5966796875,290.357421875
38SMB_01351_r7680_c1680,3,0.3133477568626404,3.5161285400390625,167.8489227294922,68.97003173828125,247.43260192871094
38SMB_01351_r7680_c1680,4,0.20847558975219727,5.720695495605469,169.7052001953125,64.08094787597656,224.17813110351562
38SMB_01351_r7680_c1680,5,0.15255525708198547,0.0,159.31869506835938,83.62653350830078,257.08251953125
38SMB_01352_r7680_c1920,0,0.1581660956144333,258.7445068359375,275.97900390625,311.8603515625,320.0
38SMB_01352_r7680_c1920,1,0.1399591863155365,87.26206970214844,88.21902465820312,139.35482788085938,140.41920471191406
38SMB_01352_r7680_c1920,2,0.12838558852672577,81.03140258789062,80.23764038085938,143.27688598632812,143.9686737060547
38SMB_01353_r7680_c2160,0,0.4009131193161011,108.7710189819336,204.33810424804688,244.27059936523438,319.5707092285156
38SMB_01353_r7680_c2160,1,0.23185236752033234,101.85653686523438,189.91026306152344,272.5744323730469,320.0
38SMB_01353_r7680_c2160,2,0.20429827272891998,105.97903442382812,161.5430450439453,154.87652587890625,211.9336700439453
38SMB_01353_r7680_c2160,3,0.16858308017253876,19.00786590576172,276.14166259765625,69.69468688964844,320.0
38SMB_01353_r7680_c2160,4,0.16461677849292755,171.29736328125,122.51718139648438,249.858642578125,210.84213256835938
38SMB_01354_r7680_c2400,0,0.36746612191200256,93.7503662109375,35.90986633300781,151.293701171875,94.2747802734375
38SMB_01354_r7680_c2400,1,0.19791032373905182,58.127593994140625,83.58892822265625,231.39797973632812,220.63693237304688
38SMB_01354_r7680_c2400,2,0.18032406270503998,268.24285888671875,257.9422302246094,319.8489990234375,319.2971496582031
38SMB_01355_r7680_c2640,0,0.3663578927516937,71.76469421386719,14.44854736328125,120.87150573730469,62.24006652832031
38SMB_01355_r7680_c2640,1,0.30741894245147705,226.34393310546875,0.0,310.84515380859375,42.40727233886719
38SMB_01355_r7680_c2640,2,0.25348392128944397,191.58340454101562,85.07522583007812,237.01739501953125,131.61175537109375
38SMB_01355_r7680_c2640,3,0.1603117287158966,174.93582153320312,0.0,220.97409057617188,13.122978210449219
38SMB_01355_r7680_c2640,4,0.1327207386493683,235.36585998535156,248.17041015625,320.0,320.0
38SMB_01355_r7680_c2640,5,0.12025461345911026,170.24258422851562,0.02224445343017578,225.37286376953125,15.900906562805176
38SMB_01355_r7680_c2640,6,0.11218671500682831,185.8692169189453,207.10946655273438,227.8783721923828,247.61251831054688
38SMB_01355_r7680_c2640,7,0.111817367374897,155.28067016601562,118.15182495117188,216.75906372070312,171.6680908203125
38SMB_01355_r7680_c2640,8,0.10841459780931473,0.0,75.20147705078125,95.86450958251953,221.10687255859375
38SMB_01355_r7680_c2640,9,0.10028944909572601,303.21246337890625,63.40813064575195,319.93865966796875,93.02626037597656
38SMB_01356_r7680_c2880,0,0.1684107929468155,0.12969207763671875,0.0,68.20896911621094,40.374061584472656
38SMB_01357_r7680_c3120,0,0.48762235045433044,123.48632049560547,61.67176818847656,178.55169677734375,116.80253601074219
38SMB_01357_r7680_c3120,1,0.22233469784259796,255.2532196044922,269.1513977050781,318.04913330078125,320.0
38SMB_01357_r7680_c3120,2,0.14660228788852692,222.2418212890625,108.19657897949219,251.13446044921875,139.11793518066406
38SMB_01357_r7680_c3120,3,0.11889755725860596,310.54022216796875,129.6674041748047,319.94195556640625,172.50730895996094
38SMB_01357_r7680_c3120,4,0.1179303303360939,139.4298553466797,116.46044158935547,182.4749298095703,163.888671875
38SMB_01357_r7680_c3120,5,0.10071706771850586,129.78207397460938,0.0,195.37228393554688,38.30115509033203
38SMB_01358_r7680_c3360,0,0.773071825504303,74.05921936035156,18.18011474609375,133.27894592285156,77.321533203125
38SMB_01358_r7680_c3360,1,0.5940862894058228,287.8784484863281,54.26353454589844,320.0,115.29786682128906
38SMB_01358_r7680_c3360,2,0.5152187943458557,61.311248779296875,217.13705444335938,138.4925537109375,282.849609375
38SMB_01358_r7680_c3360,3,0.49133530259132385,121.4954833984375,93.55914306640625,241.31594848632812,224.86663818359375
38SMB_01358_r7680_c3360,4,0.4824928939342499,271.9407958984375,15.539581298828125,320.0,67.14130401611328
38SMB_01358_r7680_c3360,5,0.4763551354408264,291.5186462402344,170.4781494140625,320.0,231.34677124023438
38SMB_01358_r7680_c3360,6,0.39502206444740295,53.63631057739258,78.63908386230469,155.19639587402344,199.2959747314453
38SMB_01358_r7680_c3360,7,0.36356234550476074,278.46124267578125,237.654296875,319.86663818359375,299.92401123046875
38SMB_01358_r7680_c3360,8,0.3358898162841797,185.0052490234375,204.489013671875,273.51666259765625,295.179443359375
38SMB_01358_r7680_c3360,9,0.277038037776947,127.22472381591797,226.53948974609375,179.9698486328125,280.0501708984375
38SMB_01358_r7680_c3360,10,0.23291295766830444,274.0299377441406,167.76266479492188,315.1272277832031,204.7872314453125
38SMB_01358_r7680_c3360,11,0.18474739789962769,153.4410400390625,24.39813232421875,320.0,181.28564453125
38SMB_01358_r7680_c3360,12,0.17265641689300537,209.9910125732422,51.15739440917969,319.67840576171875,174.76271057128906
38SMB_01358_r7680_c3360,13,0.1586851328611374,13.853866577148438,269.080322265625,79.84103393554688,320.0
38SMB_01358_r7680_c3360,14,0.1571420282125473,55.317718505859375,0.012758255004882812,114.01730346679688,17.778470993041992
38SMB_01358_r7680_c3360,15,0.15056420862674713,0.021678924560546875,275.62872314453125,28.944805145263672,320.0
38SMB_01358_r7680_c3360,16,0.12881965935230255,168.35260009765625,0.12462997436523438,202.842529296875,15.331951141357422
38SMB_01358_r7680_c3360,17,0.12735174596309662,204.78158569335938,0.028621673583984375,263.4679870605469,29.88800621032715
38SMB_01359_r7680_c3600,0,0.734573483467102,50.19178771972656,160.47976684570312,116.69393920898438,227.84756469726562
38SMB_01359_r7680_c3600,1,0.7224509119987488,84.3248291015625,264.93377685546875,122.95195007324219,301.47271728515625
38SMB_01359_r7680_c3600,2,0.6582759618759155,47.197330474853516,54.08943176269531,129.68521118164062,134.24061584472656
38SMB_01359_r7680_c3600,3,0.6432978510856628,111.05431365966797,237.21763610839844,169.1549072265625,293.001220703125
38SMB_01359_r7680_c3600,4,0.6067742705345154,37.69956970214844,240.54141235351562,95.90689086914062,300.4519348144531
38SMB_01359_r7680_c3600,5,0.5797032117843628,33.329185485839844,16.1733341217041,85.17935180664062,67.33734893798828
38SMB_01359_r7680_c3600,6,0.5720771551132202,83.00419616699219,23.145301818847656,121.42066955566406,61.292213439941406
38SMB_01359_r7680_c3600,7,0.3676204979419708,152.031005859375,91.9937973022461,245.83026123046875,189.84823608398438
38SMB_01359_r7680_c3600,8,0.2949853241443634,0.7977294921875,58.662750244140625,89.52272033691406,176.96514892578125
38SMB_01359_r7680_c3600,9,0.2789915204048157,90.23973846435547,166.85617065429688,170.0576171875,254.50186157226562
38SMB_01359_r7680_c3600,10,0.24216066300868988,220.36373901367188,278.3446044921875,302.7814636230469,319.93597412109375
38SMB_01359_r7680_c3600,11,0.1399316042661667,144.0028076171875,191.543701171875,257.62677001953125,307.2581481933594
38SMB_01359_r7680_c3600,12,0.13159653544425964,148.08981323242188,184.45257568359375,233.67929077148438,281.7901306152344
38SMB_01359_r7680_c3600,13,0.1293891817331314,102.08584594726562,167.4212646484375,155.63372802734375,224.36773681640625
38SMB_01359_r7680_c3600,14,0.12015509605407715,64.7003173828125,154.46295166015625,180.94503784179688,261.63580322265625
38SMB_01359_r7680_c3600,15,0.11130911111831665,34.020668029785156,166.21754455566406,70.34554290771484,204.37696838378906
38SMB_01360_r7680_c3840,0,0.2471412867307663,219.59814453125,21.890766143798828,254.161376953125,56.94501876831055
38SMB_01360_r7680_c3840,1,0.23349986970424652,0.0,279.5965576171875,61.193321228027344,319.8406982421875
38SMB_01360_r7680_c3840,2,0.22556769847869873,51.326812744140625,221.56341552734375,185.30674743652344,320.0
38SMB_01360_r7680_c3840,3,0.12171924859285355,50.40191650390625,206.17141723632812,214.05593872070312,320.0
38SMB_01361_r7680_c4080,0,0.7174760699272156,254.66539001464844,0.0,307.2623291015625,48.32793045043945
38SMB_01361_r7680_c4080,1,0.25523531436920166,66.68507385253906,228.45236206054688,111.96022033691406,271.45281982421875
38SMB_01361_r7680_c4080,2,0.19088959693908691,0.0,18.853036880493164,11.832732200622559,59.54560089111328
38SMB_01361_r7680_c4080,3,0.11723592877388,160.99392700195312,0.0,206.86087036132812,7.919577598571777
38SMB_01362_r7680_c4320,0,0.7294838428497314,15.064750671386719,0.0,66.95417022705078,48.271419525146484
38SMB_01362_r7680_c4320,1,0.685404360294342,181.86181640625,262.4007568359375,245.24017333984375,320.0
38SMB_01362_r7680_c4320,2,0.5038245320320129,265.2161865234375,0.0005970001220703125,318.4052734375,26.89687728881836
38SMB_01362_r7680_c4320,3,0.45825469493865967,69.570556640625,5.4810638427734375,113.92076110839844,52.34849548339844
38SMB_01362_r7680_c4320,4,0.303631991147995,229.26458740234375,208.63595581054688,268.28515625,248.63125610351562
38SMB_01362_r7680_c4320,5,0.2598080039024353,227.88351440429688,54.456119537353516,278.40130615234375,103.51614379882812
38SMB_01362_r7680_c4320,6,0.22325679659843445,128.26443481445312,0.0,205.48703002929688,91.46119689941406
38SMB_01362_r7680_c4320,7,0.15968790650367737,254.71536254882812,237.10401916503906,272.5581970214844,254.64622497558594
38SMB_01362_r7680_c4320,8,0.10390445590019226,235.53042602539062,0.06924247741699219,268.8631896972656,22.654874801635742
38SMB_01363_r7680_c4560,0,0.6617646217346191,156.8975830078125,135.34027099609375,196.3194580078125,175.25985717773438
38SMB_01363_r7680_c4560,1,0.4665541350841522,25.693504333496094,0.0,79.25684356689453,26.539655685424805
38SMB_01363_r7680_c4560,2,0.2475450336933136,121.53267669677734,155.58799743652344,150.76193237304688,184.55821228027344
38SMB_01363_r7680_c4560,3,0.22424137592315674,245.41152954101562,0.0,313.4073791503906,26.656476974487305
38SMB_01363_r7680_c4560,4,0.22181455790996552,167.57052612304688,0.0,248.93362426757812,34.0594596862793
38SMB_01363_r7680_c4560,5,0.19955435395240784,0.014677047729492188,207.3408203125,27.305795669555664,247.54083251953125
38SMB_01363_r7680_c4560,6,0.17107363045215607,0.0395355224609375,51.2034912109375,37.480552673339844,105.90620422363281
38SMB_01363_r7680_c4560,7,0.128069669008255,94.08879089355469,124.14725494384766,136.36582946777344,167.63436889648438
38SMB_01363_r7680_c4560,8,0.12554849684238434,15.885273933410645,237.3752899169922,32.657588958740234,255.05931091308594
38SMB_01363_r7680_c4560,9,0.11644445359706879,0.16283226013183594,0.09090423583984375,28.591384887695312,24.013713836669922
38SMB_01364_r7680_c4800,0,0.3473859429359436,99.23202514648438,165.52743530273438,167.12872314453125,234.60653686523438
38SMB_01364_r7680_c4800,1,0.23479963839054108,176.58541870117188,0.07575225830078125,263.070068359375,50.216670989990234
38SMB_01364_r7680_c4800,2,0.22790418565273285,4.365394592285156,0.0,73.32266235351562,26.36734962463379
38SMB_01364_r7680_c4800,3,0.12066296488046646,9.285896301269531,0.0,72.6351547241211,19.535919189453125
38SMB_01365_r7680_c5040,0,0.8388667702674866,268.8690185546875,78.69154357910156,317.13458251953125,127.01246643066406
38SMB_01366_r7680_c5280,0,0.8385853171348572,29.097373962402344,79.16859436035156,77.11080169677734,127.10713195800781
38SMB_01366_r7680_c5280,1,0.17706459760665894,167.47056579589844,0.009979248046875,229.9102325439453,23.18902587890625
38SMB_01366_r7680_c5280,2,0.11794061213731766,173.23184204101562,0.07327461242675781,225.32046508789062,19.340177536010742
38SMB_01366_r7680_c5280,3,0.10229761153459549,90.34602355957031,206.87478637695312,135.70135498046875,254.96640014648438
38SMB_01367_r7680_c5520,0,0.3241141140460968,230.66693115234375,0.0,274.0921630859375,35.698734283447266
38SMB_01368_r7680_c5760,0,0.42149877548217773,269.822998046875,133.22775268554688,316.90997314453125,181.14459228515625
38SMB_01368_r7680_c5760,1,0.2368355244398117,0.0,0.0,34.01148223876953,35.95646286010742
38SMB_01368_r7680_c5760,2,0.22852391004562378,125.04093933105469,0.0,177.5247344970703,45.47441864013672
38SMB_01369_r7680_c6000,0,0.38003024458885193,29.904085159301758,133.42977905273438,78.41862487792969,181.1737060546875
38SMB_01369_r7680_c6000,1,0.2583915591239929,153.87994384765625,125.41740417480469,196.5518798828125,168.8485565185547
38SMB_01369_r7680_c6000,2,0.14806082844734192,130.85733032226562,232.01220703125,176.92532348632812,276.05224609375
38SMB_01369_r7680_c6000,3,0.14543165266513824,217.2447509765625,65.60543823242188,255.82083129882812,104.77090454101562
38SMB_01369_r7680_c6000,4,0.12862177193164825,203.031494140625,263.98828125,250.2216796875,312.58154296875
38SMB_01370_r7680_c6240,0,0.8045226335525513,219.0848388671875,197.30978393554688,265.00146484375,242.81735229492188
38SMB_01370_r7680_c6240,1,0.28978684544563293,176.50955200195312,0.40331268310546875,280.5472412109375,65.53396606445312
38SMB_01370_r7680_c6240,2,0.18380041420459747,248.9217071533203,0.0,320.0,120.88898468017578
38SMB_01370_r7680_c6240,3,0.1408190131187439,252.72845458984375,29.63629150390625,320.0,107.66265869140625
38SMB_01370_r7680_c6240,4,0.13056209683418274,0.0,256.9053955078125,9.143352508544922,307.6558837890625
38SMB_01371_r7680_c6480,0,0.6882978081703186,168.81686401367188,199.62643432617188,225.51776123046875,256.7912902832031
38SMB_01371_r7680_c6480,1,0.549004316329956,0.0,0.02252197265625,42.760154724121094,65.94925689697266
38SMB_01371_r7680_c6480,2,0.4522094428539276,0.010084152221679688,197.91134643554688,23.882280349731445,244.31405639648438
38SMB_01371_r7680_c6480,3,0.38277941942214966,106.21697235107422,20.571807861328125,185.0054931640625,101.04804992675781
38SMB_01371_r7680_c6480,4,0.3675762712955475,20.371170043945312,19.847450256347656,118.09901428222656,109.09268951416016
38SMB_01371_r7680_c6480,5,0.324313759803772,187.88296508789062,288.95916748046875,240.10855102539062,320.0
38SMB_01371_r7680_c6480,6,0.21842296421527863,233.99632263183594,249.36138916015625,319.8782958984375,320.0
38SMB_01371_r7680_c6480,7,0.1702580749988556,175.98953247070312,203.33746337890625,217.97097778320312,250.19427490234375
38SMB_01371_r7680_c6480,8,0.16632632911205292,120.42318725585938,32.556304931640625,180.09658813476562,90.68284606933594
38SMB_01371_r7680_c6480,9,0.14333325624465942,163.32839965820312,265.4523010253906,194.69992065429688,295.3773498535156
38SMB_01371_r7680_c6480,10,0.1266995668411255,99.59761047363281,91.34284210205078,211.25303649902344,221.060302734375
38SMB_01372_r7680_c6720,0,0.8049543499946594,103.71983337402344,0.6594314575195312,158.3205108642578,52.60034942626953
38SMB_01372_r7680_c6720,1,0.6546890735626221,163.6444091796875,12.79262924194336,211.935302734375,61.77511978149414
38SMB_01372_r7680_c6720,2,0.41397029161453247,214.31979370117188,88.86038208007812,290.20196533203125,169.09613037109375
38SMB_01372_r7680_c6720,3,0.35820505023002625,292.9340515136719,154.03079223632812,319.9767761230469,196.17547607421875
38SMB_01372_r7680_c6720,4,0.28220316767692566,231.836181640625,254.10934448242188,295.1829833984375,320.0
38SMB_01372_r7680_c6720,5,0.1409679353237152,215.38900756835938,107.29362487792969,276.4798583984375,164.29795837402344
38SMB_01372_r7680_c6720,6,0.1331709623336792,202.46981811523438,0.005138397216796875,244.04959106445312,13.242636680603027
38SMB_01372_r7680_c6720,7,0.12120476365089417,208.283447265625,0.0,240.9573974609375,11.435129165649414
38SMB_01372_r7680_c6720,8,0.100923091173172,0.0,249.74801635742188,88.13819122314453,320.0
38SMB_01372_r7680_c6720,9,0.10069967061281204,164.53717041015625,88.85018920898438,187.53753662109375,109.8477783203125
38SMB_01373_r7680_c6960,0,0.435260534286499,52.84552001953125,154.3648223876953,96.13026428222656,195.5018768310547
38SMB_01373_r7680_c6960,1,0.35689273476600647,0.0,253.33551025390625,57.239742279052734,320.0
38SMB_01373_r7680_c6960,2,0.3354873061180115,153.68499755859375,300.14727783203125,192.37167358398438,319.97772216796875
38SMB_01373_r7680_c6960,3,0.294658362865448,0.0,89.10037231445312,52.23830795288086,174.03634643554688
38SMB_01373_r7680_c6960,4,0.1510966569185257,149.14840698242188,296.2492980957031,196.8011474609375,319.9399719238281
38SMB_01374_r7680_c7200,0,0.6584431529045105,116.935302734375,159.64517211914062,172.36801147460938,215.19143676757812
38SMB_01374_r7680_c7200,1,0.5155991911888123,114.66069793701172,261.87188720703125,172.468994140625,319.304443359375
38SMB_01374_r7680_c7200,2,0.3261262774467468,296.9342041015625,137.39169311523438,319.9471435546875,214.32949829101562
38SMB_01374_r7680_c7200,3,0.2664196193218231,105.6646957397461,198.533447265625,157.15084838867188,247.24093627929688
38SMB_01374_r7680_c7200,4,0.19274292886257172,300.1630859375,152.27561950683594,320.0,210.4211883544922
38SMB_01374_r7680_c7200,5,0.10750206559896469,86.49098205566406,276.87677001953125,124.14176940917969,314.2783203125
38SMB_01375_r7680_c7440,0,0.700074315071106,55.20672607421875,128.72152709960938,132.7202606201172,207.49722290039062
38SMB_01375_r7680_c7440,1,0.3707262873649597,169.478515625,0.0,236.02130126953125,60.29100036621094
38SMB_01376_r7680_c7680,0,0.5648416876792908,217.59033203125,281.71392822265625,287.70880126953125,320.0
38SMB_01377_r7680_c7920,0,0.5980663895606995,0.23443603515625,283.59332275390625,44.3729248046875,319.85638427734375
38SMB_01377_r7680_c7920,1,0.43757954239845276,140.49090576171875,16.232192993164062,181.8262939453125,58.21222686767578
38SMB_01377_r7680_c7920,2,0.1782735288143158,129.76931762695312,63.166526794433594,169.39163208007812,103.41931915283203
38SMB_01377_r7680_c7920,3,0.14962175488471985,125.92291259765625,58.06190490722656,172.44656372070312,108.59432983398438
38SMB_01377_r7680_c7920,4,0.1145198717713356,131.93560791015625,66.9587173461914,165.11813354492188,98.2238998413086
38SMB_01378_r7680_c8160,0,0.3741120398044586,136.07040405273438,71.66162109375,195.84713745117188,137.21197509765625
38SMB_01378_r7680_c8160,1,0.34176215529441833,133.35003662109375,52.80119323730469,197.77743530273438,139.8009033203125
38SMB_01382_r7680_c9120,0,0.8369339108467102,83.73136138916016,97.28227233886719,127.0625991821289,140.20057678222656
38SMB_01383_r7680_c9360,0,0.5306103825569153,203.08926391601562,16.890380859375,274.3201599121094,92.10153198242188
38SMB_01383_r7680_c9360,1,0.5287194848060608,282.830810546875,119.31258392333984,320.0,188.35647583007812
38SMB_01383_r7680_c9360,2,0.4509604871273041,247.3612823486328,281.6407165527344,317.80462646484375,319.9705505371094
38SMB_01383_r7680_c9360,3,0.3427914083003998,92.45564270019531,29.468976974487305,144.0242462158203,82.36825561523438
38SMB_01383_r7680_c9360,4,0.1659218817949295,207.2698974609375,17.164413452148438,313.3299560546875,141.3870849609375
38SMB_01383_r7680_c9360,5,0.15602149069309235,231.9515838623047,57.62416076660156,312.97332763671875,137.95468139648438
38SMB_01383_r7680_c9360,6,0.1398475170135498,210.01519775390625,22.06037139892578,265.34210205078125,85.35018920898438
38SMB_01383_r7680_c9360,7,0.137814000248909,129.53530883789062,0.17945480346679688,234.50088500976562,49.86983871459961
38SMB_01383_r7680_c9360,8,0.13540948927402496,198.05123901367188,14.771697998046875,280.72637939453125,107.51043701171875
38SMB_01383_r7680_c9360,9,0.11277154833078384,112.78172302246094,94.0430908203125,160.67030334472656,143.32424926757812
38SMB_01383_r7680_c9360,10,0.10476230829954147,93.97335815429688,74.59211730957031,135.78109741210938,115.78907775878906
38SMB_01384_r7680_c9600,0,0.83737713098526,237.47821044921875,279.7904052734375,286.36199951171875,320.0
38SMB_01384_r7680_c9600,1,0.7351676821708679,41.44720458984375,114.84918212890625,120.34156799316406,192.43865966796875
38SMB_01384_r7680_c9600,2,0.6780677437782288,202.14324951171875,227.51727294921875,270.60546875,291.68017578125
38SMB_01384_r7680_c9600,3,0.6232510209083557,142.46929931640625,243.74185180664062,189.51272583007812,290.9414978027344
38SMB_01384_r7680_c9600,4,0.48559898138046265,272.5788879394531,277.7384948730469,319.8070373535156,320.0
38SMB_01384_r7680_c9600,5,0.41879206895828247,7.239311218261719,281.7596435546875,79.33155822753906,319.92919921875
38SMB_01384_r7680_c9600,6,0.3920626640319824,101.28668212890625,124.33137512207031,136.44557189941406,157.9417266845703
38SMB_01384_r7680_c9600,7,0.3878098726272583,121.27229309082031,173.2607421875,177.1907501220703,228.80947875976562
38SMB_01384_r7680_c9600,8,0.16418235003948212,0.0,58.70518493652344,71.22215270996094,137.28590393066406
38SMB_01384_r7680_c9600,9,0.12607060372829437,0.8533554077148438,29.072284698486328,69.38264465332031,138.82041931152344
38SMB_01384_r7680_c9600,10,0.11412783712148666,0.0,8.972267150878906,31.537689208984375,105.9407730102539
38SMB_01385_r7680_c9680,0,0.8380546569824219,157.470458984375,279.76324462890625,206.38037109375,320.0
38SMB_01385_r7680_c9680,1,0.6777827739715576,122.11343383789062,227.48577880859375,190.61676025390625,291.71563720703125
38SMB_01385_r7680_c9680,2,0.6236745119094849,62.435935974121094,243.721923828125,109.54259490966797,290.969970703125
38SMB_01385_r7680_c9680,3,0.5543848276138306,192.75802612304688,281.3213195800781,258.43756103515625,320.0
38SMB_01385_r7680_c9680,4,0.48732343316078186,0.0536956787109375,115.00946807861328,40.38341522216797,189.86724853515625
38SMB_01385_r7680_c9680,5,0.39889466762542725,21.243423461914062,124.32806396484375,56.486412048339844,157.96994018554688
38SMB_01385_r7680_c9680,6,0.38835564255714417,41.247406005859375,173.24127197265625,97.22401428222656,228.85968017578125
38SMB_01388_r7920_c480,0,0.3528903126716614,260.7757568359375,9.415657043457031,312.233154296875,64.79566955566406
38SMB_01388_r7920_c480,1,0.2764420807361603,277.6197509765625,113.13446044921875,319.921875,178.770263671875
38SMB_01388_r7920_c480,2,0.2313653528690338,279.59130859375,259.37042236328125,319.88568115234375,320.0
38SMB_01388_r7920_c480,3,0.1520574539899826,101.74087524414062,212.5408935546875,187.80300903320312,295.76165771484375
38SMB_01388_r7920_c480,4,0.11326552927494049,298.7313537597656,208.05093383789062,320.0,250.30337524414062
38SMB_01388_r7920_c480,5,0.10677792876958847,118.13642883300781,215.18063354492188,185.6431121826172,284.19873046875
38SMB_01388_r7920_c480,6,0.10182557255029678,69.88182830810547,211.80435180664062,188.411376953125,310.6629943847656
38SMB_01389_r7920_c720,0,0.758028507232666,134.21511840820312,178.32212829589844,191.67147827148438,235.9748077392578
38SMB_01389_r7920_c720,1,0.6191525459289551,53.62409591674805,203.70516967773438,132.67930603027344,281.56219482421875
38SMB_01389_r7920_c720,2,0.39501121640205383,33.974124908447266,113.75716400146484,99.87939453125,180.46334838867188
38SMB_01389_r7920_c720,3,0.37959522008895874,231.33946228027344,237.43011474609375,295.2989501953125,299.34686279296875
38SMB_01389_r7920_c720,4,0.35908976197242737,278.72406005859375,263.9647216796875,320.0,320.0
38SMB_01389_r7920_c720,5,0.3465033173561096,179.08663940429688,201.6793212890625,238.57131958007812,259.8789978027344
38SMB_01389_r7920_c720,6,0.3336649537086487,19.336549758911133,7.572532653808594,73.85517883300781,65.54866027832031
38SMB_01389_r7920_c720,7,0.2916896939277649,31.848175048828125,255.0109100341797,133.38143920898438,320.0
38SMB_01390_r7920_c960,0,0.37144196033477783,0.4075431823730469,238.2001953125,54.1092414855957,299.098876953125
38SMB_01390_r7920_c960,1,0.17752815783023834,36.54404830932617,250.80052185058594,144.4216766357422,319.6878662109375
38SMB_01391_r7920_c1200,0,0.20724856853485107,167.8038330078125,242.23074340820312,271.8742980957031,320.0
38SMB_01391_r7920_c1200,1,0.155912384390831,0.0,225.32960510253906,73.58358764648438,319.8690185546875
38SMB_01391_r7920_c1200,2,0.10786650329828262,118.27285766601562,192.08258056640625,170.66372680664062,249.83197021484375
38SMB_01393_r7920_c1680,0,0.7625225186347961,70.21160888671875,4.977424621582031,120.66842651367188,54.04529571533203
38SMB_01393_r7920_c1680,1,0.4543232321739197,254.35989379882812,165.78860473632812,306.0031433105469,220.40927124023438
38SMB_01393_r7920_c1680,2,0.2750941514968872,171.61444091796875,193.444580078125,290.30938720703125,296.2344970703125
38SMB_01393_r7920_c1680,3,0.26938068866729736,136.93597412109375,0.0,206.59991455078125,49.97457504272461
38SMB_01393_r7920_c1680,4,0.19866447150707245,174.43630981445312,198.7176513671875,252.32601928710938,277.51318359375
38SMB_01393_r7920_c1680,5,0.18453671038150787,133.93304443359375,248.3592529296875,176.770751953125,291.51605224609375
38SMB_01393_r7920_c1680,6,0.12274006754159927,218.5572509765625,209.97198486328125,293.99267578125,292.32177734375
38SMB_01393_r7920_c1680,7,0.12167147547006607,291.65142822265625,268.72576904296875,319.89398193359375,319.85955810546875
38SMB_01394_r7920_c1920,0,0.4547204375267029,14.963768005371094,165.6676483154297,66.32615661621094,220.7198028564453
38SMB_01394_r7920_c1920,1,0.28424060344696045,254.8290557861328,261.1679382324219,320.0,319.8982849121094
38SMB_01394_r7920_c1920,2,0.23514938354492188,282.523681640625,187.75244140625,320.0,239.29263305664062
38SMB_01394_r7920_c1920,3,0.23195214569568634,46.44535827636719,103.86866760253906,126.57231140136719,184.22080993652344
38SMB_01394_r7920_c1920,4,0.1930326670408249,124.06523132324219,103.59078979492188,177.7964324951172,156.46292114257812
38SMB_01394_r7920_c1920,5,0.17799727618694305,257.9385070800781,35.37261962890625,309.5549011230469,88.25244140625
38SMB_01394_r7920_c1920,6,0.16569064557552338,0.06737518310546875,212.31710815429688,55.045013427734375,292.8891906738281
38SMB_01394_r7920_c1920,7,0.12732896208763123,135.47067260742188,161.10433959960938,179.38833618164062,206.67739868164062
38SMB_01394_r7920_c1920,8,0.12180006504058838,116.83501434326172,38.73817443847656,184.7117919921875,105.2452392578125
38SMB_01394_r7920_c1920,9,0.10203023999929428,200.91534423828125,247.41281127929688,263.6062927246094,302.6371154785156
38SMB_01395_r7920_c2160,0,0.2610284090042114,112.07157135009766,0.082672119140625,249.40817260742188,84.72394561767578
38SMB_01395_r7920_c2160,1,0.2257261574268341,18.119041442871094,35.56059265136719,68.29571533203125,88.01941680908203
38SMB_01395_r7920_c2160,2,0.19816750288009644,42.80556869506836,188.85671997070312,92.06240844726562,239.316650390625
38SMB_01395_r7920_c2160,3,0.1296018362045288,0.00354766845703125,253.14749145507812,27.34174156188965,301.4122619628906
38SMB_01396_r7920_c2400,0,0.383343905210495,76.72578430175781,75.98828887939453,198.74363708496094,180.7701416015625
38SMB_01396_r7920_c2400,1,0.16072385013103485,0.021570205688476562,75.671142578125,26.610443115234375,126.58370971679688
38SMB_01396_r7920_c2400,2,0.12975585460662842,268.76031494140625,16.3150634765625,319.92498779296875,92.92518615722656
38SMB_01397_r7920_c2640,0,0.11413294821977615,221.14495849609375,0.0,283.2414855957031,49.16468048095703
38SMB_01398_r7920_c2880,0,0.1643221527338028,0.5827178955078125,0.17293930053710938,40.88600158691406,47.97565841674805
38SMB_01398_r7920_c2880,1,0.1168321892619133,105.9644775390625,195.5282440185547,137.6535186767578,233.0480194091797
38SMB_01399_r7920_c3120,0,0.7740738987922668,239.29998779296875,215.30062866210938,318.7681884765625,284.1553955078125
38SMB_01399_r7920_c3120,1,0.4849958121776581,252.03294372558594,26.838146209716797,318.02685546875,104.13105773925781
38SMB_01399_r7920_c3120,2,0.2820483148097992,167.89193725585938,217.78900146484375,225.45648193359375,273.40264892578125
38SMB_01399_r7920_c3120,3,0.24413979053497314,130.97152709960938,104.52734375,181.36398315429688,152.92547607421875
38SMB_01399_r7920_c3120,4,0.20235729217529297,148.15841674804688,214.6434783935547,178.20135498046875,243.0144500732422
38SMB_01400_r7920_c3360,0,0.7197359800338745,109.28543090820312,164.22998046875,168.6400146484375,225.14431762695312
38SMB_01400_r7920_c3360,1,0.7024297118186951,0.0,212.54977416992188,81.31646728515625,290.8057861328125
38SMB_01400_r7920_c3360,2,0.5790104866027832,187.29571533203125,0.059452056884765625,268.590576171875,57.40073776245117
38SMB_01400_r7920_c3360,3,0.5140133500099182,9.167648315429688,25.95325469970703,80.96186828613281,105.7778091430664
38SMB_01400_r7920_c3360,4,0.458918035030365,62.81941604614258,0.06256866455078125,135.91722106933594,46.96017837524414
38SMB_01400_r7920_c3360,5,0.4018402397632599,278.32269287109375,1.1793212890625,319.91790771484375,59.979957580566406
38SMB_01400_r7920_c3360,6,0.3242780566215515,127.30836486816406,0.0,184.3090362548828,42.05000686645508
38SMB_01400_r7920_c3360,7,0.270375519990921,0.0,35.24382400512695,29.516822814941406,106.00987243652344
38SMB_01400_r7920_c3360,8,0.17514698207378387,121.36570739746094,89.89549255371094,187.09877014160156,157.7355194091797
38SMB_01400_r7920_c3360,9,0.156144917011261,66.39115905761719,0.011440277099609375,125.33116149902344,34.72800064086914
38SMB_01400_r7920_c3360,10,0.12091484665870667,79.51963806152344,0.0,131.920654296875,33.69760513305664
38SMB_01400_r7920_c3360,11,0.10127860307693481,255.61648559570312,93.66545104980469,307.5949401855469,152.43345642089844
38SMB_01401_r7920_c3600,0,0.7223625779151917,84.31687927246094,24.88736915588379,123.03118896484375,61.689613342285156
38SMB_01401_r7920_c3600,1,0.7007110714912415,110.08895874023438,0.0,168.956787109375,52.86960983276367
38SMB_01401_r7920_c3600,2,0.6549880504608154,270.5502014160156,214.444580078125,320.0,275.63568115234375
38SMB_01401_r7920_c3600,3,0.5830721855163574,37.52381896972656,0.6023063659667969,96.40538024902344,60.40524673461914
38SMB_01401_r7920_c3600,4,0.4916142225265503,215.55340576171875,37.26152038574219,310.21527099609375,140.45590209960938
38SMB_01401_r7920_c3600,5,0.23457767069339752,131.98312377929688,200.3948974609375,231.26483154296875,298.11492919921875
38SMB_01401_r7920_c3600,6,0.21766263246536255,297.35040283203125,177.03076171875,319.92767333984375,219.9378662109375
38SMB_01401_r7920_c3600,7,0.20159777998924255,109.50469207763672,0.21339988708496094,148.2135009765625,12.927061080932617
38SMB_01401_r7920_c3600,8,0.16559100151062012,0.04908180236816406,0.0,29.194225311279297,54.05952835083008
38SMB_01401_r7920_c3600,9,0.15060965716838837,111.2099609375,0.0,139.2708282470703,10.357015609741211
38SMB_01401_r7920_c3600,10,0.14444158971309662,140.03909301757812,217.115478515625,227.4658203125,294.5264587402344
38SMB_01401_r7920_c3600,11,0.12572896480560303,95.03645324707031,0.17990684509277344,115.15936279296875,14.77096939086914
38SMB_01401_r7920_c3600,12,0.11532612144947052,15.983781814575195,94.186279296875,67.16571044921875,151.9300537109375
38SMB_01401_r7920_c3600,13,0.10137482732534409,223.744384765625,48.49989318847656,301.95904541015625,134.18482971191406
38SMB_01402_r7920_c3840,0,0.7658301591873169,30.56786346435547,212.599853515625,102.00421905517578,278.1996765136719
38SMB_01402_r7920_c3840,1,0.5227656960487366,0.0762176513671875,38.637386322021484,71.13322448730469,143.29666137695312
38SMB_01402_r7920_c3840,2,0.3750499486923218,75.93714904785156,73.24480438232422,110.89451599121094,109.0639877319336
38SMB_01402_r7920_c3840,3,0.3180016875267029,48.93016052246094,0.0,177.84820556640625,107.50508117675781
38SMB_01402_r7920_c3840,4,0.2572862207889557,56.7044677734375,179.91127014160156,106.20556640625,225.8580780029297
38SMB_01402_r7920_c3840,5,0.23915128409862518,99.92737579345703,0.25732421875,213.8604736328125,80.20283508300781
38SMB_01402_r7920_c3840,6,0.16489852964878082,286.65802001953125,140.23585510253906,320.0,199.1307830810547
38SMB_01402_r7920_c3840,7,0.1434086710214615,38.543609619140625,0.0,203.42315673828125,122.08592224121094
38SMB_01402_r7920_c3840,8,0.10194682329893112,0.0,147.6884765625,19.307640075683594,185.73834228515625
38SMB_01403_r7920_c4080,0,0.3252396285533905,66.6075210571289,0.07234954833984375,112.83039093017578,32.418235778808594
38SMB_01403_r7920_c4080,1,0.2356969714164734,235.01458740234375,121.79666137695312,282.5240478515625,171.43429565429688
38SMB_01403_r7920_c4080,2,0.19124232232570648,47.203983306884766,139.8579559326172,105.17794799804688,195.4749298095703
38SMB_01403_r7920_c4080,3,0.12622852623462677,67.00659942626953,189.01290893554688,125.09259796142578,251.498779296875
38SMB_01403_r7920_c4080,4,0.10218066722154617,259.34088134765625,0.0,320.0,33.12605285644531
38SMB_01404_r7920_c4320,0,0.8519893884658813,250.3636474609375,102.03421783447266,309.12158203125,161.15481567382812
38SMB_01404_r7920_c4320,1,0.6878283619880676,183.5792694091797,22.595230102539062,244.78431701660156,86.7607421875
38SMB_01404_r7920_c4320,2,0.4952036440372467,248.51959228515625,195.44082641601562,318.157470703125,273.3653564453125
38SMB_01404_r7920_c4320,3,0.4468145966529846,192.38656616210938,265.89276123046875,251.33145141601562,320.0
38SMB_01404_r7920_c4320,4,0.31327715516090393,0.0,120.34759521484375,43.38507843017578,173.32135009765625
38SMB_01404_r7920_c4320,5,0.2703936696052551,175.86172485351562,98.31024169921875,231.48947143554688,160.17068481445312
38SMB_01405_r7920_c4560,0,0.8673332929611206,11.324356079101562,102.67523193359375,68.36175537109375,160.51409912109375
38SMB_01405_r7920_c4560,1,0.8602981567382812,215.25262451171875,267.0736083984375,267.935302734375,320.0
38SMB_01405_r7920_c4560,2,0.5786843299865723,244.360107421875,235.36366271972656,320.0,320.0
38SMB_01405_r7920_c4560,3,0.5753242373466492,276.8121337890625,166.00784301757812,319.903076171875,251.66940307617188
38SMB_01405_r7920_c4560,4,0.5241125822067261,90.70880126953125,166.49378967285156,136.6381378173828,208.4193878173828
38SMB_01405_r7920_c4560,5,0.5182940363883972,9.579193115234375,195.61328125,77.17713165283203,272.84674072265625
38SMB_01405_r7920_c4560,6,0.18005892634391785,0.0,265.80462646484375,9.480329513549805,310.42218017578125
38SMB_01405_r7920_c4560,7,0.10259199142456055,134.32998657226562,277.80853271484375,171.00076293945312,313.73345947265625
38SMB_01406_r7920_c4800,0,0.5094323754310608,32.15284729003906,164.07772827148438,118.86643981933594,251.55148315429688
38SMB_01406_r7920_c4800,1,0.3879900872707367,0.12627410888671875,257.0013427734375,26.588687896728516,319.16748046875
38SMB_01408_r7920_c5280,0,0.6094152331352234,296.559326171875,161.33212280273438,320.0,221.56063842773438
38SMB_01408_r7920_c5280,1,0.1997852325439453,301.7956848144531,168.33485412597656,319.9745178222656,218.58436584472656
38SMB_01409_r7920_c5520,0,0.4273446500301361,59.56671905517578,157.04074096679688,111.09593963623047,217.01089477539062
38SMB_01409_r7920_c5520,1,0.3349366784095764,56.68978500366211,149.0615234375,129.66229248046875,218.72036743164062
38SMB_01409_r7920_c5520,2,0.23719550669193268,61.16093826293945,169.99710083007812,105.93128967285156,216.18197631835938
38SMB_01409_r7920_c5520,3,0.14900869131088257,76.03225708007812,149.87403869628906,131.14927673339844,216.80885314941406
38SMB_01409_r7920_c5520,4,0.14783339202404022,82.32296752929688,149.82827758789062,130.95321655273438,202.91415405273438
38SMB_01409_r7920_c5520,5,0.12210637331008911,84.9581298828125,152.06582641601562,123.30703735351562,197.20431518554688
38SMB_01409_r7920_c5520,6,0.10305088758468628,0.06916046142578125,122.6207504272461,87.23192596435547,258.6860656738281
38SMB_01410_r7920_c5760,0,0.14347541332244873,143.05889892578125,94.38740539550781,205.546875,156.8486328125
38SMB_01411_r7920_c6000,0,0.47498443722724915,81.92948913574219,217.33084106445312,129.18197631835938,266.7783508300781
38SMB_01411_r7920_c6000,1,0.3900064527988434,273.2599792480469,111.7364730834961,318.4821472167969,159.97396850585938
38SMB_01411_r7920_c6000,2,0.16954152286052704,130.73321533203125,0.029888153076171875,176.4127197265625,35.83603286743164
38SMB_01411_r7920_c6000,3,0.13019046187400818,42.86555480957031,0.0,86.45211791992188,22.325172424316406
38SMB_01411_r7920_c6000,4,0.11625736951828003,203.10235595703125,24.022911071777344,250.1649169921875,71.89854431152344
38SMB_01412_r7920_c6240,0,0.43116098642349243,33.537811279296875,112.97044372558594,78.68707275390625,160.16343688964844
38SMB_01412_r7920_c6240,1,0.12161996960639954,0.0,15.548248291015625,10.083074569702148,72.78064727783203
38SMB_01413_r7920_c6480,0,0.6842464208602905,71.13597106933594,265.730224609375,130.76856994628906,319.7674560546875
38SMB_01413_r7920_c6480,1,0.54402756690979,190.58636474609375,48.48663330078125,236.17593383789062,93.3409423828125
38SMB_01413_r7920_c6480,2,0.1509179025888443,163.35231018066406,25.43358039855957,194.6509246826172,55.362945556640625
38SMB_01413_r7920_c6480,3,0.1072651669383049,132.651123046875,272.17913818359375,173.75994873046875,313.24298095703125
38SMB_01413_r7920_c6480,4,0.10655827820301056,235.38758850097656,9.081123352050781,320.0,117.6619873046875
38SMB_01414_r7920_c6720,0,0.6843993663787842,231.8657684326172,211.25228881835938,320.0,297.38311767578125
38SMB_01414_r7920_c6720,1,0.498334139585495,230.42991638183594,12.854866027832031,297.592529296875,90.82775115966797
38SMB_01414_r7920_c6720,2,0.283515989780426,226.15142822265625,268.2806701660156,267.7142333984375,310.7441711425781
38SMB_01414_r7920_c6720,3,0.1094052717089653,286.2711181640625,253.033935546875,320.0,319.7645263671875
38SMB_01415_r7920_c6960,0,0.6544715762138367,0.0,211.66650390625,80.53096008300781,296.163818359375
38SMB_01415_r7920_c6960,1,0.5469346642494202,0.0,12.694374084472656,58.20508575439453,90.95381927490234
38SMB_01415_r7920_c6960,2,0.46604207158088684,260.495849609375,140.34620666503906,308.91839599609375,187.1913604736328
38SMB_01415_r7920_c6960,3,0.34170183539390564,0.0,271.46173095703125,27.97233772277832,310.85894775390625
38SMB_01415_r7920_c6960,4,0.1496947556734085,218.9176025390625,167.97821044921875,267.08465576171875,217.61700439453125
38SMB_01415_r7920_c6960,5,0.12078647315502167,0.013702392578125,199.6154327392578,89.78814697265625,318.58721923828125
38SMB_01415_r7920_c6960,6,0.1114799752831459,46.73710632324219,258.192138671875,125.68373107910156,319.80914306640625
38SMB_01416_r7920_c7200,0,0.7517673969268799,249.78518676757812,73.41510009765625,299.3735046386719,121.80349731445312
38SMB_01416_r7920_c7200,1,0.6365381479263306,188.94175720214844,74.40240478515625,243.07371520996094,126.29150390625
38SMB_01416_r7920_c7200,2,0.505807638168335,113.53670501708984,20.96166229248047,172.28909301757812,85.21347045898438
38SMB_01416_r7920_c7200,3,0.4749815762042999,20.5004825592041,140.37049865722656,68.83124542236328,187.17176818847656
38SMB_01416_r7920_c7200,4,0.21326595544815063,0.0,163.46835327148438,28.57780647277832,219.79733276367188
38SMB_01416_r7920_c7200,5,0.12637881934642792,86.1739501953125,36.56212615966797,124.36550903320312,74.96563720703125
38SMB_01417_r7920_c7440,0,0.7266402840614319,11.190420150756836,76.3738021850586,57.910011291503906,119.87125396728516
38SMB_01417_r7920_c7440,1,0.2805871069431305,259.974853515625,73.26568603515625,301.7283935546875,111.303955078125
38SMB_01417_r7920_c7440,2,0.13571393489837646,291.2455139160156,0.1551361083984375,319.7450866699219,15.703125953674316
38SMB_01418_r7920_c7680,0,0.6562908291816711,222.31344604492188,41.198238372802734,285.9600524902344,105.42138671875
38SMB_01418_r7920_c7680,1,0.28677043318748474,19.4569091796875,72.45008850097656,62.597923278808594,112.35234069824219
38SMB_01418_r7920_c7680,2,0.17876511812210083,47.33116149902344,0.0,94.80050659179688,15.871696472167969
38SMB_01418_r7920_c7680,3,0.1502688080072403,185.60809326171875,271.7689208984375,257.10198974609375,320.0
38SMB_01419_r7920_c7920,0,0.6559638977050781,151.11578369140625,244.94467163085938,202.6287841796875,294.9861755371094
38SMB_01419_r7920_c7920,1,0.4964619278907776,0.0,39.23257064819336,47.616493225097656,108.63192749023438
38SMB_01419_r7920_c7920,2,0.39316442608833313,112.95533752441406,189.55227661132812,181.3096466064453,266.173095703125
38SMB_01419_r7920_c7920,3,0.14843958616256714,107.4745864868164,186.55975341796875,198.82522583007812,277.2463684082031
38SMB_01419_r7920_c7920,4,0.13588079810142517,0.0594940185546875,45.361785888671875,42.378509521484375,96.90267944335938
38SMB_01420_r7920_c8160,0,0.4694138765335083,265.97088623046875,138.4298095703125,310.39129638671875,188.6600341796875
38SMB_01420_r7920_c8160,1,0.20012234151363373,149.1326446533203,246.42962646484375,211.8813934326172,319.92230224609375
38SMB_01421_r7920_c8400,0,0.42229634523391724,25.390411376953125,138.31097412109375,68.82818603515625,188.8717041015625
38SMB_01424_r7920_c9120,0,0.5194294452667236,221.67527770996094,235.30996704101562,301.0865478515625,316.5968933105469
38SMB_01424_r7920_c9120,1,0.36442992091178894,214.3268280029297,226.254638671875,313.79351806640625,319.66571044921875
38SMB_01424_r7920_c9120,2,0.3131953179836273,250.11932373046875,179.12716674804688,312.46856689453125,243.17379760742188
38SMB_01425_r7920_c9360,0,0.7078732848167419,247.3256378173828,39.86465835571289,317.61444091796875,105.04779052734375
38SMB_01425_r7920_c9360,1,0.46620431542396545,0.09265899658203125,229.82940673828125,62.8262939453125,319.19097900390625
38SMB_01425_r7920_c9360,2,0.3333037793636322,9.976469039916992,179.28585815429688,72.42292785644531,243.08685302734375
38SMB_01425_r7920_c9360,3,0.1526087075471878,0.0,242.867431640625,59.465415954589844,310.51373291015625
38SMB_01425_r7920_c9360,4,0.11338109523057938,0.103851318359375,218.6878662109375,83.57777404785156,319.55328369140625
38SMB_01426_r7920_c9600,0,0.8470162153244019,237.4937744140625,39.82286071777344,286.04266357421875,86.96347045898438
38SMB_01426_r7920_c9600,1,0.6984763145446777,7.21026611328125,40.123680114746094,78.1455078125,105.26050567626953
38SMB_01426_r7920_c9600,2,0.6458324790000916,142.2532958984375,3.8339195251464844,189.3853759765625,51.10165786743164
38SMB_01426_r7920_c9600,3,0.6121538877487183,202.9761962890625,0.0,270.302001953125,51.36190414428711
38SMB_01426_r7920_c9600,4,0.5734145641326904,272.1727294921875,38.79240036010742,319.908935546875,107.49757385253906
38SMB_01426_r7920_c9600,5,0.14069052040576935,295.77490234375,99.14535522460938,312.02313232421875,117.19833374023438
38SMB_01426_r7920_c9600,6,0.13907647132873535,295.0473937988281,100.510498046875,308.8838806152344,115.02194213867188
38SMB_01426_r7920_c9600,7,0.11424753814935684,311.64324951171875,83.60751342773438,320.0,135.86392211914062
38SMB_01427_r7920_c9680,0,0.8463134169578552,157.48910522460938,39.821022033691406,206.04556274414062,86.97689819335938
38SMB_01427_r7920_c9680,1,0.703685462474823,193.7073974609375,42.380035400390625,255.38946533203125,105.885009765625
38SMB_01427_r7920_c9680,2,0.645958662033081,62.243953704833984,3.8290481567382812,109.39480590820312,51.11296844482422
38SMB_01427_r7920_c9680,3,0.6121648550033569,122.97007751464844,0.0,190.3054962158203,51.37125778198242
38SMB_01427_r7920_c9680,4,0.1669582724571228,235.14175415039062,50.51078796386719,320.0,133.27462768554688
38SMB_01427_r7920_c9680,5,0.16511908173561096,236.64413452148438,163.48284912109375,303.7500305175781,231.2337646484375
38SMB_01427_r7920_c9680,6,0.14169815182685852,236.66571044921875,68.5873031616211,311.516845703125,127.94380950927734
38SMB_01430_r8160_c480,0,0.8559991121292114,241.64161682128906,202.64035034179688,300.3009033203125,256.9968566894531
38SMB_01430_r8160_c480,1,0.7469872832298279,284.55828857421875,278.4614562988281,320.0,319.6215515136719
38SMB_01430_r8160_c480,2,0.22283868491649628,277.69091796875,240.94387817382812,320.0,288.4506530761719
38SMB_01430_r8160_c480,3,0.1807510107755661,179.95599365234375,52.21745300292969,260.1644287109375,149.6947479248047
38SMB_01430_r8160_c480,4,0.16836698353290558,279.522216796875,20.639575958251953,320.0,110.48078918457031
38SMB_01430_r8160_c480,5,0.12375042587518692,55.12225341796875,0.20992279052734375,190.53155517578125,68.95427703857422
38SMB_01430_r8160_c480,6,0.11748400330543518,124.40526580810547,0.11891555786132812,186.37139892578125,31.814956665039062
38SMB_01430_r8160_c480,7,0.10920384526252747,95.62945556640625,0.20793914794921875,187.67041015625,53.71604919433594
38SMB_01431_r8160_c720,0,0.8313207030296326,1.9684066772460938,199.846435546875,62.25761413574219,257.91912841796875
38SMB_01431_r8160_c720,1,0.7795091271400452,42.981197357177734,277.33233642578125,88.23458862304688,319.9320068359375
38SMB_01431_r8160_c720,2,0.46169722080230713,35.5506591796875,16.8397216796875,126.24270629882812,105.35247802734375
38SMB_01431_r8160_c720,3,0.35616546869277954,231.2068634033203,0.7777938842773438,295.41766357421875,59.16588592529297
38SMB_01431_r8160_c720,4,0.3355875611305237,36.8280029296875,239.79849243164062,91.76255798339844,291.2745666503906
38SMB_01431_r8160_c720,5,0.25979793071746826,75.52850341796875,86.82957458496094,146.87960815429688,157.2962646484375
38SMB_01431_r8160_c720,6,0.18464615941047668,274.4266357421875,20.336074829101562,320.0,118.81980895996094
38SMB_01431_r8160_c720,7,0.1679394394159317,223.69366455078125,100.38372802734375,311.927001953125,176.2415771484375
38SMB_01431_r8160_c720,8,0.1590576320886612,226.56463623046875,116.38298797607422,295.42877197265625,166.55206298828125
38SMB_01431_r8160_c720,9,0.14740242063999176,226.55270385742188,121.47502136230469,275.0189208984375,164.0829620361328
38SMB_01431_r8160_c720,10,0.13282236456871033,227.54049682617188,123.6097640991211,262.9290771484375,156.30325317382812
38SMB_01431_r8160_c720,11,0.11620903760194778,23.91845703125,1.6742935180664062,148.6444854736328,112.44671630859375
38SMB_01431_r8160_c720,12,0.10399318486452103,245.03541564941406,106.18922424316406,307.0498046875,171.5540008544922
38SMB_01432_r8160_c960,0,0.6836402416229248,169.94412231445312,252.45187377929688,234.06976318359375,317.4779357910156
38SMB_01432_r8160_c960,1,0.6151490807533264,249.06640625,250.54205322265625,319.8843994140625,320.0
38SMB_01432_r8160_c960,2,0.47293877601623535,78.63188171386719,216.19174194335938,122.89224243164062,259.7898254394531
38SMB_01432_r8160_c960,3,0.43295568227767944,244.30389404296875,135.13998413085938,318.00335693359375,206.24948120117188
38SMB_01432_r8160_c960,4,0.420236736536026,113.0389404296875,127.18424987792969,191.55364990234375,195.8381805419922
38SMB_01432_r8160_c960,5,0.4186781048774719,299.08502197265625,199.06887817382812,320.0,250.95492553710938
38SMB_01432_r8160_c960,6,0.3432967960834503,0.33788299560546875,1.3999862670898438,54.41239929199219,59.100128173828125
38SMB_01432_r8160_c960,7,0.3330896496772766,282.949951171875,76.53475952148438,320.0,167.5109405517578
38SMB_01432_r8160_c960,8,0.32766789197921753,106.0285873413086,267.5122985839844,159.91336059570312,318.4653015136719
38SMB_01432_r8160_c960,9,0.22581349313259125,61.95310974121094,300.205078125,129.62496948242188,319.99945068359375
38SMB_01432_r8160_c960,10,0.1274876892566681,63.64154815673828,306.0489501953125,124.87947845458984,320.0
38SMB_01432_r8160_c960,11,0.10514362156391144,0.0,121.27940368652344,21.3538818359375,159.34825134277344
38SMB_01432_r8160_c960,12,0.10165300965309143,291.700927734375,85.13699340820312,319.9998779296875,166.33047485351562
38SMB_01433_r8160_c1200,0,0.5713286995887756,42.82295227050781,77.74197387695312,122.57597351074219,168.97869873046875
38SMB_01433_r8160_c1200,1,0.49400192499160767,266.70928955078125,222.50042724609375,306.93170166015625,264.6822509765625
38SMB_01433_r8160_c1200,2,0.4343036115169525,8.810615539550781,138.09295654296875,81.6382064819336,205.54107666015625
38SMB_01433_r8160_c1200,3,0.3100595474243164,10.2039794921875,249.503173828125,119.03274536132812,320.0
38SMB_01433_r8160_c1200,4,0.2585500478744507,167.21188354492188,4.5583038330078125,268.98773193359375,101.24296569824219
38SMB_01433_r8160_c1200,5,0.19672353565692902,0.097412109375,138.1390380859375,18.237701416015625,185.55010986328125
38SMB_01433_r8160_c1200,6,0.10446809232234955,279.555908203125,105.77124786376953,320.0,170.5238037109375
38SMB_01434_r8160_c1440,0,0.5278216600418091,26.381132125854492,222.23541259765625,66.9649658203125,264.66632080078125
38SMB_01434_r8160_c1440,1,0.31612202525138855,179.30838012695312,151.30398559570312,283.5584411621094,257.1697998046875
38SMB_01434_r8160_c1440,2,0.13253457844257355,0.02756500244140625,220.92242431640625,68.6766357421875,320.0
38SMB_01434_r8160_c1440,3,0.10292092710733414,141.6689910888672,300.54595947265625,188.01271057128906,319.95770263671875
38SMB_01435_r8160_c1680,0,0.688075840473175,176.56753540039062,0.0,236.29202270507812,39.11116409301758
38SMB_01435_r8160_c1680,1,0.265760600566864,133.88674926757812,8.44948959350586,176.65695190429688,51.574249267578125
38SMB_01435_r8160_c1680,2,0.19983328878879547,0.02886199951171875,152.80233764648438,41.13917922973633,234.82528686523438
38SMB_01435_r8160_c1680,3,0.11141999065876007,287.3839111328125,26.28744888305664,319.92437744140625,109.75009155273438
38SMB_01436_r8160_c1920,0,0.2929927110671997,131.28363037109375,233.5716552734375,180.06570434570312,282.8673095703125
38SMB_01436_r8160_c1920,1,0.19330571591854095,54.45004653930664,206.73324584960938,167.04833984375,319.8405456542969
38SMB_01436_r8160_c1920,2,0.1576632708311081,247.73146057128906,16.334884643554688,319.5850830078125,143.33380126953125
38SMB_01436_r8160_c1920,3,0.1405038982629776,173.73214721679688,286.7745361328125,229.78536987304688,320.0
38SMB_01437_r8160_c2160,0,0.19700205326080322,110.6419677734375,76.87384796142578,263.1292724609375,228.76800537109375
38SMB_01437_r8160_c2160,1,0.11538314819335938,0.0,12.5560302734375,27.738296508789062,63.08453369140625
38SMB_01437_r8160_c2160,2,0.10213501006364822,132.41488647460938,78.06245422363281,255.07342529296875,207.26438903808594
38SMB_01439_r8160_c2640,0,0.6802940368652344,193.09500122070312,128.94422912597656,253.42373657226562,190.7145233154297
38SMB_01440_r8160_c2880,0,0.5085415840148926,202.93795776367188,106.39143371582031,255.28634643554688,160.3887481689453
38SMB_01440_r8160_c2880,1,0.18662938475608826,237.93751525878906,60.958282470703125,312.4879150390625,142.90164184570312
38SMB_01440_r8160_c2880,2,0.1338794231414795,0.0,133.037353515625,10.848048210144043,173.2789306640625
38SMB_01440_r8160_c2880,3,0.11768828332424164,137.70440673828125,205.15725708007812,183.45779418945312,260.61322021484375
38SMB_01440_r8160_c2880,4,0.11477296054363251,0.033779144287109375,112.7892074584961,14.135284423828125,183.77316284179688
38SMB_01440_r8160_c2880,5,0.10274837911128998,0.1502532958984375,0.0,80.12284088134766,137.16238403320312
38SMB_01440_r8160_c2880,6,0.1008906438946724,273.9969482421875,155.56842041015625,320.0,209.50018310546875
38SMB_01441_r8160_c3120,0,0.5701022744178772,237.2174072265625,0.0,319.08984375,49.38003158569336
38SMB_01441_r8160_c3120,1,0.3310178220272064,169.42453002929688,0.0,227.75491333007812,35.20716857910156
38SMB_01441_r8160_c3120,2,0.2457248568534851,102.3918685913086,255.55853271484375,163.44149780273438,318.60260009765625
38SMB_01441_r8160_c3120,3,0.23540814220905304,69.50959777832031,184.36239624023438,171.63844299316406,272.5688171386719
38SMB_01441_r8160_c3120,4,0.1770326942205429,0.7893524169921875,61.548404693603516,71.7952880859375,143.35064697265625
38SMB_01442_r8160_c3360,0,0.6117177605628967,0.0,0.0,81.502197265625,50.79655456542969
38SMB_01442_r8160_c3360,1,0.24322035908699036,254.96121215820312,0.15351104736328125,320.0,62.998199462890625
38SMB_01442_r8160_c3360,2,0.20809592306613922,197.75775146484375,104.5869369506836,277.7887878417969,175.47482299804688
38SMB_01442_r8160_c3360,3,0.11845249682664871,211.24746704101562,208.66680908203125,273.6105041503906,284.47344970703125
38SMB_01443_r8160_c3600,0,0.8089672923088074,200.47503662109375,124.87045288085938,259.6363525390625,187.30194091796875
38SMB_01443_r8160_c3600,1,0.4061342179775238,269.77545166015625,0.02390289306640625,320.0,35.26139831542969
38SMB_01443_r8160_c3600,2,0.39314699172973633,139.7679443359375,0.0,228.83993530273438,54.46121597290039
38SMB_01443_r8160_c3600,3,0.27030131220817566,0.019771575927734375,109.17364501953125,40.43698501586914,181.33795166015625
38SMB_01443_r8160_c3600,4,0.21962538361549377,14.975418090820312,0.15005111694335938,81.96435546875,62.967559814453125
38SMB_01443_r8160_c3600,5,0.20626699924468994,268.6129455566406,114.21255493164062,317.6782531738281,164.70101928710938
38SMB_01444_r8160_c3840,0,0.5284716486930847,28.116924285888672,0.030792236328125,104.52813720703125,40.126220703125
38SMB_01444_r8160_c3840,1,0.21873536705970764,28.618497848510742,113.98104858398438,79.75901794433594,165.456787109375
38SMB_01444_r8160_c3840,2,0.1498951017856598,275.81524658203125,267.50164794921875,320.0,320.0
38SMB_01444_r8160_c3840,3,0.11736451089382172,0.016815185546875,118.04590606689453,18.488319396972656,186.93621826171875
38SMB_01445_r8160_c4080,0,0.2867167890071869,96.56900024414062,237.73410034179688,145.95458984375,288.5097961425781
38SMB_01446_r8160_c4320,0,0.5775545835494995,257.72601318359375,288.831298828125,303.65582275390625,319.9371337890625
38SMB_01446_r8160_c4320,1,0.44944217801094055,178.9085693359375,169.5125274658203,220.66305541992188,211.1172332763672
38SMB_01446_r8160_c4320,2,0.4128701388835907,191.76885986328125,25.223495483398438,251.39520263671875,85.40603637695312
38SMB_01446_r8160_c4320,3,0.33935782313346863,240.3087158203125,159.47682189941406,276.96136474609375,196.6161651611328
38SMB_01446_r8160_c4320,4,0.24060769379138947,298.39764404296875,294.1544189453125,319.976318359375,319.89105224609375
38SMB_01446_r8160_c4320,5,0.21713806688785553,246.72703552246094,0.0837249755859375,305.027099609375,34.249366760253906
38SMB_01446_r8160_c4320,6,0.15310199558734894,83.86271667480469,119.19122314453125,159.04588317871094,195.37109375
38SMB_01446_r8160_c4320,7,0.13210420310497284,239.00930786132812,196.149658203125,319.8386535644531,285.45208740234375
38SMB_01447_r8160_c4560,0,0.8489533066749573,215.46392822265625,26.864545822143555,268.0538330078125,81.16569519042969
38SMB_01447_r8160_c4560,1,0.6845544576644897,59.9064826965332,287.3465576171875,127.75489807128906,319.881103515625
38SMB_01447_r8160_c4560,2,0.5699992179870605,18.778013229370117,288.9517822265625,63.404632568359375,319.989013671875
38SMB_01447_r8160_c4560,3,0.45704346895217896,243.34033203125,0.0,320.0,86.70741271972656
38SMB_01447_r8160_c4560,4,0.4397338330745697,239.79026794433594,85.23522186279297,320.0,189.94793701171875
38SMB_01447_r8160_c4560,5,0.40128621459007263,169.7916259765625,302.2879638671875,228.32159423828125,319.9500732421875
38SMB_01447_r8160_c4560,6,0.3191632330417633,176.06088256835938,306.30377197265625,223.99740600585938,319.95782470703125
38SMB_01447_r8160_c4560,7,0.31904658675193787,0.5728797912597656,159.76239013671875,36.6592903137207,196.28756713867188
38SMB_01447_r8160_c4560,8,0.30343058705329895,168.61422729492188,225.6734619140625,239.48867797851562,300.9918212890625
38SMB_01447_r8160_c4560,9,0.22894147038459778,5.158470153808594,0.0,64.76193237304688,34.329586029052734
38SMB_01447_r8160_c4560,10,0.21478372812271118,180.69046020507812,228.21170043945312,241.04641723632812,275.2072448730469
38SMB_01447_r8160_c4560,11,0.19948939979076385,170.94540405273438,236.52110290527344,229.21612548828125,299.7200927734375
38SMB_01447_r8160_c4560,12,0.15679365396499634,0.0,25.962005615234375,9.56814956665039,68.80328369140625
38SMB_01447_r8160_c4560,13,0.1360177993774414,168.68833923339844,296.39971923828125,232.9997100830078,320.0
38SMB_01447_r8160_c4560,14,0.10528318583965302,271.41168212890625,305.4827880859375,301.56329345703125,320.0
38SMB_01447_r8160_c4560,15,0.1035558208823204,134.08837890625,37.60045623779297,171.07012939453125,73.28759765625
38SMB_01448_r8160_c4800,0,0.481845498085022,2.0993576049804688,87.13423919677734,97.56301879882812,188.46817016601562
38SMB_01448_r8160_c4800,1,0.44670504331588745,101.31419372558594,87.60383605957031,144.60972595214844,129.93394470214844
38SMB_01448_r8160_c4800,2,0.35798904299736023,0.0,21.770170211791992,26.675569534301758,81.07608032226562
38SMB_01448_r8160_c4800,3,0.16795043647289276,0.0,0.0,29.131450653076172,82.74063110351562
38SMB_01448_r8160_c4800,4,0.15415920317173004,0.88360595703125,187.44796752929688,82.84587097167969,297.421142578125
38SMB_01448_r8160_c4800,5,0.135025754570961,9.830825805664062,0.0,138.63046264648438,96.84156799316406
38SMB_01448_r8160_c4800,6,0.1307239681482315,130.46343994140625,168.00070190429688,187.94378662109375,229.54623413085938
38SMB_01448_r8160_c4800,7,0.12213851511478424,31.418073654174805,305.2362976074219,61.91133117675781,320.0
38SMB_01449_r8160_c5040,0,0.1883155256509781,208.97824096679688,106.81743621826172,293.87725830078125,201.2479248046875
38SMB_01450_r8160_c5280,0,0.3707468509674072,84.78702545166016,86.85838317871094,173.80569458007812,184.69752502441406
38SMB_01450_r8160_c5280,1,0.30273115634918213,85.43698120117188,166.46539306640625,167.91064453125,249.837646484375
38SMB_01450_r8160_c5280,2,0.21728326380252838,274.7880859375,271.1311340332031,314.5194091796875,309.1993103027344
38SMB_01450_r8160_c5280,3,0.2046610414981842,60.50920104980469,220.35546875,110.81283569335938,271.62469482421875
38SMB_01451_r8160_c5520,0,0.2160738855600357,34.96440124511719,271.35369873046875,73.87889862060547,308.96435546875
38SMB_01453_r8160_c6000,0,0.5085482597351074,80.96925354003906,0.008981704711914062,127.55366516113281,27.40145492553711
38SMB_01454_r8160_c6240,0,0.33296626806259155,152.0875701904297,205.3858642578125,193.87608337402344,246.17584228515625
38SMB_01454_r8160_c6240,1,0.2233854979276657,174.01060485839844,129.1641845703125,216.52256774902344,171.33099365234375
38SMB_01454_r8160_c6240,2,0.16925516724586487,308.27264404296875,138.19435119628906,320.0,172.51536560058594
38SMB_01454_r8160_c6240,3,0.12953004240989685,210.9410400390625,176.50497436523438,270.6451416015625,234.08297729492188
38SMB_01455_r8160_c6480,0,0.701633632183075,71.10676574707031,25.143089294433594,130.94564819335938,81.7271728515625
38SMB_01455_r8160_c6480,1,0.5628580451011658,65.12654113769531,132.9429931640625,106.48262023925781,174.46353149414062
38SMB_01455_r8160_c6480,2,0.4719259738922119,128.6466064453125,186.18304443359375,169.843505859375,226.71624755859375
38SMB_01455_r8160_c6480,3,0.12989608943462372,132.3675994873047,31.99103546142578,173.9870147705078,73.44955444335938
38SMB_01456_r8160_c6720,0,0.734626293182373,82.75750732421875,226.0816650390625,157.13775634765625,297.45587158203125
38SMB_01456_r8160_c6720,1,0.7003933191299438,180.19015502929688,68.19474792480469,246.01284790039062,137.83460998535156
38SMB_01456_r8160_c6720,2,0.49386510252952576,180.51405334472656,236.5035400390625,223.1804656982422,279.8089599609375
38SMB_01456_r8160_c6720,3,0.4707320034503937,234.70675659179688,0.1351776123046875,319.3441467285156,53.603599548339844
38SMB_01456_r8160_c6720,4,0.2974735200405121,226.20858764648438,28.068574905395508,267.65087890625,70.09657287597656
38SMB_01457_r8160_c6960,0,0.456932932138443,0.0,0.12244033813476562,79.00949096679688,53.222476959228516
38SMB_01457_r8160_c6960,1,0.3836541175842285,0.0,31.3792781829834,28.259550094604492,70.56031036376953
38SMB_01457_r8160_c6960,2,0.3188295066356659,235.54617309570312,112.92430114746094,315.3883972167969,186.0636444091797
38SMB_01457_r8160_c6960,3,0.27356964349746704,168.79595947265625,154.13986206054688,221.41290283203125,209.83267211914062
38SMB_01458_r8160_c7200,0,0.8354461789131165,79.31939697265625,86.77175903320312,128.2268829345703,134.7738037109375
38SMB_01458_r8160_c7200,1,0.37663644552230835,133.810546875,267.60565185546875,179.25299072265625,312.52239990234375
38SMB_01458_r8160_c7200,2,0.36684396862983704,249.43478393554688,217.29159545898438,294.8526916503906,263.337646484375
38SMB_01458_r8160_c7200,3,0.31383755803108215,210.72274780273438,181.87709045410156,256.5819091796875,226.94093322753906
38SMB_01458_r8160_c7200,4,0.26302260160446167,1.3649520874023438,116.24844360351562,73.64915466308594,181.1278076171875
38SMB_01458_r8160_c7200,5,0.12025219202041626,210.93063354492188,237.5137939453125,258.6061096191406,284.390869140625
38SMB_01459_r8160_c7440,0,0.34627094864845276,10.0394287109375,217.69998168945312,54.14738464355469,262.4571838378906
38SMB_01459_r8160_c7440,1,0.31729504466056824,101.71266174316406,216.04226684570312,158.5664520263672,266.20263671875
38SMB_01459_r8160_c7440,2,0.10065705329179764,0.04091644287109375,178.6307373046875,13.224055290222168,229.46688842773438
38SMB_01460_r8160_c7680,0,0.4829556345939636,248.91563415527344,120.3161849975586,289.199951171875,161.56961059570312
38SMB_01460_r8160_c7680,1,0.45871853828430176,163.84176635742188,90.04203796386719,219.81045532226562,148.55491638183594
38SMB_01460_r8160_c7680,2,0.1641104519367218,198.3367919921875,33.09617614746094,255.48101806640625,91.17831420898438
38SMB_01460_r8160_c7680,3,0.15127693116664886,84.1160888671875,286.552978515625,145.05902099609375,319.9627685546875
38SMB_01461_r8160_c7920,0,0.6347257494926453,151.47857666015625,4.945549011230469,202.43994140625,55.488887786865234
38SMB_01461_r8160_c7920,1,0.5077751278877258,6.672050476074219,119.46389770507812,50.243621826171875,162.08547973632812
38SMB_01461_r8160_c7920,2,0.2701561152935028,109.28662109375,0.0,176.5906982421875,26.896949768066406
38SMB_01461_r8160_c7920,3,0.17084559798240662,118.3900146484375,0.008794784545898438,172.9840087890625,22.955860137939453
38SMB_01461_r8160_c7920,4,0.1607673466205597,300.3570556640625,126.40119171142578,319.9517822265625,186.0634765625
38SMB_01461_r8160_c7920,5,0.10122814774513245,100.11419677734375,0.070556640625,188.55282592773438,32.33446502685547
38SMB_01462_r8160_c8160,0,0.329765647649765,172.13438415527344,70.45220947265625,248.9025115966797,150.37921142578125
38SMB_01462_r8160_c8160,1,0.3276103138923645,268.91070556640625,283.6120910644531,320.0,320.0
38SMB_01462_r8160_c8160,2,0.21623708307743073,63.007232666015625,130.88307189941406,120.13282775878906,182.47242736816406
38SMB_01462_r8160_c8160,3,0.18373875319957733,145.81674194335938,7.580497741699219,210.79998779296875,81.4460220336914
38SMB_01462_r8160_c8160,4,0.14751505851745605,140.19247436523438,4.956947326660156,222.65176391601562,89.5838394165039
38SMB_01462_r8160_c8160,5,0.10925333946943283,163.02737426757812,55.02854919433594,254.40316772460938,149.68008422851562
38SMB_01463_r8160_c8400,0,0.33281633257865906,29.288597106933594,287.91943359375,104.19759368896484,320.0
38SMB_01466_r8160_c9120,0,0.48727574944496155,220.84207153320312,0.0,302.3082580566406,79.17695617675781
38SMB_01466_r8160_c9120,1,0.1367766410112381,228.76417541503906,2.8990249633789062,296.4368896484375,70.1769790649414
38SMB_01466_r8160_c9120,2,0.1047850176692009,214.6527862548828,0.0,314.36175537109375,93.42980194091797
38SMB_01467_r8160_c9360,0,0.46510985493659973,0.11520767211914062,0.0,61.94834518432617,79.14324951171875
38SMB_01468_r8160_c9600,0,0.4897761046886444,106.88703918457031,76.06538391113281,141.04281616210938,109.95628356933594
38SMB_01468_r8160_c9600,1,0.14275690913200378,161.61810302734375,153.43954467773438,208.05908203125,202.53713989257812
38SMB_01469_r8160_c9680,0,0.490033894777298,26.842771530151367,76.01985168457031,61.11824035644531,110.01692199707031
38SMB_01469_r8160_c9680,1,0.14284726977348328,81.54289245605469,153.3842315673828,128.14663696289062,202.5890655517578
38SMB_01470_r8400_c0,0,0.12135209143161774,190.61016845703125,127.69113159179688,272.37286376953125,212.06109619140625
38SMB_01471_r8400_c240,0,0.304633766412735,180.62167358398438,230.23480224609375,233.97402954101562,283.10394287109375
38SMB_01471_r8400_c240,1,0.21027764678001404,104.66246795654297,83.33657836914062,192.07061767578125,163.76309204101562
38SMB_01471_r8400_c240,2,0.12404456734657288,177.69708251953125,77.67361450195312,257.7138671875,153.2733154296875
38SMB_01472_r8400_c480,0,0.7549769282341003,282.3653564453125,37.96208953857422,320.0,85.8114242553711
38SMB_01472_r8400_c480,1,0.545105516910553,250.3466796875,83.89810180664062,298.69390869140625,132.51158142089844
38SMB_01472_r8400_c480,2,0.2591739892959595,305.0840759277344,75.326416015625,319.9578552246094,111.8651123046875
38SMB_01472_r8400_c480,3,0.16645006835460663,276.23663330078125,0.18476486206054688,320.0,49.72336959838867
38SMB_01472_r8400_c480,4,0.10616546124219894,236.8719940185547,0.005054473876953125,296.06463623046875,20.687034606933594
38SMB_01473_r8400_c720,0,0.8135817646980286,42.4859733581543,37.34846496582031,88.97746276855469,85.56904602050781
38SMB_01473_r8400_c720,1,0.779679536819458,120.08922576904297,139.97689819335938,197.49658203125,208.50546264648438
38SMB_01473_r8400_c720,2,0.6273993849754333,81.40628051757812,167.87521362304688,166.24346923828125,246.74844360351562
38SMB_01473_r8400_c720,3,0.5976026654243469,65.43312072753906,62.586238861083984,118.1634521484375,114.83673095703125
38SMB_01473_r8400_c720,4,0.5490443110466003,10.025457382202148,83.69429016113281,58.93363952636719,132.7135467529297
38SMB_01473_r8400_c720,5,0.39809754490852356,36.185550689697266,0.46704864501953125,91.98712158203125,51.38715362548828
38SMB_01473_r8400_c720,6,0.1377924084663391,78.1538314819336,148.46597290039062,184.65017700195312,247.75186157226562
38SMB_01473_r8400_c720,7,0.12077218294143677,0.0,0.03425025939941406,57.167808532714844,22.089324951171875
38SMB_01473_r8400_c720,8,0.10828039795160294,69.9420394897461,136.38616943359375,199.23580932617188,256.6018371582031
38SMB_01473_r8400_c720,9,0.10346873849630356,0.0,253.44131469726562,25.95855712890625,314.0956726074219
38SMB_01474_r8400_c960,0,0.6837157011032104,169.5863037109375,12.472465515136719,234.01214599609375,79.42579650878906
38SMB_01474_r8400_c960,1,0.5992878675460815,246.836669921875,8.376693725585938,320.0,110.39022827148438
38SMB_01474_r8400_c960,2,0.4009082019329071,202.5245819091797,62.8503532409668,312.00408935546875,168.02626037597656
38SMB_01474_r8400_c960,3,0.3028481602668762,106.36566162109375,27.680938720703125,159.75421142578125,80.1785888671875
38SMB_01474_r8400_c960,4,0.2854355573654175,81.88015747070312,0.09679985046386719,122.46681213378906,18.45529556274414
38SMB_01474_r8400_c960,5,0.2556568682193756,141.00628662109375,56.45399475097656,209.005615234375,121.53050231933594
38SMB_01474_r8400_c960,6,0.1126817986369133,1.579864501953125,247.099365234375,70.39788818359375,315.2939453125
38SMB_01475_r8400_c1200,0,0.46357816457748413,12.431907653808594,7.7346038818359375,113.1673355102539,102.93955993652344
38SMB_01475_r8400_c1200,1,0.36910343170166016,296.2203369140625,96.25779724121094,319.9842529296875,146.64151000976562
38SMB_01475_r8400_c1200,2,0.353671669960022,264.7796936035156,0.11470985412597656,307.9850769042969,24.644683837890625
38SMB_01475_r8400_c1200,3,0.32631659507751465,209.94622802734375,77.07252502441406,293.99383544921875,147.87982177734375
38SMB_01475_r8400_c1200,4,0.10794647783041,0.0,66.3052978515625,71.64213562011719,164.40283203125
38SMB_01476_r8400_c1440,0,0.566450834274292,54.19361877441406,93.88093566894531,105.42823791503906,147.94207763671875
38SMB_01476_r8400_c1440,1,0.3770766258239746,25.909027099609375,0.13263702392578125,67.4525146484375,24.314990997314453
38SMB_01476_r8400_c1440,2,0.1436947137117386,0.018207550048828125,77.78631591796875,52.44404983520508,146.08200073242188
38SMB_01476_r8400_c1440,3,0.10761173069477081,279.62481689453125,263.6600341796875,320.0,319.272705078125
38SMB_01478_r8400_c1920,0,0.4037075638771057,132.44552612304688,0.0,178.24069213867188,40.21222686767578
38SMB_01478_r8400_c1920,1,0.2179350107908249,162.58004760742188,49.04075622558594,231.87356567382812,129.31637573242188
38SMB_01478_r8400_c1920,2,0.20649810135364532,120.48009490966797,273.9739990234375,186.5980224609375,319.97149658203125
38SMB_01479_r8400_c2160,0,0.13166461884975433,75.09831237792969,0.0,172.5370635986328,85.94685363769531
38SMB_01480_r8400_c2400,0,0.20962116122245789,187.8240966796875,182.06564331054688,319.6337585449219,319.6009826660156
38SMB_01480_r8400_c2400,1,0.17280371487140656,188.31158447265625,287.3337097167969,255.09539794921875,320.0
38SMB_01480_r8400_c2400,2,0.13823413848876953,306.80181884765625,176.16348266601562,320.0,218.97048950195312
38SMB_01480_r8400_c2400,3,0.11521987617015839,170.29190063476562,174.8544921875,320.0,320.0
38SMB_01480_r8400_c2400,4,0.11437065154314041,213.05264282226562,85.43977355957031,292.0955810546875,166.86077880859375
38SMB_01481_r8400_c2640,0,0.7466511726379395,65.5203857421875,169.39129638671875,141.1226043701172,241.59439086914062
38SMB_01481_r8400_c2640,1,0.22395291924476624,0.0,184.19497680664062,86.39786529541016,317.1021728515625
38SMB_01481_r8400_c2640,2,0.13995414972305298,99.27908325195312,77.69363403320312,248.16226196289062,208.114013671875
38SMB_01481_r8400_c2640,3,0.137571319937706,152.0567626953125,0.0,203.23480224609375,17.94524383544922
38SMB_01482_r8400_c2880,0,0.8265669345855713,139.38455200195312,195.9669189453125,209.57656860351562,263.90435791015625
38SMB_01482_r8400_c2880,1,0.5953314900398254,204.3533935546875,279.44769287109375,243.60174560546875,319.52178955078125
38SMB_01482_r8400_c2880,2,0.5828372836112976,188.10870361328125,241.11293029785156,240.5811767578125,292.63134765625
38SMB_01483_r8400_c3120,0,0.7893428206443787,187.86729431152344,105.63629150390625,235.68345642089844,155.43618774414062
38SMB_01483_r8400_c3120,1,0.7622063159942627,236.90528869628906,126.6676025390625,318.1090087890625,211.67477416992188
38SMB_01483_r8400_c3120,2,0.6175583600997925,139.74484252929688,60.0526237487793,212.13192749023438,128.15431213378906
38SMB_01483_r8400_c3120,3,0.5828161239624023,118.48934173583984,277.8441162109375,178.68930053710938,319.91656494140625
38SMB_01483_r8400_c3120,4,0.5293968319892883,71.77255249023438,124.21015167236328,133.96853637695312,186.1900634765625
38SMB_01483_r8400_c3120,5,0.2919429540634155,102.76790618896484,15.548309326171875,163.26303100585938,79.43377685546875
38SMB_01483_r8400_c3120,6,0.2537650763988495,162.43780517578125,140.10678100585938,205.10052490234375,184.58847045898438
38SMB_01483_r8400_c3120,7,0.2124510109424591,71.94398498535156,0.0,147.00144958496094,31.083749771118164
38SMB_01483_r8400_c3120,8,0.19553887844085693,171.26458740234375,308.22576904296875,203.74188232421875,319.95880126953125
38SMB_01483_r8400_c3120,9,0.16472549736499786,51.41622543334961,174.7882080078125,151.20620727539062,274.24334716796875
38SMB_01483_r8400_c3120,10,0.15040378272533417,170.29013061523438,305.45489501953125,208.38589477539062,319.85675048828125
38SMB_01484_r8400_c3360,0,0.8301953673362732,139.9010009765625,102.44699096679688,193.43902587890625,160.13937377929688
38SMB_01484_r8400_c3360,1,0.8071725964546204,5.361885070800781,133.1287841796875,70.0828857421875,209.0718994140625
38SMB_01484_r8400_c3360,2,0.4515452980995178,217.55398559570312,0.0,267.7862243652344,45.598873138427734
38SMB_01484_r8400_c3360,3,0.1183444932103157,220.64634704589844,48.69880676269531,300.1591796875,111.51034545898438
38SMB_01485_r8400_c3600,0,0.3204440474510193,249.3721923828125,253.82411193847656,320.0,319.9752197265625
38SMB_01485_r8400_c3600,1,0.2997905910015106,0.0,0.0,28.188091278076172,46.5736198425293
38SMB_01486_r8400_c3840,0,0.4068380296230316,14.040603637695312,269.57037353515625,93.58161926269531,320.0
38SMB_01486_r8400_c3840,1,0.2901894748210907,288.38275146484375,85.31614685058594,320.0,143.94943237304688
38SMB_01486_r8400_c3840,2,0.19256113469600677,290.7911376953125,245.23077392578125,319.774658203125,289.53924560546875
38SMB_01486_r8400_c3840,3,0.12931272387504578,279.7353515625,34.545494079589844,320.0,84.29683685302734
38SMB_01487_r8400_c4080,0,0.37229713797569275,160.00607299804688,142.94757080078125,272.74334716796875,243.63812255859375
38SMB_01487_r8400_c4080,1,0.3685579299926758,225.9985809326172,67.18486022949219,318.97015380859375,160.64834594726562
38SMB_01487_r8400_c4080,2,0.3401790261268616,96.57771301269531,0.10504531860351562,145.63861083984375,48.81373596191406
38SMB_01487_r8400_c4080,3,0.3390878438949585,45.327545166015625,88.50271606445312,102.224853515625,145.98529052734375
38SMB_01487_r8400_c4080,4,0.3129175007343292,47.314754486083984,244.29415893554688,98.21224975585938,293.9179382324219
38SMB_01487_r8400_c4080,5,0.2369350641965866,157.9956817626953,231.36251831054688,228.91978454589844,292.9249572753906
38SMB_01487_r8400_c4080,6,0.21195130050182343,119.54420471191406,109.01892852783203,182.7115936279297,174.84442138671875
38SMB_01487_r8400_c4080,7,0.15796665847301483,7.3973388671875,257.394775390625,136.95864868164062,320.0
38SMB_01487_r8400_c4080,8,0.10096939653158188,11.743781089782715,223.18881225585938,39.63871765136719,249.3179931640625
38SMB_01488_r8400_c4320,0,0.7426360845565796,257.14434814453125,48.4011344909668,308.06719970703125,102.18266296386719
38SMB_01488_r8400_c4320,1,0.5637962818145752,167.703369140625,109.82478332519531,236.00704956054688,178.6756134033203
38SMB_01488_r8400_c4320,2,0.49814558029174805,185.01263427734375,264.6768493652344,247.60638427734375,319.2151794433594
38SMB_01488_r8400_c4320,3,0.3933463394641876,0.0130767822265625,69.97242736816406,71.36180114746094,158.36875915527344
38SMB_01488_r8400_c4320,4,0.35334083437919617,300.058837890625,53.21193313598633,319.986328125,98.49058532714844
38SMB_01488_r8400_c4320,5,0.2234058380126953,275.58624267578125,0.034515380859375,319.97613525390625,41.64305114746094
38SMB_01488_r8400_c4320,6,0.20899996161460876,203.8579864501953,237.50135803222656,320.0,319.2950439453125
38SMB_01489_r8400_c4560,0,0.9055310487747192,170.84735107421875,64.59019470214844,225.762451171875,116.43875122070312
38SMB_01489_r8400_c4560,1,0.8884826302528381,62.32640838623047,49.07644271850586,117.78498077392578,100.99581909179688
38SMB_01489_r8400_c4560,2,0.7133610248565674,20.15911865234375,50.8060188293457,65.46603393554688,100.65791320800781
38SMB_01489_r8400_c4560,3,0.32328107953071594,172.8558349609375,0.3947792053222656,240.06951904296875,60.0373649597168
38SMB_01489_r8400_c4560,4,0.2205435335636139,37.354026794433594,0.06313323974609375,85.65106964111328,40.67666244506836
38SMB_01489_r8400_c4560,5,0.1599469631910324,0.0,97.88287353515625,47.939937591552734,180.500732421875
38SMB_01489_r8400_c4560,6,0.12839466333389282,284.99859619140625,172.3369140625,319.94110107421875,242.774658203125
38SMB_01489_r8400_c4560,7,0.10990910232067108,0.05289459228515625,238.065185546875,81.94804382324219,319.65484619140625
38SMB_01489_r8400_c4560,8,0.10085898637771606,203.02764892578125,1.4735679626464844,236.67877197265625,25.953859329223633
38SMB_01490_r8400_c4800,0,0.3864685297012329,0.056797027587890625,205.33474731445312,41.93218231201172,282.7357177734375
38SMB_01491_r8400_c5040,0,0.3181021213531494,0.0,102.21965026855469,29.185466766357422,163.9264678955078
38SMB_01491_r8400_c5040,1,0.19003506004810333,228.90045166015625,152.40158081054688,319.2091064453125,270.8804931640625
38SMB_01491_r8400_c5040,2,0.1329464316368103,194.63641357421875,116.37776184082031,239.97711181640625,163.1942901611328
38SMB_01492_r8400_c5280,0,0.4336680769920349,59.4327278137207,0.091949462890625,113.20448303222656,32.23121643066406
38SMB_01492_r8400_c5280,1,0.22187647223472595,274.8219299316406,31.158775329589844,314.4604187011719,69.02079010009766
38SMB_01492_r8400_c5280,2,0.18205642700195312,262.83001708984375,215.3614501953125,320.0,280.53912353515625
38SMB_01492_r8400_c5280,3,0.14581497013568878,9.884841918945312,132.41445922851562,157.52435302734375,265.9664306640625
38SMB_01492_r8400_c5280,4,0.13386936485767365,222.9056396484375,75.094970703125,248.784912109375,100.41647338867188
38SMB_01493_r8400_c5520,0,0.2177545726299286,34.98322296142578,31.363908767700195,73.95085144042969,68.872802734375
38SMB_01493_r8400_c5520,1,0.17712712287902832,21.448989868164062,214.68533325195312,91.88380432128906,280.0660705566406
38SMB_01493_r8400_c5520,2,0.12306148558855057,0.0,67.34532165527344,9.759523391723633,108.44012451171875
38SMB_01493_r8400_c5520,3,0.1224716454744339,0.0,72.90806579589844,8.308143615722656,102.79673767089844
38SMB_01494_r8400_c5760,0,0.3636133372783661,125.46563720703125,193.55929565429688,175.014892578125,241.94204711914062
38SMB_01494_r8400_c5760,1,0.18868431448936462,92.47390747070312,143.37255859375,180.8345947265625,220.1175537109375
38SMB_01498_r8400_c6720,0,0.5753645896911621,83.19549560546875,0.0,156.6265411376953,56.765079498291016
38SMB_01498_r8400_c6720,1,0.5260934829711914,181.00048828125,0.0,223.73843383789062,39.97431182861328
38SMB_01498_r8400_c6720,2,0.32145562767982483,107.58367919921875,109.90908813476562,158.95904541015625,162.83163452148438
38SMB_01499_r8400_c6960,0,0.5739337801933289,192.0616455078125,84.01644897460938,257.531494140625,152.27308654785156
38SMB_01499_r8400_c6960,1,0.23569782078266144,94.90689086914062,73.07003784179688,160.89498901367188,124.13595581054688
38SMB_01499_r8400_c6960,2,0.15747103095054626,244.32046508789062,0.5310745239257812,319.0614318847656,96.52845001220703
38SMB_01499_r8400_c6960,3,0.12478399276733398,51.02226257324219,277.631103515625,100.04228210449219,320.0
38SMB_01499_r8400_c6960,4,0.11808229982852936,91.875732421875,73.47109985351562,161.16754150390625,152.48658752441406
38SMB_01500_r8400_c7200,0,0.2770135998725891,133.51657104492188,27.355445861816406,179.15707397460938,72.39180755615234
38SMB_01500_r8400_c7200,1,0.228798508644104,120.07781219482422,51.53428649902344,234.7725830078125,158.81820678710938
38SMB_01500_r8400_c7200,2,0.1602472960948944,251.75588989257812,0.0,297.5205383300781,23.025829315185547
38SMB_01500_r8400_c7200,3,0.1448012888431549,211.03219604492188,0.0,257.9260559082031,44.662776947021484
38SMB_01501_r8400_c7440,0,0.6673943996429443,168.92822265625,292.842529296875,216.257568359375,320.0
38SMB_01501_r8400_c7440,1,0.16911260783672333,95.3483657836914,0.0,162.39498901367188,21.15595245361328
38SMB_01501_r8400_c7440,2,0.1376313716173172,13.002578735351562,0.0,57.177818298339844,20.622859954833984
38SMB_01502_r8400_c7680,0,0.7363913655281067,71.22738647460938,141.8415985107422,120.74423217773438,188.8227996826172
38SMB_01502_r8400_c7680,1,0.4424460530281067,81.04490661621094,45.38900375366211,145.64227294921875,113.27560424804688
38SMB_01502_r8400_c7680,2,0.1601008027791977,162.37380981445312,298.3009033203125,218.94342041015625,319.961181640625
38SMB_01503_r8400_c7920,0,0.10529814660549164,197.1322021484375,70.92807006835938,248.76065063476562,123.97006225585938
38SMB_01504_r8400_c8160,0,0.3771725296974182,268.34820556640625,43.278045654296875,319.87677001953125,117.01318359375
38SMB_01504_r8400_c8160,1,0.3155589997768402,122.96511840820312,58.56089782714844,227.884033203125,155.84024047851562
38SMB_01504_r8400_c8160,2,0.13082575798034668,140.35791015625,75.75160217285156,223.88494873046875,150.83493041992188
38SMB_01505_r8400_c8400,0,0.6652686595916748,176.8487548828125,133.48532104492188,237.53765869140625,195.11700439453125
38SMB_01505_r8400_c8400,1,0.32942911982536316,230.23768615722656,158.74118041992188,290.9749755859375,221.1766357421875
38SMB_01505_r8400_c8400,2,0.13365361094474792,101.698974609375,92.22869873046875,164.77059936523438,162.07351684570312
38SMB_01505_r8400_c8400,3,0.131891667842865,25.531082153320312,37.56270980834961,133.98162841796875,134.88748168945312
38SMB_01506_r8400_c8640,0,0.38915199041366577,0.035427093505859375,159.9483642578125,49.54409408569336,218.858642578125
38SMB_01506_r8400_c8640,1,0.2790572941303253,135.50909423828125,219.87057495117188,195.14825439453125,281.4983215332031
38SMB_01507_r8400_c8880,0,0.7574490308761597,105.76467895507812,90.86546325683594,162.14279174804688,148.87265014648438
38SMB_01511_r8400_c9680,0,0.36678752303123474,237.69781494140625,307.12762451171875,284.36859130859375,319.8203125
38SMB_01511_r8400_c9680,1,0.35099971294403076,234.11416625976562,303.74072265625,291.5563049316406,319.897216796875
38SMB_01511_r8400_c9680,2,0.12660621106624603,231.43128967285156,301.25567626953125,313.45166015625,319.92376708984375
38SMB_01513_r8640_c240,0,0.2284991294145584,178.50674438476562,0.0,237.92355346679688,44.73289108276367
38SMB_01514_r8640_c480,0,0.11559684574604034,55.10908889770508,151.7740478515625,120.44184875488281,209.88848876953125
38SMB_01515_r8640_c720,0,0.22139960527420044,117.52801513671875,70.58599090576172,174.64828491210938,123.88545989990234
38SMB_01515_r8640_c720,1,0.21894486248493195,208.96807861328125,221.0567626953125,279.743896484375,300.560302734375
38SMB_01515_r8640_c720,2,0.16149625182151794,115.49231719970703,116.7732162475586,157.7139892578125,160.43966674804688
38SMB_01515_r8640_c720,3,0.11064497381448746,0.0,13.309104919433594,25.567718505859375,73.5455551147461
38SMB_01515_r8640_c720,4,0.1052740216255188,133.90689086914062,279.0693359375,177.87545776367188,319.94049072265625
38SMB_01516_r8640_c960,0,0.12918870151042938,61.20646667480469,0.18963241577148438,173.23529052734375,50.423828125
38SMB_01518_r8640_c1440,0,0.30994856357574463,189.34494018554688,165.27340698242188,316.2733459472656,294.08819580078125
38SMB_01518_r8640_c1440,1,0.1609310805797577,159.1185302734375,136.30514526367188,320.0,305.9767150878906
38SMB_01518_r8640_c1440,2,0.12497008591890335,95.53651428222656,99.38812255859375,141.9899444580078,144.16851806640625
38SMB_01518_r8640_c1440,3,0.10762631148099899,195.84194946289062,35.88685607910156,312.728271484375,143.6062469482422
38SMB_01519_r8640_c1680,0,0.3246022164821625,0.1257781982421875,167.36367797851562,82.2564697265625,296.5230712890625
38SMB_01519_r8640_c1680,1,0.14742015302181244,208.651611328125,176.95822143554688,283.605712890625,255.21478271484375
38SMB_01520_r8640_c1920,0,0.4566885232925415,117.4981689453125,30.26165771484375,184.4532470703125,97.24982452392578
38SMB_01520_r8640_c1920,1,0.4535350501537323,222.62103271484375,264.5513916015625,304.42626953125,319.689208984375
38SMB_01520_r8640_c1920,2,0.2961637079715729,0.0,176.93307495117188,45.165504455566406,270.6190185546875
38SMB_01521_r8640_c2160,0,0.5027194023132324,0.3839302062988281,265.2784423828125,62.79570388793945,319.92388916015625
38SMB_01521_r8640_c2160,1,0.2252587229013443,216.90478515625,263.97039794921875,320.0,320.0
38SMB_01521_r8640_c2160,2,0.18691779673099518,81.78363037109375,133.74545288085938,208.49325561523438,270.3204040527344
38SMB_01522_r8640_c2400,0,0.6665171384811401,147.15594482421875,86.45394897460938,224.38092041015625,165.47621154785156
38SMB_01522_r8640_c2400,1,0.3649407625198364,192.47274780273438,48.546634674072266,259.392578125,114.95565795898438
38SMB_01522_r8640_c2400,2,0.33399540185928345,233.23934936523438,291.09637451171875,305.6679992675781,319.99468994140625
38SMB_01522_r8640_c2400,3,0.26363152265548706,249.65528869628906,115.6614990234375,320.0,211.610595703125
38SMB_01522_r8640_c2400,4,0.24142013490200043,116.38066101074219,117.023193359375,172.12208557128906,184.88229370117188
38SMB_01522_r8640_c2400,5,0.23537370562553406,273.39971923828125,87.99484252929688,320.0,148.07525634765625
38SMB_01522_r8640_c2400,6,0.17163777351379395,181.25424194335938,166.7564697265625,225.38162231445312,218.28009033203125
38SMB_01522_r8640_c2400,7,0.16374747455120087,206.06898498535156,284.5794677734375,314.345947265625,320.0
38SMB_01522_r8640_c2400,8,0.14126625657081604,240.37582397460938,298.391357421875,303.6939392089844,320.0
38SMB_01522_r8640_c2400,9,0.13987022638320923,94.38865661621094,0.3419647216796875,210.7862091064453,68.85408020019531
38SMB_01522_r8640_c2400,10,0.12268021702766418,212.10342407226562,158.90866088867188,274.69921875,234.06552124023438
38SMB_01522_r8640_c2400,11,0.12185011059045792,77.132568359375,191.02554321289062,214.533203125,319.6863708496094
38SMB_01522_r8640_c2400,12,0.12012477219104767,1.0576705932617188,263.95343017578125,95.48047637939453,320.0
38SMB_01523_r8640_c2640,0,0.6107078194618225,279.79583740234375,92.91239929199219,320.0,150.3578338623047
38SMB_01523_r8640_c2640,1,0.39063915610313416,0.9071235656738281,294.18023681640625,63.57184982299805,320.0
38SMB_01523_r8640_c2640,2,0.1900305151939392,37.47621154785156,193.22103881835938,112.44529724121094,273.8041687011719
38SMB_01523_r8640_c2640,3,0.16412463784217834,288.2374267578125,154.29409790039062,316.55029296875,183.24435424804688
38SMB_01523_r8640_c2640,4,0.13011693954467773,0.0,80.71522521972656,12.281014442443848,112.64643859863281
38SMB_01523_r8640_c2640,5,0.12145070731639862,35.79814147949219,92.90440368652344,101.31098937988281,145.22775268554688
38SMB_01523_r8640_c2640,6,0.11791320890188217,18.113712310791016,91.3740005493164,143.41342163085938,202.03909301757812
38SMB_01523_r8640_c2640,7,0.1061583161354065,40.459598541259766,75.31336975097656,57.864559173583984,94.89811706542969
38SMB_01523_r8640_c2640,8,0.10309640318155289,95.9893798828125,0.7935791015625,166.36764526367188,71.46501922607422
38SMB_01524_r8640_c2880,0,0.8412604928016663,72.22343444824219,139.1656951904297,117.06364440917969,184.63868713378906
38SMB_01524_r8640_c2880,1,0.7165038585662842,232.140869140625,153.7431640625,291.07147216796875,213.44332885742188
38SMB_01524_r8640_c2880,2,0.6928321123123169,35.432037353515625,91.39364624023438,99.0068359375,153.1580810546875
38SMB_01524_r8640_c2880,3,0.6253198981285095,188.13063049316406,1.900482177734375,240.40541076660156,52.62092590332031
38SMB_01524_r8640_c2880,4,0.5958881974220276,204.92135620117188,39.704559326171875,243.51077270507812,80.62046813964844
38SMB_01524_r8640_c2880,5,0.5069518089294434,155.57049560546875,183.89727783203125,254.57843017578125,278.54522705078125
38SMB_01524_r8640_c2880,6,0.2947591543197632,47.308921813964844,152.65585327148438,79.15303802490234,184.06207275390625
38SMB_01524_r8640_c2880,7,0.17422182857990265,244.02972412109375,268.7894287109375,285.88238525390625,311.87945556640625
38SMB_01524_r8640_c2880,8,0.13701163232326508,305.70867919921875,195.45162963867188,319.93182373046875,267.3594665527344
38SMB_01524_r8640_c2880,9,0.12444891035556793,130.64434814453125,0.0,206.66098022460938,21.993358612060547
38SMB_01524_r8640_c2880,10,0.12360551953315735,301.36968994140625,191.82147216796875,320.0,274.3999938964844
38SMB_01524_r8640_c2880,11,0.11281798034906387,272.458251953125,0.0,320.0,81.93473052978516
38SMB_01525_r8640_c3120,0,0.8723191022872925,127.41668701171875,275.23907470703125,180.8572998046875,320.0
38SMB_01525_r8640_c3120,1,0.7390797734260559,0.058658599853515625,154.2509307861328,50.09721755981445,212.5659637451172
38SMB_01525_r8640_c3120,2,0.7256345748901367,99.56948852539062,84.71004486083984,139.8877410888672,122.8974838256836
38SMB_01525_r8640_c3120,3,0.7014422416687012,118.0780029296875,37.65913009643555,179.19366455078125,99.72483825683594
38SMB_01525_r8640_c3120,4,0.520605206489563,170.00582885742188,285.391357421875,248.88198852539062,319.9090576171875
38SMB_01525_r8640_c3120,5,0.4247972369194031,147.58453369140625,122.47193908691406,224.18328857421875,203.3771514892578
38SMB_01525_r8640_c3120,6,0.2213912010192871,0.0,200.8553466796875,16.346710205078125,252.04632568359375
38SMB_01525_r8640_c3120,7,0.18517619371414185,69.11441040039062,224.3971710205078,135.83541870117188,289.99700927734375
38SMB_01525_r8640_c3120,8,0.17130447924137115,160.06793212890625,67.25392150878906,212.55694580078125,122.69522094726562
38SMB_01525_r8640_c3120,9,0.16471245884895325,3.1006622314453125,268.80828857421875,45.97394561767578,311.32525634765625
38SMB_01525_r8640_c3120,10,0.162022665143013,202.29946899414062,245.47518920898438,263.3759765625,299.7248840332031
38SMB_01525_r8640_c3120,11,0.1461046189069748,0.0,201.39840698242188,11.370377540588379,249.40756225585938
38SMB_01525_r8640_c3120,12,0.12684716284275055,259.70574951171875,146.58871459960938,299.8450927734375,186.24478149414062
38SMB_01525_r8640_c3120,13,0.11998765915632248,178.49032592773438,293.49102783203125,249.45327758789062,319.90423583984375
38SMB_01525_r8640_c3120,14,0.11853671073913574,51.300132751464844,175.9381103515625,78.0040512084961,201.5865478515625
38SMB_01526_r8640_c3360,0,0.8806602954864502,152.2093048095703,69.36956787109375,201.0107879638672,119.273681640625
38SMB_01526_r8640_c3360,1,0.6522035598754883,218.40145874023438,69.03753662109375,302.5942687988281,149.22398376464844
38SMB_01526_r8640_c3360,2,0.5805700421333313,288.16986083984375,218.74362182617188,320.0,288.7458801269531
38SMB_01526_r8640_c3360,3,0.5192179083824158,208.5572509765625,265.8599853515625,259.33087158203125,315.154541015625
38SMB_01526_r8640_c3360,4,0.3585067689418793,291.809326171875,190.63438415527344,319.97137451171875,227.4996795654297
38SMB_01526_r8640_c3360,5,0.29729577898979187,188.02706909179688,185.90963745117188,235.71768188476562,236.96054077148438
38SMB_01526_r8640_c3360,6,0.283720999956131,250.15985107421875,168.77685546875,295.8359375,213.7542724609375
38SMB_01526_r8640_c3360,7,0.13596844673156738,232.7557373046875,72.53729248046875,251.5535888671875,93.32899475097656
38SMB_01526_r8640_c3360,8,0.1278645396232605,20.10454750061035,146.54959106445312,59.858863830566406,186.33456420898438
38SMB_01526_r8640_c3360,9,0.10661031305789948,214.12786865234375,57.73712158203125,315.17840576171875,157.84605407714844
38SMB_01526_r8640_c3360,10,0.10579242557287216,287.5177001953125,239.21762084960938,312.4234619140625,272.3518371582031
38SMB_01527_r8640_c3600,0,0.5964760780334473,46.736846923828125,212.47024536132812,127.35105895996094,299.7542419433594
38SMB_01527_r8640_c3600,1,0.4074765741825104,0.00048065185546875,69.886962890625,59.87779998779297,159.53985595703125
38SMB_01527_r8640_c3600,2,0.3454521596431732,214.33956909179688,110.72457885742188,290.8807067871094,181.51101684570312
38SMB_01527_r8640_c3600,3,0.3278381824493408,52.878875732421875,192.57723999023438,86.32928466796875,226.5316162109375
38SMB_01527_r8640_c3600,4,0.24826499819755554,10.383747100830078,169.08596801757812,55.93973159790039,213.79519653320312
38SMB_01527_r8640_c3600,5,0.19037798047065735,248.1926727294922,7.127174377441406,320.0,99.69892120361328
38SMB_01527_r8640_c3600,6,0.13519205152988434,0.08646774291992188,264.74810791015625,17.763221740722656,303.96600341796875
38SMB_01527_r8640_c3600,7,0.11279049515724182,0.0,155.4505615234375,15.107763290405273,196.21176147460938
38SMB_01528_r8640_c3840,0,0.24822279810905457,13.090110778808594,28.956268310546875,92.06450653076172,94.28292846679688
38SMB_01528_r8640_c3840,1,0.1971997618675232,254.3168182373047,116.41505432128906,318.83905029296875,211.79164123535156
38SMB_01528_r8640_c3840,2,0.191158264875412,290.1125183105469,4.242759704589844,319.8008117675781,51.2242431640625
38SMB_01528_r8640_c3840,3,0.14407062530517578,175.7388153076172,166.7203826904297,217.80479431152344,219.2014617919922
38SMB_01528_r8640_c3840,4,0.11921954900026321,0.0,110.92952728271484,51.53559875488281,177.12954711914062
38SMB_01528_r8640_c3840,5,0.11334361135959625,83.83094787597656,0.0,147.4142608642578,87.08858489990234
38SMB_01529_r8640_c4080,0,0.44572827219963074,244.7796630859375,128.84133911132812,303.069580078125,186.20352172851562
38SMB_01529_r8640_c4080,1,0.37078988552093506,164.84588623046875,120.87744140625,261.2454528808594,207.5357666015625
38SMB_01529_r8640_c4080,2,0.33549413084983826,47.28009796142578,3.981220245361328,97.90645599365234,53.702980041503906
38SMB_01529_r8640_c4080,3,0.30557113885879517,0.0,212.98806762695312,73.08920288085938,296.9702453613281
38SMB_01529_r8640_c4080,4,0.24544177949428558,157.70791625976562,0.0222625732421875,234.91458129882812,53.81793975830078
38SMB_01529_r8640_c4080,5,0.16451331973075867,301.7152404785156,269.7183837890625,319.9776916503906,318.5533447265625
38SMB_01529_r8640_c4080,6,0.1528904139995575,71.80178833007812,227.08291625976562,120.11790466308594,273.2356262207031
38SMB_01529_r8640_c4080,7,0.13458652794361115,0.0,0.03697967529296875,51.49736022949219,40.823055267333984
38SMB_01530_r8640_c4320,0,0.7228947281837463,247.8427734375,182.0490264892578,299.29180908203125,234.1605682373047
38SMB_01530_r8640_c4320,1,0.5061935186386108,56.62014389038086,265.6163330078125,126.00439453125,319.900390625
38SMB_01530_r8640_c4320,2,0.46048933267593384,183.402587890625,292.2911071777344,231.8895263671875,320.0
38SMB_01530_r8640_c4320,3,0.3797309100627899,187.6789093017578,25.503570556640625,246.5948944091797,79.33689880371094
38SMB_01530_r8640_c4320,4,0.364344984292984,5.225681304931641,127.63726806640625,63.85667037963867,186.31161499023438
38SMB_01530_r8640_c4320,5,0.27661609649658203,115.21853637695312,210.1381378173828,215.05538940429688,308.18756103515625
38SMB_01530_r8640_c4320,6,0.22694848477840424,0.2168254852294922,140.07260131835938,18.371980667114258,196.9697265625
38SMB_01530_r8640_c4320,7,0.2165430337190628,220.71502685546875,0.0,318.74951171875,108.0472412109375
38SMB_01530_r8640_c4320,8,0.17645321786403656,147.30316162109375,136.52310180664062,239.9515380859375,226.05221557617188
38SMB_01531_r8640_c4560,0,0.7353599667549133,8.056831359863281,182.08847045898438,59.421119689941406,234.15847778320312
38SMB_01531_r8640_c4560,1,0.46323031187057495,183.39877319335938,108.5634765625,257.44647216796875,178.32562255859375
38SMB_01531_r8640_c4560,2,0.4601289927959442,76.95951843261719,93.93635559082031,176.6849365234375,185.81983947753906
38SMB_01531_r8640_c4560,3,0.15134012699127197,0.0,0.3603668212890625,87.48193359375,112.25564575195312
38SMB_01531_r8640_c4560,4,0.1119450181722641,56.3426513671875,32.66542053222656,189.51016235351562,184.15589904785156
38SMB_01532_r8640_c4800,0,0.1735626608133316,0.0,0.04476165771484375,43.50635528564453,41.084964752197266
38SMB_01532_r8640_c4800,1,0.14440882205963135,0.0,125.42007446289062,19.80319595336914,163.60104370117188
38SMB_01532_r8640_c4800,2,0.10304390639066696,0.0215911865234375,0.0,42.71965789794922,29.206806182861328
38SMB_01533_r8640_c5040,0,0.3090020418167114,197.87359619140625,138.33642578125,311.82879638671875,260.70562744140625
38SMB_01533_r8640_c5040,1,0.15743227303028107,184.48721313476562,115.09627532958984,319.3291931152344,264.3841247558594
38SMB_01534_r8640_c5280,0,0.18260131776332855,82.1082763671875,76.0929946899414,184.72720336914062,186.35775756835938
38SMB_01534_r8640_c5280,1,0.1700924187898636,187.44476318359375,204.88626098632812,239.57254028320312,250.804931640625
38SMB_01535_r8640_c5520,0,0.10978655517101288,61.311214447021484,257.6868896484375,139.17868041992188,320.0
38SMB_01535_r8640_c5520,1,0.10428536683320999,19.99285888671875,0.058078765869140625,92.710205078125,38.616878509521484
38SMB_01540_r8640_c6720,0,0.1732427179813385,112.14129638671875,231.05751037597656,164.32809448242188,284.2645263671875
38SMB_01540_r8640_c6720,1,0.12904129922389984,120.49038696289062,133.82937622070312,181.74362182617188,211.32656860351562
38SMB_01540_r8640_c6720,2,0.11530545353889465,131.0143585205078,155.02096557617188,178.73619079589844,208.58407592773438
38SMB_01540_r8640_c6720,3,0.10762729495763779,105.32745361328125,225.52481079101562,169.18679809570312,288.8910827636719
38SMB_01541_r8640_c6960,0,0.1601976454257965,220.447265625,255.08999633789062,262.0333557128906,295.9895935058594
38SMB_01541_r8640_c6960,1,0.1256874054670334,51.27790069580078,37.00273895263672,99.62081146240234,87.32881927490234
38SMB_01541_r8640_c6960,2,0.12118323892354965,224.0474853515625,42.98820114135742,272.194580078125,89.68760681152344
38SMB_01542_r8640_c7200,0,0.5911588668823242,161.32958984375,156.94308471679688,211.52606201171875,204.10153198242188
38SMB_01542_r8640_c7200,1,0.27646639943122864,197.28424072265625,108.70191955566406,269.8128662109375,190.1747589111328
38SMB_01542_r8640_c7200,2,0.13392262160778046,0.07927703857421875,42.47821044921875,31.71279525756836,88.70440673828125
38SMB_01542_r8640_c7200,3,0.10015048086643219,0.012067794799804688,252.6557159423828,20.880727767944336,297.94586181640625
38SMB_01543_r8640_c7440,0,0.8107553124427795,168.66128540039062,51.45250701904297,215.2493896484375,96.8093032836914
38SMB_01544_r8640_c7680,0,0.21256491541862488,169.88632202148438,59.99110794067383,214.05123901367188,105.31071472167969
38SMB_01544_r8640_c7680,1,0.10098069161176682,236.77590942382812,302.3995361328125,311.7576599121094,319.9498291015625
38SMB_01548_r8640_c8640,0,0.23701032996177673,134.64459228515625,0.058696746826171875,195.24871826171875,43.78483963012695
38SMB_01551_r8640_c9360,0,0.2378339171409607,137.35617065429688,255.76258850097656,207.57925415039062,320.0
38SMB_01553_r8640_c9680,0,0.867181658744812,239.18707275390625,62.41605758666992,302.16998291015625,124.35893249511719
38SMB_01554_r8880_c0,0,0.10859882086515427,263.2886962890625,211.3427734375,297.74176025390625,245.938720703125
38SMB_01555_r8880_c240,0,0.10390618443489075,23.49007797241211,211.3848419189453,57.98887252807617,245.77586364746094
38SMB_01557_r8880_c720,0,0.27239134907722473,159.828125,121.05741119384766,291.0265808105469,247.05105590820312
38SMB_01557_r8880_c720,1,0.13031038641929626,25.260787963867188,55.720149993896484,158.3496551513672,170.19845581054688
38SMB_01558_r8880_c960,0,0.13927029073238373,301.4964599609375,182.39767456054688,319.9520263671875,232.70346069335938
38SMB_01558_r8880_c960,1,0.110751673579216,83.83828735351562,189.65478515625,212.38272094726562,319.2820739746094
38SMB_01558_r8880_c960,2,0.10953078418970108,0.11764144897460938,0.0,38.857749938964844,63.312278747558594
38SMB_01559_r8880_c1200,0,0.1158982515335083,61.97515869140625,182.36376953125,113.62786865234375,229.83319091796875
38SMB_01560_r8880_c1440,0,0.29828014969825745,201.31234741210938,0.20868301391601562,314.9402770996094,60.976932525634766
38SMB_01560_r8880_c1440,1,0.11507431417703629,0.0,66.82337188720703,123.51152038574219,202.40692138671875
38SMB_01561_r8880_c1680,0,0.12988772988319397,287.84576416015625,237.92242431640625,320.0,272.23992919921875
38SMB_01561_r8880_c1680,1,0.10676794499158859,58.436859130859375,0.3899383544921875,201.41439819335938,86.13182067871094
38SMB_01561_r8880_c1680,2,0.10502658784389496,0.0,0.11112594604492188,80.37886047363281,59.31000518798828
38SMB_01562_r8880_c1920,0,0.22709201276302338,83.82286071777344,214.96170043945312,108.28927612304688,239.83462524414062
38SMB_01562_r8880_c1920,1,0.20787492394447327,47.932579040527344,237.61984252929688,82.70867156982422,272.4088134765625
38SMB_01562_r8880_c1920,2,0.18890520930290222,153.5823211669922,211.88824462890625,211.79225158691406,266.0401611328125
38SMB_01562_r8880_c1920,3,0.18542085587978363,0.22098922729492188,0.014745712280273438,40.33942413330078,25.594188690185547
38SMB_01562_r8880_c1920,4,0.11713857203722,0.5234146118164062,0.02001667022705078,37.286094665527344,14.190364837646484
38SMB_01562_r8880_c1920,5,0.10353262722492218,300.1782531738281,166.78973388671875,319.9938049316406,231.57666015625
38SMB_01563_r8880_c2160,0,0.543448269367218,197.13095092773438,96.46389770507812,258.81317138671875,157.48509216308594
38SMB_01563_r8880_c2160,1,0.470224529504776,75.28309631347656,64.3580322265625,171.41275024414062,159.36990356445312
38SMB_01563_r8880_c2160,2,0.2593468725681305,222.2935333251953,31.052688598632812,320.0,142.38894653320312
38SMB_01563_r8880_c2160,3,0.2180989682674408,207.32177734375,15.361801147460938,320.0,180.28086853027344
38SMB_01563_r8880_c2160,4,0.15018747746944427,88.57418823242188,149.49258422851562,218.88214111328125,297.7105712890625
38SMB_01563_r8880_c2160,5,0.12358780205249786,264.192626953125,299.32476806640625,319.79833984375,319.96038818359375
38SMB_01563_r8880_c2160,6,0.10037355124950409,271.03936767578125,0.0,319.83587646484375,33.391746520996094
38SMB_01564_r8880_c2400,0,0.5853665471076965,202.61984252929688,155.70535278320312,256.4714050292969,210.26504516601562
38SMB_01564_r8880_c2400,1,0.4801320433616638,202.6783905029297,270.7652587890625,249.7761688232422,316.2095947265625
38SMB_01564_r8880_c2400,2,0.36547815799713135,90.56806182861328,100.75151824951172,194.558837890625,196.76361083984375
38SMB_01564_r8880_c2400,3,0.3238520622253418,128.29928588867188,174.877197265625,218.3006591796875,266.78076171875
38SMB_01564_r8880_c2400,4,0.27758675813674927,233.10292053222656,0.0,288.9439697265625,39.84126281738281
38SMB_01564_r8880_c2400,5,0.2046394646167755,168.44229125976562,44.66794204711914,309.1866149902344,166.14645385742188
38SMB_01564_r8880_c2400,6,0.19357936084270477,0.0,35.14811706542969,99.79647827148438,167.526611328125
38SMB_01564_r8880_c2400,7,0.169193834066391,78.63888549804688,0.17324066162109375,197.88034057617188,83.0027084350586
38SMB_01564_r8880_c2400,8,0.16786415874958038,124.3412094116211,70.93004608154297,165.25985717773438,110.24304962158203
38SMB_01564_r8880_c2400,9,0.1532900333404541,0.6363677978515625,31.56591796875,90.94834899902344,149.15789794921875
38SMB_01564_r8880_c2400,10,0.14947135746479034,30.811485290527344,0.0,82.69850158691406,32.82201385498047
38SMB_01564_r8880_c2400,11,0.11257304251194,117.29438781738281,251.28518676757812,157.1534881591797,291.6978454589844
38SMB_01564_r8880_c2400,12,0.11218544095754623,75.03263854980469,9.632530212402344,163.01986694335938,80.3131332397461
38SMB_01565_r8880_c2640,0,0.29825159907341003,201.84527587890625,186.74029541015625,283.0516357421875,257.441650390625
38SMB_01565_r8880_c2640,1,0.25761786103248596,0.09017181396484375,0.0036468505859375,48.96971893310547,40.5217170715332
38SMB_01565_r8880_c2640,2,0.22843997180461884,0.0,51.216156005859375,68.33981323242188,162.54234313964844
38SMB_01565_r8880_c2640,3,0.19989222288131714,195.87863159179688,141.93576049804688,249.85202026367188,203.13815307617188
38SMB_01565_r8880_c2640,4,0.18327492475509644,166.886962890625,236.39993286132812,286.88677978515625,319.6438903808594
38SMB_01565_r8880_c2640,5,0.18030348420143127,284.2410888671875,281.6745300292969,320.0,320.0
38SMB_01566_r8880_c2880,0,0.5626357197761536,252.625732421875,135.68255615234375,303.953125,187.85028076171875
38SMB_01566_r8880_c2880,1,0.4556320607662201,146.35177612304688,244.85589599609375,210.98818969726562,315.35052490234375
38SMB_01566_r8880_c2880,2,0.3920872211456299,158.01065063476562,0.0,240.89871215820312,38.801780700683594
38SMB_01566_r8880_c2880,3,0.2831944525241852,148.21343994140625,124.44657897949219,269.2099609375,228.9427032470703
38SMB_01566_r8880_c2880,4,0.1819547563791275,244.01101684570312,28.71742057800293,285.8163757324219,71.49345397949219
38SMB_01566_r8880_c2880,5,0.17696073651313782,43.379241943359375,281.346435546875,82.38134002685547,320.0
38SMB_01566_r8880_c2880,6,0.1702272891998291,52.826316833496094,282.890869140625,83.76404571533203,320.0
38SMB_01566_r8880_c2880,7,0.15681837499141693,0.0,248.68685913085938,54.16173553466797,320.0
38SMB_01566_r8880_c2880,8,0.12924015522003174,104.14712524414062,111.97486877441406,176.16751098632812,178.8025360107422
38SMB_01566_r8880_c2880,9,0.12592527270317078,131.26531982421875,239.94943237304688,214.96627807617188,319.0277404785156
38SMB_01566_r8880_c2880,10,0.11717373132705688,111.63772583007812,101.74689483642578,257.9600830078125,232.19512939453125
38SMB_01567_r8880_c3120,0,0.8931789398193359,127.61720275878906,35.04022216796875,180.08970642089844,90.13035583496094
38SMB_01567_r8880_c3120,1,0.7299783229827881,165.70895385742188,148.50827026367188,225.40139770507812,207.05746459960938
38SMB_01567_r8880_c3120,2,0.7086490988731384,161.13360595703125,45.772823333740234,250.7265625,141.90762329101562
38SMB_01567_r8880_c3120,3,0.6640839576721191,152.00906372070312,238.89747619628906,203.82620239257812,289.909423828125
38SMB_01567_r8880_c3120,4,0.5762156248092651,13.273422241210938,135.85025024414062,64.04093933105469,187.8197021484375
38SMB_01567_r8880_c3120,5,0.48460277915000916,144.1737823486328,86.10087585449219,190.7051544189453,135.15066528320312
38SMB_01567_r8880_c3120,6,0.25444692373275757,208.37078857421875,185.5220947265625,291.99041748046875,256.92437744140625
38SMB_01567_r8880_c3120,7,0.24023248255252838,70.71415710449219,122.12174987792969,106.06719970703125,155.10829162597656
38SMB_01567_r8880_c3120,8,0.22677603363990784,193.32827758789062,0.0,267.4715270996094,61.321781158447266
38SMB_01567_r8880_c3120,9,0.1802809238433838,0.0,156.8790740966797,34.16872787475586,223.8120574951172
38SMB_01567_r8880_c3120,10,0.17252323031425476,3.2121810913085938,28.84672737121582,45.91437911987305,70.69392395019531
38SMB_01567_r8880_c3120,11,0.1636282205581665,257.4108581542969,245.71910095214844,320.0,320.0
38SMB_01567_r8880_c3120,12,0.14670659601688385,215.21194458007812,186.8214111328125,253.76235961914062,209.6700439453125
38SMB_01567_r8880_c3120,13,0.11174432188272476,204.1487274169922,111.20912170410156,310.70343017578125,217.9296417236328
38SMB_01567_r8880_c3120,14,0.11061283200979233,199.77993774414062,0.0,259.2056579589844,38.451107025146484
38SMB_01567_r8880_c3120,15,0.10293866693973541,202.68173217773438,5.762702941894531,261.9700012207031,58.49739074707031
38SMB_01568_r8880_c3360,0,0.8466589450836182,265.58758544921875,239.08050537109375,318.17449951171875,292.978515625
38SMB_01568_r8880_c3360,1,0.6832360029220581,226.74609375,214.09368896484375,270.78277587890625,256.8088684082031
38SMB_01568_r8880_c3360,2,0.6024965047836304,288.5087890625,0.02259063720703125,320.0,48.667686462402344
38SMB_01568_r8880_c3360,3,0.4838803708553314,208.6944580078125,26.013717651367188,259.33538818359375,74.84481811523438
38SMB_01568_r8880_c3360,4,0.3186585307121277,41.391395568847656,168.28506469726562,119.57849884033203,248.6524658203125
38SMB_01568_r8880_c3360,5,0.2521466016769409,253.6512908935547,77.07748413085938,296.41986083984375,120.43707275390625
38SMB_01568_r8880_c3360,6,0.16970889270305634,252.518310546875,75.14599609375,307.24322509765625,126.79165649414062
38SMB_01568_r8880_c3360,7,0.1106853261590004,310.5767822265625,190.25027465820312,320.0,240.62582397460938
38SMB_01568_r8880_c3360,8,0.1054459884762764,178.94210815429688,83.64155578613281,220.85711669921875,124.28605651855469
38SMB_01568_r8880_c3360,9,0.10394223034381866,218.752197265625,82.66079711914062,253.05120849609375,119.97969055175781
38SMB_01569_r8880_c3600,0,0.8346571326255798,25.639768600463867,239.2377166748047,79.26881408691406,293.09405517578125
38SMB_01569_r8880_c3600,1,0.7730504274368286,62.857662200927734,123.47763061523438,129.47250366210938,192.96762084960938
38SMB_01569_r8880_c3600,2,0.7529064416885376,45.99110412597656,0.0,122.73527526855469,59.85243225097656
38SMB_01569_r8880_c3600,3,0.4359675347805023,0.0,214.08151245117188,30.93121337890625,256.5886535644531
38SMB_01569_r8880_c3600,4,0.31713342666625977,105.32135009765625,102.92143249511719,156.39114379882812,152.1015625
38SMB_01569_r8880_c3600,5,0.26157647371292114,13.827072143554688,77.19319152832031,56.258880615234375,120.59327697753906
38SMB_01569_r8880_c3600,6,0.26052501797676086,92.75479125976562,199.8917236328125,231.33767700195312,319.7969970703125
38SMB_01569_r8880_c3600,7,0.2189856469631195,0.0,74.52166748046875,16.81116485595703,130.0207061767578
38SMB_01569_r8880_c3600,8,0.2110712081193924,102.9330062866211,203.7813720703125,201.70834350585938,311.43255615234375
38SMB_01569_r8880_c3600,9,0.17677044868469238,133.912109375,128.3670654296875,182.22259521484375,176.3802490234375
38SMB_01569_r8880_c3600,10,0.14976176619529724,65.40928649902344,173.5365753173828,145.6665802001953,251.54383850097656
38SMB_01569_r8880_c3600,11,0.13326433300971985,0.0,24.465465545654297,17.187326431274414,63.75252914428711
38SMB_01569_r8880_c3600,12,0.11483640223741531,12.478645324707031,75.44061279296875,77.60372924804688,132.35577392578125
38SMB_01570_r8880_c3840,0,0.1588752418756485,134.0438232421875,188.2401123046875,188.56112670898438,239.84619140625
38SMB_01571_r8880_c4080,0,0.6411967873573303,71.48027038574219,0.0,119.34062194824219,35.5258674621582
38SMB_01571_r8880_c4080,1,0.5890783071517944,253.46029663085938,85.40194702148438,318.7693786621094,154.07066345214844
38SMB_01571_r8880_c4080,2,0.3008127808570862,0.0,0.009288787841796875,72.58528137207031,57.128623962402344
38SMB_01571_r8880_c4080,3,0.18046380579471588,111.19357299804688,0.0,155.73538208007812,28.105253219604492
38SMB_01571_r8880_c4080,4,0.1617780327796936,205.51980590820312,170.01214599609375,319.9732360839844,319.48382568359375
38SMB_01571_r8880_c4080,5,0.15714366734027863,297.29168701171875,157.42904663085938,320.0,208.5709228515625
38SMB_01571_r8880_c4080,6,0.15037167072296143,219.37796020507812,196.37002563476562,249.60760498046875,226.15554809570312
38SMB_01571_r8880_c4080,7,0.13100196421146393,302.0135498046875,30.337745666503906,319.9937744140625,83.75942993164062
38SMB_01571_r8880_c4080,8,0.12908385694026947,66.16950988769531,274.8480529785156,135.11842346191406,319.9864807128906
38SMB_01571_r8880_c4080,9,0.11151842772960663,93.20565795898438,27.144405364990234,239.09408569335938,149.18429565429688
38SMB_01572_r8880_c4320,0,0.659481942653656,59.21595001220703,25.28314971923828,127.43900299072266,97.32818603515625
38SMB_01572_r8880_c4320,1,0.6146485805511475,181.4729766845703,52.22865295410156,226.48057556152344,96.43717956542969
38SMB_01572_r8880_c4320,2,0.6136851906776428,14.009117126464844,85.46083068847656,84.78915405273438,153.68492126464844
38SMB_01572_r8880_c4320,3,0.4822310209274292,55.77629470825195,161.00941467285156,108.53102111816406,212.20787048339844
38SMB_01572_r8880_c4320,4,0.2551049292087555,78.55889892578125,250.46310424804688,137.2710418701172,313.2262878417969
38SMB_01572_r8880_c4320,5,0.2282925546169281,218.02554321289062,295.080078125,288.7819519042969,319.983154296875
38SMB_01572_r8880_c4320,6,0.20756083726882935,111.88387298583984,0.0968475341796875,213.97470092773438,70.2958984375
38SMB_01572_r8880_c4320,7,0.20690783858299255,245.01019287109375,124.77650451660156,300.01519775390625,179.9626007080078
38SMB_01572_r8880_c4320,8,0.1968090832233429,0.0,171.59054565429688,117.73188781738281,294.6274719238281
38SMB_01572_r8880_c4320,9,0.12069008499383926,164.52932739257812,123.65904235839844,224.81112670898438,184.2535858154297
38SMB_01573_r8880_c4560,0,0.36508652567863464,111.19503784179688,293.1934509277344,177.80923461914062,320.0
38SMB_01573_r8880_c4560,1,0.2681209444999695,95.22649383544922,287.2882080078125,180.3306884765625,319.9979248046875
38SMB_01573_r8880_c4560,2,0.20318803191184998,4.863365173339844,124.79712677001953,60.343963623046875,179.81121826171875
38SMB_01573_r8880_c4560,3,0.15421274304389954,0.5837669372558594,298.9893798828125,48.62662124633789,319.9700927734375
38SMB_01573_r8880_c4560,4,0.1474008560180664,114.4480209350586,299.44952392578125,174.02169799804688,319.97113037109375
38SMB_01573_r8880_c4560,5,0.11410170793533325,0.0,99.09062194824219,9.821822166442871,152.01519775390625
38SMB_01573_r8880_c4560,6,0.10068317502737045,0.134429931640625,279.89874267578125,49.73882293701172,319.90960693359375
38SMB_01574_r8880_c4800,0,0.3647584319114685,138.80413818359375,224.51568603515625,184.7200927734375,266.50762939453125
38SMB_01575_r8880_c5040,0,0.10738297551870346,240.29661560058594,0.0,307.29931640625,27.961196899414062
38SMB_01576_r8880_c5280,0,0.5359275937080383,134.02166748046875,163.30062866210938,180.0660400390625,206.45254516601562
38SMB_01576_r8880_c5280,1,0.4011073708534241,147.76303100585938,178.15533447265625,245.95718383789062,265.71337890625
38SMB_01576_r8880_c5280,2,0.1644289195537567,186.63711547851562,195.24929809570312,209.11672973632812,215.05270385742188
38SMB_01576_r8880_c5280,3,0.1466730535030365,0.87506103515625,0.009782791137695312,66.30271911621094,28.0289363861084
38SMB_01577_r8880_c5520,0,0.31697049736976624,59.48783874511719,19.6971435546875,136.43795776367188,100.4292221069336
38SMB_01577_r8880_c5520,1,0.2633102536201477,125.94599914550781,300.7943115234375,175.14503479003906,320.0
38SMB_01577_r8880_c5520,2,0.19451047480106354,121.06492614746094,304.72552490234375,179.1930694580078,319.99041748046875
38SMB_01577_r8880_c5520,3,0.17151808738708496,9.707778930664062,206.81961059570312,108.98860168457031,294.6502685546875
38SMB_01577_r8880_c5520,4,0.1559334248304367,238.77224731445312,261.3799133300781,298.4832458496094,317.9975891113281
38SMB_01578_r8880_c5760,0,0.13046571612358093,1.251068115234375,260.3873291015625,58.934852600097656,319.5531005859375
38SMB_01582_r8880_c6720,0,0.24494002759456635,111.50424194335938,0.0,165.66790771484375,45.10116195678711
38SMB_01583_r8880_c6960,0,0.2246178239583969,301.4173278808594,179.89413452148438,319.9988098144531,235.89968872070312
38SMB_01583_r8880_c6960,1,0.1617497205734253,219.99075317382812,14.53057861328125,262.4789123535156,56.32081604003906
38SMB_01584_r8880_c7200,0,0.6574909687042236,63.569061279296875,166.3760986328125,136.60435485839844,237.9923095703125
38SMB_01584_r8880_c7200,1,0.11760983616113663,0.0,11.524690628051758,21.80792236328125,58.524925231933594
38SMB_01585_r8880_c7440,0,0.7229446172714233,141.0401611328125,71.99497985839844,191.2374267578125,123.01890563964844
38SMB_01585_r8880_c7440,1,0.5677986741065979,224.63912963867188,91.59249877929688,281.2831115722656,149.81344604492188
38SMB_01585_r8880_c7440,2,0.43488454818725586,229.08956909179688,275.4201965332031,286.2729797363281,320.0
38SMB_01585_r8880_c7440,3,0.2828723192214966,260.58648681640625,182.44342041015625,320.0,259.33770751953125
38SMB_01585_r8880_c7440,4,0.2396194487810135,158.014404296875,219.98851013183594,289.038330078125,319.5557861328125
38SMB_01586_r8880_c7680,0,0.5680677890777588,238.71435546875,67.55072021484375,294.577392578125,124.32150268554688
38SMB_01586_r8880_c7680,1,0.44975745677948,0.0,275.48919677734375,45.99689483642578,320.0
38SMB_01586_r8880_c7680,2,0.43339401483535767,0.0,90.90498352050781,40.32981872558594,149.95668029785156
38SMB_01586_r8880_c7680,3,0.40148359537124634,0.0,221.84332275390625,41.72830581665039,293.049560546875
38SMB_01586_r8880_c7680,4,0.39809438586235046,22.94073486328125,188.95040893554688,92.57795715332031,250.95724487304688
38SMB_01586_r8880_c7680,5,0.18974870443344116,0.06396102905273438,83.67166137695312,49.277706146240234,157.7677001953125
38SMB_01586_r8880_c7680,6,0.12571103870868683,33.50315856933594,191.65069580078125,90.42433166503906,244.69842529296875
38SMB_01587_r8880_c7920,0,0.5553712844848633,1.2535247802734375,70.43356323242188,51.69707489013672,122.72174072265625
38SMB_01588_r8880_c8160,0,0.184748113155365,268.96435546875,94.12159729003906,313.478515625,139.53941345214844
38SMB_01588_r8880_c8160,1,0.12227612733840942,189.08285522460938,158.91610717773438,233.67245483398438,204.473876953125
38SMB_01588_r8880_c8160,2,0.11441383510828018,183.75579833984375,153.5218505859375,241.76190185546875,213.05731201171875
38SMB_01589_r8880_c8400,0,0.20500151813030243,29.11273956298828,94.12103271484375,73.64851379394531,139.34336853027344
38SMB_01592_r8880_c9120,0,0.638167679309845,154.5013427734375,101.77041625976562,205.43948364257812,150.68765258789062
38SMB_01593_r8880_c9360,0,0.2227056622505188,138.66827392578125,16.97888946533203,206.70230102539062,81.63971710205078
38SMB_01594_r8880_c9600,0,0.10438572615385056,70.9034652709961,256.5888671875,125.9819564819336,315.73309326171875
38SMB_01595_r8880_c9680,0,0.375849187374115,0.0,255.50961303710938,49.86735534667969,319.9473571777344
38SMB_01596_r9120_c0,0,0.10316605120897293,178.4309844970703,291.7875061035156,236.58274841308594,319.9197692871094
38SMB_01600_r9120_c960,0,0.3439105749130249,104.31449127197266,0.0,208.72714233398438,81.97014617919922
38SMB_01600_r9120_c960,1,0.25589877367019653,124.40487670898438,198.1172332763672,278.4289855957031,320.0
38SMB_01600_r9120_c960,2,0.25496068596839905,297.708984375,106.00479125976562,319.92694091796875,149.06781005859375
38SMB_01601_r9120_c1200,0,0.4231465458869934,55.65210723876953,108.11723327636719,94.77057647705078,148.5873260498047
38SMB_01601_r9120_c1200,1,0.2568129599094391,129.96517944335938,227.00633239746094,210.77798461914062,298.9998779296875
38SMB_01601_r9120_c1200,2,0.14581869542598724,85.05979919433594,277.0356750488281,128.1672821044922,319.1076965332031
38SMB_01602_r9120_c1440,0,0.2025156468153,147.04629516601562,297.13128662109375,203.8968505859375,319.94903564453125
38SMB_01602_r9120_c1440,1,0.15771867334842682,242.96762084960938,213.84475708007812,291.8901672363281,268.7997741699219
38SMB_01602_r9120_c1440,2,0.12954451143741608,213.66140747070312,272.5140380859375,266.5430908203125,320.0
38SMB_01603_r9120_c1680,0,0.23935091495513916,1.9020500183105469,212.75115966796875,52.63587188720703,270.8271484375
38SMB_01603_r9120_c1680,1,0.1689278930425644,0.026262283325195312,272.372314453125,27.81821632385254,320.0
38SMB_01603_r9120_c1680,2,0.1560620665550232,0.0053253173828125,88.15231323242188,32.7244873046875,150.42861938476562
38SMB_01603_r9120_c1680,3,0.13000503182411194,195.4964599609375,0.8350486755371094,279.6756591796875,57.18820571899414
38SMB_01604_r9120_c1920,0,0.485740602016449,148.2611846923828,0.0,209.7660675048828,27.627151489257812
38SMB_01604_r9120_c1920,1,0.4453224241733551,236.58641052246094,80.70691680908203,319.2696533203125,189.65106201171875
38SMB_01604_r9120_c1920,2,0.32995736598968506,217.61578369140625,189.53433227539062,320.0,320.0
38SMB_01604_r9120_c1920,3,0.27803468704223633,0.1719818115234375,0.0,52.59262466430664,60.2442741394043
38SMB_01604_r9120_c1920,4,0.1892789900302887,48.2957649230957,0.1180419921875,83.64378356933594,32.1120491027832
38SMB_01604_r9120_c1920,5,0.1629171073436737,248.655029296875,0.0,320.0,91.79488372802734
38SMB_01604_r9120_c1920,6,0.1555347442626953,215.18206787109375,288.84173583984375,288.560546875,320.0
38SMB_01604_r9120_c1920,7,0.12580309808254242,65.53668212890625,303.6408996582031,110.27102661132812,319.9726257324219
38SMB_01604_r9120_c1920,8,0.10007890313863754,65.3118896484375,308.22821044921875,120.03704833984375,320.0
38SMB_01605_r9120_c2160,0,0.49229636788368225,0.0,75.58160400390625,119.44609832763672,191.10858154296875
38SMB_01605_r9120_c2160,1,0.4381413459777832,166.42324829101562,136.608154296875,210.68734741210938,181.59878540039062
38SMB_01605_r9120_c2160,2,0.2653694450855255,0.0,216.2686767578125,124.38621520996094,320.0
38SMB_01605_r9120_c2160,3,0.2617434859275818,277.9307861328125,0.0,319.9949951171875,26.570005416870117
38SMB_01605_r9120_c2160,4,0.2503451704978943,197.369140625,55.07490539550781,319.80438232421875,180.1549835205078
38SMB_01605_r9120_c2160,5,0.23367086052894592,219.9557342529297,0.0,293.13690185546875,73.75982666015625
38SMB_01605_r9120_c2160,6,0.21846316754817963,88.80682373046875,242.083740234375,125.59231567382812,280.6082763671875
38SMB_01605_r9120_c2160,7,0.20833556354045868,0.0,191.11785888671875,113.66732025146484,320.0
38SMB_01605_r9120_c2160,8,0.18727923929691315,259.0574951171875,278.346923828125,315.4788818359375,319.847412109375
38SMB_01605_r9120_c2160,9,0.16709846258163452,0.0,189.9583740234375,92.16378784179688,313.27880859375
38SMB_01605_r9120_c2160,10,0.14808562397956848,0.0,62.9046630859375,147.59149169921875,210.99359130859375
38SMB_01605_r9120_c2160,11,0.14232785999774933,74.18479919433594,231.82308959960938,126.99488830566406,282.4182434082031
38SMB_01605_r9120_c2160,12,0.12354572117328644,230.22573852539062,45.42462158203125,319.0462341308594,185.90553283691406
38SMB_01605_r9120_c2160,13,0.11521909385919571,3.1576995849609375,0.0,95.33415222167969,89.93428039550781
38SMB_01605_r9120_c2160,14,0.10417024046182632,0.13550949096679688,281.08892822265625,47.032012939453125,320.0
38SMB_01605_r9120_c2160,15,0.10397284477949142,83.80960083007812,232.64248657226562,103.41659545898438,254.3756103515625
38SMB_01606_r9120_c2400,0,0.5465191602706909,0.1353759765625,0.0,50.64016342163086,73.48411560058594
38SMB_01606_r9120_c2400,1,0.47393983602523804,136.51007080078125,0.015506744384765625,187.35028076171875,23.60613250732422
38SMB_01606_r9120_c2400,2,0.3630877435207367,204.07058715820312,31.859283447265625,248.66586303710938,74.77053833007812
38SMB_01606_r9120_c2400,3,0.31319117546081543,60.40501403808594,95.87061309814453,192.2099151611328,221.9945068359375
38SMB_01606_r9120_c2400,4,0.2391992062330246,151.59848022460938,270.71221923828125,221.17385864257812,320.0
38SMB_01606_r9120_c2400,5,0.22981682419776917,20.90563201904297,281.5467529296875,71.78987884521484,319.87506103515625
38SMB_01606_r9120_c2400,6,0.22029002010822296,38.993263244628906,0.00632476806640625,83.2685317993164,24.86140251159668
38SMB_01606_r9120_c2400,7,0.1608266681432724,0.0,57.12969207763672,164.3643035888672,215.13922119140625
38SMB_01606_r9120_c2400,8,0.15072962641716003,91.96333312988281,39.630218505859375,136.35205078125,83.01953125
38SMB_01606_r9120_c2400,9,0.11207658797502518,208.53152465820312,33.42426300048828,244.24026489257812,69.46993255615234
38SMB_01606_r9120_c2400,10,0.10922374576330185,109.46298217773438,10.329185485839844,158.23944091796875,57.7103271484375
38SMB_01607_r9120_c2640,0,0.5723127126693726,218.49215698242188,267.35174560546875,280.9515075683594,319.55096435546875
38SMB_01607_r9120_c2640,1,0.49388155341148376,271.22265625,271.51519775390625,319.85748291015625,319.92828369140625
38SMB_01607_r9120_c2640,2,0.23361791670322418,287.23565673828125,42.34889221191406,318.43353271484375,83.1685791015625
38SMB_01607_r9120_c2640,3,0.1688045710325241,127.24603271484375,280.30255126953125,165.40377807617188,318.00775146484375
38SMB_01607_r9120_c2640,4,0.14462411403656006,168.36663818359375,0.0,288.2971496582031,112.12870788574219
38SMB_01608_r9120_c2880,0,0.7769291400909424,79.9573974609375,208.6092529296875,122.49261474609375,249.4329833984375
38SMB_01608_r9120_c2880,1,0.7136586904525757,117.69261169433594,107.80514526367188,201.86891174316406,181.352294921875
38SMB_01608_r9120_c2880,2,0.5175068378448486,0.4999656677246094,260.3067626953125,43.04106903076172,320.0
38SMB_01608_r9120_c2880,3,0.4613998830318451,146.87094116210938,5.8851165771484375,210.81265258789062,74.61601257324219
38SMB_01608_r9120_c2880,4,0.25374704599380493,163.91458129882812,307.6069030761719,201.95989990234375,320.0
38SMB_01608_r9120_c2880,5,0.24310199916362762,43.242958068847656,40.88542938232422,82.39187622070312,83.23151397705078
38SMB_01608_r9120_c2880,6,0.23781266808509827,306.382080078125,261.24212646484375,320.0,313.56036376953125
38SMB_01608_r9120_c2880,7,0.21140657365322113,0.0,9.0426025390625,51.325565338134766,88.96502685546875
38SMB_01608_r9120_c2880,8,0.1730206459760666,301.3968505859375,255.193115234375,319.93609619140625,319.871826171875
38SMB_01608_r9120_c2880,9,0.17217367887496948,68.56149291992188,41.388397216796875,149.84121704101562,124.76640319824219
38SMB_01608_r9120_c2880,10,0.16405890882015228,157.8082733154297,303.9862976074219,203.3513946533203,319.9490051269531
38SMB_01608_r9120_c2880,11,0.15265817940235138,30.841529846191406,268.95916748046875,113.8470687866211,320.0
38SMB_01608_r9120_c2880,12,0.15236708521842957,24.268550872802734,266.0985107421875,142.23046875,319.685302734375
38SMB_01608_r9120_c2880,13,0.12300756573677063,199.99227905273438,298.47216796875,266.6962585449219,320.0
38SMB_01608_r9120_c2880,14,0.12291330844163895,247.73464965820312,272.84356689453125,316.7557678222656,320.0
38SMB_01608_r9120_c2880,15,0.11994727700948715,0.0,169.15603637695312,77.47196960449219,246.24697875976562
38SMB_01608_r9120_c2880,16,0.11202801764011383,96.18682861328125,103.23942565917969,206.85787963867188,213.0502471923828
38SMB_01608_r9120_c2880,17,0.10070765763521194,204.0616455078125,304.20379638671875,260.49127197265625,319.96942138671875
38SMB_01609_r9120_c3120,0,0.6382097005844116,152.1210479736328,1.2693519592285156,203.71339416503906,49.986568450927734
38SMB_01609_r9120_c3120,1,0.41879627108573914,88.63716125488281,85.22341918945312,142.04782104492188,143.17001342773438
38SMB_01609_r9120_c3120,2,0.34661686420440674,143.36090087890625,183.318115234375,229.97412109375,267.4559326171875
38SMB_01609_r9120_c3120,3,0.28621405363082886,124.03707885742188,137.89630126953125,187.49484252929688,207.521484375
38SMB_01609_r9120_c3120,4,0.25517579913139343,53.8040771484375,244.06826782226562,136.89498901367188,319.8260803222656
38SMB_01609_r9120_c3120,5,0.17372912168502808,206.15599060058594,127.07460021972656,317.005859375,232.99803161621094
38SMB_01609_r9120_c3120,6,0.14129610359668732,0.0,44.688873291015625,11.745248794555664,94.8646240234375
38SMB_01609_r9120_c3120,7,0.13199150562286377,0.04576873779296875,272.9995422363281,75.06649780273438,319.9945373535156
38SMB_01610_r9120_c3360,0,0.8709025382995605,265.91998291015625,0.45894622802734375,318.22930908203125,52.94117736816406
38SMB_01610_r9120_c3360,1,0.6186930537223816,90.836181640625,98.44864654541016,173.84927368164062,179.76773071289062
38SMB_01610_r9120_c3360,2,0.5922659039497375,109.466064453125,161.256591796875,168.64486694335938,217.9683837890625
38SMB_01610_r9120_c3360,3,0.5912352800369263,245.245849609375,284.77642822265625,304.56915283203125,319.95086669921875
38SMB_01610_r9120_c3360,4,0.5625278949737549,185.66452026367188,116.74321746826172,242.54519653320312,166.96539306640625
38SMB_01610_r9120_c3360,5,0.5566256642341614,295.90679931640625,288.9468994140625,319.9263916015625,319.887451171875
38SMB_01610_r9120_c3360,6,0.41109123826026917,223.38885498046875,0.00307464599609375,272.0863037109375,16.932523727416992
38SMB_01610_r9120_c3360,7,0.2957727015018463,252.24960327148438,187.3128204345703,306.5640563964844,240.7241973876953
38SMB_01610_r9120_c3360,8,0.2354685366153717,0.04921722412109375,133.25811767578125,76.70187377929688,219.05975341796875
38SMB_01610_r9120_c3360,9,0.23311005532741547,235.30767822265625,72.70341491699219,292.8739013671875,133.5857391357422
38SMB_01611_r9120_c3600,0,0.8607805967330933,25.968780517578125,0.6967887878417969,78.87845611572266,52.96463394165039
38SMB_01611_r9120_c3600,1,0.6039469242095947,6.031959533691406,284.8062438964844,64.46003723144531,319.9551696777344
38SMB_01611_r9120_c3600,2,0.5584651827812195,55.64965057373047,288.28375244140625,101.4761734008789,319.94647216796875
38SMB_01611_r9120_c3600,3,0.35246631503105164,219.4437255859375,222.14244079589844,319.6602783203125,320.0
38SMB_01611_r9120_c3600,4,0.3148999512195587,12.054069519042969,187.9789581298828,65.54634857177734,240.61167907714844
38SMB_01611_r9120_c3600,5,0.29537200927734375,0.1879119873046875,0.0625762939453125,32.40763854980469,17.41016387939453
38SMB_01611_r9120_c3600,6,0.2811328172683716,164.39120483398438,113.23960876464844,234.12454223632812,180.16090393066406
38SMB_01611_r9120_c3600,7,0.203275665640831,1.5959053039550781,75.95025634765625,51.39777374267578,130.18133544921875
38SMB_01611_r9120_c3600,8,0.19655001163482666,35.84657669067383,64.80259704589844,133.91835021972656,166.99777221679688
38SMB_01612_r9120_c3840,0,0.34548988938331604,233.55581665039062,88.55841064453125,301.8852233886719,149.9988555908203
38SMB_01612_r9120_c3840,1,0.31042730808258057,0.0,223.80369567871094,83.4398193359375,319.91845703125
38SMB_01612_r9120_c3840,2,0.2007295936346054,167.55780029296875,109.86474609375,226.8841552734375,168.5863037109375
38SMB_01612_r9120_c3840,3,0.15317174792289734,130.500244140625,70.91766357421875,194.34408569335938,137.32028198242188
38SMB_01613_r9120_c4080,0,0.8017042875289917,180.32972717285156,103.04637145996094,226.2929229736328,151.87408447265625
38SMB_01613_r9120_c4080,1,0.32163703441619873,73.81961822509766,73.04891204833984,205.42514038085938,186.32028198242188
38SMB_01613_r9120_c4080,2,0.32048556208610535,215.25619506835938,84.21531677246094,303.2743225097656,157.2837677001953
38SMB_01613_r9120_c4080,3,0.15367142856121063,0.0,90.27001953125,61.433738708496094,148.14544677734375
38SMB_01613_r9120_c4080,4,0.13540558516979218,50.6019172668457,34.071266174316406,135.94737243652344,119.42659759521484
38SMB_01614_r9120_c4320,0,0.24431879818439484,77.45693969726562,10.340784072875977,137.2834930419922,72.3860855102539
38SMB_01614_r9120_c4320,1,0.21419163048267365,0.12833786010742188,87.73658752441406,59.610633850097656,153.68287658691406
38SMB_01615_r9120_c4560,0,0.6878083944320679,101.61083221435547,52.25233840942383,186.03765869140625,132.5432586669922
38SMB_01615_r9120_c4560,1,0.28936776518821716,173.61166381835938,0.0,311.6094665527344,115.390380859375
38SMB_01615_r9120_c4560,2,0.1526789516210556,250.9118194580078,296.8879699707031,297.41204833984375,320.0
38SMB_01616_r9120_c4800,0,0.6587878465652466,98.25138854980469,242.82081604003906,160.78468322753906,302.1661376953125
38SMB_01616_r9120_c4800,1,0.21867068111896515,84.0430908203125,162.82571411132812,192.62313842773438,256.9714660644531
38SMB_01616_r9120_c4800,2,0.1823626011610031,0.6937179565429688,0.0,114.5357437133789,92.18734741210938
38SMB_01616_r9120_c4800,3,0.14573700726032257,11.496864318847656,297.72674560546875,57.209632873535156,320.0
38SMB_01616_r9120_c4800,4,0.14086021482944489,166.62646484375,138.1988983154297,244.44708251953125,229.22312927246094
38SMB_01616_r9120_c4800,5,0.13730467855930328,0.7850570678710938,218.875,93.72567749023438,317.033935546875
38SMB_01616_r9120_c4800,6,0.1173504889011383,49.41703796386719,299.1269226074219,111.2603759765625,320.0
38SMB_01616_r9120_c4800,7,0.10694745928049088,138.82366943359375,0.0,184.137939453125,25.73432159423828
38SMB_01617_r9120_c5040,0,0.19407065212726593,84.05702209472656,262.0812683105469,197.47727966308594,320.0
38SMB_01617_r9120_c5040,1,0.11735612154006958,0.04194831848144531,215.0306396484375,29.301620483398438,268.41943359375
38SMB_01617_r9120_c5040,2,0.10734496265649796,40.691375732421875,243.48858642578125,100.61137390136719,305.13299560546875
38SMB_01618_r9120_c5280,0,0.10463432967662811,167.0941162109375,0.0,238.71661376953125,22.67984962463379
38SMB_01619_r9120_c5520,0,0.815102756023407,124.61685943603516,62.40703201293945,183.66830444335938,120.14570617675781
38SMB_01619_r9120_c5520,1,0.16585245728492737,239.47811889648438,21.883211135864258,298.2333068847656,79.99031066894531
38SMB_01619_r9120_c5520,2,0.1588464379310608,8.170501708984375,0.11164093017578125,110.01089477539062,51.115440368652344
38SMB_01619_r9120_c5520,3,0.12203752994537354,42.210716247558594,0.0,106.22061920166016,40.64265823364258
38SMB_01620_r9120_c5760,0,0.13941949605941772,1.7326240539550781,22.98919677734375,57.20441436767578,77.71760559082031
38SMB_01620_r9120_c5760,1,0.11197876930236816,0.12073516845703125,98.7977066040039,35.44023895263672,162.10964965820312
38SMB_01624_r9120_c6720,0,0.2522193491458893,136.55355834960938,77.15890502929688,181.09268188476562,123.96481323242188
38SMB_01625_r9120_c6960,0,0.12646012008190155,126.13482666015625,145.85372924804688,194.55859375,210.90133666992188
38SMB_01627_r9120_c7440,0,0.6314247846603394,194.05563354492188,157.3712158203125,248.47921752929688,208.8277587890625
38SMB_01627_r9120_c7440,1,0.4336602985858917,230.804931640625,35.98927307128906,285.22998046875,89.22988891601562
38SMB_01627_r9120_c7440,2,0.15762147307395935,177.80340576171875,212.68655395507812,238.62530517578125,287.9878234863281
38SMB_01627_r9120_c7440,3,0.12211060523986816,234.96817016601562,38.529762268066406,280.9922790527344,82.52710723876953
38SMB_01628_r9120_c7680,0,0.4720424711704254,0.5785026550292969,0.156463623046875,42.264713287353516,50.282623291015625
38SMB_01628_r9120_c7680,1,0.39977604150772095,0.0,35.56244659423828,46.69209671020508,92.282958984375
38SMB_01628_r9120_c7680,2,0.202033132314682,88.03419494628906,188.45205688476562,151.01100158691406,249.77468872070312
38SMB_01628_r9120_c7680,3,0.14746031165122986,0.09485244750976562,38.45588684082031,41.40143966674805,82.50506591796875
38SMB_01630_r9120_c8160,0,0.14012956619262695,130.65890502929688,169.82489013671875,201.67129516601562,233.88433837890625
38SMB_01630_r9120_c8160,1,0.1373140513896942,117.9238510131836,231.13955688476562,166.03848266601562,276.7311706542969
38SMB_01634_r9120_c9120,0,0.21481388807296753,0.0319671630859375,145.62794494628906,34.3675651550293,207.14292907714844
38SMB_01635_r9120_c9360,0,0.2937772274017334,198.91519165039062,109.3397216796875,247.92221069335938,158.43313598632812
38SMB_01636_r9120_c9600,0,0.1675351858139038,221.6129150390625,269.4654541015625,286.1466064453125,319.8284912109375
38SMB_01637_r9120_c9680,0,0.3325643837451935,257.93487548828125,152.31585693359375,319.92010498046875,242.659423828125
38SMB_01637_r9120_c9680,1,0.29938116669654846,0.0,15.550003051757812,48.84923553466797,83.6962890625
38SMB_01637_r9120_c9680,2,0.16634345054626465,141.68402099609375,269.55352783203125,206.21359252929688,319.8282470703125
38SMB_01638_r9360_c0,0,0.28772127628326416,22.878128051757812,244.46026611328125,139.7978515625,320.0
38SMB_01642_r9360_c960,0,0.1810961216688156,127.15933990478516,0.0,303.8439025878906,119.83132934570312
38SMB_01642_r9360_c960,1,0.17572447657585144,294.73602294921875,239.21823120117188,320.0,280.7947692871094
38SMB_01642_r9360_c960,2,0.1642269790172577,68.57160949707031,288.391845703125,101.03916931152344,319.9632568359375
38SMB_01642_r9360_c960,3,0.13950566947460175,236.11871337890625,198.16793823242188,304.93646240234375,268.8986511230469
38SMB_01643_r9360_c1200,0,0.2810940742492676,130.87094116210938,0.0,210.32516479492188,58.23651885986328
38SMB_01643_r9360_c1200,1,0.1782609522342682,0.15814971923828125,9.35546875,74.03190612792969,135.99586486816406
38SMB_01643_r9360_c1200,2,0.1213512197136879,85.91255950927734,37.067840576171875,126.78217315673828,79.32624816894531
38SMB_01643_r9360_c1200,3,0.10623744130134583,0.13266754150390625,196.69915771484375,65.3667221069336,270.30316162109375
38SMB_01644_r9360_c1440,0,0.56406170129776,141.56149291992188,55.60963439941406,220.17367553710938,134.72430419921875
38SMB_01644_r9360_c1440,1,0.3398284614086151,210.31716918945312,131.73724365234375,270.4915466308594,198.49078369140625
38SMB_01644_r9360_c1440,2,0.3235629200935364,97.06389617919922,160.86204528808594,188.34063720703125,238.1436309814453
38SMB_01644_r9360_c1440,3,0.23871298134326935,163.61514282226562,220.0699462890625,215.84744262695312,270.601318359375
38SMB_01644_r9360_c1440,4,0.21539875864982605,300.1529846191406,124.22212219238281,319.9106140136719,175.30845642089844
38SMB_01644_r9360_c1440,5,0.16281354427337646,243.3299560546875,228.42416381835938,319.74951171875,308.2442932128906
38SMB_01644_r9360_c1440,6,0.15371552109718323,202.0986328125,230.30433654785156,264.2269287109375,296.71923828125
38SMB_01644_r9360_c1440,7,0.11306989192962646,214.31130981445312,32.54796600341797,266.6700134277344,83.84474182128906
38SMB_01644_r9360_c1440,8,0.10947814583778381,166.76034545898438,143.37704467773438,202.79391479492188,184.48355102539062
38SMB_01645_r9360_c1680,0,0.7507648468017578,152.12060546875,169.846435546875,191.9981689453125,208.71820068359375
38SMB_01645_r9360_c1680,1,0.22570013999938965,3.7728729248046875,228.17526245117188,79.17494201660156,308.2595520019531
38SMB_01645_r9360_c1680,2,0.1894584745168686,144.72003173828125,216.73159790039062,280.8727722167969,319.6094665527344
38SMB_01645_r9360_c1680,3,0.1738985925912857,0.0,31.644309997558594,28.245906829833984,90.05435943603516
38SMB_01645_r9360_c1680,4,0.15566129982471466,94.0546875,219.65362548828125,170.59426879882812,300.71734619140625
38SMB_01645_r9360_c1680,5,0.1514526605606079,0.0,225.51902770996094,21.871334075927734,305.2103271484375
38SMB_01645_r9360_c1680,6,0.13923414051532745,45.7067756652832,129.91055297851562,165.8329315185547,252.17205810546875
38SMB_01645_r9360_c1680,7,0.12321584671735764,95.26612091064453,201.38174438476562,236.7657470703125,319.9974670410156
38SMB_01645_r9360_c1680,8,0.1228732243180275,0.007871627807617188,132.31793212890625,29.381305694580078,198.464111328125
38SMB_01645_r9360_c1680,9,0.11265300959348679,86.68597412109375,188.55477905273438,266.9064636230469,320.0
38SMB_01645_r9360_c1680,10,0.11235214024782181,0.11365699768066406,219.80990600585938,29.099468231201172,315.9986877441406
38SMB_01646_r9360_c1920,0,0.550303041934967,218.13247680664062,49.480979919433594,278.0278015136719,107.23986053466797
38SMB_01646_r9360_c1920,1,0.3272875249385834,124.99298095703125,150.97286987304688,257.3656921386719,262.0642395019531
38SMB_01646_r9360_c1920,2,0.3118877708911896,239.14620971679688,0.0,319.1283874511719,107.5354232788086
38SMB_01646_r9360_c1920,3,0.282734215259552,53.40549087524414,57.943302154541016,150.37078857421875,148.2503662109375
38SMB_01646_r9360_c1920,4,0.19808894395828247,154.67294311523438,3.3001785278320312,266.5625305175781,104.76490783691406
38SMB_01646_r9360_c1920,5,0.19762389361858368,159.11526489257812,7.391975402832031,238.06808471679688,94.94475555419922
38SMB_01646_r9360_c1920,6,0.16500355303287506,229.65357971191406,0.0,320.0,82.17832946777344
38SMB_01646_r9360_c1920,7,0.1410544365644455,291.8688659667969,153.14407348632812,319.9311828613281,203.44512939453125
38SMB_01646_r9360_c1920,8,0.13908690214157104,110.265625,25.211769104003906,172.66183471679688,88.17680358886719
38SMB_01646_r9360_c1920,9,0.10931479930877686,267.7291259765625,252.89614868164062,319.225830078125,318.0274963378906
38SMB_01646_r9360_c1920,10,0.10686704516410828,113.41635131835938,136.75534057617188,273.144287109375,278.1879577636719
38SMB_01647_r9360_c2160,0,0.4271584153175354,0.0,39.9035530090332,40.27791976928711,107.84690856933594
38SMB_01647_r9360_c2160,1,0.38982996344566345,50.790679931640625,152.51431274414062,100.50405883789062,203.2855224609375
38SMB_01647_r9360_c2160,2,0.23550772666931152,127.2183609008789,174.75607299804688,253.78280639648438,288.94683837890625
38SMB_01647_r9360_c2160,3,0.21444544196128845,79.70829772949219,232.94398498535156,171.0010528564453,320.0
38SMB_01647_r9360_c2160,4,0.21211326122283936,88.67022705078125,1.4400787353515625,126.1190185546875,40.683998107910156
38SMB_01647_r9360_c2160,5,0.2075086385011673,257.36627197265625,36.71687316894531,314.13616943359375,94.50131225585938
38SMB_01647_r9360_c2160,6,0.19675800204277039,0.0,214.88719177246094,50.457244873046875,300.4141845703125
38SMB_01647_r9360_c2160,7,0.18086810410022736,0.0,0.0,144.89617919921875,127.84790802001953
38SMB_01647_r9360_c2160,8,0.17849387228488922,137.74026489257812,16.647872924804688,272.78106689453125,132.6285858154297
38SMB_01647_r9360_c2160,9,0.14041836559772491,41.300018310546875,34.98905563354492,156.0147705078125,151.8209991455078
38SMB_01647_r9360_c2160,10,0.1264873594045639,1.6171798706054688,0.0,93.67871856689453,90.8468017578125
38SMB_01647_r9360_c2160,11,0.10824909806251526,211.00360107421875,301.83782958984375,272.0428161621094,319.91754150390625
38SMB_01647_r9360_c2160,12,0.10496362298727036,226.2425537109375,306.6240234375,268.2797546386719,320.0
38SMB_01648_r9360_c2400,0,0.42323315143585205,154.6436767578125,26.416748046875,221.32489013671875,97.36006164550781
38SMB_01648_r9360_c2400,1,0.3517286777496338,69.21479797363281,143.2913818359375,122.10066223144531,198.6644287109375
38SMB_01648_r9360_c2400,2,0.22611641883850098,19.24242401123047,39.304725646972656,71.16098022460938,93.31958770751953
38SMB_01648_r9360_c2400,3,0.1690511703491211,268.93597412109375,215.2275390625,312.67559814453125,258.5208740234375
38SMB_01648_r9360_c2400,4,0.14392244815826416,0.03775787353515625,21.572357177734375,34.14117431640625,104.54977416992188
38SMB_01648_r9360_c2400,5,0.10054880380630493,12.739830017089844,235.64195251464844,107.27643585205078,319.743896484375
38SMB_01649_r9360_c2640,0,0.6901752352714539,226.44931030273438,120.79196166992188,319.0472106933594,210.580078125
38SMB_01649_r9360_c2640,1,0.4234536290168762,219.3018798828125,24.486343383789062,281.75909423828125,88.60986328125
38SMB_01649_r9360_c2640,2,0.3828833997249603,241.03048706054688,276.54046630859375,315.1918029785156,319.91888427734375
38SMB_01649_r9360_c2640,3,0.2827364504337311,37.54298400878906,133.30410766601562,146.06576538085938,241.44601440429688
38SMB_01649_r9360_c2640,4,0.20136964321136475,29.227081298828125,214.05276489257812,70.87808227539062,257.792236328125
38SMB_01649_r9360_c2640,5,0.19504474103450775,142.89193725585938,38.957489013671875,275.0680236816406,183.5281982421875
38SMB_01649_r9360_c2640,6,0.17927910387516022,265.30023193359375,26.25804901123047,319.927001953125,118.2063217163086
38SMB_01649_r9360_c2640,7,0.15952034294605255,125.02700805664062,37.25659942626953,167.70367431640625,79.3809585571289
38SMB_01649_r9360_c2640,8,0.1576615571975708,0.0,142.36911010742188,22.578622817993164,191.60198974609375
38SMB_01649_r9360_c2640,9,0.15495973825454712,184.35899353027344,158.19012451171875,202.9240264892578,178.208740234375
38SMB_01650_r9360_c2880,0,0.7000022530555725,0.0,123.23983001708984,77.06884765625,209.98306274414062
38SMB_01650_r9360_c2880,1,0.6823802590370178,163.29730224609375,66.54289245605469,207.767578125,111.34605407714844
38SMB_01650_r9360_c2880,2,0.6350598931312561,88.20181274414062,226.92788696289062,146.877685546875,281.3457336425781
38SMB_01650_r9360_c2880,3,0.6119841933250427,202.0763397216797,28.024658203125,319.95770263671875,147.89663696289062
38SMB_01650_r9360_c2880,4,0.4968789219856262,102.2971420288086,122.87958526611328,155.00387573242188,171.76971435546875
38SMB_01650_r9360_c2880,5,0.41705676913261414,0.2602081298828125,20.267837524414062,42.86505889892578,90.480712890625
38SMB_01650_r9360_c2880,6,0.4022413492202759,0.0,276.69140625,73.89775085449219,319.87176513671875
38SMB_01650_r9360_c2880,7,0.37619757652282715,99.62349700927734,156.97808837890625,179.82296752929688,244.50238037109375
38SMB_01650_r9360_c2880,8,0.3438267409801483,193.22483825683594,248.914794921875,318.8055419921875,320.0
38SMB_01650_r9360_c2880,9,0.3342703878879547,29.360733032226562,31.214630126953125,123.4388427734375,125.23048400878906
38SMB_01650_r9360_c2880,10,0.23450595140457153,60.045745849609375,199.53240966796875,113.61651611328125,256.154296875
38SMB_01650_r9360_c2880,11,0.21405932307243347,307.09625244140625,20.82300567626953,319.97149658203125,71.25224304199219
38SMB_01650_r9360_c2880,12,0.16952723264694214,192.4027557373047,14.7381591796875,320.0,175.4696044921875
38SMB_01650_r9360_c2880,13,0.16506657004356384,303.689208984375,18.523223876953125,320.0,77.90740966796875
38SMB_01650_r9360_c2880,14,0.14320051670074463,96.66909790039062,53.135589599609375,132.4986114501953,86.99296569824219
38SMB_01651_r9360_c3120,0,0.604120135307312,185.88211059570312,230.71694946289062,245.21957397460938,288.4848327636719
38SMB_01651_r9360_c3120,1,0.49405014514923096,0.0,32.16072082519531,84.64244079589844,145.79010009765625
38SMB_01651_r9360_c3120,2,0.48210954666137695,190.20724487304688,188.48504638671875,260.84271240234375,253.24322509765625
38SMB_01651_r9360_c3120,3,0.463092565536499,0.0,254.51731872558594,82.30278015136719,320.0
38SMB_01651_r9360_c3120,4,0.4626084268093109,256.62689208984375,205.9718017578125,320.0,285.2475891113281
38SMB_01651_r9360_c3120,5,0.4118101894855499,59.07761764526367,8.971046447753906,131.85865783691406,89.5799331665039
38SMB_01651_r9360_c3120,6,0.10314147919416428,256.35406494140625,221.3282012939453,274.61822509765625,240.2732391357422
38SMB_01652_r9360_c3360,0,0.79380863904953,245.59893798828125,43.56230163574219,309.28759765625,111.18309020996094
38SMB_01652_r9360_c3360,1,0.5919570326805115,133.87600708007812,121.4700927734375,198.24813842773438,190.33468627929688
38SMB_01652_r9360_c3360,2,0.5735815763473511,296.5892333984375,47.06600570678711,320.0,94.21340942382812
38SMB_01652_r9360_c3360,3,0.3867886960506439,0.0132293701171875,196.04812622070312,22.051685333251953,252.57730102539062
38SMB_01652_r9360_c3360,4,0.2763115465641022,127.79691314697266,202.82330322265625,198.07913208007812,269.2148132324219
38SMB_01652_r9360_c3360,5,0.2472822219133377,268.9272766113281,247.36007690429688,320.0,302.0750427246094
38SMB_01652_r9360_c3360,6,0.20173166692256927,0.035373687744140625,185.87960815429688,26.899494171142578,261.3942565917969
38SMB_01652_r9360_c3360,7,0.18527154624462128,15.662078857421875,200.61734008789062,128.84451293945312,296.5132751464844
38SMB_01652_r9360_c3360,8,0.14498141407966614,0.0,199.7088623046875,27.890323638916016,248.27581787109375
38SMB_01652_r9360_c3360,9,0.13561496138572693,265.3516540527344,241.44039916992188,320.0,316.7306213378906
38SMB_01652_r9360_c3360,10,0.11588224023580551,8.323413848876953,216.86630249023438,35.520145416259766,246.69967651367188
38SMB_01652_r9360_c3360,11,0.10873174667358398,87.73609924316406,131.814208984375,143.97171020507812,190.69613647460938
38SMB_01652_r9360_c3360,12,0.10433406382799149,16.729347229003906,221.48678588867188,34.615257263183594,240.80538940429688
38SMB_01653_r9360_c3600,0,0.8394701480865479,5.669609069824219,43.46571350097656,69.04136657714844,111.06874084472656
38SMB_01653_r9360_c3600,1,0.7185280323028564,55.725582122802734,48.18180847167969,100.76910400390625,93.61456298828125
38SMB_01653_r9360_c3600,2,0.7139971256256104,242.803955078125,171.11148071289062,286.87188720703125,214.68197631835938
38SMB_01653_r9360_c3600,3,0.5332646369934082,27.05267333984375,238.64297485351562,113.72969055175781,312.3186950683594
38SMB_01653_r9360_c3600,4,0.4385588467121124,223.3411407470703,0.0,318.19146728515625,93.85699462890625
38SMB_01653_r9360_c3600,5,0.17935657501220703,280.52496337890625,161.29592895507812,319.87603759765625,247.5167236328125
38SMB_01653_r9360_c3600,6,0.16373975574970245,90.32650756835938,132.59555053710938,156.72821044921875,190.31570434570312
38SMB_01654_r9360_c3840,0,0.7844308614730835,248.16854858398438,189.87765502929688,295.7397766113281,236.85818481445312
38SMB_01654_r9360_c3840,1,0.7225925922393799,2.7882080078125,170.87759399414062,46.77069091796875,214.80056762695312
38SMB_01654_r9360_c3840,2,0.4132468104362488,172.58831787109375,203.5675048828125,254.328857421875,285.4844970703125
38SMB_01654_r9360_c3840,3,0.3902915418148041,0.0,0.112640380859375,79.50499725341797,93.38945007324219
38SMB_01654_r9360_c3840,4,0.3870542347431183,216.082275390625,255.5878448486328,294.59283447265625,320.0
38SMB_01654_r9360_c3840,5,0.32420384883880615,38.63038635253906,161.07247924804688,111.71586608886719,236.35812377929688
38SMB_01654_r9360_c3840,6,0.10802288353443146,63.27716827392578,192.94943237304688,102.35295867919922,231.89633178710938
38SMB_01655_r9360_c4080,0,0.7929587960243225,9.085258483886719,191.4027557373047,53.41725158691406,234.7449493408203
38SMB_01655_r9360_c4080,1,0.16668322682380676,0.4643707275390625,0.0,103.25993347167969,98.77391052246094
38SMB_01655_r9360_c4080,2,0.15161506831645966,139.12295532226562,73.57403564453125,225.19400024414062,164.91738891601562
38SMB_01655_r9360_c4080,3,0.10156785696744919,0.0,255.54281616210938,49.30649948120117,320.0
38SMB_01656_r9360_c4320,0,0.12069403380155563,78.26472473144531,282.6669921875,174.7468719482422,319.595703125
38SMB_01656_r9360_c4320,1,0.1199607253074646,93.96487426757812,199.6722412109375,146.86798095703125,260.2684020996094
38SMB_01656_r9360_c4320,2,0.10721809417009354,194.29898071289062,111.20616912841797,229.56539916992188,146.787841796875
38SMB_01657_r9360_c4560,0,0.4880230724811554,98.60115814208984,280.78057861328125,160.94772338867188,319.68890380859375
38SMB_01657_r9360_c4560,1,0.29590722918510437,234.07244873046875,100.51661682128906,294.0599365234375,160.63893127441406
38SMB_01657_r9360_c4560,2,0.2331802248954773,289.5013427734375,63.767208099365234,319.9447021484375,132.29632568359375
38SMB_01657_r9360_c4560,3,0.1507144272327423,161.99383544921875,16.772117614746094,256.1103210449219,118.92818450927734
38SMB_01657_r9360_c4560,4,0.13658107817173004,223.15621948242188,0.15195465087890625,320.0,70.98168182373047
38SMB_01657_r9360_c4560,5,0.13312461972236633,170.71115112304688,21.05889892578125,243.46914672851562,113.42208862304688
38SMB_01657_r9360_c4560,6,0.1123519316315651,72.337158203125,167.57159423828125,163.47036743164062,266.4699401855469
38SMB_01658_r9360_c4800,0,0.7161751985549927,98.57233428955078,5.500865936279297,160.3245849609375,61.84476852416992
38SMB_01658_r9360_c4800,1,0.6803555488586426,47.43011474609375,61.34442138671875,114.34037780761719,130.0424346923828
38SMB_01658_r9360_c4800,2,0.28012320399284363,104.26264953613281,149.9339141845703,156.41209411621094,201.51866149902344
38SMB_01658_r9360_c4800,3,0.24350890517234802,109.50404357910156,56.03961181640625,230.3866729736328,156.64968872070312
38SMB_01658_r9360_c4800,4,0.20967142283916473,0.736907958984375,0.03447723388671875,95.90101623535156,72.27896118164062
38SMB_01658_r9360_c4800,5,0.18636220693588257,156.93490600585938,173.24905395507812,203.60842895507812,222.72906494140625
38SMB_01658_r9360_c4800,6,0.18598775565624237,0.0609283447265625,100.05819702148438,53.052703857421875,160.85458374023438
38SMB_01658_r9360_c4800,7,0.13062706589698792,216.1478271484375,0.0,270.94525146484375,28.451276779174805
38SMB_01658_r9360_c4800,8,0.10692796111106873,103.10136413574219,68.05343627929688,207.0768585205078,147.7445068359375
38SMB_01659_r9360_c5040,0,0.2761715054512024,99.60963439941406,139.17010498046875,161.82798767089844,200.744873046875
38SMB_01659_r9360_c5040,1,0.12905676662921906,84.26388549804688,23.206645965576172,181.50079345703125,114.30302429199219
38SMB_01659_r9360_c5040,2,0.10740721225738525,40.738887786865234,3.0149917602539062,100.64254760742188,65.00871276855469
38SMB_01662_r9360_c5760,0,0.439075231552124,233.5367431640625,233.1266632080078,304.64581298828125,300.13739013671875
38SMB_01663_r9360_c6000,0,0.47720298171043396,0.0,233.0190887451172,65.05340576171875,301.83416748046875
38SMB_01665_r9360_c6480,0,0.5008686780929565,68.36491394042969,264.9259033203125,125.69264221191406,316.28076171875
38SMB_01668_r9360_c7200,0,0.38099372386932373,176.8116455078125,274.143798828125,231.6143798828125,320.0
38SMB_01668_r9360_c7200,1,0.17612092196941376,292.82666015625,175.781005859375,319.7725830078125,218.31646728515625
38SMB_01669_r9360_c7440,0,0.3464251160621643,51.84065628051758,174.26272583007812,98.28910827636719,218.3270263671875
38SMB_01670_r9360_c7680,0,0.28025737404823303,200.65744018554688,123.5369873046875,254.04873657226562,175.32119750976562
38SMB_01670_r9360_c7680,1,0.14524921774864197,264.83111572265625,151.00613403320312,315.60626220703125,225.39242553710938
38SMB_01670_r9360_c7680,2,0.11500459164381027,76.37545776367188,262.23797607421875,109.3009033203125,295.33551025390625
38SMB_01671_r9360_c7920,0,0.251160591840744,79.95988464355469,205.77880859375,130.2102813720703,257.08349609375
38SMB_01671_r9360_c7920,1,0.15453006327152252,0.0,122.80224609375,17.00648307800293,175.15008544921875
38SMB_01671_r9360_c7920,2,0.1423921287059784,23.077880859375,152.78091430664062,81.77381896972656,223.88290405273438
38SMB_01671_r9360_c7920,3,0.128903329372406,0.0,125.4039535522461,12.844034194946289,172.78701782226562
38SMB_01671_r9360_c7920,4,0.10110799968242645,35.48918914794922,41.6871337890625,82.92707061767578,93.06317138671875
38SMB_01672_r9360_c8160,0,0.12910273671150208,118.460693359375,0.025447845458984375,166.1444091796875,36.41012191772461
38SMB_01675_r9360_c8880,0,0.10741113871335983,105.73458862304688,0.07761764526367188,187.00408935546875,46.80348205566406
38SMB_01676_r9360_c9120,0,0.10644838958978653,0.0886077880859375,0.0,39.246795654296875,38.73902130126953
38SMB_01677_r9360_c9360,0,0.29758763313293457,85.77197265625,283.21826171875,136.07852172851562,319.952880859375
38SMB_01678_r9360_c9600,0,0.1135510802268982,223.4169921875,31.804931640625,281.87774658203125,88.72256469726562
38SMB_01679_r9360_c9680,0,0.11250902712345123,143.34715270996094,31.734619140625,201.9128875732422,88.81594848632812
38SMB_01680_r9600_c0,0,0.19935105741024017,155.71484375,278.232421875,202.948974609375,319.9283447265625
38SMB_01684_r9600_c960,0,0.24007056653499603,295.1196594238281,1.0698890686035156,320.0,38.834808349609375
38SMB_01684_r9600_c960,1,0.1310104876756668,67.78239440917969,47.98204803466797,102.07231140136719,84.62857818603516
38SMB_01684_r9600_c960,2,0.11553415656089783,249.54164123535156,0.0008220672607421875,301.165771484375,30.01341438293457
38SMB_01684_r9600_c960,3,0.1020331159234047,63.39765930175781,46.181575775146484,106.25032043457031,90.28997802734375
38SMB_01685_r9600_c1200,0,0.11779434233903885,274.173095703125,235.12750244140625,320.0,297.16790771484375
38SMB_01685_r9600_c1200,1,0.11179818958044052,48.84716796875,2.4736175537109375,138.31576538085938,92.85395812988281
38SMB_01686_r9600_c1440,0,0.5308125019073486,168.57919311523438,67.04725646972656,221.115478515625,118.99678039550781
38SMB_01686_r9600_c1440,1,0.2228393256664276,33.67462158203125,235.8238525390625,90.87222290039062,296.69927978515625
38SMB_01686_r9600_c1440,2,0.20707446336746216,293.2817687988281,236.4285888671875,320.0,308.71063232421875
38SMB_01686_r9600_c1440,3,0.17583556473255157,201.757080078125,0.0,264.6943359375,57.124576568603516
38SMB_01686_r9600_c1440,4,0.14136698842048645,258.67950439453125,98.12525177001953,319.7679443359375,202.162353515625
38SMB_01686_r9600_c1440,5,0.11394006013870239,244.06764221191406,0.5159378051757812,320.0,68.94580078125
38SMB_01687_r9600_c1680,0,0.2468351572751999,52.61588668823242,236.158447265625,123.14009094238281,309.041015625
38SMB_01687_r9600_c1680,1,0.24203918874263763,25.282363891601562,76.66094970703125,178.17938232421875,198.06649780273438
38SMB_01687_r9600_c1680,2,0.1878238320350647,191.4481201171875,150.21185302734375,320.0,277.7512512207031
38SMB_01687_r9600_c1680,3,0.18508943915367126,95.96101379394531,0.46878814697265625,238.5749969482422,73.49952697753906
38SMB_01687_r9600_c1680,4,0.17408184707164764,143.89874267578125,0.0,305.93670654296875,133.09657287597656
38SMB_01687_r9600_c1680,5,0.13710305094718933,90.2669906616211,0.05207061767578125,203.08523559570312,67.74234008789062
38SMB_01687_r9600_c1680,6,0.1255647838115692,93.6641616821289,0.0,174.93515014648438,59.861812591552734
38SMB_01687_r9600_c1680,7,0.117317333817482,84.56749725341797,0.0,278.3736572265625,102.75846862792969
38SMB_01687_r9600_c1680,8,0.10802959650754929,0.0,0.0,20.91124725341797,65.08609008789062
38SMB_01687_r9600_c1680,9,0.10604656487703323,214.85867309570312,170.79376220703125,318.9408874511719,279.02984619140625
38SMB_01688_r9600_c1920,0,0.6839266419410706,233.54812622070312,246.3562469482422,273.5589294433594,287.82305908203125
38SMB_01688_r9600_c1920,1,0.29793471097946167,137.66986083984375,261.8260498046875,180.97314453125,303.2822265625
38SMB_01688_r9600_c1920,2,0.2889004945755005,265.10577392578125,103.3666763305664,319.804931640625,197.55874633789062
38SMB_01688_r9600_c1920,3,0.25117045640945435,170.70046997070312,260.6744079589844,276.4001159667969,319.6544494628906
38SMB_01688_r9600_c1920,4,0.15172402560710907,155.07077026367188,215.16860961914062,212.52957153320312,269.8625183105469
38SMB_01688_r9600_c1920,5,0.13216565549373627,179.64373779296875,114.88009643554688,275.7276611328125,238.73309326171875
38SMB_01688_r9600_c1920,6,0.1273583173751831,0.0,177.14590454101562,104.61972045898438,274.7789611816406
38SMB_01688_r9600_c1920,7,0.11359274387359619,51.39202880859375,147.75830078125,122.68260192871094,214.83505249023438
38SMB_01689_r9600_c2160,0,0.5119172930717468,0.0,246.12806701660156,33.164337158203125,287.633544921875
38SMB_01689_r9600_c2160,1,0.39891958236694336,210.08795166015625,171.11322021484375,264.1229553222656,223.7647705078125
38SMB_01689_r9600_c2160,2,0.3079761564731598,26.998809814453125,56.18756103515625,166.34774780273438,191.25396728515625
38SMB_01689_r9600_c2160,3,0.3076174557209015,127.70819854736328,143.95639038085938,225.09136962890625,247.43026733398438
38SMB_01689_r9600_c2160,4,0.2490396648645401,209.85716247558594,56.459320068359375,320.0,193.3389434814453
38SMB_01689_r9600_c2160,5,0.20299500226974487,80.03715515136719,0.0,170.93173217773438,83.87841796875
38SMB_01689_r9600_c2160,6,0.19527265429496765,135.08859252929688,225.59896850585938,205.53594970703125,286.7884216308594
38SMB_01689_r9600_c2160,7,0.16049039363861084,160.07855224609375,0.09328079223632812,238.558349609375,44.77090835571289
38SMB_01689_r9600_c2160,8,0.15997381508350372,0.0,0.0,51.01325988769531,55.28001022338867
38SMB_01689_r9600_c2160,9,0.15704113245010376,181.66006469726562,122.57467651367188,211.45657348632812,151.81610107421875
38SMB_01689_r9600_c2160,10,0.1561364233493805,0.0,149.56707763671875,36.27186965942383,241.77056884765625
38SMB_01689_r9600_c2160,11,0.14828063547611237,0.005626678466796875,277.9134521484375,33.80455780029297,319.8717041015625
38SMB_01689_r9600_c2160,12,0.12799780070781708,123.17039489746094,295.78033447265625,175.46287536621094,319.97271728515625
38SMB_01689_r9600_c2160,13,0.11848144978284836,67.00772094726562,75.36616516113281,173.301025390625,174.37191772460938
38SMB_01689_r9600_c2160,14,0.11749695986509323,142.1649169921875,1.8670234680175781,182.17874145507812,44.355838775634766
38SMB_01689_r9600_c2160,15,0.10971499979496002,0.01079559326171875,33.40888595581055,40.79564666748047,121.39353942871094
38SMB_01690_r9600_c2400,0,0.21681569516658783,0.43357086181640625,63.80915832519531,97.87013244628906,191.69287109375
38SMB_01690_r9600_c2400,1,0.11774162948131561,272.33404541015625,0.0,305.87835693359375,17.50347900390625
38SMB_01690_r9600_c2400,2,0.11435495316982269,78.76219177246094,288.66107177734375,150.6658172607422,320.0
38SMB_01690_r9600_c2400,3,0.10815232992172241,0.0,170.50047302246094,24.955156326293945,222.30430603027344
38SMB_01691_r9600_c2640,0,0.3722582459449768,240.83782958984375,72.83364868164062,294.82135009765625,122.41110229492188
38SMB_01691_r9600_c2640,1,0.3477124273777008,243.7366943359375,36.70746612548828,310.287109375,95.60225677490234
38SMB_01691_r9600_c2640,2,0.31254661083221436,73.34898376464844,125.70379638671875,125.58854675292969,180.59817504882812
38SMB_01691_r9600_c2640,3,0.2766777575016022,163.17526245117188,132.32101440429688,268.0440979003906,227.27304077148438
38SMB_01691_r9600_c2640,4,0.15974600613117218,253.0729217529297,108.9240493774414,319.69708251953125,227.33999633789062
38SMB_01691_r9600_c2640,5,0.12998367846012115,33.548622131347656,0.11832237243652344,65.16353607177734,16.64092445373535
38SMB_01691_r9600_c2640,6,0.11172302812337875,0.148895263671875,99.86917114257812,93.8285903930664,252.9910888671875
38SMB_01692_r9600_c2880,0,0.5706679821014404,88.6968994140625,0.0,152.44406127929688,41.59197235107422
38SMB_01692_r9600_c2880,1,0.41481027007102966,11.040740966796875,106.26364135742188,136.8166961669922,228.283203125
38SMB_01692_r9600_c2880,2,0.39145952463150024,2.647430419921875,36.85874938964844,69.67586517333984,95.10643005371094
38SMB_01692_r9600_c2880,3,0.3483036458492279,2.645465850830078,72.81723022460938,54.683082580566406,122.30038452148438
38SMB_01692_r9600_c2880,4,0.3350556492805481,196.91867065429688,12.714706420898438,316.5370788574219,132.75973510742188
38SMB_01692_r9600_c2880,5,0.18298347294330597,186.1103515625,111.95146179199219,320.0,242.7397918701172
38SMB_01692_r9600_c2880,6,0.13365252315998077,4.50665283203125,87.27365112304688,151.0712127685547,237.18438720703125
38SMB_01692_r9600_c2880,7,0.12179139256477356,0.027742385864257812,151.02574157714844,27.140756607055664,195.5404815673828
38SMB_01692_r9600_c2880,8,0.10271365940570831,69.82417297363281,0.09164047241210938,98.52276611328125,14.684507369995117
38SMB_01693_r9600_c3120,0,0.5956403613090515,97.85511779785156,220.19644165039062,162.4484100341797,280.7966003417969
38SMB_01693_r9600_c3120,1,0.553716242313385,187.11660766601562,0.0,245.93441772460938,48.33671951293945
38SMB_01693_r9600_c3120,2,0.37909841537475586,258.6761474609375,0.0,320.0,46.3861083984375
38SMB_01693_r9600_c3120,3,0.24122153222560883,0.01737213134765625,14.09796142578125,80.90111541748047,149.09808349609375
38SMB_01693_r9600_c3120,4,0.1915002167224884,110.46463012695312,112.79645538330078,242.60543823242188,228.2218017578125
38SMB_01693_r9600_c3120,5,0.12075204402208328,305.98162841796875,261.5522766113281,319.96197509765625,300.3741760253906
38SMB_01694_r9600_c3360,0,0.2715311646461487,268.9337158203125,7.253482818603516,320.0,62.30733108520508
38SMB_01694_r9600_c3360,1,0.22019831836223602,63.254486083984375,261.53533935546875,110.96536254882812,310.23175048828125
38SMB_01694_r9600_c3360,2,0.11891205608844757,115.76840209960938,0.054126739501953125,187.37918090820312,29.137741088867188
38SMB_01694_r9600_c3360,3,0.11104622483253479,19.76983642578125,0.1185302734375,132.5918426513672,54.58274841308594
38SMB_01695_r9600_c3600,0,0.467453271150589,27.371841430664062,0.81158447265625,113.18348693847656,71.94793701171875
38SMB_01695_r9600_c3600,1,0.16632215678691864,221.8017578125,268.7173767089844,301.24468994140625,319.9469299316406
38SMB_01696_r9600_c3840,0,0.560338020324707,216.202880859375,17.537994384765625,291.53668212890625,96.30427551269531
38SMB_01696_r9600_c3840,1,0.38253703713417053,176.19174194335938,0.0,247.99942016601562,45.849605560302734
38SMB_01696_r9600_c3840,2,0.18925662338733673,269.212890625,65.35343170166016,318.81561279296875,121.95389556884766
38SMB_01697_r9600_c4080,0,0.40972787141799927,233.24563598632812,161.2279052734375,275.50640869140625,206.04727172851562
38SMB_01697_r9600_c4080,1,0.27179694175720215,183.19821166992188,176.44241333007812,228.33059692382812,220.7022705078125
38SMB_01697_r9600_c4080,2,0.2627381682395935,0.0,14.744216918945312,49.68068313598633,95.82919311523438
38SMB_01697_r9600_c4080,3,0.2148623764514923,297.408203125,246.1025390625,320.0,312.134765625
38SMB_01697_r9600_c4080,4,0.1513248085975647,52.12385940551758,0.0,130.0384063720703,42.28859329223633
38SMB_01697_r9600_c4080,5,0.10481258481740952,304.4280700683594,137.3160400390625,319.9427185058594,214.48147583007812
38SMB_01698_r9600_c4320,0,0.33284905552864075,0.058795928955078125,154.24588012695312,35.961883544921875,207.00692749023438
38SMB_01699_r9600_c4560,0,0.34923186898231506,94.04827117919922,45.44291305541992,186.82733154296875,141.07493591308594
38SMB_01699_r9600_c4560,1,0.31371331214904785,103.657470703125,0.044025421142578125,162.89901733398438,29.71674156188965
38SMB_01699_r9600_c4560,2,0.2197156846523285,201.304931640625,153.83358764648438,249.533935546875,198.27072143554688
38SMB_01699_r9600_c4560,3,0.1373165398836136,251.24610900878906,175.36985778808594,315.5814208984375,229.4937286376953
38SMB_01700_r9600_c4800,0,0.3240742087364197,265.2595520019531,270.62005615234375,314.2841491699219,319.01214599609375
38SMB_01700_r9600_c4800,1,0.18778038024902344,224.94259643554688,253.70187377929688,284.8883361816406,320.0
38SMB_01700_r9600_c4800,2,0.1534481793642044,10.997085571289062,174.08792114257812,76.34332275390625,231.192626953125
38SMB_01700_r9600_c4800,3,0.14906032383441925,137.38058471679688,271.3037414550781,222.18887329101562,320.0
38SMB_01700_r9600_c4800,4,0.1293901652097702,224.74990844726562,157.84378051757812,264.2884216308594,198.26718139648438
38SMB_01701_r9600_c5040,0,0.6326079368591309,120.97600555419922,162.84963989257812,241.3582763671875,273.0123596191406
38SMB_01701_r9600_c5040,1,0.508680522441864,185.44815063476562,61.78645324707031,249.23233032226562,119.25227355957031
38SMB_01701_r9600_c5040,2,0.306600421667099,25.78460693359375,271.1358642578125,73.80415344238281,318.767578125
38SMB_01701_r9600_c5040,3,0.1973959505558014,0.0,253.1842803955078,44.54477310180664,320.0
38SMB_01701_r9600_c5040,4,0.17197254300117493,236.70361328125,220.49476623535156,320.0,320.0
38SMB_01701_r9600_c5040,5,0.15951599180698395,0.0,34.49992752075195,50.565467834472656,96.24458312988281
38SMB_01702_r9600_c5280,0,0.44316771626472473,212.3138427734375,220.45582580566406,320.0,320.0
38SMB_01702_r9600_c5280,1,0.2675163447856903,72.25538635253906,233.0562744140625,189.4525604248047,320.0
38SMB_01702_r9600_c5280,2,0.1433001160621643,72.24502563476562,230.12149047851562,147.16156005859375,318.7792663574219
38SMB_01702_r9600_c5280,3,0.13463957607746124,83.75341796875,247.89471435546875,142.60662841796875,318.71807861328125
38SMB_01702_r9600_c5280,4,0.11301013082265854,127.20465087890625,252.9388427734375,179.5169677734375,313.29510498046875
38SMB_01702_r9600_c5280,5,0.10751113295555115,0.11658477783203125,221.1028289794922,106.48719024658203,320.0
38SMB_01702_r9600_c5280,6,0.10625766962766647,80.85418701171875,294.6326904296875,128.15098571777344,319.9210205078125
38SMB_01703_r9600_c5520,0,0.4311539828777313,61.86941909790039,170.78704833984375,134.83242797851562,249.78726196289062
38SMB_01703_r9600_c5520,1,0.24353913962841034,141.31588745117188,244.46803283691406,231.37322998046875,316.897216796875
38SMB_01703_r9600_c5520,2,0.17344161868095398,185.41201782226562,190.84735107421875,315.7283935546875,309.26507568359375
38SMB_01703_r9600_c5520,3,0.14713115990161896,129.01101684570312,203.665283203125,169.80313110351562,243.54058837890625
38SMB_01703_r9600_c5520,4,0.1184922382235527,0.0,223.1009521484375,131.06854248046875,319.97723388671875
38SMB_01704_r9600_c5760,0,0.6813052296638489,263.1953125,67.09912109375,320.0,132.1204833984375
38SMB_01704_r9600_c5760,1,0.41454237699508667,234.15447998046875,0.5640869140625,304.772216796875,60.12464904785156
38SMB_01704_r9600_c5760,2,0.305485337972641,145.8753662109375,228.97125244140625,199.187744140625,280.82672119140625
38SMB_01704_r9600_c5760,3,0.216823548078537,72.16598510742188,207.7601318359375,163.66207885742188,295.04547119140625
38SMB_01705_r9600_c6000,0,0.652073860168457,23.400238037109375,67.58436584472656,86.52314758300781,132.48472595214844
38SMB_01705_r9600_c6000,1,0.4027113616466522,0.0,0.18287277221679688,64.49114227294922,62.11935043334961
38SMB_01705_r9600_c6000,2,0.3075251281261444,163.60598754882812,245.09942626953125,213.02102661132812,291.55413818359375
38SMB_01705_r9600_c6000,3,0.25195494294166565,165.67706298828125,189.44296264648438,258.7458801269531,284.4549560546875
38SMB_01705_r9600_c6000,4,0.2206241339445114,18.811519622802734,174.64105224609375,129.63858032226562,272.98907470703125
38SMB_01705_r9600_c6000,5,0.13610373437404633,100.28668212890625,294.0477294921875,156.20941162109375,319.99383544921875
38SMB_01705_r9600_c6000,6,0.10718359053134918,176.18006896972656,205.33807373046875,252.35194396972656,282.4554443359375
38SMB_01706_r9600_c6240,0,0.32315361499786377,179.20034790039062,199.77389526367188,241.23583984375,266.9394836425781
38SMB_01706_r9600_c6240,1,0.13456043601036072,184.8458251953125,203.046142578125,232.88433837890625,260.0827331542969
38SMB_01706_r9600_c6240,2,0.1148902028799057,228.43399047851562,72.74808502197266,276.7772521972656,121.41378021240234
38SMB_01707_r9600_c6480,0,0.4843345880508423,65.85968017578125,17.002859115600586,131.51759338378906,78.9601821899414
38SMB_01707_r9600_c6480,1,0.11597567796707153,0.0,70.2802963256836,38.00322723388672,127.46729278564453
38SMB_01710_r9600_c7200,0,0.3114306330680847,168.91107177734375,26.427719116210938,238.79226684570312,97.74775695800781
38SMB_01710_r9600_c7200,1,0.20245522260665894,177.3040771484375,33.934959411621094,232.18814086914062,91.00301361083984
38SMB_01710_r9600_c7200,2,0.10922490060329437,97.923828125,209.49026489257812,151.2736358642578,262.5703125
38SMB_01712_r9600_c7680,0,0.27810150384902954,79.7623291015625,79.43812561035156,132.5345458984375,150.90399169921875
38SMB_01712_r9600_c7680,1,0.15950646996498108,199.19866943359375,293.5643005371094,247.00732421875,319.9161682128906
38SMB_01712_r9600_c7680,2,0.10507182031869888,76.96354675292969,23.066009521484375,109.44630432128906,55.39501953125
38SMB_01713_r9600_c7920,0,0.2507611811161041,78.70503234863281,0.0,131.16065979003906,16.401973724365234
38SMB_01719_r9600_c9360,0,0.5589728951454163,87.37995910644531,43.1484375,136.1234588623047,90.79379272460938
38SMB_01719_r9600_c9360,1,0.3140757083892822,272.6492919921875,227.48342895507812,319.96435546875,282.12188720703125
38SMB_01719_r9600_c9360,2,0.30433711409568787,173.19607543945312,144.40792846679688,269.4156188964844,245.16717529296875
38SMB_01720_r9600_c9600,0,0.3494589328765869,31.43791961669922,227.1827392578125,87.9783935546875,283.6480712890625
38SMB_01722_r9680_c0,0,0.17023490369319916,156.3575897216797,199.06344604492188,201.53208923339844,244.32369995117188
38SMB_01722_r9680_c0,1,0.1258394420146942,150.14242553710938,196.2344970703125,204.38076782226562,252.06427001953125
38SMB_01727_r9680_c1200,0,0.11424455046653748,274.25823974609375,155.19610595703125,320.0,217.0224609375
38SMB_01728_r9680_c1440,0,0.44241440296173096,169.05767822265625,0.009998321533203125,223.6090087890625,40.01327896118164
38SMB_01728_r9680_c1440,1,0.2178359478712082,33.822853088378906,155.89990234375,90.76337432861328,216.47665405273438
38SMB_01728_r9680_c1440,2,0.20834200084209442,293.3197021484375,156.46768188476562,320.0,228.89151000976562
38SMB_01728_r9680_c1440,3,0.13875772058963776,258.8504638671875,18.308013916015625,319.7735595703125,122.0108642578125
38SMB_01729_r9680_c1680,0,0.2539520561695099,25.58221435546875,0.0,177.12205505371094,118.22404479980469
38SMB_01729_r9680_c1680,1,0.24549973011016846,52.73068618774414,156.2103271484375,123.16574096679688,229.0784912109375
38SMB_01729_r9680_c1680,2,0.18730971217155457,191.42437744140625,70.15550231933594,320.0,197.76429748535156
38SMB_01729_r9680_c1680,3,0.10545838624238968,214.9078826904297,90.8118896484375,318.97515869140625,199.31771850585938
38SMB_01730_r9680_c1920,0,0.6842211484909058,233.61550903320312,166.38333129882812,273.4832763671875,207.77151489257812
38SMB_01730_r9680_c1920,1,0.31770560145378113,172.950927734375,178.5902099609375,268.41015625,272.05230712890625
38SMB_01730_r9680_c1920,2,0.3038402199745178,137.69497680664062,181.84393310546875,180.95474243164062,223.33294677734375
38SMB_01730_r9680_c1920,3,0.28836873173713684,265.19073486328125,23.35049819946289,319.80096435546875,117.47494506835938
38SMB_01730_r9680_c1920,4,0.1511407047510147,155.0998992919922,135.28646850585938,212.46986389160156,189.80291748046875
38SMB_01730_r9680_c1920,5,0.13199681043624878,179.647705078125,34.89352035522461,275.68878173828125,158.73806762695312
38SMB_01730_r9680_c1920,6,0.1271793246269226,0.0,97.13800811767578,104.60334014892578,194.76898193359375
38SMB_01730_r9680_c1920,7,0.12271352112293243,258.11077880859375,247.94631958007812,301.69317626953125,290.6275939941406
38SMB_01730_r9680_c1920,8,0.11306046694517136,51.46498107910156,67.85490417480469,122.59049987792969,134.72048950195312
38SMB_01730_r9680_c1920,9,0.10461839288473129,166.5157470703125,162.70584106445312,282.8429870605469,277.2503967285156
38SMB_01730_r9680_c1920,10,0.10203248262405396,152.5528564453125,0.16869354248046875,271.24615478515625,93.83080291748047
38SMB_01731_r9680_c2160,0,0.5123201012611389,0.0,166.14154052734375,33.158302307128906,207.62908935546875
38SMB_01731_r9680_c2160,1,0.5112906694412231,208.48504638671875,231.53970336914062,300.00640869140625,320.0
38SMB_01731_r9680_c2160,2,0.39900994300842285,210.09075927734375,91.1204833984375,264.11981201171875,143.75157165527344
38SMB_01731_r9680_c2160,3,0.37101131677627563,28.230941772460938,0.0,161.295654296875,111.3332748413086
38SMB_01731_r9680_c2160,4,0.3064950406551361,127.71336364746094,63.95851135253906,225.08738708496094,167.43374633789062
38SMB_01731_r9680_c2160,5,0.25326669216156006,0.0063076019287109375,201.41766357421875,28.360139846801758,264.15875244140625
38SMB_01731_r9680_c2160,6,0.21407310664653778,214.2032928466797,0.0,319.96575927734375,113.185546875
38SMB_01731_r9680_c2160,7,0.20725852251052856,117.1487808227539,265.4521484375,178.02468872070312,319.10009765625
38SMB_01731_r9680_c2160,8,0.19509294629096985,135.10214233398438,145.60760498046875,205.525390625,206.797607421875
38SMB_01731_r9680_c2160,9,0.1948316991329193,278.6181640625,222.78439331054688,319.9779052734375,303.4363708496094
38SMB_01731_r9680_c2160,10,0.1842464804649353,122.4355697631836,214.31210327148438,172.30300903320312,264.0124816894531
38SMB_01731_r9680_c2160,11,0.15727217495441437,181.65780639648438,42.571189880371094,211.45932006835938,71.81736755371094
38SMB_01731_r9680_c2160,12,0.15608328580856323,0.0,69.5750732421875,36.2595329284668,161.74603271484375
38SMB_01731_r9680_c2160,13,0.15534575283527374,43.82664489746094,0.0,177.40391540527344,100.22856140136719
38SMB_01731_r9680_c2160,14,0.1338597536087036,0.0,214.75936889648438,25.224559783935547,258.2598571777344
38SMB_01731_r9680_c2160,15,0.12975041568279266,0.13159942626953125,0.0,38.050392150878906,43.28826141357422
38SMB_01731_r9680_c2160,16,0.110283762216568,18.24979019165039,248.01828002929688,61.95517349243164,290.8228454589844
38SMB_01732_r9680_c2400,0,0.6630069613456726,110.85650634765625,265.475830078125,180.75503540039062,319.8941650390625
38SMB_01732_r9680_c2400,1,0.2555418312549591,34.89038848876953,222.402099609375,123.32111358642578,308.68658447265625
38SMB_01732_r9680_c2400,2,0.2066938281059265,0.46303558349609375,0.0,95.6522445678711,112.52449035644531
38SMB_01732_r9680_c2400,3,0.18027430772781372,0.0,229.45639038085938,56.77233123779297,320.0
38SMB_01732_r9680_c2400,4,0.16469165682792664,46.87396240234375,234.91741943359375,118.38880920410156,304.1771240234375
38SMB_01732_r9680_c2400,5,0.10953304171562195,34.263031005859375,203.6671142578125,139.89576721191406,306.7584228515625
38SMB_01732_r9680_c2400,6,0.10846208035945892,84.07154846191406,210.43362426757812,137.08807373046875,259.9127197265625
38SMB_01732_r9680_c2400,7,0.10714896023273468,0.0,90.54843139648438,24.861610412597656,142.26907348632812
38SMB_01733_r9680_c2640,0,0.31295040249824524,73.31623840332031,45.68107604980469,125.62699890136719,100.637451171875
38SMB_01733_r9680_c2640,1,0.2768222391605377,163.13772583007812,52.22770690917969,268.0918273925781,147.28062438964844
38SMB_01733_r9680_c2640,2,0.2139371633529663,208.4520263671875,225.82936096191406,320.0,320.0
38SMB_01733_r9680_c2640,3,0.15915147960186005,253.04002380371094,28.70849609375,319.69873046875,147.3297882080078
38SMB_01733_r9680_c2640,4,0.13578659296035767,239.50994873046875,0.0,308.13214111328125,43.54692840576172
38SMB_01733_r9680_c2640,5,0.11090730875730515,0.15103912353515625,19.612930297851562,93.87286376953125,172.9296875
38SMB_01734_r9680_c2880,0,0.4144120216369629,11.0518798828125,26.284866333007812,136.80401611328125,148.27737426757812
38SMB_01734_r9680_c2880,1,0.32243451476097107,159.14874267578125,240.85028076171875,212.02789306640625,294.36785888671875
38SMB_01734_r9680_c2880,2,0.28665807843208313,165.44012451171875,273.66534423828125,248.1220703125,319.729248046875
38SMB_01734_r9680_c2880,3,0.18876220285892487,0.3449249267578125,227.49755859375,101.33259582519531,320.0
38SMB_01734_r9680_c2880,4,0.1828857660293579,186.1075439453125,31.94696044921875,320.0,162.7352294921875
38SMB_01734_r9680_c2880,5,0.14313073456287384,0.4548187255859375,0.0,75.15563201904297,45.109352111816406
38SMB_01734_r9680_c2880,6,0.13315576314926147,4.5227203369140625,7.292022705078125,151.06317138671875,157.17044067382812
38SMB_01734_r9680_c2880,7,0.12161193042993546,0.027355194091796875,71.02906799316406,27.134166717529297,115.53578186035156
38SMB_01734_r9680_c2880,8,0.10051443427801132,213.86502075195312,0.0,297.578857421875,54.51788330078125
38SMB_01735_r9680_c3120,0,0.595463752746582,97.871826171875,140.23146057128906,162.43539428710938,200.79884338378906
38SMB_01735_r9680_c3120,1,0.1915588527917862,110.4547119140625,32.803985595703125,242.57720947265625,148.21151733398438
38SMB_01735_r9680_c3120,2,0.11335683614015579,305.8924560546875,183.30303955078125,319.9686279296875,217.181640625
38SMB_01736_r9680_c3360,0,0.23912803828716278,63.317996978759766,181.4693603515625,111.08294677734375,229.83041381835938
38SMB_01738_r9680_c3840,0,0.583561360836029,269.9405517578125,0.0,319.7640380859375,43.235511779785156
38SMB_01738_r9680_c3840,1,0.3843670189380646,249.36834716796875,0.0,283.68658447265625,15.089858055114746
38SMB_01738_r9680_c3840,2,0.22131749987602234,240.1639404296875,0.0,285.7939453125,16.74144744873047
38SMB_01739_r9680_c4080,0,0.3916713297367096,229.20025634765625,79.11799621582031,277.69403076171875,128.1521759033203
38SMB_01739_r9680_c4080,1,0.37827068567276,8.490715026855469,0.0,43.79081726074219,15.082686424255371
38SMB_01739_r9680_c4080,2,0.3701513409614563,31.65599822998047,0.15828704833984375,85.98590087890625,41.829872131347656
38SMB_01739_r9680_c4080,3,0.31118395924568176,180.84988403320312,94.51296997070312,231.19161987304688,142.24081420898438
38SMB_01739_r9680_c4080,4,0.20961864292621613,293.3682861328125,161.87188720703125,320.0,235.56509399414062
38SMB_01739_r9680_c4080,5,0.18677100539207458,1.3188438415527344,0.0,46.146690368652344,17.465702056884766
38SMB_01739_r9680_c4080,6,0.11194543540477753,301.42291259765625,55.23834228515625,319.97174072265625,139.92921447753906
38SMB_01740_r9680_c4320,0,0.33231812715530396,0.019641876220703125,72.82315063476562,36.90406036376953,127.84638977050781
38SMB_01741_r9680_c4560,0,0.25061309337615967,98.89855194091797,0.0,188.277099609375,60.03926467895508
38SMB_01741_r9680_c4560,1,0.22168710827827454,201.53932189941406,74.19241333007812,249.25865173339844,118.12808227539062
38SMB_01741_r9680_c4560,2,0.1294497847557068,251.61001586914062,95.90853881835938,315.4689025878906,149.05517578125
38SMB_01742_r9680_c4800,0,0.3089166283607483,144.6946563720703,191.73687744140625,217.3614044189453,269.13433837890625
38SMB_01742_r9680_c4800,1,0.2680124044418335,265.52337646484375,190.92564392089844,311.74102783203125,238.27833557128906
38SMB_01742_r9680_c4800,2,0.25256872177124023,224.95748901367188,173.8543701171875,285.052978515625,245.1884765625
38SMB_01742_r9680_c4800,3,0.1515345573425293,11.064315795898438,94.19073486328125,76.30366516113281,151.08819580078125
38SMB_01742_r9680_c4800,4,0.12921911478042603,224.76925659179688,77.85057067871094,264.2605285644531,118.24858093261719
38SMB_01743_r9680_c5040,0,0.6329156160354614,120.96990966796875,82.84451293945312,241.36264038085938,193.02066040039062
38SMB_01743_r9680_c5040,1,0.5927705764770508,184.39785766601562,0.0,254.29281616210938,40.702354431152344
38SMB_01743_r9680_c5040,2,0.2505267858505249,25.84917449951172,191.39865112304688,71.40058898925781,238.14321899414062
38SMB_01743_r9680_c5040,3,0.211272194981575,237.639892578125,136.74984741210938,319.916259765625,254.5269775390625
38SMB_01743_r9680_c5040,4,0.15955479443073273,0.0,173.7657470703125,44.83678436279297,248.328857421875
38SMB_01743_r9680_c5040,5,0.14755746722221375,298.55133056640625,230.254638671875,320.0,279.7099609375
38SMB_01744_r9680_c5280,0,0.4135994613170624,214.24330139160156,141.05795288085938,320.0,257.27716064453125
38SMB_01744_r9680_c5280,1,0.2840767800807953,78.4822006225586,154.123779296875,182.78073120117188,259.349365234375
38SMB_01744_r9680_c5280,2,0.1779223531484604,58.476531982421875,213.95285034179688,135.6475067138672,288.8761901855469
38SMB_01744_r9680_c5280,3,0.15740816295146942,72.33131408691406,150.09005737304688,147.1643829345703,238.96420288085938
38SMB_01744_r9680_c5280,4,0.1231192946434021,0.8550338745117188,137.0068359375,107.38436126708984,254.49374389648438
38SMB_01744_r9680_c5280,5,0.1202239915728569,83.32853698730469,167.77838134765625,142.8133087158203,239.073974609375
38SMB_01744_r9680_c5280,6,0.11751239001750946,82.91818237304688,169.68630981445312,170.06097412109375,254.20852661132812
38SMB_01744_r9680_c5280,7,0.11250832676887512,126.81475830078125,173.55950927734375,179.70846557617188,231.6312255859375
38SMB_01744_r9680_c5280,8,0.11234820634126663,183.79908752441406,290.42681884765625,226.62745666503906,319.88836669921875
38SMB_01744_r9680_c5280,9,0.10175707191228867,0.0,104.45686340332031,124.43169403076172,246.40489196777344
38SMB_01745_r9680_c5520,0,0.433284193277359,61.93476867675781,90.79487609863281,134.8041534423828,169.7776641845703
38SMB_01745_r9680_c5520,1,0.30900120735168457,139.72747802734375,163.69464111328125,231.38427734375,241.09051513671875
38SMB_01745_r9680_c5520,2,0.2169179767370224,84.9747314453125,221.45506286621094,170.93798828125,300.8560791015625
38SMB_01745_r9680_c5520,3,0.17346930503845215,185.35833740234375,110.89459228515625,315.67022705078125,230.15554809570312
38SMB_01745_r9680_c5520,4,0.14693357050418854,129.0380096435547,123.6731948852539,169.79002380371094,163.52444458007812
38SMB_01745_r9680_c5520,5,0.12928557395935059,0.0,139.72628784179688,147.08840942382812,266.5954284667969
38SMB_01746_r9680_c5760,0,0.6038041114807129,264.481201171875,0.0,319.419677734375,51.28832244873047
38SMB_01746_r9680_c5760,1,0.34466084837913513,265.35791015625,290.92742919921875,313.55584716796875,319.90814208984375
38SMB_01746_r9680_c5760,2,0.3057224452495575,145.8746337890625,148.97499084472656,199.18572998046875,200.8298797607422
38SMB_01746_r9680_c5760,3,0.21696949005126953,72.17254638671875,127.7548828125,163.64996337890625,215.00466918945312
38SMB_01747_r9680_c6000,0,0.5512784719467163,24.57769775390625,0.0,85.7552261352539,51.73456573486328
38SMB_01747_r9680_c6000,1,0.3889462649822235,201.93807983398438,226.56112670898438,261.3033142089844,299.0771789550781
38SMB_01747_r9680_c6000,2,0.34039974212646484,25.8051700592041,291.8096923828125,70.96001434326172,319.870849609375
38SMB_01747_r9680_c6000,3,0.3190770447254181,163.51333618164062,165.01942443847656,213.13858032226562,211.5737762451172
38SMB_01747_r9680_c6000,4,0.2530164420604706,165.642578125,109.4464111328125,258.822265625,204.56353759765625
38SMB_01747_r9680_c6000,5,0.2207680642604828,18.80050277709961,94.64254760742188,129.63787841796875,192.9979248046875
38SMB_01747_r9680_c6000,6,0.13328708708286285,184.48484802246094,230.86087036132812,216.8276824951172,267.3995666503906
38SMB_01747_r9680_c6000,7,0.12172800302505493,250.21563720703125,249.16412353515625,316.4765625,313.26080322265625
38SMB_01747_r9680_c6000,8,0.11601655930280685,187.81065368652344,235.22128295898438,214.67152404785156,265.6988830566406
38SMB_01747_r9680_c6000,9,0.10705352574586868,176.17129516601562,125.312255859375,252.35226440429688,202.46774291992188
38SMB_01748_r9680_c6240,0,0.40623247623443604,294.93505859375,232.31674194335938,319.94598388671875,277.4695739746094
38SMB_01748_r9680_c6240,1,0.3228204846382141,179.19064331054688,119.75900268554688,241.26315307617188,186.92459106445312
38SMB_01748_r9680_c6240,2,0.13438250124454498,184.8272705078125,123.0378189086914,232.8912353515625,180.04110717773438
38SMB_01748_r9680_c6240,3,0.1248195692896843,70.39115142822266,199.4761505126953,198.04745483398438,319.80865478515625
38SMB_01748_r9680_c6240,4,0.11119632422924042,10.848922729492188,249.92709350585938,75.95193481445312,312.4319152832031
38SMB_01749_r9680_c6480,0,0.657326340675354,101.26056671142578,242.03131103515625,155.4415283203125,294.65313720703125
38SMB_01749_r9680_c6480,1,0.6134207844734192,54.6937255859375,234.24185180664062,94.07814025878906,276.3182678222656
38SMB_01749_r9680_c6480,2,0.18871095776557922,206.37249755859375,254.73223876953125,251.1644287109375,297.40374755859375
38SMB_01751_r9680_c6960,0,0.11930223554372787,146.73736572265625,299.9844970703125,183.67422485351562,319.93603515625
38SMB_01752_r9680_c7200,0,0.16898420453071594,118.79578399658203,0.0211029052734375,177.49517822265625,24.91999053955078
38SMB_01752_r9680_c7200,1,0.12092635780572891,176.6458740234375,0.032340049743652344,235.93170166015625,13.128510475158691
38SMB_01752_r9680_c7200,2,0.10922113806009293,97.99588012695312,129.57862854003906,151.17869567871094,182.5048065185547
38SMB_01752_r9680_c7200,3,0.10589548945426941,176.8817138671875,0.0,238.17852783203125,18.472126007080078
38SMB_01753_r9680_c7440,0,0.20247313380241394,175.43569946289062,0.0,232.64913940429688,18.744619369506836
38SMB_01753_r9680_c7440,1,0.1307430863380432,176.4669189453125,0.054531097412109375,230.78604125976562,13.521001815795898
38SMB_01754_r9680_c7680,0,0.16711637377738953,195.003173828125,211.07388305664062,256.4743347167969,274.8128356933594
38SMB_01754_r9680_c7680,1,0.15229277312755585,77.54188537597656,1.7542266845703125,136.81185913085938,72.86283874511719
38SMB_01760_r9680_c9120,0,0.1457463800907135,172.22286987304688,274.992431640625,232.87652587890625,319.752685546875
38SMB_01761_r9680_c9360,0,0.3133557438850403,272.72137451171875,147.55946350097656,319.95928955078125,202.06642150878906
38SMB_01761_r9680_c9360,1,0.30599507689476013,173.387451171875,64.41166687011719,269.3084411621094,165.1009979248047
38SMB_01762_r9680_c9600,0,0.34899649024009705,31.568559646606445,147.37960815429688,87.46205139160156,203.44271850585938
