candidate_id,raw_detection_id,confidence,source_detection_count,tile_name,prediction_index,width_m,height_m,box_area_m2,map_x_min,map_y_min,map_x_max,map_y_max,advisor_label,advisor_notes
C0001,R4101,0.9055310487747192,1,38SMB_01489_r8400_c4560,0,549.1510009765625,518.4855651855469,284726.8671135418,447308.4735107422,3614835.612487793,447857.62451171875,3615354.0980529785,,
C0002,R2703,0.9009526371955872,2,38SMB_01151_r6480_c4080,0,526.739501953125,503.831787109375,265388.1046101451,442344.2562866211,3632096.405029297,442870.9957885742,3632600.2368164062,,
C0003,R2530,0.898452639579773,2,38SMB_01088_r6000_c9120,0,616.76025390625,502.0265579223633,309630.0273318775,493373.5745239258,3639497.9734420776,493990.33477783203,3640000.0,,
C0004,R2398,0.8941628932952881,2,38SMB_01036_r5760_c6720,0,466.636962890625,457.8997802734375,213672.9627750814,469487.02239990234,3639823.3166503906,469953.65936279297,3640281.216430664,,
C0005,R4355,0.8931789398193359,2,38SMB_01567_r8880_c3120,0,524.7250366210938,550.9013366699219,289071.72405873425,432476.1720275879,3610298.6964416504,433000.897064209,3610849.5977783203,,
C0006,R4102,0.8884826302528381,1,38SMB_01489_r8400_c4560,1,554.5857238769531,519.1937637329102,287937.44929221575,446223.2640838623,3614990.041809082,446777.84980773926,3615509.235572815,,
C0007,R2856,0.8876941800117493,1,38SMB_01195_r6720_c4560,0,520.2179336547852,575.5947875976562,299434.7310265177,446138.26610565186,3631452.96875,446658.48403930664,3632028.5635375977,,
C0008,R0181,0.8868247270584106,2,38SMB_00050_r240_c1920,0,433.8677978515625,435.71258544921875,189041.6599450633,419637.40745544434,3695532.1716308594,420071.2752532959,3695967.8842163086,,
C0009,R2774,0.8852935433387756,2,38SMB_01173_r6480_c9360,0,499.630126953125,507.49202728271484,253558.3060189616,495465.5682373047,3634690.993537903,495965.1983642578,3635198.4855651855,,
C0010,R2049,0.8852337002754211,1,38SMB_00862_r4800_c5280,0,423.544921875,431.170654296875,182620.14108896255,454706.09130859375,3650163.146209717,455129.63623046875,3650594.3168640137,,
C0011,R2730,0.8851495385169983,2,38SMB_01154_r6480_c4800,0,502.1502685546875,509.100341796875,255644.87335458398,448943.3898925781,3632062.659301758,449445.5401611328,3632571.7596435547,,
C0012,R4226,0.8806602954864502,1,38SMB_01526_r8640_c3360,0,488.01483154296875,499.0411376953125,243539.4767453894,435122.0930480957,3612407.2631835938,435610.1078796387,3612906.304321289,,
C0013,R0137,0.8768548965454102,1,38SMB_00045_r240_c720,0,412.684326171875,417.1952819824219,172169.95382700115,409096.4532470703,3696144.2654418945,409509.1375732422,3696561.460723877,,
C0014,R2512,0.8738117218017578,2,38SMB_01076_r6000_c6240,0,481.1334228515625,482.6934814453125,232239.96691592038,462402.05280303955,3637791.204223633,462883.1862258911,3638273.897705078,,
C0015,R4541,0.8709025382995605,4,38SMB_01610_r9120_c3360,0,523.09326171875,524.8223114013672,274531.0146937147,436259.19982910156,3608270.5882263184,436782.2930908203,3608795.4105377197,,
C0016,R2758,0.8707171082496643,1,38SMB_01158_r6480_c5760,0,452.6860809326172,459.6754455566406,208088.67594999028,458736.35444641113,3633778.2836914062,459189.04052734375,3634237.959136963,,
C0017,R1367,0.8679761290550232,2,38SMB_00606_r3360_c4320,0,522.266845703125,512.1649169921875,267486.7556773126,445630.85845947266,3663757.351989746,446153.1253051758,3664269.5169067383,,
C0018,R3752,0.8673332929611206,2,38SMB_01405_r7920_c4560,0,570.3739929199219,578.388671875,329897.85623699427,445713.243560791,3619194.859008789,446283.61755371094,3619773.247680664,,
C0019,R4298,0.867181658744812,1,38SMB_01553_r8640_c9680,0,629.8291015625,619.4287490844727,390134.25251785666,499191.87072753906,3612356.410675049,499821.69982910156,3612975.8394241333,,
C0020,R2029,0.8667485117912292,2,38SMB_00857_r4800_c4080,0,856.6696166992188,771.39404296875,660829.8391140997,442615.537109375,3648800.0,443472.2067260742,3649571.3940429688,,
C0021,R0568,0.8648481965065002,2,38SMB_00297_r1680_c720,0,494.6620178222656,472.8912353515625,233921.33268946782,409559.6141052246,3680626.4920043945,410054.2761230469,3681099.383239746,,
C0022,R2825,0.8607146739959717,2,38SMB_01192_r6720_c3840,0,503.6566162109375,619.3486022949219,311939.02128683403,441096.34338378906,3631421.076965332,441600.0,3632040.425567627,,
C0023,R3753,0.8602981567382812,2,38SMB_01405_r7920_c4560,1,526.8267822265625,529.263916015625,278830.40582314134,447752.5262451172,3617600.0,448279.35302734375,3618129.2639160156,,
C0024,R0034,0.8594384789466858,1,38SMB_00004_r0_c960,0,560.1298522949219,567.3509979248047,317790.2306669974,410513.21060180664,3699170.9761047363,411073.34045410156,3699738.327102661,,
C0025,R0965,0.8584433794021606,2,38SMB_00457_r2400_c8880,0,413.26416015625,419.60968017578125,173409.6420712769,491405.36193847656,3674727.8813171387,491818.6260986328,3675147.4909973145,,
C0026,R1403,0.8568763732910156,1,38SMB_00636_r3600_c1440,0,391.66656494140625,373.7629699707031,146390.45855072327,415535.4438781738,3662693.731842041,415927.11044311523,3663067.4948120117,,
C0027,R3839,0.8559991121292114,2,38SMB_01430_r8160_c480,0,586.5928649902344,543.5650634765625,318851.3878933154,407216.4161682129,3615830.0314331055,407803.0090332031,3616373.596496582,,
C0028,R2465,0.8551273941993713,1,38SMB_01068_r6000_c4320,0,490.2105712890625,467.8314208984375,229335.9081055969,445455.4684448242,3637645.0161743164,445945.6790161133,3638112.847595215,,
C0029,R2204,0.8489332795143127,1,38SMB_00941_r5280_c4080,0,477.2027587890625,488.941650390625,233324.30445328355,442280.89263916016,3645185.940246582,442758.0953979492,3645674.8818969727,,
C0030,R2605,0.848400890827179,1,38SMB_01112_r6240_c4800,0,443.25775146484375,447.71846771240234,198454.6812874847,449336.4254760742,3636580.7305908203,449779.68322753906,3637028.4490585327,,
C0031,R2895,0.8480628132820129,1,38SMB_01207_r6720_c7440,0,469.46197509765625,472.652587890625,221892.41744615138,476436.06704711914,3631135.1986694336,476905.5290222168,3631607.851257324,,
C0032,R3824,0.8470162153244019,4,38SMB_01426_r7920_c9600,0,485.4888916015625,471.4060974121094,228862.42372682318,498374.9377441406,3619930.36529541,498860.4266357422,3620401.7713928223,,
C0033,R2585,0.8463161587715149,2,38SMB_01109_r6240_c4080,0,450.6001663208008,454.0155029296875,204579.4611323392,440802.10472106934,3636386.9940185547,441252.70488739014,3636841.0095214844,,
C0034,R2984,0.8447611331939697,1,38SMB_01237_r6960_c4560,0,676.1300659179688,639.4798278808594,432371.53817829676,446217.403717041,3629175.774230957,446893.533782959,3629815.254058838,,
C0035,R2050,0.8427078723907471,2,38SMB_00862_r4800_c5280,1,509.26910400390625,512.9640197753906,261236.72673725523,453772.1026611328,3649121.885986328,454281.3717651367,3649634.8500061035,,
C0036,R1284,0.8418030738830566,1,38SMB_00570_r3120_c5760,0,389.2364501953125,343.42315673828125,133672.810443677,458341.5783691406,3666777.767791748,458730.81481933594,3667121.1909484863,,
C0037,R4199,0.8412604928016663,1,38SMB_01524_r8640_c2880,0,448.402099609375,454.72991943359375,203901.85062922537,429522.2343444824,3611753.613128662,429970.6364440918,3612208.3430480957,,
C0038,R2833,0.8410434126853943,1,38SMB_01193_r6720_c4080,2,535.8538818359375,545.1309585571289,292110.5402517831,442806.5936279297,3631783.6207580566,443342.4475097656,3632328.751716614,,
C0039,R4714,0.8394701480865479,2,38SMB_01653_r9360_c3600,0,633.7175750732422,676.0302734375,428412.26555891335,436056.69609069824,3605289.3125915527,436690.4136657715,3605965.3428649902,,
C0040,R3562,0.8388667702674866,2,38SMB_01365_r7680_c5040,0,482.6556396484375,483.209228515625,233223.659273237,453088.6901855469,3621929.8753356934,453571.3458251953,3622413.084564209,,
C0041,R3623,0.8369339108467102,1,38SMB_01382_r7680_c9120,0,433.3123779296875,429.18304443359375,185970.32555062324,492037.3136138916,3621797.9942321777,492470.6259918213,3622227.1772766113,,
C0042,R2993,0.8367181420326233,4,38SMB_01239_r6960_c5040,0,543.7875366210938,546.3584899902344,297102.93738381006,452662.3083496094,3629685.555114746,453206.09588623047,3630231.9136047363,,
C0043,R3979,0.8354461789131165,1,38SMB_01458_r8160_c7200,0,489.0748596191406,480.02044677734375,234765.93262194656,472793.19396972656,3617052.2619628906,473282.2688293457,3617532.282409668,,
C0044,R2366,0.834164023399353,2,38SMB_01027_r5760_c4560,0,608.5589599609375,621.9461059570312,378490.875392966,447925.59509277344,3640403.2637023926,448534.1540527344,3641025.2098083496,,
C0045,R3361,0.8338795304298401,1,38SMB_01324_r7440_c5280,0,540.0979614257812,534.7271347045898,288805.0353729981,454060.665435791,3624564.9322509766,454600.7633972168,3625099.659385681,,
C0046,R2577,0.8325615525245667,1,38SMB_01108_r6240_c3840,0,410.65765380859375,414.45220947265625,170197.97195782885,439377.6330566406,3636152.7362060547,439788.2907104492,3636567.1884155273,,
C0047,R2277,0.8325462937355042,1,38SMB_00984_r5520_c4320,0,590.1689147949219,588.946533203125,347577.9363727197,443935.3323364258,3641968.487854004,444525.5012512207,3642557.434387207,,
C0048,R2030,0.8308221101760864,2,38SMB_00857_r4800_c4080,1,650.7208251953125,665.4541015625,433024.8420983553,442146.0888671875,3648967.2381591797,442796.8096923828,3649632.692260742,,
C0049,R1944,0.8302715420722961,1,38SMB_00816_r4560_c4320,0,457.52044677734375,470.57525634765625,215297.80152654275,445395.8413696289,3651839.067993164,445853.36181640625,3652309.6432495117,,
C0050,R4075,0.8301953673362732,1,38SMB_01484_r8400_c3360,0,535.3802490234375,576.923828125,308873.62276911736,434999.0100097656,3614398.606262207,435534.39025878906,3614975.530090332,,
C0051,R1623,0.8301432728767395,2,38SMB_00708_r3840_c8640,0,467.61959075927734,465.8038330078125,217818.99776521605,486825.50800323486,3659988.9141845703,487293.12759399414,3660454.718017578,,
C0052,R1558,0.8298026919364929,2,38SMB_00686_r3840_c3360,0,485.3343200683594,447.933349609375,217397.42766860873,436136.48696899414,3659585.4794311523,436621.8212890625,3660033.4127807617,,
C0053,R1929,0.8291177749633789,4,38SMB_00814_r4560_c3840,0,560.1659393310547,546.2397003173828,305984.87482820055,438523.2521057129,3653849.809036255,439083.41804504395,3654396.0487365723,,
C0054,R1142,0.8290579915046692,1,38SMB_00516_r2880_c2880,0,554.0911102294922,544.5867919921875,301750.7001912687,429897.50984191895,3669781.9523620605,430451.60095214844,3670326.5391540527,,
C0055,R2355,0.8270742297172546,1,38SMB_01026_r5760_c4320,0,544.6300506591797,527.8771591186523,287497.7639126155,444355.2237701416,3641384.488220215,444899.8538208008,3641912.3653793335,,
C0056,R1680,0.8266705274581909,2,38SMB_00727_r4080_c3120,0,524.2619323730469,537.9135131835938,282007.5778712053,431338.8641357422,3657923.773498535,431863.12606811523,3658461.6870117188,,
C0057,R4061,0.8265669345855713,1,38SMB_01482_r8400_c2880,0,701.920166015625,679.3743896484375,476866.58436879516,430193.84552001953,3613360.9564208984,430895.76568603516,3614040.330810547,,
C0058,R2286,0.8260876536369324,1,38SMB_00985_r5520_c4560,0,538.1811904907227,548.011474609375,294929.46780784987,446128.9388656616,3642925.4653930664,446667.12005615234,3643473.476867676,,
C0059,R0648,0.8254740834236145,2,38SMB_00339_r1920_c720,0,411.5008544921875,399.920654296875,164567.69097223878,408600.0665283203,3677691.7864990234,409011.5673828125,3678091.7071533203,,
C0060,R3353,0.8238197565078735,1,38SMB_01323_r7440_c5040,0,599.3017578125,592.757568359375,355240.65267443657,451861.5515136719,3623138.314819336,452460.8532714844,3623731.0723876953,,
C0061,R0565,0.822638213634491,1,38SMB_00295_r1680_c240,0,538.0606079101562,499.6282958984375,268830.3046202287,403383.9831542969,3680512.332458496,403922.04376220703,3681011.9607543945,,
C0062,R2597,0.8223499655723572,1,38SMB_01111_r6240_c4560,0,382.00225830078125,417.6031494140625,159525.34614969045,446994.34143066406,3636461.6271972656,447376.34368896484,3636879.2303466797,,
C0063,R2067,0.8219431042671204,2,38SMB_00870_r4800_c7200,0,521.2045288085938,549.0573120117188,286171.1575959809,474062.7670288086,3651081.3359832764,474583.9715576172,3651630.393295288,,
C0064,R2721,0.8219091892242432,1,38SMB_01153_r6480_c4560,0,522.4542236328125,541.5667724609375,282943.8476514071,447682.66540527344,3633101.139831543,448205.11962890625,3633642.706604004,,
C0065,R1782,0.8217240571975708,1,38SMB_00768_r4320_c2880,0,432.7481460571289,450.1898193359375,194818.80969142076,429382.2854232788,3654854.8428344727,429815.03356933594,3655305.0326538086,,
C0066,R1368,0.8164207935333252,1,38SMB_00606_r3360_c4320,1,594.7750854492188,626.9003295898438,372864.6970999427,445260.9912109375,3664677.677154541,445855.7662963867,3665304.577484131,,
C0067,R4586,0.815102756023407,1,38SMB_01619_r9120_c5520,0,590.5144500732422,577.3867416381836,340955.21421805315,456446.16859436035,3607598.5429382324,457036.6830444336,3608175.9296798706,,
C0068,R4022,0.8135817646980286,3,38SMB_01473_r8400_c720,0,464.9148941040039,482.205810546875,224184.66334673576,407624.85973358154,3615144.309539795,408089.77462768555,3615626.515350342,,
C0069,R0035,0.8127403855323792,1,38SMB_00004_r0_c960,1,449.64630126953125,443.9959716796875,199641.14644434303,410258.56185913086,3697433.2138061523,410708.2081604004,3697877.209777832,,
C0070,R4293,0.8107553124427795,1,38SMB_01543_r8640_c7440,0,465.88104248046875,453.5679626464844,211308.71527348645,476086.6128540039,3612631.906967163,476552.4938964844,3613085.4749298096,,
C0071,R2772,0.8102557063102722,1,38SMB_01170_r6480_c8640,0,474.4234848022461,472.44964599609375,224141.20744705433,486907.77515411377,3634012.297515869,487382.198638916,3634484.7471618652,,
C0072,R1597,0.8091028332710266,2,38SMB_00692_r3840_c4800,0,532.6498413085938,515.6939697265625,274684.31113865227,448756.9708251953,3658745.0146484375,449289.6206665039,3659260.708618164,,
C0073,R3912,0.8089672923088074,1,38SMB_01443_r8160_c3600,0,591.6131591796875,624.3148803710938,369352.89869923145,438004.75036621094,3616526.9805908203,438596.3635253906,3617151.2954711914,,
C0074,R2132,0.8073250651359558,1,38SMB_00900_r5040_c4320,0,493.0078887939453,472.83203125,233109.92148071527,444341.928024292,3647578.8444519043,444834.93591308594,3648051.6764831543,,
C0075,R4076,0.8071725964546204,2,38SMB_01484_r8400_c3360,1,647.2100067138672,759.43115234375,491511.44120711833,433653.618850708,3613909.2810058594,434300.8288574219,3614668.712158203,,
C0076,R3592,0.8049543499946594,2,38SMB_01372_r7680_c6720,0,546.0067749023438,519.4091796875,283600.93105584383,468237.19833374023,3622673.9965057373,468783.2051086426,3623193.405685425,,
C0077,R3576,0.8045226335525513,1,38SMB_01370_r7680_c6240,0,459.166259765625,455.07568359375,208955.39954602718,464590.8483886719,3620771.826477051,465050.0146484375,3621226.9021606445,,
C0078,R4564,0.8017042875289917,1,38SMB_01613_r9120_c4080,0,459.6319580078125,488.2771301269531,224427.77337068692,442603.2972717285,3607281.2591552734,443062.9292297363,3607769.5362854004,,
C0079,R0684,0.8011267781257629,1,38SMB_00345_r1920_c2160,0,377.5347900390625,370.7830810546875,139983.51265601814,423656.4794921875,3679201.15234375,424034.01428222656,3679571.9354248047,,
C0080,R0175,0.7996256947517395,1,38SMB_00049_r240_c1680,1,600.882568359375,585.0309753417969,351534.9150331691,418628.32763671875,3696460.323944092,419229.2102050781,3697045.3549194336,,
C0081,R1121,0.7976341247558594,2,38SMB_00511_r2880_c1680,0,566.0169982910156,573.1840515136719,324431.9163060514,419194.9040222168,3670033.362045288,419760.9210205078,3670606.5460968018,,
C0082,R0604,0.7962357997894287,1,38SMB_00303_r1680_c2160,0,722.4757385253906,677.564697265625,489524.05505571514,422139.0084075928,3682029.718322754,422861.48414611816,3682707.2830200195,,
C0083,R2356,0.7952286005020142,2,38SMB_01026_r5760_c4320,1,429.69940185546875,435.47882080078125,187124.98881882057,443200.9972000122,3640339.1137695312,443630.6966018677,3640774.592590332,,
C0084,R0168,0.7942735552787781,2,38SMB_00048_r240_c1440,0,556.9361114501953,570.118408203125,317519.52933082357,414449.34928894043,3696515.016784668,415006.2854003906,3697085.135192871,,
C0085,R4728,0.7929587960243225,2,38SMB_01655_r9360_c4080,0,443.31993103027344,433.42193603515625,192144.58279011305,440890.85258483887,3604052.550506592,441334.17251586914,3604485.972442627,,
C0086,R1045,0.7919591069221497,1,38SMB_00473_r2640_c2640,0,512.325439453125,523.2400512695312,268069.18920613825,426887.2724914551,3671503.2403564453,427399.5979309082,3672026.480407715,,
C0087,R1235,0.7915177941322327,1,38SMB_00557_r3120_c2640,0,497.72216796875,497.45849609375,247596.1211502552,428167.0962524414,3666490.129699707,428664.81842041016,3666987.588195801,,
C0088,R4064,0.7893428206443787,1,38SMB_01483_r8400_c3120,0,478.16162109375,497.99896240234375,238123.99116531014,433078.67294311523,3614445.6381225586,433556.834564209,3614943.637084961,,
C0089,R1214,0.7884403467178345,1,38SMB_00552_r3120_c1440,0,491.86767578125,478.9080810546875,235559.40474122763,416596.22955322266,3666985.333251953,417088.0972290039,3667464.241333008,,
C0090,R2009,0.7882866859436035,2,38SMB_00855_r4800_c3600,0,551.6949462890625,519.4854736328125,286597.5104738027,437512.6348876953,3648800.0,438064.3298339844,3649319.485473633,,
C0091,R2636,0.7858730554580688,2,38SMB_01120_r6240_c6720,0,458.048095703125,443.8104248046875,203286.51993498206,469089.9856567383,3634595.2825927734,469548.0337524414,3635039.093017578,,
C0092,R2916,0.7848201990127563,1,38SMB_01212_r6720_c8640,0,496.00799560546875,505.1959228515625,250581.21708165854,487001.56311035156,3630231.27532959,487497.57110595703,3630736.4712524414,,
C0093,R2346,0.7834705114364624,1,38SMB_01025_r5760_c4080,1,741.6363525390625,719.2682647705078,533435.4923815001,442794.2367553711,3640679.2932128906,443535.87310791016,3641398.561477661,,
C0094,R1643,0.7831684947013855,2,38SMB_00723_r4080_c2160,0,485.6610107421875,490.72021484375,238323.67553263903,422886.2252807617,3656406.8530273438,423371.8862915039,3656897.5732421875,,
C0095,R3297,0.7828235030174255,2,38SMB_01316_r7440_c3360,0,594.1932678222656,591.92138671875,351715.7030683011,434338.80859375,3622433.4283447266,434933.00186157227,3623025.3497314453,,
C0096,R3310,0.782282292842865,2,38SMB_01317_r7440_c3600,0,664.9154663085938,643.1311798095703,427627.8683206765,437204.8017883301,3624950.8450317383,437869.7172546387,3625593.976211548,,
C0097,R3433,0.7814143300056458,2,38SMB_01342_r7440_c9600,0,400.3387451171875,407.894287109375,163295.88704183698,498078.4408569336,3623541.73248291,498478.7796020508,3623949.6267700195,,
C0098,R2887,0.7809078097343445,1,38SMB_01199_r6720_c5520,0,629.2633056640625,636.56005859375,400563.88672441244,456588.35998535156,3630554.3969726562,457217.6232910156,3631190.95703125,,
C0099,R3039,0.7805172801017761,1,38SMB_01253_r6960_c8400,0,562.4951171875,553.3096313476562,311233.9659258723,485455.3855895996,3627943.7677001953,486017.8807067871,3628497.077331543,,
C0100,R4023,0.779679536819458,1,38SMB_01473_r8400_c720,1,774.0735626220703,685.28564453125,530461.5002760664,408400.89225769043,3613914.945373535,409174.9658203125,3614600.2310180664,,
C0101,R0795,0.7786306142807007,2,38SMB_00388_r2160_c2400,0,497.54425048828125,509.47998046875,253488.8350211084,425144.38568115234,3675272.437133789,425641.9299316406,3675781.917114258,,
C0102,R1450,0.7783575654029846,2,38SMB_00646_r3600_c3840,0,692.3416137695312,591.072998046875,409224.43332336843,440256.4569091797,3660808.1689453125,440948.7985229492,3661399.2419433594,,
C0103,R2865,0.7779231071472168,2,38SMB_01196_r6720_c4800,1,471.492919921875,442.77156829833984,208763.65959537216,448690.322265625,3632357.2284317017,449161.8151855469,3632800.0,,
C0104,R2010,0.7776860594749451,2,38SMB_00855_r4800_c3600,1,463.30841064453125,459.00390625,212660.37028431892,437173.1314086914,3648861.26953125,437636.43981933594,3649320.2734375,,
C0105,R4515,0.7769291400909424,1,38SMB_01608_r9120_c2880,0,425.3521728515625,408.2373046875,173644.6245878935,429599.5739746094,3606305.6701660156,430024.92614746094,3606713.907470703,,
C0106,R0655,0.77668297290802,2,38SMB_00340_r1920_c960,0,612.5150299072266,715.618896484375,438327.3297823034,409604.3154525757,3678327.2080993652,410216.8304824829,3679042.8269958496,,
C0107,R2098,0.7758027911186218,1,38SMB_00897_r5040_c3600,0,698.8629150390625,699.9832534790039,489192.33700486366,437700.6069946289,3648358.3680725098,438399.46990966797,3649058.351325989,,
C0108,R2430,0.775050163269043,2,38SMB_01047_r5760_c9360,0,388.9854431152344,601.4537048339844,233956.7358881468,493600.0,3639498.790283203,493988.98544311523,3640100.243988037,,
C0109,R3701,0.7740738987922668,2,38SMB_01399_r7920_c3120,0,794.6820068359375,688.5476684570312,547176.4429716393,433592.9998779297,3617958.446044922,434387.6818847656,3618646.993713379,,
C0110,R4382,0.7730504274368286,1,38SMB_01569_r8880_c3600,1,666.1484146118164,694.89990234375,462906.4682601951,436628.5766220093,3609270.323791504,437294.7250366211,3609965.2236938477,,
C0111,R3463,0.7728994488716125,2,38SMB_01351_r7680_c1680,0,502.080078125,495.5767822265625,248819.2295372486,417504.19357299805,3620257.48046875,418006.27365112305,3620753.0572509766,,
C0112,R2004,0.7724471688270569,1,38SMB_00854_r4800_c3360,0,447.508544921875,449.114990234375,200982.79578238726,435370.4284667969,3650173.758544922,435817.93701171875,3650622.8735351562,,
C0113,R1109,0.7701958417892456,1,38SMB_00507_r2880_c720,0,455.6729507446289,448.31085205078125,204283.12880481826,407696.56887054443,3669041.7851257324,408152.24182128906,3669490.095977783,,
C0114,R2694,0.7696770429611206,1,38SMB_01150_r6480_c3840,0,417.46337890625,426.70623779296875,178134.22782942653,440458.07067871094,3634073.555908203,440875.5340576172,3634500.262145996,,
C0115,R3337,0.7692441344261169,2,38SMB_01320_r7440_c4320,0,541.597900390625,533.487548828125,288935.73632985353,445837.9309082031,3622916.995239258,446379.52880859375,3623450.482788086,,
C0116,R3034,0.7680230140686035,1,38SMB_01252_r6960_c8160,0,778.55224609375,783.8934326171875,610301.992662251,483469.8760986328,3629011.632385254,484248.42834472656,3629795.525817871,,
C0117,R3018,0.7672168612480164,2,38SMB_01244_r6960_c6240,0,511.4190673828125,661.3958740234375,338250.46106390655,465088.5809326172,3629256.2113952637,465600.0,3629917.607269287,,
C0118,R2123,0.7670094966888428,1,38SMB_00899_r5040_c4080,2,556.6122436523438,538.0548095703125,299487.8947628662,441776.4794921875,3647934.818572998,442333.09173583984,3648472.8733825684,,
C0119,R2826,0.7659869194030762,4,38SMB_01192_r6720_c3840,1,456.881103515625,367.36541748046875,167842.31733195484,441127.07946777344,3632432.6345825195,441583.96057128906,3632800.0,,
C0120,R3732,0.7658301591873169,1,38SMB_01402_r7920_c3840,0,714.3635559082031,655.9982299804688,468621.2282383349,438705.67863464355,3618018.0032348633,439420.04219055176,3618674.0014648438,,
C0121,R0001,0.7649614214897156,1,38SMB_00000_r0_c0,0,491.1351013183594,512.9871368408203,251945.98942733137,400024.8268890381,3699419.9645233154,400515.96199035645,3699932.9516601562,,
C0122,R1247,0.7633912563323975,1,38SMB_00561_r3120_c3600,0,577.1646118164062,592.7294921875,342102.48727053404,437199.59091186523,3667471.4443969727,437776.75552368164,3668064.17388916,,
C0123,R1966,0.7611340284347534,2,38SMB_00820_r4560_c5280,0,383.328857421875,412.9768371582031,158305.93912955374,454646.7077636719,3653568.955001831,455030.03662109375,3653981.9318389893,,
C0124,R3451,0.7609304189682007,1,38SMB_01345_r7680_c240,0,545.6533813476562,555.1971435546875,302945.19869517535,403577.3309326172,3621731.831970215,404122.98431396484,3622287.0291137695,,
C0125,R0851,0.7600111365318298,1,38SMB_00423_r2400_c720,0,531.7623901367188,560.4916381835938,298048.3731721528,408223.8555908203,3674456.1416625977,408755.61798095703,3675016.6333007812,,
C0126,R2375,0.7589388489723206,1,38SMB_01028_r5760_c4800,1,665.0384902954102,702.9217529296875,467470.0213641627,448431.8294906616,3639671.6790771484,449096.86798095703,3640374.600830078,,
C0127,R1281,0.758709728717804,1,38SMB_00569_r3120_c5520,0,820.9672546386719,621.02294921875,509839.5056877285,457579.0327453613,3665600.062866211,458400.0,3666221.0858154297,,
C0128,R0495,0.7585353851318359,1,38SMB_00254_r1440_c480,0,381.2335205078125,378.86566162109375,144436.2899793312,405726.7303466797,3683826.7735290527,406107.9638671875,3684205.639190674,,
C0129,R3660,0.758028507232666,1,38SMB_01389_r7920_c720,0,574.5635986328125,576.5267944335938,331251.30971800536,408542.15118408203,3618440.2519226074,409116.71478271484,3619016.778717041,,
C0130,R4153,0.7574490308761597,1,38SMB_01507_r8400_c8880,0,563.7811279296875,580.0718688964844,327033.5725267418,489857.6467895508,3614511.273498535,490421.42791748047,3615091.3453674316,,
C0131,R2163,0.7559314966201782,2,38SMB_00906_r5040_c5760,0,420.2167510986328,386.600341796875,162455.9396035038,457764.7219467163,3648512.9774475098,458184.93869781494,3648899.5777893066,,
C0132,R2054,0.754306972026825,1,38SMB_00863_r4800_c5520,0,464.5635986328125,492.2125244140625,228664.02163393795,455881.10137939453,3650222.6083374023,456345.66497802734,3650714.8208618164,,
C0133,R2046,0.754278838634491,2,38SMB_00861_r4800_c5040,0,660.7427978515625,720.9136962890625,476338.53269554675,452923.8153076172,3649529.104614258,453584.55810546875,3650250.018310547,,
C0134,R3197,0.7542035579681396,1,38SMB_01287_r7200_c6480,0,526.3067626953125,534.329833984375,281221.4051358402,466636.0679626465,3626133.966064453,467162.3747253418,3626668.2958984375,,
C0135,R1040,0.7530917525291443,1,38SMB_00472_r2640_c2400,0,657.193603515625,647.3440551757812,425430.37233538926,424954.4367980957,3670774.314880371,425611.6304016113,3671421.658935547,,
C0136,R4383,0.7529064416885376,1,38SMB_01569_r8880_c3600,2,767.4417114257812,598.5243225097656,459332.5303968508,436459.91104125977,3610601.4756774902,437227.35275268555,3611200.0,,
C0137,R3795,0.7517673969268799,2,38SMB_01416_r7920_c7200,0,495.8831787109375,483.88397216796875,239949.92224592716,474497.8518676758,3619581.9650268555,474993.7350463867,3620065.8489990234,,
C0138,R1910,0.7507697939872742,1,38SMB_00812_r4560_c3360,0,473.9106750488281,472.27996826171875,223818.51857095025,434509.0229797363,3652078.943634033,434982.93365478516,3652551.223602295,,
C0139,R4628,0.7507648468017578,1,38SMB_01645_r9360_c1680,0,398.775634765625,388.7176513671875,155011.1281685531,418321.2060546875,3604312.817993164,418719.9816894531,3604701.5356445312,,
C0140,R2124,0.7505157589912415,4,38SMB_00899_r5040_c4080,3,485.08460998535156,488.3935546875,236912.1969949454,441177.78785705566,3646411.163330078,441662.872467041,3646899.5568847656,,
C0141,R1054,0.7503809928894043,2,38SMB_00476_r2640_c3360,0,541.2799835205078,556.5237426757812,301235.1622643182,433786.538772583,3672092.5018310547,434327.8187561035,3672649.0255737305,,
C0142,R2391,0.7493215799331665,2,38SMB_01032_r5760_c5760,0,511.59996032714844,518.7991333007812,265417.6160144387,457953.3376312256,3640336.508331299,458464.93759155273,3640855.3074645996,,
C0143,R3840,0.7469872832298279,1,38SMB_01430_r8160_c480,1,354.4171142578125,411.6009521484375,145878.4216862172,407645.5828857422,3615203.7844848633,408000.0,3615615.3854370117,,
C0144,R4057,0.7466511726379395,1,38SMB_01481_r8400_c2640,0,756.0221862792969,722.0309448242188,545871.4134673122,427055.2038574219,3613584.0560913086,427811.2260437012,3614306.087036133,,
C0145,R1094,0.7458216547966003,2,38SMB_00491_r2640_c6960,0,529.9903869628906,547.1026611328125,289959.1510822065,471952.5639343262,3671472.916870117,472482.55432128906,3672020.01953125,,
C0146,R2472,0.7457181811332703,1,38SMB_01069_r6000_c4560,0,341.19293212890625,477.8717041015625,163046.44790384918,445600.0,3637632.2216796875,445941.1929321289,3638110.093383789,,
C0147,R2866,0.7429615259170532,1,38SMB_01196_r6720_c4800,2,655.9027099609375,646.6596221923828,424145.7986182999,449598.9953613281,3631112.1502685547,450254.89807128906,3631758.809890747,,
C0148,R4094,0.7426360845565796,2,38SMB_01488_r8400_c4320,0,509.228515625,537.8152847290039,273870.8791229874,445771.4434814453,3614978.1733703613,446280.6719970703,3615515.9886550903,,
C0149,R0451,0.7424823045730591,1,38SMB_00218_r1200_c1920,0,389.69146728515625,369.085693359375,143829.5453991741,420026.57707214355,3685856.9876098633,420416.2685394287,3686226.0733032227,,
C0150,R0685,0.7407850027084351,1,38SMB_00345_r1920_c2160,1,677.459716796875,684.6087646484375,463794.8598153889,423104.42474365234,3678394.2428588867,423781.8844604492,3679078.851623535,,
C0151,R0106,0.7405030131340027,1,38SMB_00016_r0_c3840,0,573.4933471679688,560.25634765625,321303.288089484,440087.46368408203,3697809.1828918457,440660.95703125,3698369.439239502,,
C0152,R2775,0.7393106818199158,2,38SMB_01174_r6480_c9600,0,833.8677978515625,707.1878051757812,589701.1377694085,498366.13220214844,3634492.812194824,499200.0,3635200.0,,
C0153,R4212,0.7390797734260559,2,38SMB_01525_r8640_c3120,1,500.3855895996094,583.1503295898438,291800.0214970205,431200.58658599854,3611474.340362549,431700.97217559814,3612057.4906921387,,
C0154,R1704,0.7389068603515625,1,38SMB_00729_r4080_c3600,0,658.6688232421875,671.4349365234375,442253.25952358544,436483.4135437012,3656925.7485961914,437142.08236694336,3657597.183532715,,
C0155,R0621,0.7386605739593506,2,38SMB_00311_r1680_c4080,0,471.307373046875,481.9956588745117,227168.1078041438,443018.1115722656,3682694.949607849,443489.4189453125,3683176.9452667236,,
C0156,R2310,0.7379554510116577,2,38SMB_01003_r5520_c8880,0,622.0102310180664,598.6883544921875,372390.2816855116,489203.23833465576,3641685.283508301,489825.2485656738,3642283.971862793,,
C0157,R2749,0.7374778985977173,2,38SMB_01156_r6480_c5280,0,635.4997253417969,633.7164306640625,402726.6176315956,452812.3471069336,3632510.785217285,453447.8468322754,3633144.501647949,,
C0158,R3456,0.7366870045661926,2,38SMB_01348_r7680_c960,0,424.25048828125,423.37646484375,179617.6719367504,412314.0771484375,3621029.0782165527,412738.32763671875,3621452.4546813965,,
C0159,R4140,0.7363913655281067,1,38SMB_01502_r8400_c7680,0,495.16845703125,469.81201171875,232636.08893752098,477512.2738647461,3614111.772003174,478007.44232177734,3614581.5840148926,,
C0160,R4268,0.7353599667549133,2,38SMB_01531_r8640_c4560,0,513.6428833007812,520.7000732421875,267453.88695504516,445680.56831359863,3611258.415222168,446194.2111968994,3611779.11529541,,
C0161,R3636,0.7351676821708679,1,38SMB_01384_r7680_c9600,1,788.9436340332031,775.894775390625,612137.2437240556,496414.47204589844,3621275.6134033203,497203.41567993164,3622051.508178711,,
C0162,R1734,0.7347605228424072,1,38SMB_00737_r4080_c5520,0,427.3187255859375,422.7471923828125,180647.79149405658,457184.4421386719,3656706.832885742,457611.7608642578,3657129.580078125,,
C0163,R3970,0.734626293182373,2,38SMB_01456_r8160_c6720,0,743.802490234375,713.7420654296875,530883.1256516278,468027.5750732422,3615425.4412841797,468771.37756347656,3616139.1833496094,,
C0164,R3515,0.734573483467102,1,38SMB_01359_r7680_c3600,0,665.0215148925781,673.677978515625,448010.34982223064,436501.91787719727,3620921.5243530273,437166.93939208984,3621595.202331543,,
C0165,R0618,0.7344754338264465,2,38SMB_00309_r1680_c3600,0,518.0783081054688,484.18212890625,250844.25815865397,437208.81912231445,3680000.398864746,437726.8974304199,3680484.5809936523,,
C0166,R0369,0.7342864274978638,1,38SMB_00176_r960_c1920,0,638.4040832519531,660.6881713867188,421786.0263695475,419794.6369934082,3689040.1736450195,420433.04107666016,3689700.8618164062,,
C0167,R2153,0.7339538335800171,1,38SMB_00904_r5040_c5280,1,500.0567626953125,493.6647033691406,246860.3734237142,454719.6908569336,3648676.902999878,455219.7476196289,3649170.567703247,,
C0168,R1333,0.7320981025695801,4,38SMB_00601_r3360_c3120,0,801.9189453125,780.8599853515625,626186.4158898592,433463.29528808594,3663236.2915039062,434265.21423339844,3664017.151489258,,
C0169,R2192,0.7307136058807373,2,38SMB_00940_r5280_c3840,0,492.3950958251953,495.54931640625,244006.0531379655,439648.21617126465,3644072.1411132812,440140.61126708984,3644567.6904296875,,
C0170,R0639,0.7304292321205139,2,38SMB_00337_r1920_c240,0,419.89501953125,411.70482635498047,172872.8061034344,403775.5258178711,3680362.9864501953,404195.42083740234,3680774.6912765503,,
C0171,R4356,0.7299783229827881,1,38SMB_01567_r8880_c3120,1,596.9244384765625,585.491943359375,349494.44952234626,432857.0895385742,3609129.425354004,433454.0139770508,3609714.9172973633,,
C0172,R3539,0.7294838428497314,4,38SMB_01362_r7680_c4320,0,518.8941955566406,482.71419525146484,250477.59402878,443350.64750671387,3622717.2858047485,443869.5417022705,3623200.0,,
C0173,R2879,0.7290499806404114,1,38SMB_01198_r6720_c5280,0,467.5776672363281,455.2593994140625,212869.1279654391,453591.60972595215,3630246.167602539,454059.1873931885,3630701.427001953,,
C0174,R2357,0.7288013100624084,1,38SMB_01026_r5760_c4320,2,584.5530700683594,416.90528869628906,243703.26643515145,443942.4476623535,3641983.034515381,444527.0007324219,3642399.939804077,,
C0175,R2705,0.7284095883369446,1,38SMB_01151_r6480_c4080,2,438.8348388671875,405.59661865234375,177989.92679137737,441596.1309814453,3633634.0980529785,442034.9658203125,3634039.694671631,,
C0176,R2005,0.7280128598213196,1,38SMB_00854_r4800_c3360,1,501.094970703125,495.15289306640625,248118.62444467843,434386.6125488281,3649956.704711914,434887.70751953125,3650451.8576049805,,
C0177,R0800,0.726966381072998,2,38SMB_00389_r2160_c2640,0,438.69140625,454.1766357421875,199243.38701963425,429147.43103027344,3676024.2471313477,429586.12243652344,3676478.42376709,,
C0178,R4213,0.7256345748901367,1,38SMB_01525_r8640_c3120,2,403.1825256347656,381.8743896484375,153965.08089369163,432195.6948852539,3612371.025161743,432598.8774108887,3612752.8995513916,,
C0179,R2498,0.7242581844329834,3,38SMB_01071_r6000_c5040,0,483.8572692871094,427.38189697265625,206791.83761193417,450835.1518249512,3636800.0,451319.0090942383,3637227.3818969727,,
C0180,R1391,0.7240543365478516,4,38SMB_00621_r3360_c7920,0,489.13330078125,492.4656295776367,240881.33891662583,481769.1796875,3665906.8906784058,482258.31298828125,3666399.3563079834,,
C0181,R4439,0.7229446172714233,1,38SMB_01585_r8880_c7440,0,501.97265625,510.2392578125,256126.1555671692,475810.4016113281,3609969.8109436035,476312.3742675781,3610480.050201416,,
C0182,R4722,0.7225925922393799,2,38SMB_01654_r9360_c3840,1,439.8248291015625,439.229736328125,193184.14371684194,438427.8820800781,3604251.9943237305,438867.7069091797,3604691.2240600586,,
C0183,R3516,0.7224509119987488,2,38SMB_01359_r7680_c3600,1,386.2712097167969,365.389404296875,141139.40721545368,436843.2482910156,3620185.2728271484,437229.5195007324,3620550.6622314453,,
C0184,R3016,0.7219587564468384,1,38SMB_01242_r6960_c5760,0,553.8864135742188,569.7357177734375,315568.8734026626,458544.2790222168,3628076.6915893555,459098.165435791,3628646.427307129,,
C0185,R0770,0.721047043800354,1,38SMB_00383_r2160_c1200,0,535.7028198242188,533.1110000610352,285589.0660120058,413053.93493652344,3677287.402648926,413589.63775634766,3677820.513648987,,
C0186,R1868,0.7209284901618958,1,38SMB_00775_r4320_c4560,0,647.677001953125,676.0560607910156,437865.9626053646,447691.8200683594,3653822.494506836,448339.4970703125,3654498.550567627,,
C0187,R3224,0.7200669050216675,2,38SMB_01297_r7200_c8880,0,559.4234466552734,569.4387817382812,318557.4059392093,488817.3904800415,3626479.9531555176,489376.8139266968,3627049.391937256,,
C0188,R1593,0.7198987007141113,2,38SMB_00691_r3840_c4560,0,523.5616111755371,536.143798828125,280704.31113622617,445753.99911880493,3659314.1789245605,446277.56072998047,3659850.3227233887,,
C0189,R3706,0.7197359800338745,1,38SMB_01400_r7920_c3360,0,593.5458374023438,609.1433715820312,361554.5125837438,434692.85430908203,3618548.5568237305,435286.4001464844,3619157.7001953125,,
C0190,R1920,0.7196453809738159,1,38SMB_00813_r4560_c3600,1,679.4778823852539,655.7391357421875,445560.2393512381,436602.87883758545,3651704.3029785156,437282.3567199707,3652360.042114258,,
C0191,R1783,0.719113826751709,2,38SMB_00768_r4320_c2880,1,570.7009887695312,541.05224609375,308779.0518216789,429687.61932373047,3653931.3861083984,430258.3203125,3654472.438354492,,
C0192,R1656,0.7190693020820618,1,38SMB_00724_r4080_c2400,0,515.8145141601562,506.6925048828125,261359.34823472053,424827.5785827637,3656625.812072754,425343.3930969238,3657132.5045776367,,
C0193,R4715,0.7185280323028564,1,38SMB_01653_r9360_c3600,1,450.43521881103516,454.3275451660156,204645.1272187347,436557.255821228,3605463.854370117,437007.69104003906,3605918.181915283,,
C0194,R0060,0.7175989747047424,2,38SMB_00006_r0_c1440,0,619.2182159423828,546.3821411132812,338329.77464294527,414600.91987609863,3698495.453643799,415220.138092041,3699041.835784912,,
C0195,R4742,0.7161751985549927,2,38SMB_01658_r9360_c4800,0,617.5225067138672,563.4390258789062,347936.2796411617,448985.7233428955,3605781.5523147583,449603.2458496094,3606344.991340637,,
C0196,R2227,0.7159423232078552,2,38SMB_00946_r5280_c5280,0,460.7562255859375,454.99534606933594,209641.93831407465,454529.02603149414,3646677.3526763916,454989.7822570801,3647132.348022461,,
C0197,R3159,0.7145580053329468,1,38SMB_01282_r7200_c5280,0,546.636962890625,292.1630859375,159707.14196562767,454065.09201049805,3624800.0103759766,454611.7289733887,3625092.173461914,,
C0198,R0513,0.7143017649650574,2,38SMB_00260_r1440_c1920,0,575.9368896484375,473.9630126953125,272972.7833401412,421202.4331665039,3682400.0,421778.37005615234,3682873.9630126953,,
C0199,R4516,0.7136586904525757,1,38SMB_01608_r9120_c2880,1,841.7630004882812,735.4714965820312,619092.6937364973,429976.92611694336,3606986.4770507812,430818.68911743164,3607721.9485473633,,
C0200,R2399,0.7131480574607849,2,38SMB_01036_r5760_c6720,1,695.9360504150391,670.5123901367188,466633.74454609584,467223.265914917,3640066.601409912,467919.20196533203,3640737.113800049,,
C0201,R0904,0.7112299799919128,4,38SMB_00430_r2400_c2400,1,573.179931640625,581.5289306640625,333320.7127250731,426310.2899169922,3672806.0861206055,426883.4698486328,3673387.6150512695,,
C0202,R0872,0.7109248638153076,2,38SMB_00426_r2400_c1440,0,501.4422607421875,504.5634460449219,253009.43507263437,416155.03662109375,3675441.0108947754,416656.47888183594,3675945.5743408203,,
C0203,R3218,0.710857093334198,2,38SMB_01296_r7200_c8640,0,635.2531433105469,631.6551971435547,401260.9494738863,487296.84646606445,3627358.945083618,487932.099609375,3627990.6002807617,,
C0204,R1070,0.7100737690925598,4,38SMB_00481_r2640_c4560,0,510.552978515625,521.1712646484375,266085.5414830148,448085.1986694336,3670536.304626465,448595.7516479492,3671057.4758911133,,
C0205,R0643,0.7100274562835693,2,38SMB_00338_r1920_c480,0,509.9896240234375,535.9744262695312,273341.39613937587,407174.00390625,3678979.8236083984,407683.99353027344,3679515.798034668,,
C0206,R1236,0.7091109752655029,2,38SMB_00557_r3120_c2640,1,463.2069396972656,468.2476806640625,216895.5751807429,428929.031829834,3666765.6608581543,429392.23876953125,3667233.9085388184,,
C0207,R4357,0.7086490988731384,1,38SMB_01567_r8880_c3120,2,895.9295654296875,961.3479995727539,861300.0954839168,432811.3360595703,3609780.92376709,433707.265625,3610742.2717666626,,
C0208,R1122,0.7078898549079895,1,38SMB_00511_r2880_c1680,1,758.6517333984375,720.3921508789062,546526.753990911,418236.2944030762,3668378.3096313477,418994.9461364746,3669098.7017822266,,
C0209,R3819,0.7078732848167419,2,38SMB_01425_r7920_c9360,0,702.8880310058594,651.8313217163086,458164.434269123,496073.2563781738,3619749.5220947266,496776.1444091797,3620401.353416443,,
C0210,R1385,0.706976592540741,1,38SMB_00611_r3360_c5520,0,834.8753356933594,1019.7761535644531,851385.9585392056,457565.12466430664,3665265.198059082,458400.0,3666284.9742126465,,
C0211,R3322,0.705105721950531,2,38SMB_01318_r7440_c3840,0,446.16668701171875,466.256103515625,208027.9410045594,440683.09814453125,3624124.7927856445,441129.26483154297,3624591.04888916,,
C0212,R0036,0.7041051983833313,2,38SMB_00004_r0_c960,2,669.9993133544922,655.6141662597656,439261.04121952085,409898.0316925049,3698460.3857421875,410568.0310058594,3699115.9999084473,,
C0213,R3833,0.703685462474823,1,38SMB_01427_r7920_c9680,1,616.8206787109375,635.0497436523438,391711.81389484555,498737.0739746094,3619741.1499023438,499353.8946533203,3620376.199645996,,
C0214,R0676,0.7036831378936768,2,38SMB_00344_r1920_c1920,0,528.1090927124023,533.9305114746094,281973.5579863249,419779.4620132446,3680193.956184387,420307.57110595703,3680727.886695862,,
C0215,R0796,0.7035253643989563,1,38SMB_00388_r2160_c2400,1,629.1159057617188,588.6429214477539,370324.62469682796,424654.55993652344,3677298.6254882812,425283.67584228516,3677887.268409729,,
C0216,R2732,0.7034845948219299,2,38SMB_01154_r6480_c4800,2,857.3213958740234,733.3222961425781,628692.8945544991,448043.34129333496,3633992.422027588,448900.662689209,3634725.7443237305,,
C0217,R2770,0.7030505537986755,1,38SMB_01169_r6480_c8400,0,290.335693359375,470.98907470703125,136744.9395697564,486909.619140625,3634012.2596740723,487199.9548339844,3634483.2487487793,,
C0218,R1157,0.7027502655982971,2,38SMB_00522_r2880_c4320,0,633.3763122558594,656.0617065429688,415533.94430247135,445567.00942993164,3669325.4846191406,446200.3857421875,3669981.5463256836,,
C0219,R1905,0.7021897435188293,1,38SMB_00811_r4560_c3120,0,636.3571166992188,691.3223648071289,439927.90677835,431969.757232666,3653394.1960144043,432606.11434936523,3654085.5183792114,,
C0220,R3966,0.701633632183075,2,38SMB_01455_r8160_c6480,0,598.3888244628906,565.8408355712891,338592.83243060345,465511.0676574707,3617582.7282714844,466109.4564819336,3618148.5691070557,,
C0221,R4214,0.7014422416687012,1,38SMB_01525_r8640_c3120,3,611.1566162109375,620.6570816040039,379318.68182045873,432380.7800292969,3612602.7516174316,432991.9366455078,3613223.4086990356,,
C0222,R3719,0.7007110714912415,2,38SMB_01401_r7920_c3600,1,588.6782836914062,528.6960983276367,311231.91175785614,437100.88958740234,3620271.3039016724,437689.56787109375,3620800.0,,
C0223,R3971,0.7003933191299438,1,38SMB_01456_r8160_c6720,1,658.2269287109375,696.3986206054688,458388.3251996711,469001.90155029297,3617021.6539001465,469660.1284790039,3617718.052520752,,
C0224,R0321,0.7003350853919983,1,38SMB_00139_r720_c3120,0,527.44873046875,537.6153564453125,283564.5372375846,433349.61486816406,3690782.6779174805,433877.0635986328,3691320.293273926,,
C0225,R3613,0.700074315071106,1,38SMB_01375_r7680_c7440,0,775.1353454589844,787.7569580078125,610618.2617831044,474952.0672607422,3621125.027770996,475727.2026062012,3621912.784729004,,
C0226,R4679,0.7000022530555725,2,38SMB_01650_r9360_c2880,0,770.6884765625,867.4323272705078,668520.0988251716,428800.0,3604300.1693725586,429570.6884765625,3605167.601699829,,
C0227,R1911,0.6996838450431824,1,38SMB_00812_r4560_c3360,1,394.2645263671875,412.6799011230469,162705.04575753585,435357.15270996094,3653452.2241210938,435751.4172363281,3653864.904022217,,
C0228,R2606,0.6993587613105774,3,38SMB_01112_r6240_c4800,1,472.82859802246094,467.7093505859375,221146.3565195445,448396.8344116211,3634821.405944824,448869.66300964355,3635289.11529541,,
C0229,R3298,0.6991509199142456,1,38SMB_01316_r7440_c3360,1,668.560791015625,588.9089965820312,393721.4645911008,435438.97689819336,3624315.733642578,436107.537689209,3624904.64263916,,
C0230,R1616,0.6990728974342346,2,38SMB_00698_r3840_c6240,0,477.68829345703125,477.24266052246094,227973.23206986766,464260.0305175781,3660725.3018188477,464737.71881103516,3661202.54447937,,
C0231,R0068,0.6986592411994934,4,38SMB_00007_r0_c1680,0,417.94677734375,424.361572265625,177360.55155694485,419196.7742919922,3696810.2044677734,419614.72106933594,3697234.566040039,,
C0232,R0919,0.6981304287910461,2,38SMB_00432_r2400_c2880,0,636.9110107421875,648.3056640625,412913.01576793194,430447.14141845703,3672837.501220703,431084.0524291992,3673485.8068847656,,
C0233,R3323,0.697324812412262,2,38SMB_01318_r7440_c3840,1,476.9744110107422,492.5457763671875,234931.731578568,438756.8363189697,3624071.7083740234,439233.81072998047,3624564.2541503906,,
C0234,R1960,0.696923553943634,2,38SMB_00819_r4560_c5040,0,470.77980041503906,426.6790771484375,200871.89078121446,450569.2527770996,3652165.392150879,451040.03257751465,3652592.0712280273,,
C0235,R2473,0.6966309547424316,2,38SMB_01069_r6000_c4560,1,395.49591064453125,390.7080078125,154523.41934591532,446316.2213897705,3636835.1348876953,446711.71730041504,3637225.842895508,,
C0236,R2490,0.6962310671806335,1,38SMB_01070_r6000_c4800,0,442.061767578125,232.1417236328125,102620.98067775369,449343.0990600586,3636800.0,449785.1608276367,3637032.141723633,,
C0237,R2466,0.6961731910705566,2,38SMB_01068_r6000_c4320,1,398.4759521484375,402.54638671875,160405.05473166704,445681.52099609375,3638584.465789795,446079.9969482422,3638987.0121765137,,
C0238,R1169,0.6957923769950867,1,38SMB_00524_r2880_c4800,1,710.4702758789062,734.2512512207031,521663.68901920505,449060.1739501953,3669919.6899414062,449770.6442260742,3670653.941192627,,
C0239,R1604,0.6956900358200073,2,38SMB_00695_r3840_c5520,0,416.4434814453125,458.89862060546875,191105.33919539303,457983.5565185547,3658949.1479492188,458400.0,3659408.046569824,,
C0240,R1343,0.6956801414489746,1,38SMB_00602_r3360_c3360,0,633.4265899658203,566.4154052734375,358782.57866646163,434779.53941345215,3663200.0,435412.96600341797,3663766.4154052734,,
C0241,R0467,0.6953052282333374,2,38SMB_00227_r1200_c4080,0,544.2669677734375,556.995849609375,303154.44212928414,443420.4235839844,3685255.892944336,443964.6905517578,3685812.8887939453,,
C0242,R0182,0.695228636264801,1,38SMB_00050_r240_c1920,1,636.8264770507812,638.21533203125,406432.42149725556,420213.29681396484,3694835.1901245117,420850.1232910156,3695473.405456543,,
C0243,R3452,0.6950421929359436,1,38SMB_01346_r7680_c480,0,545.8355712890625,553.7750244140625,302270.10681666434,406579.4482421875,3621635.788421631,407125.28381347656,3622189.563446045,,
C0244,R0138,0.6941381692886353,1,38SMB_00045_r240_c720,1,549.5462036132812,549.08203125,301745.94574570656,408200.0817871094,3694985.789489746,408749.62799072266,3695534.871520996,,
C0245,R1896,0.6939805746078491,1,38SMB_00795_r4320_c9360,0,411.2127685546875,414.1436767578125,170301.16789899766,494809.8059082031,3654636.991882324,495221.0186767578,3655051.135559082,,
C0246,R4201,0.6928321123123169,1,38SMB_01524_r8640_c2880,2,635.7479858398438,617.6443481445312,392666.150298249,429154.32037353516,3612068.419189453,429790.068359375,3612686.0635375977,,
C0247,R1681,0.6920392513275146,2,38SMB_00727_r4080_c3120,1,422.08534240722656,396.4141845703125,167320.61682944186,431471.73095703125,3657073.758239746,431893.8162994385,3657470.1724243164,,
C0248,R0257,0.6910917162895203,1,38SMB_00094_r480_c2400,0,492.50518798828125,482.255859375,237513.5126799345,424775.9994506836,3692892.414855957,425268.5046386719,3693374.670715332,,
C0249,R3143,0.6890718340873718,1,38SMB_01279_r7200_c4560,0,913.7741088867188,820.40771484375,749667.3285551369,446520.714263916,3625694.0979003906,447434.48837280273,3626514.5056152344,,
C0250,R2593,0.6884023547172546,1,38SMB_01110_r6240_c4320,0,604.2329406738281,592.5335693359375,358028.30104781315,443619.37240600586,3634930.4446411133,444223.6053466797,3635522.978210449,,
C0251,R3581,0.6882978081703186,1,38SMB_01371_r7680_c6480,0,567.0089721679688,571.6485595703125,324129.86220326275,466488.1686401367,3620632.087097168,467055.1776123047,3621203.7356567383,,
C0252,R3884,0.688075840473175,1,38SMB_01435_r8160_c1680,0,597.244873046875,391.1116409301758,233589.4223344978,418565.6753540039,3618008.88835907,419162.9202270508,3618400.0,,
C0253,R2706,0.6878570318222046,1,38SMB_01151_r6480_c4080,3,525.9869384765625,334.0521240234375,175707.05400668085,442799.2449951172,3632000.0,443325.23193359375,3632334.0521240234,,
C0254,R3747,0.6878283619880676,2,38SMB_01404_r7920_c4320,1,612.0504760742188,641.6551208496094,392725.3221914638,445035.7926940918,3619932.392578125,445647.843170166,3620574.0476989746,,
C0255,R4571,0.6878083944320679,1,38SMB_01615_r9120_c4560,0,844.2682647705078,802.9092025756836,677870.7592268445,446616.10832214355,3607474.56741333,447460.37658691406,3608277.4766159058,,
C0256,R2467,0.6872514486312866,1,38SMB_01068_r6000_c4320,2,628.5781860351562,670.8291625976562,421668.57816511765,445178.65661621094,3638329.058227539,445807.2348022461,3638999.8873901367,,
C0257,R0236,0.6869708299636841,1,38SMB_00090_r480_c1440,0,667.2146606445312,328.702392578125,219315.05531705916,415948.90731811523,3692000.0372314453,416616.12197875977,3692328.7396240234,,
C0258,R2733,0.6866261959075928,1,38SMB_01154_r6480_c4800,3,414.4873046875,426.8822479248047,176937.27236129344,448712.57385253906,3633601.083984375,449127.06115722656,3634027.9662323,,
C0259,R2297,0.6857014298439026,1,38SMB_00991_r5520_c6000,0,381.92901611328125,375.1458740234375,143279.09456472844,460989.20806884766,3643084.808654785,461371.13708496094,3643459.9545288086,,
C0260,R2843,0.6855213046073914,2,38SMB_01194_r6720_c4320,0,500.7293701171875,527.4668121337891,264118.12459747307,444973.43841552734,3632226.908226013,445474.16778564453,3632754.375038147,,
C0261,R1312,0.6850841045379639,1,38SMB_00596_r3360_c1920,0,372.0733642578125,377.37274169921875,140410.3455832228,420326.0028076172,3664981.8769836426,420698.076171875,3665359.249725342,,
C0262,R2461,0.6846765875816345,1,38SMB_01067_r6000_c4080,0,577.5909423828125,596.4031982421875,344477.0853128284,442330.1495361328,3638929.2584228516,442907.7404785156,3639525.6616210938,,
C0263,R3932,0.6845544576644897,1,38SMB_01447_r8160_c4560,1,678.4841537475586,325.345458984375,220741.7384146247,446199.06482696533,3615201.1889648438,446877.5489807129,3615526.534423828,,
C0264,R3784,0.6843993663787842,2,38SMB_01414_r7920_c6720,0,881.3423156738281,861.3082885742188,759107.4415610638,469518.6576843262,3617826.168823242,470400.0,3618687.4771118164,,
C0265,R0992,0.684323251247406,1,38SMB_00465_r2640_c720,0,642.1912002563477,610.4872131347656,392049.51614416786,407623.13304901123,3672030.0492858887,408265.3242492676,3672640.5364990234,,
C0266,R4928,0.6842211484909058,4,38SMB_01730_r9680_c1920,0,398.67767333984375,413.8818359375,165005.44738918543,421536.15509033203,3601122.284851074,421934.8327636719,3601536.1666870117,,
C0267,R4032,0.6837157011032104,2,38SMB_01474_r8400_c960,0,644.2584228515625,669.5333099365234,431352.47430629097,411295.8630371094,3615205.742034912,411940.12145996094,3615875.2753448486,,
C0268,R4372,0.6832360029220581,1,38SMB_01568_r8880_c3360,1,440.3668212890625,427.15179443359375,188103.47792264074,435867.4609375,3608631.911315918,436307.82775878906,3609059.0631103516,,
C0269,R4680,0.6823802590370178,1,38SMB_01650_r9360_c2880,1,444.7027587890625,448.0316162109375,199240.89575372636,430432.97302246094,3605286.5394592285,430877.67578125,3605734.5710754395,,
C0270,R4890,0.6813052296638489,4,38SMB_01704_r9600_c5760,0,568.046875,650.213623046875,369351.8166542053,460231.953125,3602678.7951660156,460800.0,3603329.0087890625,,
C0271,R2691,0.6812555193901062,1,38SMB_01148_r6480_c3360,0,416.1500549316406,415.3399658203125,172843.7495914288,434642.56607055664,3632854.2080688477,435058.7161254883,3633269.548034668,,
C0272,R1507,0.6804705262184143,1,38SMB_00680_r3840_c1920,0,562.0684814453125,575.177001953125,323288.8640500605,421018.67431640625,3658929.083251953,421580.74279785156,3659504.2602539062,,
C0273,R4743,0.6803555488586426,1,38SMB_01658_r9360_c4800,1,669.1026306152344,686.9801330566406,459660.214208602,448474.30114746094,3605099.575653076,449143.4037780762,3605786.555786133,,
C0274,R3895,0.6802940368652344,1,38SMB_01439_r8160_c2640,0,603.287353515625,617.7029418945312,372652.37307436764,428330.95001220703,3616492.8547668457,428934.23736572266,3617110.5577087402,,
C0275,R0298,0.6799783110618591,1,38SMB_00132_r720_c1440,0,628.1008911132812,578.7240982055664,363497.12179164635,415957.6664733887,3691748.417816162,416585.76736450195,3692327.1419143677,,
C0276,R3049,0.6782974600791931,1,38SMB_01254_r6960_c8640,1,701.1822509765625,683.0429077148438,478937.5635450706,488221.2124633789,3628275.7315063477,488922.39471435547,3628958.7744140625,,
C0277,R3637,0.6780677437782288,4,38SMB_01384_r7680_c9600,2,684.6221923828125,641.6290283203125,439273.47206510603,498021.4324951172,3620283.1982421875,498706.0546875,3620924.827270508,,
C0278,R2403,0.6770666837692261,1,38SMB_01038_r5760_c7200,0,448.6724853515625,685.8944702148438,307741.9766401872,474751.32751464844,3639200.0,475200.0,3639885.894470215,,
C0279,R1140,0.6766838431358337,1,38SMB_00514_r2880_c2400,0,675.6147003173828,419.7446823120117,283585.67775004485,424953.3248138428,3670780.255317688,425628.93951416016,3671200.0,,
C0280,R2311,0.6762756109237671,1,38SMB_01003_r5520_c8880,1,563.6604309082031,540.3335571289062,304564.6456454415,489291.04248046875,3642137.4154663086,489854.70291137695,3642677.7490234375,,
C0281,R2579,0.6754688620567322,2,38SMB_01108_r6240_c3840,2,476.6994857788086,505.5108642578125,240976.76904730033,438815.80768585205,3635566.008911133,439292.50717163086,3636071.5197753906,,
C0282,R3160,0.6739432215690613,4,38SMB_01282_r7200_c5280,1,554.0153884887695,665.5224609375,368709.684744291,452800.0,3625042.5665283203,453354.01538848877,3625708.088989258,,
C0283,R0288,0.673444926738739,2,38SMB_00131_r720_c1200,0,612.752685546875,619.1024780273438,379356.70603998005,412478.44329833984,3692175.9342193604,413091.1959838867,3692795.0366973877,,
C0284,R1542,0.6733457446098328,2,38SMB_00685_r3840_c3120,0,594.5901489257812,653.12744140625,388343.14265325665,433450.3451538086,3659197.1646118164,434044.9353027344,3659850.2920532227,,
C0285,R0877,0.6731118559837341,1,38SMB_00427_r2400_c1680,0,434.195556640625,397.945556640625,172786.19247823954,418354.0751647949,3674129.2700195312,418788.27072143555,3674527.215576172,,
C0286,R1946,0.6714680194854736,1,38SMB_00817_r4560_c4560,0,430.9478759765625,434.7430419921875,187351.59054212272,447690.42083740234,3652599.4345092773,448121.3687133789,3653034.1775512695,,
C0287,R0677,0.6699490547180176,4,38SMB_00344_r1920_c1920,1,517.889404296875,537.9595947265625,278603.57404872775,421592.978515625,3680147.4365234375,422110.8679199219,3680685.396118164,,
C0288,R1837,0.6694251894950867,1,38SMB_00772_r4320_c3840,1,687.4473571777344,723.048095703125,497057.50250350684,438896.32568359375,3654237.8524780273,439583.7730407715,3654960.9005737305,,
C0289,R0037,0.6690852642059326,1,38SMB_00004_r0_c960,3,530.7583618164062,490.4443359375,260307.43230432272,410115.09201049805,3699481.876602173,410645.85037231445,3699972.3209381104,,
C0290,R2034,0.668637752532959,1,38SMB_00858_r4800_c4320,0,656.3300323486328,604.0087890625,396429.10806424916,444233.2689666748,3649217.614135742,444889.59899902344,3649821.6229248047,,
C0291,R1847,0.6683956384658813,2,38SMB_00773_r4320_c4080,0,498.10546875,507.1356201171875,252607.0257782936,442987.6565551758,3653984.143676758,443485.7620239258,3654491.279296875,,
C0292,R1489,0.6683353185653687,2,38SMB_00654_r3600_c5760,0,519.3987274169922,504.11041259765625,261834.30678087752,457645.57361602783,3662250.2571105957,458164.9723434448,3662754.3675231934,,
C0293,R2902,0.6680245995521545,2,38SMB_01210_r6720_c8160,0,445.555419921875,422.1331787109375,188083.72570350766,484344.39697265625,3630998.444213867,484789.9523925781,3631420.577392578,,
C0294,R4137,0.6673943996429443,1,38SMB_01501_r8400_c7440,0,473.29345703125,271.57470703125,128534.53193306923,476089.2822265625,3612800.0,476562.57568359375,3613071.5747070312,,
C0295,R2161,0.6673609018325806,1,38SMB_00905_r5040_c5520,1,440.76141357421875,436.70654296875,192483.39319601655,457277.13317871094,3647201.050415039,457717.89459228516,3647637.756958008,,
C0296,R0052,0.6672687530517578,2,38SMB_00005_r0_c1200,1,566.669921875,279.8486328125,158581.80289268494,414448.56018066406,3696800.383911133,415015.23010253906,3697080.2325439453,,
C0297,R4177,0.6665171384811401,1,38SMB_01522_r8640_c2400,0,772.249755859375,790.2226257324219,610249.229796417,425471.5594482422,3611945.2378845215,426243.80920410156,3612735.460510254,,
C0298,R1657,0.6659535765647888,2,38SMB_00724_r4080_c2400,1,540.9185791015625,532.8208923339844,288212.71999692544,426287.2006225586,3658099.723815918,426828.11920166016,3658632.544708252,,
C0299,R4147,0.6652686595916748,1,38SMB_01505_r8400_c8400,0,606.8890380859375,616.3168334960938,374035.93023661524,485768.4875488281,3614048.8299560547,486375.37658691406,3614665.146789551,,
C0300,R0745,0.664981484413147,2,38SMB_00379_r2160_c240,0,709.725341796875,692.8414154052734,491727.11035953835,404206.1148071289,3677530.652618408,404915.8401489258,3678223.4940338135,,
C0301,R1658,0.6643538475036621,1,38SMB_00724_r4080_c2400,2,658.7387084960938,656.3633728027344,432371.96050421335,425238.92150878906,3657985.7096862793,425897.66021728516,3658642.073059082,,
C0302,R4358,0.6640839576721191,2,38SMB_01567_r8880_c3120,3,518.17138671875,510.1194763183594,264329.3164361268,432720.09063720703,3608300.9057617188,433238.2620239258,3608811.025238037,,
C0303,R1764,0.6635345220565796,1,38SMB_00766_r4320_c2400,0,673.9932250976562,675.9416961669922,455580.12377757113,424985.7929992676,3655822.335662842,425659.78622436523,3656498.277359009,,
C0304,R1784,0.6634484529495239,1,38SMB_00768_r4320_c2880,2,630.2597045898438,630.7611083984375,397543.30984596163,430021.60568237305,3654210.3384399414,430651.8653869629,3654841.09954834,,
C0305,R0336,0.6630076766014099,3,38SMB_00149_r720_c5520,0,569.605712890625,685.3379821777344,390372.42990937084,457826.259765625,3689837.802734375,458395.8654785156,3690523.1407165527,,
C0306,R4956,0.6630069613456726,1,38SMB_01732_r9680_c2400,0,698.9852905273438,544.183349609375,380376.15672685206,425108.56506347656,3600001.0583496094,425807.5503540039,3600545.2416992188,,
C0307,R2923,0.66300368309021,2,38SMB_01215_r6720_c9360,0,420.5607604980469,428.64471435546875,180271.147052804,493761.71363830566,3630874.016571045,494182.2743988037,3631302.6612854004,,
C0308,R1823,0.6629872918128967,1,38SMB_00771_r4320_c3600,1,532.640380859375,554.8640441894531,295542.9958222434,437870.40618896484,3655382.7795410156,438403.0465698242,3655937.643585205,,
C0309,R2722,0.6624516248703003,4,38SMB_01153_r6480_c4560,1,450.028076171875,453.1475830078125,203929.1350029409,448322.10876464844,3632178.336791992,448772.1368408203,3632631.484375,,
C0310,R3548,0.6617646217346191,1,38SMB_01363_r7680_c4560,0,394.21875,399.19586181640625,157370.4936504364,447168.9758300781,3621447.4014282227,447563.1945800781,3621846.597290039,,
C0311,R1369,0.6610032916069031,4,38SMB_00606_r3360_c4320,2,610.3739547729492,723.4776306152344,441591.9025883835,443200.0,3663214.3420410156,443810.37395477295,3663937.819671631,,
C0312,R2773,0.6609928607940674,1,38SMB_01172_r6480_c9120,0,453.4663391113281,424.0660095214844,192299.66087925714,492219.5031738281,3633833.3082580566,492672.96951293945,3634257.374267578,,
C0313,R4405,0.659481942653656,2,38SMB_01572_r8880_c4320,0,682.2305297851562,720.4503631591797,491513.2329419954,443792.15950012207,3610226.7181396484,444474.3900299072,3610947.1685028076,,
C0314,R0920,0.658592939376831,2,38SMB_00432_r2400_c2880,1,469.7637939453125,442.47772216796875,207860.0135019049,431271.9741821289,3674096.9218444824,431741.7379760742,3674539.3995666504,,
C0315,R3607,0.6584431529045105,1,38SMB_01374_r7680_c7200,0,554.3270874023438,555.462646484375,307907.9909864813,473169.35302734375,3621048.085632324,473723.6801147461,3621603.5482788086,,
C0316,R3517,0.6582759618759155,1,38SMB_01359_r7680_c3600,2,824.8788070678711,801.5118408203125,661150.1311066328,436471.97330474854,3621857.5938415527,437296.8521118164,3622659.105682373,,
C0317,R4437,0.6574909687042236,1,38SMB_01584_r8880_c7200,0,730.3529357910156,716.162109375,523051.0990843177,472635.69061279297,3608820.076904297,473366.043548584,3609536.239013672,,
C0318,R1861,0.6573911309242249,1,38SMB_00774_r4320_c4320,0,520.4278564453125,586.9183349609375,305448.6509721726,443992.94921875,3654293.758544922,444513.3770751953,3654880.676879883,,
C0319,R3427,0.6573904156684875,2,38SMB_01341_r7440_c9360,0,714.27734375,637.735595703125,455520.08731365204,495630.1400756836,3622401.6174316406,496344.4174194336,3623039.3530273438,,
C0320,R5043,0.657326340675354,1,38SMB_01749_r9680_c6480,0,541.8096160888672,526.21826171875,285110.114360787,465812.60566711426,3600253.4686279297,466354.4152832031,3600779.6868896484,,
C0321,R3804,0.6562908291816711,1,38SMB_01418_r7920_c7680,0,636.466064453125,642.2314834594727,408758.5447453428,479023.1344604492,3619745.7861328125,479659.60052490234,3620388.017616272,,
C0322,R3808,0.6559638977050781,2,38SMB_01419_r7920_c7920,0,515.1300048828125,500.4150390625,257778.80151569843,480711.15783691406,3617850.138244629,481226.2878417969,3618350.5532836914,,
C0323,R1263,0.6555220484733582,2,38SMB_00564_r3120_c4320,0,640.1995849609375,621.8743896484375,398123.726150766,444623.51013183594,3665924.496459961,445263.7097167969,3666546.3708496094,,
C0324,R1353,0.6551101207733154,1,38SMB_00603_r3360_c3600,0,762.2100830078125,685.82275390625,522741.0181835294,437848.65478515625,3664158.6126708984,438610.86486816406,3664844.4354248047,,
C0325,R1559,0.6550568342208862,2,38SMB_00686_r3840_c3360,1,683.2670593261719,518.8385772705078,354505.3089565947,434025.16860961914,3661081.1614227295,434708.4356689453,3661600.0,,
C0326,R3720,0.6549880504608154,1,38SMB_01401_r7920_c3600,2,494.49798583984375,611.9110107421875,302588.7623252347,438705.50201416016,3618043.6431884766,439200.0,3618655.5541992188,,
C0327,R1543,0.6547843813896179,2,38SMB_00685_r3840_c3120,1,396.4892578125,499.9038314819336,198206.49912189692,434001.3604736328,3661100.096168518,434397.8497314453,3661600.0,,
C0328,R3593,0.6546890735626221,2,38SMB_01372_r7680_c6720,1,482.908935546875,489.8249053955078,236540.82366889343,468836.4440917969,3622582.248802185,469319.35302734375,3623072.0737075806,,
C0329,R0426,0.6543904542922974,2,38SMB_00215_r1200_c1200,0,594.2926025390625,835.9263610839844,496784.85265960917,414605.70739746094,3684885.162963867,415200.0,3685721.089324951,,
C0330,R1244,0.6538074016571045,1,38SMB_00560_r3120_c3360,0,511.39404296875,488.0029296875,249561.79119348526,434981.9549560547,3667726.9116210938,435493.34899902344,3668214.9145507812,,
C0331,R1148,0.6524941325187683,2,38SMB_00519_r2880_c3600,0,758.9852905273438,505.7024383544922,383820.7120948704,438441.01470947266,3670694.2975616455,439200.0,3671200.0,,
C0332,R4227,0.6522035598754883,1,38SMB_01526_r8640_c3360,1,841.9281005859375,801.8644714355469,675112.2313630767,435784.01458740234,3612107.7601623535,436625.9426879883,3612909.624633789,,
C0333,R3134,0.6520131230354309,1,38SMB_01278_r7200_c4320,0,597.598876953125,550.8090209960938,329162.8523629159,445319.80682373047,3626590.3231811523,445917.4057006836,3627141.1322021484,,
C0334,R1031,0.6512054204940796,2,38SMB_00471_r2640_c2160,0,583.4423828125,584.818115234375,341207.67466425896,421612.0294189453,3670868.807067871,422195.4718017578,3671453.6251831055,,
C0335,R2278,0.650399923324585,1,38SMB_00984_r5520_c4320,1,532.5586700439453,304.0179443359375,161907.39210504107,444353.6974334717,3641600.0,444886.2561035156,3641904.017944336,,
C0336,R0651,0.6497838497161865,2,38SMB_00339_r1920_c720,3,562.6348876953125,561.1260986328125,315709.1194871813,408337.35565185547,3677849.4116210938,408899.9905395508,3678410.5377197266,,
C0337,R1188,0.6497129797935486,1,38SMB_00528_r2880_c5760,0,504.81719970703125,504.58770751953125,254724.55351660028,458250.41122436523,3669749.833679199,458755.22842407227,3670254.4213867188,,
C0338,R2974,0.6485567688941956,1,38SMB_01236_r6960_c4320,0,643.6853790283203,686.6387939453125,441979.3523362372,444351.2050628662,3628214.608154297,444994.89044189453,3628901.246948242,,
C0339,R1125,0.6477760076522827,1,38SMB_00512_r2880_c1920,1,562.386474609375,534.7018432617188,300709.0845990926,420509.3020629883,3669230.44921875,421071.68853759766,3669765.1510620117,,
C0340,R0993,0.6476139426231384,2,38SMB_00465_r2640_c720,1,514.3405151367188,463.0889892578125,238185.4292890057,409318.65814208984,3670400.0,409832.99865722656,3670863.088989258,,
C0341,R1888,0.6471858024597168,1,38SMB_00783_r4320_c6480,0,673.6883544921875,790.5389404296875,532576.8779400736,466778.4149169922,3653903.0709838867,467452.1032714844,3654693.6099243164,,
C0342,R1862,0.6471031904220581,1,38SMB_00774_r4320_c4320,1,716.6540145874023,746.1196899414062,534709.6711592167,443536.0425186157,3654344.052429199,444252.6965332031,3655090.1721191406,,
C0343,R2052,0.6467533111572266,1,38SMB_00862_r4800_c5280,3,480.4327392578125,347.18536376953125,166799.215346016,454745.66833496094,3648800.0,455226.10107421875,3649147.1853637695,,
C0344,R2376,0.6465353965759277,1,38SMB_01028_r5760_c4800,2,559.6978759765625,557.0620727539062,311786.45890746266,449384.1796875,3641177.3320007324,449943.87756347656,3641734.3940734863,,
C0345,R3834,0.645958662033081,4,38SMB_01427_r7920_c9680,2,471.5085220336914,472.8392028808594,222947.71370994276,497422.43953704834,3620288.8703155518,497893.94805908203,3620761.7095184326,,
C0346,R1032,0.6454030275344849,1,38SMB_00471_r2640_c2160,1,677.44384765625,649.49462890625,439996.14043831825,422076.9886779785,3671153.1814575195,422754.43252563477,3671802.676086426,,
C0347,R3327,0.6448118090629578,1,38SMB_01319_r7440_c4080,2,220.4473876953125,410.82611083984375,90565.54293166846,443779.5526123047,3624101.3258361816,444000.0,3624512.1519470215,,
C0348,R0641,0.6429029107093811,1,38SMB_00337_r1920_c240,2,565.9262084960938,286.0727119445801,161896.0452249914,403366.3023376465,3680513.8294029236,403932.2285461426,3680799.902114868,,
C0349,R2812,0.6422370672225952,2,38SMB_01190_r6720_c3360,0,594.3081665039062,543.3685302734375,322928.3549627289,435137.54486083984,3629606.965637207,435731.85302734375,3630150.3341674805,,
C0350,R2499,0.6419863104820251,2,38SMB_01071_r6000_c5040,1,448.319091796875,456.41326904296875,204618.7822613865,452846.2957763672,3638246.2434387207,453294.61486816406,3638702.6567077637,,
C0351,R3396,0.641616940498352,2,38SMB_01329_r7440_c6480,0,439.67140197753906,750.032958984375,329768.0426060222,464800.0,3622528.853149414,465239.67140197754,3623278.8861083984,,
C0352,R4395,0.6411967873573303,1,38SMB_01571_r8880_c4080,0,478.603515625,355.25867462158203,170028.05063016713,441514.8027038574,3610844.7413253784,441993.4062194824,3611200.0,,
C0353,R0935,0.6408236622810364,1,38SMB_00438_r2400_c4320,0,828.9129638671875,781.81884765625,648059.7782179713,444591.57653808594,3673588.3810424805,445420.4895019531,3674370.1998901367,,
C0354,R2255,0.6406815052032471,4,38SMB_00974_r5520_c1920,0,513.6643981933594,573.0194091796875,294339.6699693985,419200.11543273926,3641801.0385131836,419713.7798309326,3642374.0579223633,,
C0355,R0514,0.6406242251396179,1,38SMB_00260_r1440_c1920,1,659.5303344726562,644.7186279296875,425211.4923192188,421132.56439208984,3683123.34564209,421792.0947265625,3683768.0642700195,,
C0356,R2392,0.6402098536491394,2,38SMB_01032_r5760_c5760,1,495.5914306640625,516.812744140625,256127.96725407243,459695.78857421875,3639265.5084228516,460191.3800048828,3639782.321166992,,
C0357,R3413,0.6391642689704895,1,38SMB_01334_r7440_c7680,0,776.1737060546875,789.4207763671875,612727.6496294886,477901.18438720703,3623119.832458496,478677.3580932617,3623909.2532348633,,
C0358,R1863,0.6389749646186829,2,38SMB_00774_r4320_c4320,2,286.2818908691406,514.178466796875,147199.98371880502,443201.3130950928,3653985.33203125,443487.5949859619,3654499.510498047,,
C0359,R3144,0.6388778686523438,1,38SMB_01279_r7200_c4560,1,543.9285278320312,549.71435546875,299005.3200982511,446123.3981323242,3626657.3669433594,446667.32666015625,3627207.081298828,,
C0360,R4456,0.638167679309845,1,38SMB_01592_r8880_c9120,0,509.38140869140625,489.17236328125,249175.30750110745,492745.0134277344,3609693.123474121,493254.3948364258,3610182.2958374023,,
C0361,R1245,0.6377046704292297,2,38SMB_00560_r3120_c3360,1,566.8878936767578,543.5714721679688,308144.0869200742,433706.4448547363,3666133.5650634766,434273.3327484131,3666677.1365356445,,
C0362,R0435,0.6373164057731628,1,38SMB_00216_r1200_c1440,0,816.3031005859375,734.6554946899414,599701.5581778949,416457.1194458008,3686980.6675720215,417273.4225463867,3687715.3230667114,,
C0363,R0887,0.6368687152862549,1,38SMB_00428_r2400_c1920,0,586.0757064819336,593.8534545898438,348043.08294547955,419790.00675201416,3674363.561706543,420376.0824584961,3674957.415161133,,
C0364,R3796,0.6365381479263306,1,38SMB_01416_r7920_c7200,1,541.319580078125,518.8909912109375,280885.85346862674,473889.4175720215,3619537.0849609375,474430.7371520996,3620055.9759521484,,
C0365,R2367,0.636157214641571,1,38SMB_01027_r5760_c4560,1,435.8782958984375,424.365234375,184971.59519791603,447628.81454467773,3639897.483520508,448064.6928405762,3640321.848754883,,
C0366,R0936,0.635310173034668,2,38SMB_00438_r2400_c4320,1,551.7160034179688,560.876636505127,309444.61630312144,444447.37884521484,3675311.810760498,444999.0948486328,3675872.687397003,,
C0367,R0258,0.6351516246795654,1,38SMB_00094_r480_c2400,1,528.3133316040039,502.0574951171875,265243.66790212225,424508.17180633545,3693892.124786377,425036.48513793945,3694394.182281494,,
C0368,R4681,0.6350598931312561,1,38SMB_01650_r9360_c2880,2,586.7587280273438,544.178466796875,319301.4649976045,429682.0181274414,3603586.542663574,430268.77685546875,3604130.721130371,,
C0369,R0897,0.6342265009880066,1,38SMB_00429_r2400_c2160,0,474.1273498535156,458.6663818359375,217466.27608677372,422246.4055633545,3673309.158935547,422720.532913208,3673767.825317383,,
C0370,R2844,0.6335244178771973,1,38SMB_01194_r6720_c4320,1,263.443603515625,639.16259765625,168383.29795897007,446136.0809326172,3631414.722442627,446399.5245361328,3632053.885040283,,
C0371,R5002,0.6329156160354614,2,38SMB_01743_r9680_c5040,0,1203.9273071289062,1101.761474609375,1326440.7252248377,451609.6990966797,3601269.793395996,452813.6264038086,3602371.5548706055,,
C0372,R1042,0.6325501203536987,1,38SMB_00472_r2640_c2400,2,319.9560546875,585.0762939453125,187198.70270192623,426880.0439453125,3671435.2255249023,427200.0,3672020.3018188477,,
C0373,R0225,0.6325094103813171,1,38SMB_00087_r480_c720,0,802.6034545898438,804.508056640625,645700.9455051273,408565.47576904297,3692738.876953125,409368.0792236328,3693543.3850097656,,
C0374,R1319,0.6323012709617615,1,38SMB_00599_r3360_c2640,0,669.3347930908203,665.3219604492188,445323.13673605677,427594.3236541748,3665397.176589966,428263.6584472656,3666062.498550415,,
C0375,R4594,0.6314247846603394,1,38SMB_01627_r9120_c7440,0,544.23583984375,514.5654296875,280044.94878053665,476340.5563354492,3606711.7224121094,476884.79217529297,3607226.287841797,,
C0376,R0878,0.6313043236732483,1,38SMB_00427_r2400_c1680,1,715.1358032226562,672.406005859375,480861.60909198225,418414.25186157227,3674401.474609375,419129.3876647949,3675073.8806152344,,
C0377,R0605,0.6305572390556335,2,38SMB_00303_r1680_c2160,1,540.78125,576.6329956054688,311832.3121547699,424256.7874145508,3681369.610900879,424797.5686645508,3681946.2438964844,,
C0378,R2475,0.6301624774932861,2,38SMB_01069_r6000_c4560,3,510.5816650390625,513.0333709716797,261945.43277132325,446695.7075500488,3639108.4587860107,447206.2892150879,3639621.4921569824,,
C0379,R0355,0.6301255226135254,1,38SMB_00174_r960_c1440,0,839.3057250976562,506.180419921875,424840.1243727654,416438.26416015625,3687202.1697998047,417277.5698852539,3687708.3502197266,,
C0380,R3414,0.6279761791229248,2,38SMB_01334_r7440_c7680,1,533.204345703125,582.3605346679688,310517.1678509563,477138.51776123047,3623789.684753418,477671.7221069336,3624372.045288086,,
C0381,R0606,0.6279271245002747,1,38SMB_00303_r1680_c2160,2,654.6444702148438,382.362060546875,250311.208556965,422215.7905578613,3680001.9708251953,422870.4350280762,3680384.332885742,,
C0382,R4024,0.6273993849754333,1,38SMB_01473_r8400_c720,2,848.3718872070312,788.7322998046875,669138.3096864447,408014.0628051758,3613532.515563965,408862.4346923828,3614321.2478637695,,
C0383,R2358,0.6254700422286987,2,38SMB_01026_r5760_c4320,3,805.8795166015625,779.9122619628906,628515.3166622855,444238.5511779785,3639211.1138916016,445044.4306945801,3639991.0261535645,,
C0384,R2279,0.6253674030303955,2,38SMB_00984_r5520_c4320,2,695.3450012207031,500.3944778442383,347946.79880743497,443860.33096313477,3644299.506149292,444555.67596435547,3644799.900627136,,
C0385,R4202,0.6253198981285095,2,38SMB_01524_r8640_c2880,3,522.747802734375,507.2044372558594,265140.00511262566,430681.30630493164,3613073.790740967,431204.054107666,3613580.9951782227,,
C0386,R2994,0.6232059001922607,2,38SMB_01239_r6960_c5040,1,888.1259155273438,899.678955078125,799028.1956594437,452711.87408447266,3627715.824584961,453600.0,3628615.503540039,,
C0387,R0311,0.6230903267860413,4,38SMB_00135_r720_c2160,0,669.8960113525391,696.7376708984375,466741.7866939213,421610.0923919678,3692061.531524658,422279.9884033203,3692758.2691955566,,
C0388,R1370,0.622707188129425,1,38SMB_00606_r3360_c4320,3,731.1587524414062,705.5105590820312,515840.220212657,443704.8519897461,3664718.3514404297,444436.0107421875,3665423.8619995117,,
C0389,R0698,0.6223377585411072,2,38SMB_00346_r1920_c2400,0,623.4326171875,585.849609375,365237.7552509308,425796.3589477539,3677642.974243164,426419.7915649414,3678228.823852539,,
C0390,R2377,0.6220092177391052,1,38SMB_01028_r5760_c4800,3,760.1840209960938,659.1379165649414,501066.1118053249,450021.0122680664,3641288.3995056152,450781.1962890625,3641947.53742218,,
C0391,R1838,0.6204031705856323,1,38SMB_00772_r4320_c3840,2,509.3853759765625,503.49365234375,256472.30340093374,439393.93447875977,3654501.5295410156,439903.3198547363,3655005.0231933594,,
C0392,R0910,0.6200726628303528,2,38SMB_00431_r2400_c2640,1,432.9901123046875,414.913330078125,179653.36938723922,428984.7528076172,3673944.817199707,429417.7429199219,3674359.730529785,,
C0393,R3661,0.6191525459289551,1,38SMB_01389_r7920_c720,1,790.5521011352539,778.5702514648438,615500.3481769352,407736.2409591675,3617984.378051758,408526.79306030273,3618762.9483032227,,
C0394,R4542,0.6186930537223816,1,38SMB_01610_r9120_c3360,1,830.1309204101562,813.1908416748047,675054.8618686153,434508.36181640625,3607002.322692871,435338.4927368164,3607815.513534546,,
C0395,R0788,0.6178570985794067,1,38SMB_00387_r2160_c2160,0,497.40386962890625,510.86883544921875,254108.13562525436,423483.8442993164,3677282.6763916016,423981.2481689453,3677793.545227051,,
C0396,R4066,0.6175583600997925,1,38SMB_01483_r8400_c3120,2,723.870849609375,681.0168838500977,492968.27031089924,432597.44842529297,3614718.456878662,433321.31927490234,3615399.473762512,,
C0397,R2620,0.6158313155174255,2,38SMB_01114_r6240_c5280,0,456.35189056396484,451.74346923828125,206153.98623681394,453312.8183364868,3634853.703918457,453769.1702270508,3635305.4473876953,,
C0398,R1056,0.6158056259155273,2,38SMB_00477_r2640_c3600,0,762.6051330566406,748.634033203125,570912.1565015987,438435.89096069336,3670683.3618164062,439198.49609375,3671431.9958496094,,
C0399,R3861,0.6151490807533264,1,38SMB_01432_r8160_c960,1,708.179931640625,694.5794677734375,491887.24000677466,412090.6640625,3615200.0,412798.8439941406,3615894.5794677734,,
C0400,R4406,0.6146485805511475,1,38SMB_01572_r8880_c4320,1,450.07598876953125,442.08526611328125,198971.9632663764,445014.7297668457,3610235.6282043457,445464.80575561523,3610677.713470459,,
C0401,R4407,0.6136851906776428,2,38SMB_01572_r8880_c4320,2,707.8003692626953,682.2409057617188,482890.36502426025,443340.09117126465,3609663.1507873535,444047.89154052734,3610345.3916931152,,
C0402,R5044,0.6134207844734192,1,38SMB_01749_r9680_c6480,1,393.8441467285156,420.76416015625,165715.50163067877,465346.9372558594,3600436.8173217773,465740.7814025879,3600857.5814819336,,
C0403,R0139,0.6133134365081787,2,38SMB_00045_r240_c720,2,729.0829467773438,552.3211669921875,402687.9439981654,407852.1987915039,3694400.0,408581.28173828125,3694952.321166992,,
C0404,R3118,0.6124065518379211,1,38SMB_01275_r7200_c3600,1,788.2868194580078,810.8401489257812,639174.6020855615,437277.59117126465,3625459.736328125,438065.87799072266,3626270.576477051,,
C0405,R4682,0.6119841933250427,1,38SMB_01650_r9360_c2880,3,1178.8136291503906,1198.7197875976562,1413067.2231523786,430820.7633972168,3604921.033630371,431999.5770263672,3606119.7534179688,,
C0406,R3908,0.6117177605628967,2,38SMB_01442_r8160_c3360,0,815.02197265625,507.9655456542969,414003.08106057346,433600.0,3617892.0344543457,434415.02197265625,3618400.0,,
C0407,R4190,0.6107078194618225,1,38SMB_01523_r8640_c2640,0,402.0416259765625,574.454345703125,230954.55919578671,429197.95837402344,3612096.421661377,429600.0,3612670.87600708,,
C0408,R0427,0.6105698347091675,2,38SMB_00215_r1200_c1200,1,405.6935119628906,400.6390380859375,162536.65839051828,414410.5503845215,3686021.499938965,414816.2438964844,3686422.138977051,,
C0409,R2845,0.6102437973022461,1,38SMB_01194_r6720_c4320,2,773.1004333496094,772.5042724609375,597223.3878039755,444072.61016845703,3630284.500732422,444845.71060180664,3631057.005004883,,
C0410,R2957,0.6097138524055481,1,38SMB_01232_r6960_c3360,1,610.6378173828125,598.8409423828125,365674.9260161072,434078.2116699219,3629281.8394470215,434688.8494873047,3629880.6803894043,,
C0411,R3762,0.6094152331352234,1,38SMB_01408_r7920_c5280,0,234.40673828125,602.28515625,141179.6989917755,455765.59326171875,3618584.3936157227,456000.0,3619186.6787719727,,
C0412,R0558,0.6088852882385254,1,38SMB_00294_r1680_c0,0,883.4949493408203,935.37841796875,826402.1079977974,400874.98191833496,3680499.803161621,401758.4768676758,3681435.18157959,,
C0413,R0465,0.6068065762519836,1,38SMB_00226_r1200_c3840,0,567.6223754882812,592.5341796875,336335.65863221884,439184.88037109375,3685720.3814697266,439752.50274658203,3686312.915649414,,
C0414,R3519,0.6067742705345154,3,38SMB_01359_r7680_c3600,4,582.0732116699219,599.105224609375,348723.1022166088,436376.9956970215,3620195.4806518555,436959.0689086914,3620794.585876465,,
C0415,R1921,0.6066470742225647,2,38SMB_00813_r4560_c3600,2,608.3834838867188,605.7156181335449,368507.3780046834,437401.951751709,3653740.303878784,438010.3352355957,3654346.0194969177,,
C0416,R0946,0.6048056483268738,4,38SMB_00439_r2400_c4560,0,420.13221740722656,335.89500427246094,141120.31296099885,445820.3579711914,3675664.1049957275,446240.49018859863,3676000.0,,
C0417,R2228,0.6046003699302673,1,38SMB_00948_r5280_c5760,0,480.3416442871094,482.3077392578125,231672.49252749607,458276.6925048828,3644982.9598999023,458757.0341491699,3645465.26763916,,
C0418,R4694,0.604120135307312,2,38SMB_01651_r9360_c3120,0,593.3746337890625,577.6788330078125,342779.96598370373,433058.82110595703,3603515.1516723633,433652.1957397461,3604092.830505371,,
C0419,R4552,0.6039469242095947,2,38SMB_01611_r9120_c3600,1,584.2807769775391,351.4892578125,205368.41665394604,436060.3195953369,3605600.4483032227,436644.60037231445,3605951.937561035,,
C0420,R0356,0.6035572290420532,1,38SMB_00174_r960_c1440,1,992.0851135253906,986.722412109375,978912.6162355766,414683.4233856201,3688153.201446533,415675.5084991455,3689139.9238586426,,
C0421,R1806,0.6027301549911499,1,38SMB_00770_r4320_c3360,0,583.131103515625,582.8848266601562,339898.2721928507,435558.17764282227,3654916.184692383,436141.3087463379,3655499.069519043,,
C0422,R4373,0.6024965047836304,1,38SMB_01568_r8880_c3360,2,314.912109375,486.4509582519531,153189.29737061262,436485.087890625,3610713.323135376,436800.0,3611199.774093628,,
C0423,R0635,0.6020692586898804,2,38SMB_00336_r1920_c0,0,509.53643798828125,481.3046646118164,245242.2643934493,400655.9817504883,3680318.695335388,401165.51818847656,3680800.0,,
C0424,R2846,0.6020030379295349,1,38SMB_01194_r6720_c4320,3,471.30706787109375,486.4984130859375,229290.14059547335,445330.6588745117,3630990.8378601074,445801.9659423828,3631477.3362731934,,
C0425,R0087,0.6018012762069702,2,38SMB_00009_r0_c2160,0,453.7986755371094,350.96385955810547,159266.93462886033,423956.1555480957,3699648.578605652,424409.9542236328,3699999.54246521,,
C0426,R2930,0.6007486581802368,1,38SMB_01217_r6720_c9680,0,503.82877349853516,798.5018920898438,402308.22892788565,496800.0,3630834.319152832,497303.82877349854,3631632.821044922,,
C0427,R0428,0.6003499627113342,2,38SMB_00215_r1200_c1200,2,837.974853515625,664.8748779296875,557148.4284393489,413658.1900024414,3684800.0,414496.16485595703,3685464.8748779297,,
C0428,R1291,0.5999850630760193,2,38SMB_00579_r3120_c7920,1,557.4896240234375,549.6658325195312,306432.99830984324,480094.40353393555,3668249.1118621826,480651.893157959,3668798.777694702,,
C0429,R2078,0.5999768972396851,1,38SMB_00875_r4800_c8400,0,509.47418212890625,458.8525390625,233773.5220566392,484795.8215332031,3649318.2791137695,485305.29571533203,3649777.131652832,,
C0430,R2293,0.5997384786605835,1,38SMB_00988_r5520_c5280,0,453.76708984375,497.003173828125,225523.6838310957,454378.7155151367,3642759.863433838,454832.48260498047,3643256.866607666,,
C0431,R4033,0.5992878675460815,1,38SMB_01474_r8400_c960,1,731.63330078125,1020.1353454589844,746364.9900417775,412068.36669921875,3614896.097717285,412800.0,3615916.233062744,,
C0432,R1716,0.5991904735565186,1,38SMB_00731_r4080_c4080,0,521.8316650390625,501.141357421875,261511.42896339297,441482.3245239258,3657591.4892578125,442004.15618896484,3658092.6306152344,,
C0433,R1033,0.598309338092804,2,38SMB_00471_r2640_c2160,2,512.71728515625,525.98876953125,269683.53393673897,423277.4102783203,3670442.0880126953,423790.12756347656,3670968.0767822266,,
C0434,R3616,0.5980663895606995,1,38SMB_01377_r7680_c7920,0,441.3848876953125,362.630615234375,160059.6733801067,479202.34436035156,3620001.4361572266,479643.7292480469,3620364.066772461,,
C0435,R0985,0.5980412364006042,2,38SMB_00464_r2640_c480,0,945.0281524658203,861.8836975097656,814504.3582980637,405956.3536834717,3672738.1163024902,406901.3818359375,3673600.0,,
C0436,R2614,0.5978012084960938,2,38SMB_01113_r6240_c5040,1,276.209716796875,459.9676513671875,127047.5347198546,453322.5259399414,3634846.4709472656,453598.7356567383,3635306.438598633,,
C0437,R4025,0.5976026654243469,1,38SMB_01473_r8400_c720,3,527.3033142089844,522.5049209594727,275518.57651243336,407854.3312072754,3614851.6326904297,408381.6345214844,3615374.137611389,,
C0438,R4237,0.5964760780334473,1,38SMB_01527_r8640_c3600,0,806.1421203613281,872.8399658203125,703633.0607824959,436467.3684692383,3610602.4575805664,437273.5105895996,3611475.2975463867,,
C0439,R4203,0.5958881974220276,2,38SMB_01524_r8640_c2880,4,385.8941650390625,409.1590881347656,157892.10468390957,430849.2135620117,3612793.7953186035,431235.1077270508,3613202.9544067383,,
C0440,R2287,0.5957748889923096,2,38SMB_00985_r5520_c4560,1,437.2344970703125,420.869140625,184018.5070335865,447067.2314453125,3641799.5950317383,447504.4659423828,3642220.4641723633,,
C0441,R4841,0.5956403613090515,2,38SMB_01693_r9600_c3120,0,645.9329223632812,606.0015869140625,391436.37599218637,432178.5511779785,3601192.033996582,432824.4841003418,3601798.035583496,,
C0442,R1131,0.5941330194473267,2,38SMB_00513_r2880_c2160,0,583.511962890625,328.59458923339844,191738.87375881895,421631.4542770386,3670871.3068389893,422214.9662399292,3671199.9014282227,,
C0443,R2734,0.5941066741943359,1,38SMB_01154_r6480_c4800,4,483.19091796875,498.13934326171875,240696.40654698014,449428.93646240234,3632924.1819763184,449912.1273803711,3633422.32131958,,
C0444,R3498,0.5940862894058228,1,38SMB_01358_r7680_c3360,1,321.21551513671875,610.3433227539062,196051.7448286526,436478.7844848633,3622047.021331787,436800.0,3622657.364654541,,
C0445,R1043,0.5928621292114258,2,38SMB_00472_r2640_c2400,3,468.26759338378906,481.519775390625,225480.10638887063,424086.2368774414,3671122.98248291,424554.5044708252,3671604.502258301,,
C0446,R5003,0.5927705764770508,1,38SMB_01743_r9680_c5040,1,698.9495849609375,407.02354431152344,284488.93736586906,452243.97857666016,3602792.9764556885,452942.9281616211,3603200.0,,
C0447,R2053,0.5924490690231323,1,38SMB_00862_r4800_c5280,4,347.31231689453125,337.0538330078125,117062.94766012579,453469.3231201172,3649368.5571289062,453816.6354370117,3649705.610961914,,
C0448,R4543,0.5922659039497375,1,38SMB_01610_r9120_c3360,2,591.7880249023438,567.117919921875,335613.59371729195,434694.66064453125,3606620.3161621094,435286.4486694336,3607187.4340820312,,
C0449,R4702,0.5919570326805115,1,38SMB_01652_r9360_c3360,1,643.7213134765625,688.6459350585938,443296.06583621353,434938.7600708008,3604496.653137207,435582.48138427734,3605185.2990722656,,
C0450,R1761,0.5915824174880981,1,38SMB_00765_r4320_c2160,1,971.285400390625,911.243896484375,885077.8928503394,423268.38775634766,3654199.94140625,424239.6731567383,3655111.1853027344,,
C0451,R4289,0.5911588668823242,1,38SMB_01542_r8640_c7200,0,501.9647216796875,471.58447265625,236718.76856535673,473613.2958984375,3611558.984680176,474115.2606201172,3612030.569152832,,
C0452,R1848,0.5900339484214783,2,38SMB_00773_r4320_c4080,1,510.3064727783203,501.53778076171875,255937.9758655792,441992.103805542,3656295.3733062744,442502.4102783203,3656796.911087036,,
C0453,R1717,0.5887665748596191,3,38SMB_00731_r4080_c4080,1,783.4915924072266,729.9420166015625,571903.4329521004,440996.7039489746,3656132.3916625977,441780.19554138184,3656862.333679199,,
C0454,R2289,0.5887660384178162,1,38SMB_00987_r5520_c5040,0,561.1334228515625,579.698486328125,325288.1958551705,451421.9287109375,3642435.343475342,451983.06213378906,3643015.04196167,,
C0455,R1793,0.5885391235351562,1,38SMB_00769_r4320_c3120,0,863.4331512451172,881.69921875,761288.3348956704,432057.96394348145,3655040.16998291,432921.39709472656,3655921.86920166,,
C0456,R2133,0.5885319113731384,1,38SMB_00900_r5040_c4320,1,751.5576171875,404.0874481201172,303694.9996445328,444172.83935546875,3649195.91255188,444924.39697265625,3649600.0,,
C0457,R1849,0.5885145664215088,2,38SMB_00773_r4320_c4080,2,588.9888000488281,559.71923828125,329668.36251951754,441095.88775634766,3655346.8295288086,441684.8765563965,3655906.54876709,,
C0458,R1466,0.5882908701896667,2,38SMB_00649_r3600_c4560,0,479.7637939453125,234.40622329711914,112459.61901341798,445677.4094390869,3663765.5732536316,446157.1732330322,3663999.9794769287,,
C0459,R0140,0.5881714820861816,1,38SMB_00045_r240_c720,3,438.09326171875,431.86492919921875,189197.11545482278,409324.12017822266,3696698.236846924,409762.2134399414,3697130.101776123,,
C0460,R0879,0.5875889658927917,1,38SMB_00427_r2400_c1680,2,685.701904296875,657.259521484375,450684.10549908876,418985.7452392578,3673930.9091186523,419671.4471435547,3674588.1686401367,,
C0461,R2891,0.5859470367431641,1,38SMB_01200_r6720_c5760,0,569.2985534667969,591.0833740234375,336502.9098098166,458060.57525634766,3630353.4365844727,458629.87380981445,3630944.519958496,,
C0462,R4325,0.5853665471076965,1,38SMB_01564_r8880_c2400,0,538.515625,545.596923828125,293812.4684333801,426026.19842529297,3609097.34954834,426564.71405029297,3609642.946472168,,
C0463,R1705,0.5848472714424133,2,38SMB_00729_r4080_c3600,1,410.1885986328125,417.200927734375,171131.06389567256,436868.9683532715,3656424.4036865234,437279.1569519043,3656841.604614258,,
C0464,R4983,0.583561360836029,3,38SMB_01738_r9680_c3840,0,498.23486328125,432.35511779785156,215414.3930049613,441099.4055175781,3602767.644882202,441597.6403808594,3603200.0,,
C0465,R4067,0.5828161239624023,1,38SMB_01483_r8400_c3120,3,601.9995880126953,420.7244873046875,253275.96802427433,432384.8934173584,3612800.834350586,432986.8930053711,3613221.5588378906,,
C0466,R3312,0.5818365216255188,2,38SMB_01317_r7440_c3600,2,383.25836181640625,379.5892333984375,145480.74775543064,436830.32974243164,3622589.52545166,437213.58810424805,3622969.1146850586,,
C0467,R0898,0.5811356902122498,1,38SMB_00429_r2400_c2160,1,775.2392959594727,782.0069885253906,606242.5472198112,422059.47719573975,3674805.170440674,422834.7164916992,3675587.177429199,,
C0468,R4228,0.5805700421333313,1,38SMB_01526_r8640_c3360,2,318.3013916015625,700.0225830078125,222818.16232390702,436481.69860839844,3610712.5411987305,436800.0,3611412.5637817383,,
C0469,R3019,0.5801331400871277,2,38SMB_01244_r6960_c6240,1,637.9388427734375,592.8350830078125,378192.52680949867,464828.7252807617,3627723.0752563477,465466.66412353516,3628315.9103393555,,
C0470,R3520,0.5797032117843628,4,38SMB_01359_r7680_c3600,5,518.5016632080078,511.6401481628418,265286.267786425,436333.2918548584,3622526.62651062,436851.7935180664,3623038.266658783,,
C0471,R1644,0.5794886946678162,2,38SMB_00723_r4080_c2160,1,540.1337051391602,568.0453491210938,306820.43910784414,422129.6737289429,3658280.302963257,422669.80743408203,3658848.348312378,,
C0472,R1106,0.5791354775428772,1,38SMB_00506_r2880_c480,0,299.04998779296875,461.63818359375,138052.8931684792,407700.95001220703,3669048.8262939453,408000.0,3669510.464477539,,
C0473,R1794,0.5791252255439758,1,38SMB_00769_r4320_c3120,1,518.323974609375,501.78741455078125,260088.44711892307,432728.33251953125,3654753.33984375,433246.6564941406,3655255.127258301,,
C0474,R3708,0.5790104866027832,1,38SMB_01400_r7920_c3360,2,812.9486083984375,573.4128570556641,466155.18418117426,435472.9571533203,3620225.9926223755,436285.90576171875,3620799.405479431,,
C0475,R3754,0.5786843299865723,2,38SMB_01405_r7920_c4560,2,756.39892578125,846.3633728027344,640188.3460085839,448043.60107421875,3617600.0,448800.0,3618446.3633728027,,
C0476,R3923,0.5775545835494995,2,38SMB_01446_r8160_c4320,0,459.298095703125,311.058349609375,142868.50762814283,445777.26013183594,3615200.6286621094,446236.55822753906,3615511.6870117188,,
C0477,R2270,0.5773873329162598,2,38SMB_00983_r5520_c4080,0,786.4508056640625,735.2922821044922,578271.207659645,443098.08349609375,3643056.155090332,443884.5343017578,3643791.4473724365,,
C0478,R2137,0.5768806338310242,1,38SMB_00901_r5040_c4560,0,674.66064453125,671.2896728515625,452892.7233532071,447356.39587402344,3647325.3717041016,448031.0565185547,3647996.661376953,,
C0479,R4359,0.5762156248092651,2,38SMB_01567_r8880_c3120,4,507.6751708984375,519.6945190429688,263836.00377012044,431332.7342224121,3609321.8029785156,431840.40939331055,3609841.4974975586,,
C0480,R1594,0.5759010910987854,1,38SMB_00691_r3840_c4560,1,580.3710174560547,593.6114501953125,344514.88132341765,446662.77687072754,3658796.6607666016,447243.1478881836,3659390.272216797,,
C0481,R0840,0.5753916501998901,2,38SMB_00421_r2400_c240,0,651.2646484375,578.77197265625,376933.725297451,403794.26177978516,3672800.0,404445.52642822266,3673378.7719726562,,
C0482,R3755,0.5753242373466492,1,38SMB_01405_r7920_c4560,3,430.909423828125,856.6156005859375,369123.7348906696,448368.1213378906,3618283.3059692383,448799.03076171875,3619139.921569824,,
C0483,R3198,0.575046956539154,2,38SMB_01287_r7200_c6480,1,784.8545074462891,745.6515502929688,585227.9802317498,464932.1201324463,3626588.8691711426,465716.9746398926,3627334.5207214355,,
C0484,R1508,0.574775218963623,2,38SMB_00680_r3840_c1920,1,639.9325561523438,653.251953125,418037.1921747923,421333.5501098633,3658623.2373046875,421973.4826660156,3659276.4892578125,,
C0485,R2522,0.5747351050376892,1,38SMB_01080_r6000_c7200,0,483.2061767578125,969.2289733886719,468337.42663403973,474715.8850097656,3638931.901245117,475199.09118652344,3639901.130218506,,
C0486,R1264,0.5746947526931763,2,38SMB_00564_r3120_c4320,1,686.4169311523438,572.2245788574219,392784.63934925385,445075.59356689453,3668227.7754211426,445762.0104980469,3668800.0,,
C0487,R4128,0.5739337801933289,1,38SMB_01499_r8400_c6960,0,654.698486328125,682.5663757324219,446875.17301049083,471520.6164550781,3614477.2691345215,472175.31494140625,3615159.835510254,,
C0488,R4703,0.5735815763473511,1,38SMB_01652_r9360_c3360,2,234.107666015625,471.47403717041016,110375.68642892875,436565.8923339844,3605457.8659057617,436800.0,3605929.339942932,,
C0489,R3828,0.5734145641326904,1,38SMB_01426_r7920_c9600,4,477.362060546875,687.0517349243164,327972.43188577704,498721.7272949219,3619725.0242614746,499199.08935546875,3620412.075996399,,
C0490,R1839,0.5725701451301575,1,38SMB_00772_r4320_c3840,3,591.75537109375,622.4163818359375,368318.2370081544,439909.08599853516,3654835.825805664,440500.8413696289,3655458.2421875,,
C0491,R4510,0.5723127126693726,2,38SMB_01607_r9120_c2640,0,624.593505859375,521.9921875,326032.9304218292,428584.9215698242,3605604.4903564453,429209.5150756836,3606126.4825439453,,
C0492,R1455,0.5722622275352478,3,38SMB_00647_r3600_c4080,0,597.94189453125,609.6368408203125,364527.40757614374,442639.98321533203,3660978.573913574,443237.9251098633,3661588.2107543945,,
C0493,R1961,0.5718402862548828,1,38SMB_00819_r4560_c5040,1,501.0041809082031,438.504638671875,219692.6573222503,450842.4951171875,3652720.6312561035,451343.4992980957,3653159.1358947754,,
C0494,R0053,0.5717971920967102,2,38SMB_00005_r0_c1200,2,520.2474975585938,508.74755859375,264674.6442474425,413239.6646118164,3696830.0045776367,413759.912109375,3697338.7521362305,,
C0495,R0195,0.5716744661331177,2,38SMB_00057_r240_c3600,0,656.3067626953125,687.2004699707031,451014.3157691695,437526.8948364258,3696675.058288574,438183.2015991211,3697362.258758545,,
C0496,R1595,0.5716035962104797,1,38SMB_00691_r3840_c4560,2,521.6571044921875,529.4915771484375,276213.0429882556,447266.26556396484,3659045.347595215,447787.92266845703,3659574.8391723633,,
C0497,R3873,0.5713286995887756,1,38SMB_01433_r8160_c1200,0,797.5302124023438,912.3672485351562,727640.4455131851,412428.2295227051,3616710.2130126953,413225.7597351074,3617622.5802612305,,
C0498,R1405,0.5711172223091125,1,38SMB_00637_r3600_c1680,0,621.2896728515625,580.2325439453125,360492.48740561306,418617.9022216797,3661820.0759887695,419239.19189453125,3662400.308532715,,
C0499,R1892,0.5710771083831787,1,38SMB_00784_r4320_c6720,0,578.7405014038086,350.611572265625,202913.11713098548,467201.33960723877,3653601.340942383,467780.0801086426,3653951.9525146484,,
C0500,R4832,0.5706679821014404,1,38SMB_01692_r9600_c2880,0,637.4716186523438,415.9197235107422,265137.0193758281,429686.9689941406,3603584.0802764893,430324.44061279297,3604000.0,,
C0501,R1950,0.5697557330131531,1,38SMB_00818_r4560_c4800,1,616.610107421875,573.504638671875,353628.75685840845,450106.4294433594,3653041.917114258,450723.03955078125,3653615.4217529297,,
C0502,R1880,0.5696640014648438,1,38SMB_00779_r4320_c5520,0,727.3640441894531,767.364501953125,558153.3475080505,455642.79724121094,3653953.6254882812,456370.1612854004,3654720.9899902344,,
C0503,R4444,0.5680677890777588,2,38SMB_01586_r8880_c7680,0,558.63037109375,567.7078247070312,317138.83278891444,479187.1435546875,3609956.7849731445,479745.77392578125,3610524.4927978516,,
C0504,R4440,0.5677986741065979,2,38SMB_01585_r8880_c7440,1,566.4398193359375,582.20947265625,329786.6285070777,476646.3912963867,3609701.865539551,477212.83111572266,3610284.075012207,,
C0505,R2509,0.5674879550933838,4,38SMB_01075_r6000_c6000,1,503.1846618652344,465.4156494140625,234190.0161772035,462347.33963012695,3637166.099243164,462850.5242919922,3637631.514892578,,
C0506,R2813,0.5674493312835693,1,38SMB_01190_r6720_c3360,1,582.4919128417969,279.1229248046875,162586.84638747945,434064.16313171387,3629600.431213379,434646.65504455566,3629879.5541381836,,
C0507,R4044,0.566450834274292,1,38SMB_01476_r8400_c1440,0,512.34619140625,540.6114196777344,276980.20190261304,414941.93618774414,3614520.579223633,415454.2823791504,3615061.1906433105,,
C0508,R2958,0.5662323832511902,1,38SMB_01232_r6960_c3360,2,403.00140380859375,407.49446868896484,164220.84292588988,435530.4328918457,3629370.3314208984,435933.4342956543,3629777.8258895874,,
C0509,R0922,0.5660527348518372,1,38SMB_00432_r2400_c2880,3,599.1565704345703,604.0228271484375,361904.2455784511,430064.1399383545,3673485.534362793,430663.29650878906,3674089.5571899414,,
C0510,R2177,0.565985381603241,1,38SMB_00917_r5040_c8400,0,572.1353149414062,334.1470718383789,191177.34018299961,484768.6340332031,3649265.28465271,485340.76934814453,3649599.4317245483,,
C0511,R0782,0.5653660893440247,2,38SMB_00385_r2160_c1680,0,777.7690124511719,767.7630615234375,597142.3181575723,416810.5763244629,3676187.4841308594,417588.34533691406,3676955.247192383,,
C0512,R3615,0.5648416876792908,1,38SMB_01376_r7680_c7680,0,701.1846923828125,382.8607177734375,268456.07461743057,478975.9033203125,3620000.0,479677.0880126953,3620382.8607177734,,
C0513,R1409,0.5646747946739197,2,38SMB_00639_r3600_c2160,0,535.6065368652344,564.034423828125,302100.52441935986,423966.7219543457,3661404.3225097656,424502.32849121094,3661968.3569335938,,
C0514,R0888,0.5642492771148682,1,38SMB_00428_r2400_c1920,1,471.1587905883789,701.7953491210938,330657.0479324437,419200.61656951904,3673927.665863037,419671.7753601074,3674629.461212158,,
C0515,R4619,0.56406170129776,1,38SMB_01644_r9360_c1440,0,786.121826171875,791.1466979980469,621937.6870000735,415815.6149291992,3605052.756958008,416601.7367553711,3605843.903656006,,
C0516,R4095,0.5637962818145752,1,38SMB_01488_r8400_c4320,1,683.0368041992188,688.50830078125,470276.50943025947,444877.03369140625,3614213.243865967,445560.07049560547,3614901.752166748,,
C0517,R1850,0.5636981725692749,1,38SMB_00773_r4320_c4080,3,464.4671630859375,808.731689453125,375629.31349799037,443535.53283691406,3654278.089904785,444000.0,3655086.8215942383,,
C0518,R0107,0.5635377168655396,1,38SMB_00016_r0_c3840,1,469.45098876953125,493.21197509765625,231538.84938256815,439529.60998535156,3698397.977142334,439999.0609741211,3698891.1891174316,,
C0519,R2194,0.5630848407745361,1,38SMB_00940_r5280_c3840,2,662.1221923828125,633.4548950195312,419424.54386595637,439421.68395996094,3645048.140258789,440083.80615234375,3645681.5951538086,,
C0520,R2206,0.5628940463066101,1,38SMB_00941_r5280_c4080,2,465.2241516113281,451.8890380859375,210229.69436598942,441271.51611328125,3645935.160522461,441736.7402648926,3646387.049560547,,
C0521,R3967,0.5628580451011658,1,38SMB_01455_r8160_c6480,1,413.560791015625,415.20538330078125,171712.66675181687,465451.26541137695,3616655.3646850586,465864.8262023926,3617070.5700683594,,
C0522,R1659,0.5628206133842468,1,38SMB_00724_r4080_c2400,3,720.299072265625,490.654296875,353417.83484220505,424952.1192932129,3656002.587890625,425672.4183654785,3656493.2421875,,
C0523,R2236,0.5625759959220886,1,38SMB_00955_r5280_c7440,0,405.04302978515625,404.493408203125,163837.23558671772,475878.23822021484,3645088.7001037598,476283.28125,3645493.193511963,,
C0524,R4545,0.5625278949737549,1,38SMB_01610_r9120_c3360,4,568.8067626953125,502.2217559814453,285667.1311749611,435456.6452026367,3607130.346069336,436025.45196533203,3607632.5678253174,,
C0525,R0503,0.5620431900024414,4,38SMB_00258_r1440_c1440,0,550.8834838867188,558.6672973632812,307760.58710506186,414406.64447784424,3684691.767425537,414957.52796173096,3685250.4347229004,,
C0526,R3101,0.5616713166236877,2,38SMB_01272_r7200_c2880,0,779.2042541503906,869.52392578125,677536.7420542985,428800.0,3625764.273071289,429579.2042541504,3626633.7969970703,,
C0527,R0668,0.5612537860870361,2,38SMB_00343_r1920_c1680,0,636.8551635742188,625.5117607116699,398360.3946856281,418994.60540771484,3680134.148864746,419631.46057128906,3680759.6606254578,,
C0528,R1672,0.5608281493186951,1,38SMB_00726_r4080_c2880,2,962.3764038085938,1030.6857299804688,991907.6262754388,429250.2589416504,3656283.7271118164,430212.635345459,3657314.412841797,,
C0529,R0251,0.5607227683067322,2,38SMB_00093_r480_c2160,1,461.8798828125,462.8717041015625,213791.12844765186,423896.6567993164,3692877.3097229004,424358.5366821289,3693340.181427002,,
C0530,R0079,0.5607056021690369,2,38SMB_00008_r0_c1920,1,702.4560546875,777.6927185058594,546294.9588008225,421696.4465332031,3698873.3737182617,422398.9025878906,3699651.0664367676,,
C0531,R1386,0.5605068802833557,1,38SMB_00612_r3360_c5760,0,585.58837890625,586.8914031982422,343676.785392873,459236.8179321289,3664607.037963867,459822.40631103516,3665193.9293670654,,
C0532,R4853,0.560338020324707,2,38SMB_01696_r9600_c3840,0,753.3380126953125,787.6628112792969,593376.3369231485,440562.02880859375,3603036.957244873,441315.36682128906,3603824.6200561523,,
C0533,R2155,0.5590260028839111,1,38SMB_00904_r5040_c5280,3,583.7051391601562,578.7496948242188,337819.17115626857,454719.40658569336,3648182.0623779297,455303.1117248535,3648760.812072754,,
C0534,R4913,0.5589728951454163,2,38SMB_01719_r9600_c9360,0,487.43499755859375,476.45355224609375,232240.13607585803,494473.79959106445,3603092.062072754,494961.23458862305,3603568.515625,,
C0535,R1735,0.5586622953414917,2,38SMB_00737_r4080_c5520,1,414.6881103515625,255.00619888305664,105748.03874274949,457979.73419189453,3658944.993801117,458394.4223022461,3659200.0,,
C0536,R4553,0.5584651827812195,1,38SMB_01611_r9120_c3600,2,458.2652282714844,316.627197265625,145099.23483189195,436556.4965057373,3605600.5352783203,437014.7617340088,3605917.162475586,,
C0537,R1218,0.5582806468009949,1,38SMB_00553_r3120_c1680,0,277.67078399658203,490.394287109375,136168.1661691051,416801.41119003296,3666979.871826172,417079.08197402954,3667470.2661132812,,
C0538,R0414,0.5579069256782532,1,38SMB_00190_r960_c5280,0,315.74951171875,672.3649597167969,212298.90772737563,455684.18518066406,3689061.8299865723,455999.9346923828,3689734.194946289,,
C0539,R1771,0.5568057298660278,1,38SMB_00767_r4320_c2640,0,211.435546875,505.4412841796875,106868.25433373451,429388.0841064453,3654831.3345336914,429599.5196533203,3655336.775817871,,
C0540,R1975,0.5567935705184937,2,38SMB_00826_r4560_c6720,0,466.22314453125,446.27288818359375,208062.749247998,469851.26037597656,3652600.5575561523,470317.4835205078,3653046.830444336,,
C0541,R4546,0.5566256642341614,1,38SMB_01610_r9120_c3360,5,240.1959228515625,309.405517578125,74317.94383004308,436559.06799316406,3605601.1254882812,436799.2639160156,3605910.5310058594,,
C0542,R2427,0.5558860301971436,1,38SMB_01046_r5760_c9120,1,483.29254150390625,271.029052734375,130986.31971739233,493206.76010131836,3639200.0469970703,493690.05264282227,3639471.0760498047,,
C0543,R2744,0.5555991530418396,1,38SMB_01155_r6480_c5040,1,470.19073486328125,475.13885498046875,223405.88738536462,451615.7957458496,3632481.206665039,452085.9864807129,3632956.3455200195,,
C0544,R2101,0.5555862784385681,2,38SMB_00897_r5040_c3600,3,466.119384765625,446.7510986328125,208239.34723809361,438347.8561401367,3647399.8123168945,438813.97552490234,3647846.5634155273,,
C0545,R3348,0.5547855496406555,1,38SMB_01322_r7440_c4800,0,832.2946166992188,815.5364990234375,678766.6378589347,449787.1502685547,3622701.227722168,450619.4448852539,3623516.7642211914,,
C0546,R3649,0.5543848276138306,1,38SMB_01385_r7680_c9680,3,656.7953491210938,386.78680419921875,254039.774099458,498727.58026123047,3620000.0,499384.37561035156,3620386.786804199,,
C0547,R2968,0.5543525218963623,1,38SMB_01235_r6960_c4080,0,757.2784423828125,784.6673583984375,594211.6749566048,441912.23709106445,3628309.052734375,442669.51553344727,3629093.7200927734,,
C0548,R2927,0.552937388420105,1,38SMB_01216_r6720_c9600,0,748.2600402832031,772.2933959960938,577876.2875984889,496553.43017578125,3630852.5636291504,497301.69021606445,3631624.8570251465,,
C0549,R0559,0.5528311133384705,1,38SMB_00294_r1680_c0,1,730.3424835205078,764.8869323730469,558629.4218017138,400954.4408416748,3681900.615234375,401684.7833251953,3682665.502166748,,
C0550,R4639,0.550303041934967,1,38SMB_01646_r9360_c1920,0,598.9532470703125,577.5888061523438,345948.6909164116,421381.3247680664,3605327.6013946533,421980.2780151367,3605905.1902008057,,
C0551,R3067,0.5500998497009277,1,38SMB_01257_r6960_c9360,0,583.306884765625,591.3829040527344,344957.719466649,494854.51568603516,3628833.2052612305,495437.8225708008,3629424.588165283,,
C0552,R2382,0.5499932765960693,2,38SMB_01029_r5760_c5040,0,516.9188690185547,535.084228515625,276595.13423396274,450769.39918518066,3641014.0339660645,451286.3180541992,3641549.11819458,,
C0553,R3050,0.5493795275688171,1,38SMB_01254_r6960_c8640,2,783.114013671875,710.9888076782227,556785.2988566738,487125.22201538086,3629123.321838379,487908.33602905273,3629834.310646057,,
C0554,R4026,0.5490443110466003,2,38SMB_01473_r8400_c720,4,489.0818214416504,490.19256591796875,239744.27299631643,407300.254573822,3614672.8645324707,407789.3363952637,3615163.0570983887,,
C0555,R1807,0.549042820930481,1,38SMB_00770_r4320_c3360,1,427.8082275390625,259.815673828125,111151.28290727735,435359.9206542969,3653600.5560302734,435787.72888183594,3653860.3717041016,,
C0556,R0665,0.5488664507865906,2,38SMB_00342_r1920_c1440,0,496.14946365356445,505.350341796875,250729.301039665,414472.3719596863,3678634.7338867188,414968.52142333984,3679140.0842285156,,
C0557,R3339,0.5486178994178772,1,38SMB_01320_r7440_c4320,2,545.5282592773438,565.509033203125,308501.15848891437,444936.2664794922,3623628.494567871,445481.79473876953,3624194.003601074,,
C0558,R2594,0.548407793045044,1,38SMB_01110_r6240_c4320,1,827.2705459594727,833.1353759765625,689228.3573422814,443808.895072937,3636283.1370544434,444636.1656188965,3637116.27243042,,
C0559,R2138,0.5481456518173218,1,38SMB_00901_r5040_c4560,1,552.72705078125,525.6915283203125,290563.9280691743,446894.50622558594,3647519.5068359375,447447.2332763672,3648045.198364258,,
C0560,R2290,0.5480208992958069,2,38SMB_00987_r5520_c5040,1,465.9930419921875,451.920166015625,210591.6528992355,452704.5819091797,3642133.6627197266,453170.5749511719,3642585.582885742,,
C0561,R3789,0.5469346642494202,4,38SMB_01415_r7920_c6960,1,582.0508575439453,782.5944519042969,455509.77184002986,469600.0,3619890.461807251,470182.05085754395,3620673.0562591553,,
C0562,R0196,0.5465696454048157,1,38SMB_00057_r240_c3600,1,937.2520446777344,880.4107666015625,825166.791153606,436598.6706542969,3696385.005493164,437535.9226989746,3697265.4162597656,,
C0563,R3230,0.5465564131736755,2,38SMB_01298_r7200_c9120,0,464.62440490722656,361.7884826660156,168095.75846098596,491200.0,3627638.1449508667,491664.6244049072,3627999.9334335327,,
C0564,R4499,0.5465191602706909,1,38SMB_01606_r9120_c2400,0,505.0478744506836,734.8411560058594,371129.96389964246,424001.3537597656,3608065.158843994,424506.4016342163,3608800.0,,
C0565,R0608,0.5458462238311768,2,38SMB_00303_r1680_c2160,4,420.29754638671875,484.3695068359375,203579.31526768953,424379.7024536133,3680792.6220703125,424800.0,3681276.9915771484,,
C0566,R0054,0.5458410382270813,1,38SMB_00005_r0_c1200,3,872.0217895507812,763.6953735351562,665959.0063017793,413862.54974365234,3698308.61038208,414734.5715332031,3699072.3057556152,,
C0567,R0429,0.5457103848457336,1,38SMB_00215_r1200_c1200,3,536.0235595703125,546.6194152832031,293000.8847103454,414060.3073120117,3686688.9669799805,414596.33087158203,3687235.5863952637,,
C0568,R0438,0.5456439256668091,1,38SMB_00216_r1200_c1440,3,611.2753295898438,605.2398681640625,369968.1998929009,415785.9875488281,3686539.3145751953,416397.26287841797,3687144.5544433594,,
C0569,R0521,0.5449672937393188,1,38SMB_00261_r1440_c2160,0,872.2435760498047,853.6920166015625,744627.3774057161,422857.8299713135,3683524.8596191406,423730.0735473633,3684378.551635742,,
C0570,R1632,0.5444998145103455,1,38SMB_00722_r4080_c1920,1,816.4434814453125,790.242919921875,645188.6807285249,419490.48583984375,3657570.419616699,420306.92932128906,3658360.662536621,,
C0571,R3189,0.5440681576728821,1,38SMB_01286_r7200_c6240,1,449.79827880859375,451.2628173828125,202977.23854910582,462988.1693267822,3626222.737426758,463437.9676055908,3626674.0002441406,,
C0572,R3780,0.54402756690979,1,38SMB_01413_r7920_c6480,1,455.89569091796875,448.5430908203125,204488.86229600757,466705.86364746094,3619866.590576172,467161.7593383789,3620315.133666992,,
C0573,R4318,0.543448269367218,1,38SMB_01563_r8880_c2160,0,616.8222045898438,610.2119445800781,376392.27692293935,423571.30950927734,3609625.149078369,424188.1317138672,3610235.361022949,,
C0574,R0147,0.5428214073181152,1,38SMB_00046_r240_c960,0,642.8665161132812,646.6055297851562,415681.0442325659,411664.1906738281,3696074.5544433594,412307.0571899414,3696721.1599731445,,
C0575,R3040,0.5424493551254272,2,38SMB_01253_r6960_c8400,1,450.3900146484375,440.7476806640625,198508.35435055196,485934.98474121094,3629614.672012329,486385.3747558594,3630055.419692993,,
C0576,R0587,0.5423775911331177,2,38SMB_00302_r1680_c1920,3,470.99334716796875,472.5243377685547,222555.8194639394,420378.93768310547,3682664.0798568726,420849.93103027344,3683136.604194641,,
C0577,R0430,0.5416059494018555,1,38SMB_00215_r1200_c1200,4,561.7138671875,527.6992797851562,296416.00316017866,413766.4781188965,3686214.0383911133,414328.191986084,3686741.7376708984,,
C0578,R2383,0.540274441242218,1,38SMB_01029_r5760_c5040,1,377.8664016723633,636.8185043334961,240632.31675087445,450400.30475616455,3641327.774658203,450778.1711578369,3641964.5931625366,,
C0579,R0284,0.5388221740722656,1,38SMB_00130_r720_c960,0,537.396240234375,522.4942016601562,280786.4195164293,411287.9788208008,3691608.692626953,411825.37506103516,3692131.1868286133,,
C0580,R1947,0.5383634567260742,1,38SMB_00817_r4560_c4560,1,241.70013427734375,597.1575927734375,144333.0703580752,445600.8601760864,3651772.5073242188,445842.56031036377,3652369.664916992,,
C0581,R2874,0.5376896858215332,2,38SMB_01197_r6720_c5040,1,588.7327575683594,581.5008544921875,342348.60159354284,450847.4826812744,3629936.75201416,451436.2154388428,3630518.2528686523,,
C0582,R3005,0.5367853045463562,2,38SMB_01240_r6960_c5280,2,448.15155029296875,440.8599853515625,197572.08589743823,453721.08184814453,3627438.737182617,454169.2333984375,3627879.5971679688,,
C0583,R0324,0.5361174941062927,1,38SMB_00140_r720_c3360,0,268.9245414733887,561.1489868164062,150906.73397785868,433600.15758514404,3690783.4323120117,433869.08212661743,3691344.581298828,,
C0584,R4424,0.5359275937080383,1,38SMB_01576_r8880_c5280,0,460.4437255859375,431.5191650390625,198690.29201231897,454140.2166748047,3609135.47454834,454600.6604003906,3609566.993713379,,
C0585,R1305,0.5355059504508972,2,38SMB_00595_r3360_c1680,0,523.07373046875,498.87489318847656,260948.35141729563,418216.4904785156,3665897.8300094604,418739.5642089844,3666396.704902649,,
C0586,R1149,0.5349814891815186,1,38SMB_00519_r2880_c3600,1,522.6748657226562,516.546630859375,269985.9409239143,436711.0662841797,3668510.9106445312,437233.74114990234,3669027.4572753906,,
C0587,R1091,0.5348944067955017,1,38SMB_00485_r2640_c5520,0,503.33740234375,502.2552490234375,252803.8523569703,457376.43493652344,3670994.631958008,457879.7723388672,3671496.8872070312,,
C0588,R1017,0.5342739224433899,2,38SMB_00469_r2640_c1680,0,434.549560546875,204.02587890625,88659.35601890087,419292.0309448242,3670400.0805664062,419726.5805053711,3670604.1064453125,,
C0589,R1973,0.5336084961891174,1,38SMB_00825_r4560_c6480,0,861.5493774414062,550.5410385131836,474318.2889869786,466677.3666381836,3653848.800315857,467538.916015625,3654399.34135437,,
C0590,R4717,0.5332646369934082,2,38SMB_01653_r9360_c3600,3,866.7701721191406,736.7572021484375,638599.1669162177,436270.52673339844,3603276.8130493164,437137.2969055176,3604013.570251465,,
C0591,R0973,0.5329607129096985,1,38SMB_00462_r2640_c0,0,319.63897705078125,889.1864013671875,284218.6317404732,402880.3610229492,3671176.2155151367,403200.0,3672065.401916504,,
C0592,R1948,0.5328174233436584,1,38SMB_00817_r4560_c4560,2,549.2950439453125,528.8890838623047,290516.1525623407,447740.6103515625,3653871.1109161377,448289.9053955078,3654400.0,,
C0593,R2315,0.5310721397399902,2,38SMB_01005_r5520_c9360,0,755.0569152832031,682.9888916015625,515695.4856653698,494238.43353271484,3641600.0,494993.49044799805,3642282.9888916016,,
C0594,R4781,0.5308125019073486,2,38SMB_01686_r9600_c1440,0,525.3628540039062,519.4952392578125,272923.5015379265,416085.79193115234,3602810.032196045,416611.15478515625,3603329.5274353027,,
C0595,R1152,0.5306922197341919,2,38SMB_00521_r2880_c4080,0,724.267578125,698.4158325195312,505839.9435430765,443275.732421875,3668347.5271606445,444000.0,3669045.942993164,,
C0596,R1841,0.5301266312599182,2,38SMB_00772_r4320_c3840,5,702.6284790039062,935.54931640625,657343.5932196677,440897.3715209961,3654198.0877685547,441600.0,3655133.637084961,,
C0597,R4068,0.5293968319892883,1,38SMB_01483_r8400_c3120,4,621.9598388671875,619.7991180419922,385490.1595874224,431917.72552490234,3614138.0993652344,432539.68536376953,3614757.8984832764,,
C0598,R3625,0.5287194848060608,1,38SMB_01383_r7680_c9360,1,371.69189453125,690.4389190673828,256630.5498862639,496428.30810546875,3621316.435241699,496800.0,3622006.8741607666,,
C0599,R0303,0.5285563468933105,1,38SMB_00133_r720_c1680,0,845.9188842773438,849.0570068359375,718233.3559105173,417986.51580810547,3690604.6209716797,418832.4346923828,3691453.6779785156,,
C0600,R1864,0.528502881526947,1,38SMB_00774_r4320_c4320,3,721.397705078125,717.0008087158203,517242.73794675246,444625.3967285156,3654808.396911621,445346.79443359375,3655525.397720337,,
C0601,R3918,0.5284716486930847,1,38SMB_01444_r8160_c3840,0,764.1121292114258,400.95428466796875,306374.03217408573,438681.1692428589,3617998.7377929688,439445.2813720703,3618399.6920776367,,
C0602,R3880,0.5278216600418091,2,38SMB_01434_r8160_c1440,0,405.8383369445801,424.30908203125,172200.8922020439,414663.81132125854,3615753.336791992,415069.6496582031,3616177.6458740234,,
C0603,R3057,0.5274791121482849,2,38SMB_01255_r6960_c8880,0,542.34130859375,548.1744384765625,297297.642301023,491102.6495361328,3627642.109680176,491644.99084472656,3628190.2841186523,,
C0604,R1219,0.5274356007575989,1,38SMB_00553_r3120_c1680,1,790.6826782226562,400.7880401611328,316896.160994214,418230.7537841797,3668399.211959839,419021.43646240234,3668800.0,,
C0605,R2369,0.5263007879257202,1,38SMB_01027_r5760_c4560,3,596.9122314453125,622.559814453125,371613.56805339456,447176.2959289551,3640145.781555176,447773.2081604004,3640768.341369629,,
C0606,R4126,0.5260934829711914,2,38SMB_01498_r8400_c6720,1,427.37945556640625,399.7431182861328,170841.99625954498,469010.0048828125,3615600.256881714,469437.3843383789,3616000.0,,
C0607,R3420,0.526061475276947,2,38SMB_01336_r7440_c8160,0,594.200439453125,530.2907562255859,315099.00038717315,482745.74615478516,3625069.7092437744,483339.9465942383,3625600.0,,
C0608,R2300,0.5259328484535217,1,38SMB_00992_r5520_c6240,0,377.9815673828125,364.10888671875,137626.44769996405,463575.740814209,3642415.6454467773,463953.7223815918,3642779.754333496,,
C0609,R3109,0.5249890089035034,3,38SMB_01274_r7200_c3360,0,756.1289978027344,678.6297607421875,513131.64086909965,435802.6136779785,3625078.80859375,436558.74267578125,3625757.438354492,,
C0610,R1544,0.5245760083198547,2,38SMB_00685_r3840_c3120,2,481.1383056640625,509.18853759765625,244990.1102432981,433918.86169433594,3659430.0314331055,434400.0,3659939.219970703,,
C0611,R0687,0.5243920683860779,2,38SMB_00345_r1920_c2160,3,663.8897705078125,906.6668701171875,601926.8603291363,424136.1102294922,3678667.3471069336,424800.0,3679574.013977051,,
C0612,R1175,0.5242965817451477,1,38SMB_00525_r2880_c5040,0,646.5681457519531,607.1185302734375,392543.5023705475,451017.1538543701,3669255.0523376465,451663.72200012207,3669862.17086792,,
C0613,R0688,0.5242889523506165,1,38SMB_00345_r1920_c2160,4,866.5264892578125,879.0056610107422,761681.6894733813,422783.7387084961,3678875.3073120117,423650.2651977539,3679754.3129730225,,
C0614,R3756,0.5241125822067261,1,38SMB_01405_r7920_c4560,4,459.2933654785156,419.2559814453125,192561.49071501568,446507.0880126953,3618715.806121826,446966.3813781738,3619135.0621032715,,
C0615,R2736,0.5235098004341125,1,38SMB_01154_r6480_c4800,6,197.91736602783203,507.4285888671875,100428.92975581344,448000.0,3633120.274658203,448197.91736602783,3633627.7032470703,,
C0616,R1143,0.5234536528587341,1,38SMB_00516_r2880_c2880,1,496.448974609375,485.284423828125,240918.954603374,429510.14083862305,3668615.3952026367,430006.5898132324,3669100.679626465,,
C0617,R3733,0.5227656960487366,2,38SMB_01402_r7920_c3840,1,710.570068359375,1046.5927505493164,743677.4823022541,438400.7621765137,3619367.0333862305,439111.33224487305,3620413.62613678,,
C0618,R2378,0.5225321054458618,1,38SMB_01028_r5760_c4800,4,474.93743896484375,464.4091796875,220565.30643254519,450186.1651611328,3640834.1596984863,450661.10260009766,3641298.568878174,,
C0619,R2875,0.522097110748291,2,38SMB_01197_r6720_c5040,2,581.988525390625,689.561767578125,401317.03627854586,452991.8603515625,3630026.5969848633,453573.8488769531,3630716.1587524414,,
C0620,R0289,0.5214211940765381,1,38SMB_00131_r720_c1200,1,677.9763793945312,701.873779296875,475853.8436796516,413095.4879760742,3690360.2670288086,413773.46435546875,3691062.1408081055,,
C0621,R4215,0.520605206489563,1,38SMB_01525_r8640_c3120,4,788.7615966796875,345.177001953125,272262.3631976545,432900.0582885742,3610400.909423828,433688.8198852539,3610746.0864257812,,
C0622,R3025,0.5202596187591553,2,38SMB_01246_r6960_c6720,0,459.04632568359375,446.44927978515625,204940.9014894627,467227.0473098755,3628791.4016723633,467686.0936355591,3629237.8509521484,,
C0623,R3816,0.5194294452667236,3,38SMB_01424_r7920_c9120,0,794.1127014160156,812.8692626953125,645509.8060970195,493416.7527770996,3617634.0310668945,494210.8654785156,3618446.90032959,,
C0624,R0101,0.5193918347358704,2,38SMB_00015_r0_c3600,0,682.6583862304688,710.6549072265625,485134.53213404864,436923.5223388672,3696998.3868408203,437606.18072509766,3697709.041748047,,
C0625,R4229,0.5192179083824158,2,38SMB_01526_r8640_c3360,3,507.7362060546875,492.945556640625,250286.306720227,435685.5725097656,3610448.4545898438,436193.3087158203,3610941.4001464844,,
C0626,R3757,0.5182940363883972,2,38SMB_01405_r7920_c4560,5,675.9793853759766,772.3345947265625,522082.26464786567,445695.79193115234,3618071.5325927734,446371.7713165283,3618843.8671875,,
C0627,R0699,0.5180766582489014,1,38SMB_00346_r1920_c2400,1,652.2731018066406,287.4951171875,187525.33184215426,424646.37603759766,3677600.0,425298.6491394043,3677887.4951171875,,
C0628,R4517,0.5175068378448486,2,38SMB_01608_r9120_c2880,2,425.4110336303711,596.932373046875,253941.61782530136,428804.99965667725,3605600.0,429230.4106903076,3606196.932373047,,
C0629,R1158,0.517017126083374,2,38SMB_00522_r2880_c4320,1,425.5574417114258,510.9034729003906,217418.77488897298,443202.5266647339,3669683.180541992,443628.0841064453,3670194.0840148926,,
C0630,R1481,0.5168299674987793,1,38SMB_00653_r3600_c5520,1,425.2880859375,896.9149780273438,381447.2542539239,457974.7119140625,3661808.6962890625,458400.0,3662705.61126709,,
C0631,R3608,0.5155991911888123,2,38SMB_01374_r7680_c7200,1,578.0829620361328,574.3255615234375,332007.821778534,473146.6069793701,3620006.9555664062,473724.68994140625,3620581.2811279297,,
C0632,R3499,0.5152187943458557,1,38SMB_01358_r7680_c3360,2,771.8130493164062,657.1255493164062,507178.074001614,434213.11248779297,3620371.50390625,434984.9255371094,3621028.6294555664,,
C0633,R0977,0.5150095224380493,1,38SMB_00463_r2640_c240,0,792.1931457519531,824.8150634765625,653412.839799095,402852.84118652344,3671196.1547851562,403645.0343322754,3672020.969848633,,
C0634,R2249,0.5146588087081909,2,38SMB_00961_r5280_c8880,0,743.775634765625,779.293212890625,579619.304086268,491002.81036376953,3644316.842651367,491746.58599853516,3645096.135864258,,
C0635,R0304,0.5145500302314758,2,38SMB_00133_r720_c1680,1,470.1214599609375,462.2015380859375,217290.8618811518,417820.52825927734,3690046.8432617188,418290.6497192383,3690509.0447998047,,
C0636,R3709,0.5140133500099182,2,38SMB_01400_r7920_c3360,3,717.9421997070312,798.2455444335938,573094.162076991,433691.6764831543,3619742.2219085693,434409.6186828613,3620540.467453003,,
C0637,R0230,0.5139771103858948,2,38SMB_00088_r480_c960,0,284.96337890625,643.8287353515625,183467.61186271906,412514.9230957031,3692181.1444091797,412799.8864746094,3692824.9731445312,,
C0638,R2607,0.5137794613838196,2,38SMB_01112_r6240_c4800,2,729.8552703857422,272.850341796875,199141.25998700038,448198.4362792969,3634400.0,448928.2915496826,3634672.850341797,,
C0639,R1345,0.5136573910713196,2,38SMB_00602_r3360_c3360,2,637.1551704406738,614.0435791015625,391241.04130045744,433611.7161369324,3663754.4805908203,434248.87130737305,3664368.524169922,,
C0640,R1930,0.5131925940513611,1,38SMB_00814_r4560_c3840,1,924.1156005859375,985.283203125,910515.5790030956,439998.39782714844,3651570.1052856445,440922.5134277344,3652555.3884887695,,
C0641,R2888,0.5126686096191406,1,38SMB_01199_r6720_c5520,1,355.020751953125,659.833984375,234254.75729703903,458044.9792480469,3630325.791320801,458400.0,3630985.625305176,,
C0642,R2586,0.5123642683029175,2,38SMB_01109_r6240_c4080,1,519.6914672851562,551.63330078125,286679.11948636174,443099.2300415039,3635284.0118408203,443618.92150878906,3635835.6451416016,,
C0643,R3110,0.5113845467567444,1,38SMB_01274_r7200_c3360,1,824.53125,805.1675415039062,663885.7994556427,434502.45513916016,3625234.9307250977,435326.98638916016,3626040.0982666016,,
C0644,R4940,0.5112906694412231,1,38SMB_01731_r9680_c2160,1,915.213623046875,884.6029663085938,809600.6857533008,423684.8504638672,3600000.0,424600.06408691406,3600884.6029663086,,
C0645,R2359,0.5106495022773743,1,38SMB_01026_r5760_c4320,4,675.0472640991211,625.4906845092773,422235.7752974742,443734.5552444458,3641258.7202453613,444409.6025085449,3641884.2109298706,,
C0646,R1078,0.5102777481079102,2,38SMB_00482_r2640_c4800,1,619.4415283203125,760.8602905273438,471308.4612024948,450580.5584716797,3672839.1397094727,451200.0,3673600.0,,
C0647,R0113,0.509701669216156,2,38SMB_00017_r0_c4080,0,628.5620880126953,619.3426513671875,389295.3101386782,440828.5182952881,3698285.1416015625,441457.0803833008,3698904.4842529297,,
C0648,R3760,0.5094323754310608,1,38SMB_01406_r7920_c4800,0,867.1359252929688,874.737548828125,758516.3537915796,448321.5284729004,3618284.485168457,449188.66439819336,3619159.222717285,,
C0649,R2041,0.5092060565948486,2,38SMB_00860_r4800_c4800,0,598.9544677734375,661.9977569580078,396506.514185993,449510.9313964844,3651118.442993164,450109.8858642578,3651780.440750122,,
C0650,R4873,0.508680522441864,1,38SMB_01701_r9600_c5040,1,637.841796875,574.658203125,366541.02087020874,452254.48150634766,3602807.4772644043,452892.32330322266,3603382.1354675293,,
C0651,R3961,0.5085482597351074,1,38SMB_01453_r8160_c6000,0,465.8441162109375,273.92473220825195,127606.22478387086,460809.6925354004,3618125.9854507446,461275.5366516113,3618399.910182953,,
C0652,R3896,0.5085415840148926,1,38SMB_01440_r8160_c2880,0,523.48388671875,539.97314453125,282667.2404229641,430829.3795776367,3616796.1125183105,431352.86346435547,3617336.085662842,,
C0653,R3145,0.5081444978713989,1,38SMB_01279_r7200_c4560,2,319.3538475036621,468.13720703125,149501.4182250481,445600.0,3626610.0231933594,445919.35384750366,3627078.1604003906,,
C0654,R2515,0.5080804824829102,2,38SMB_01078_r6000_c6720,0,437.586669921875,165.60646057128906,72467.17959893867,469508.8131713867,3639834.3935394287,469946.3998413086,3640000.0,,
C0655,R2814,0.5079198479652405,1,38SMB_01190_r6720_c3360,2,854.1836547851562,734.56298828125,627451.697999984,435250.62911987305,3630441.193084717,436104.8127746582,3631175.756072998,,
C0656,R1983,0.5078505873680115,1,38SMB_00829_r4560_c7440,0,434.8468017578125,417.77008056640625,181665.98340440542,474923.99353027344,3652967.8981018066,475358.84033203125,3653385.668182373,,
C0657,R3993,0.5077751278877258,2,38SMB_01461_r8160_c7920,1,435.71571350097656,426.2158203125,185708.93025286496,479266.72050476074,3616779.1452026367,479702.4362182617,3617205.361022949,,
C0658,R4204,0.5069518089294434,1,38SMB_01524_r8640_c2880,5,990.079345703125,946.4794921875,937089.796346426,430355.7049560547,3610814.547729492,431345.7843017578,3611761.0272216797,,
C0659,R2608,0.5068042874336243,2,38SMB_01112_r6240_c4800,3,515.335693359375,479.1517639160156,246924.00648202747,448729.1931915283,3636899.2306518555,449244.5288848877,3637378.3824157715,,
C0660,R2587,0.5057519674301147,1,38SMB_01109_r6240_c4080,2,373.34716796875,561.173095703125,209512.38602101803,443626.65283203125,3634941.050415039,444000.0,3635502.223510742,,
C0661,R1346,0.505125105381012,2,38SMB_00602_r3360_c3360,3,526.1624145507812,417.666015625,219760.15925705433,434307.15255737305,3665982.333984375,434833.3149719238,3666400.0,,
C0662,R2531,0.5045769214630127,1,38SMB_01088_r6000_c9120,1,545.859375,569.1064834594727,310652.1093696356,493156.1700439453,3638891.045074463,493702.0294189453,3639460.1515579224,,
C0663,R0357,0.5043119788169861,1,38SMB_00174_r960_c1440,2,392.0550537109375,383.6346435546875,150405.90078420937,416207.6870727539,3687800.0790405273,416599.74212646484,3688183.713684082,,
C0664,R3541,0.5038245320320129,2,38SMB_01362_r7680_c4320,2,531.890869140625,268.9628028869629,143058.8589940453,445852.1618652344,3622931.031227112,446384.052734375,3623199.994029999,,
C0665,R4174,0.5027194023132324,2,38SMB_01521_r8640_c2160,0,624.1177368164062,546.4544677734375,341051.9256999716,421603.839302063,3610400.7611083984,422227.9570388794,3610947.215576172,,
C0666,R1018,0.5026540756225586,2,38SMB_00469_r2640_c1680,1,331.31370544433594,327.7093505859375,108574.59925138392,417207.7308654785,3671700.309753418,417539.04457092285,3672028.019104004,,
C0667,R3411,0.5019474029541016,2,38SMB_01333_r7440_c7440,1,651.058349609375,702.5140380859375,457377.6302136481,476100.5581665039,3622597.3822021484,476751.6165161133,3623299.8962402344,,
C0668,R2580,0.5014059543609619,1,38SMB_01108_r6240_c3840,3,672.532958984375,699.605712890625,470507.90021270514,440555.8395385742,3635403.4742736816,441228.3724975586,3636103.0799865723,,
C0669,R4756,0.5008686780929565,2,38SMB_01665_r9360_c6480,0,573.2772827148438,513.548583984375,294405.7367686182,465483.6491394043,3603237.1923828125,466056.92642211914,3603750.740966797,,
C0670,R0148,0.5006306171417236,1,38SMB_00046_r240_c960,1,419.786376953125,147.77745246887207,62034.96136727044,410300.167388916,3697451.6983413696,410719.95376586914,3697599.4757938385,,
C0671,R1826,0.5003800392150879,2,38SMB_00771_r4320_c3600,4,889.6562957763672,835.37109375,743193.1528642774,436058.5605621338,3654088.5217285156,436948.21685791016,3654923.8928222656,,
C0672,R0403,0.4997584819793701,1,38SMB_00187_r960_c4560,0,553.10791015625,583.9712524414062,322999.1190291941,447796.5042114258,3688125.4544067383,448349.61212158203,3688709.4256591797,,
C0673,R0055,0.4988970756530761,2,38SMB_00005_r0_c1200,4,847.796630859375,834.2843627929688,707303.4719545394,412114.6032714844,3698115.3022766113,412962.39990234375,3698949.5866394043,,
C0674,R1951,0.4986428022384643,1,38SMB_00818_r4560_c4800,2,578.360595703125,588.8031387329102,340540.5340694357,449517.3698425293,3653330.8502197266,450095.7304382324,3653919.6533584595,,
C0675,R4096,0.498145580291748,2,38SMB_01488_r8400_c4320,2,625.9375,545.38330078125,341375.8598327637,445050.12634277344,3612807.8482055664,445676.06384277344,3613353.2315063477,,
C0676,R2882,0.4977482557296753,1,38SMB_01198_r6720_c5280,3,740.797119140625,689.9923706054688,511144.3603735417,454552.73162841797,3630127.878112793,455293.5287475586,3630817.8704833984,,
C0677,R4683,0.4968789219856262,1,38SMB_01650_r9360_c2880,4,527.0673370361328,488.9012908935547,257683.9014647936,429822.9714202881,3604682.3028564453,430350.0387573242,3605171.204147339,,
C0678,R2883,0.496658056974411,2,38SMB_01198_r6720_c5280,4,650.83984375,292.3158645629883,190250.81161782146,452810.0922393799,3632507.684135437,453460.9320831299,3632800.0,,
C0679,R3809,0.4964619278907776,1,38SMB_01419_r7920_c7920,1,476.16493225097656,693.9935684204102,330455.40048951807,479200.0,3619713.6807250977,479676.164932251,3620407.674293518,,
C0680,R2595,0.4963586926460266,2,38SMB_01110_r6240_c4320,2,322.6354217529297,333.4416961669922,107580.10227284976,444477.2290802002,3637165.880508423,444799.8645019531,3637499.32220459,,
C0681,R1198,0.4955093264579773,1,38SMB_00543_r2880_c9360,0,705.6649780273438,655.7037353515625,462707.1619993076,494705.4495239258,3669645.8938598633,495411.1145019531,3670301.597595215,,
C0682,R2807,0.4944611191749573,2,38SMB_01189_r6720_c3120,0,563.636474609375,586.3584899902344,330493.0321553722,433245.48828125,3629658.958129883,433809.1247558594,3630245.316619873,,
C0683,R3177,0.4943585395812988,2,38SMB_01284_r7200_c5760,0,493.1248474121094,476.98486328125,235213.08792345226,460151.37100219727,3625523.270111084,460644.4958496094,3626000.2549743652,,
C0684,R4695,0.4940501451492309,1,38SMB_01651_r9360_c3120,1,846.4244079589844,1136.2937927246094,961786.8007743964,431200.0,3604942.0989990234,432046.424407959,3606078.392791748,,
C0685,R4511,0.4938815534114837,1,38SMB_01607_r9120_c2640,1,486.3482666015625,484.130859375,235456.20426535606,429112.2265625,3605600.717163086,429598.57482910156,3606084.848022461,,
C0686,R4483,0.4922963678836822,1,38SMB_01605_r9120_c2160,0,1194.4609832763672,1155.269775390625,1379924.6718625538,421600.0,3606888.9141845703,422794.46098327637,3608044.183959961,,
C0687,R3261,0.4920334219932556,1,38SMB_01306_r7440_c960,0,240.64208984375,521.4607238769531,125485.39836518466,412559.35791015625,3624299.785461426,412800.0,3624821.2461853027,,
C0688,R3500,0.4913353025913238,1,38SMB_01358_r7680_c3360,3,1198.2046508789062,1313.074951171875,1573332.5134467334,434814.9548339844,3620951.333618164,436013.1594848633,3622264.408569336,,
C0689,R3328,0.4911735653877258,1,38SMB_01319_r7440_c4080,3,588.0935668945312,660.77392578125,388596.8949235976,441933.2553100586,3623373.0772399902,442521.3488769531,3624033.8511657715,,
C0690,R0777,0.4908530414104461,1,38SMB_00384_r2160_c1440,2,515.0213623046875,542.4652099609375,279381.17143698037,416497.05657958984,3677465.5840301514,417012.07794189453,3678008.0492401123,,
C0691,R4011,0.490033894777298,2,38SMB_01469_r8160_c9680,0,342.75468826293945,339.970703125,116526.55236814171,497068.4277153015,3617299.8307800293,497411.18240356445,3617639.8014831543,,
C0692,R2094,0.4896466135978699,2,38SMB_00896_r5040_c3360,0,578.984375,601.7901611328125,348427.10032463074,435448.6340332031,3646697.8506469727,436027.6184082031,3647299.6408081055,,
C0693,R0771,0.4893583357334137,1,38SMB_00383_r2160_c1200,1,596.1102294921875,553.2733154296875,329811.88303269446,413054.5440673828,3676607.9455566406,413650.654296875,3677161.2188720703,,
C0694,R0169,0.4888169467449188,1,38SMB_00048_r240_c1440,1,671.0943603515625,687.4594116210938,461350.1341095194,416186.043548584,3695116.7974853516,416857.13790893555,3695804.2568969727,,
C0695,R2260,0.4887903332710266,1,38SMB_00976_r5520_c2400,0,737.5460815429688,646.1502075195312,476565.5536442064,424943.43353271484,3643270.220336914,425680.9796142578,3643916.3705444336,,
C0696,R1873,0.4887310564517975,1,38SMB_00777_r4320_c5040,0,639.4230651855469,653.3609008789062,417774.0299123805,450812.69149780273,3654844.2752075195,451452.1145629883,3655497.6361083984,,
C0697,R4735,0.4880230724811554,1,38SMB_01657_r9360_c4560,0,623.4656524658203,389.083251953125,242580.04354247823,446586.0115814209,3603203.110961914,447209.4772338867,3603592.194213867,,
C0698,R3491,0.4876223504543304,1,38SMB_01357_r7680_c3120,0,550.6537628173828,551.3076782226562,303579.64748342056,432434.86320495605,3622031.9746398926,432985.51696777344,3622583.2823181152,,
C0699,R3650,0.4873234331607818,1,38SMB_01385_r7680_c9680,4,403.2971954345703,748.5778045654297,301899.3291458057,496800.5369567871,3621301.3275146484,497203.8341522217,3622049.905319214,,
C0700,R2281,0.4865385591983795,1,38SMB_00984_r5520_c4320,4,257.9437255859375,624.459228515625,161075.3398798406,446142.05627441406,3642901.9970703125,446400.0,3643526.456298828,,
C0701,R0419,0.4864474236965179,1,38SMB_00192_r960_c5760,0,757.5385284423828,577.6194763183594,437569.00808986975,457774.84603881836,3689821.940803528,458532.38456726074,3690399.560279846,,
C0702,R4474,0.485740602016449,1,38SMB_01604_r9120_c1920,0,615.048828125,276.2715148925781,169920.47147899866,420682.6118469238,3608523.7284851074,421297.6606750488,3608800.0,,
C0703,R3639,0.4855989813804626,1,38SMB_01384_r7680_c9600,4,472.281494140625,422.61505126953125,199593.26785989106,498725.78887939453,3620000.0,499198.07037353516,3620422.6150512695,,
C0704,R3135,0.4852047562599182,1,38SMB_01278_r7200_c4320,1,594.6343994140625,597.9864501953125,355583.31366963685,444925.12603759766,3626095.905456543,445519.7604370117,3626693.8919067383,,
C0705,R0149,0.4847386479377746,2,38SMB_00046_r240_c960,2,610.1622772216797,608.5269165039062,371300.1691247104,410810.2286529541,3696655.335083008,411420.3909301758,3697263.8619995117,,
C0706,R2406,0.4847022593021393,1,38SMB_01040_r5760_c7680,0,493.69171142578125,511.4959716796875,252521.32164593786,477452.49771118164,3640873.6164855957,477946.1894226074,3641385.1124572754,,
C0707,R4360,0.4846027791500091,1,38SMB_01567_r8880_c3120,5,465.313720703125,490.4978942871094,228235.40018778294,432641.7378234863,3609848.493347168,433107.05154418945,3610338.991241455,,
C0708,R3051,0.4845853149890899,2,38SMB_01254_r6960_c8640,3,664.7125244140625,606.83349609375,403369.8250874877,488757.89825439453,3627657.456970215,489422.6107788086,3628264.2904663086,,
C0709,R1870,0.4839837551116943,1,38SMB_00776_r4320_c4800,0,335.7218933105469,658.3837890625,221033.85218903422,448001.1138534546,3653869.859008789,448336.83574676514,3654528.2427978516,,
C0710,R2347,0.4825591146945953,1,38SMB_01025_r5760_c4080,2,761.038818359375,774.3330383300781,589297.5005073473,442173.43322753906,3640855.7872009277,442934.47204589844,3641630.120239258,,
C0711,R4408,0.4822310209274292,1,38SMB_01572_r8880_c4320,3,527.5472640991211,511.98455810546875,270096.05288953753,443757.7629470825,3609077.921295166,444285.31021118164,3609589.9058532715,,
C0712,R4696,0.4821095466613769,1,38SMB_01651_r9360_c3120,2,706.3546752929688,647.581787109375,457422.422959283,433102.07244873047,3603867.5677490234,433808.42712402344,3604515.149536133,,
C0713,R3947,0.481845498085022,2,38SMB_01448_r8160_c4800,0,954.6366119384766,1013.3393096923828,967370.805348811,448020.9935760498,3616515.31829834,448975.6301879883,3617528.657608032,,
C0714,R1545,0.481485515832901,1,38SMB_00685_r3840_c3120,3,474.5379638671875,619.3098449707031,293886.032835301,433924.8031616211,3660132.147216797,434399.3411254883,3660751.4570617676,,
C0715,R2975,0.4807917475700378,1,38SMB_01236_r6960_c4320,1,864.0872192382812,781.8936157226562,675624.2801499553,444745.6494140625,3627910.0088500977,445609.7366333008,3628691.9024658203,,
C0716,R2950,0.4805192947387695,1,38SMB_01231_r6960_c3120,0,301.01806640625,562.0315933227539,169181.66348123923,434098.98193359375,3629304.3760681152,434400.0,3629866.407661438,,
C0717,R4326,0.4801320433616638,2,38SMB_01564_r8880_c2400,1,470.977783203125,454.443359375,214032.72598981857,426026.7839050293,3608037.9040527344,426497.7616882324,3608492.3474121094,,
C0718,R1695,0.4800830483436584,1,38SMB_00728_r4080_c3360,0,320.306396484375,746.669921875,239163.15203905106,436479.6936035156,3656912.9428100586,436800.0,3657659.6127319336,,
C0719,R0923,0.4785431027412414,3,38SMB_00432_r2400_c2880,4,404.1525650024414,469.4798278808594,189741.47665495402,428800.0,3673148.941040039,429204.15256500244,3673618.42086792,,
C0720,R0656,0.4778243601322174,2,38SMB_00340_r1920_c960,1,392.0744323730469,174.15645599365234,68282.29362781276,409608.90686035156,3680625.8435440063,410000.9812927246,3680800.0,,
C0721,R4755,0.4772029817104339,4,38SMB_01663_r9360_c6000,0,650.5340576171875,688.1507873535156,447665.5239495449,460000.0,3603381.6583251953,460650.5340576172,3604069.809112549,,
C0722,R1520,0.4768948853015899,1,38SMB_00682_r3840_c2400,0,610.7764434814453,256.16607666015625,156460.2052430855,425222.4309539795,3658400.0,425833.20739746094,3658656.16607666,,
C0723,R2164,0.4764610826969147,1,38SMB_00906_r5040_c5760,1,125.48924446105957,415.9832763671875,52201.4270597545,457600.0,3647205.1861572266,457725.48924446106,3647621.1694335938,,
C0724,R3502,0.4763551354408264,1,38SMB_01358_r7680_c3360,5,284.81353759765625,608.6862182617188,173362.07511005923,436515.18646240234,3620886.5322875977,436800.0,3621495.2185058594,,
C0725,R1795,0.4759207665920257,1,38SMB_00769_r4320_c3120,2,907.62939453125,1006.8893432617188,913882.3649846017,433275.7907104492,3654389.8190307617,434183.42010498047,3655396.7083740234,,
C0726,R2404,0.4754564166069031,1,38SMB_01039_r5760_c7440,0,1066.7628479003906,684.6453857421875,730354.2614961974,474728.9373779297,3639200.0,475795.7002258301,3639884.645385742,,
C0727,R2306,0.4751483798027038,1,38SMB_01002_r5520_c8640,0,297.9827880859375,533.3087158203125,158916.81805066764,489301.5020751953,3642166.9985961914,489599.48486328125,3642700.3073120117,,
C0728,R3772,0.4749844372272491,1,38SMB_01411_r7920_c6000,0,472.5248718261719,494.47509765625,233651.78214125335,460819.2948913574,3618132.216491699,461291.8197631836,3618626.6915893555,,
C0729,R3798,0.4749815762042999,2,38SMB_01416_r7920_c7200,3,483.3076286315918,468.0126953125,226194.10594096407,472205.00482559204,3618928.2823181152,472688.31245422363,3619396.2950134277,,
C0730,R0364,0.4749691188335418,1,38SMB_00175_r960_c1680,0,471.62994384765625,498.568115234375,235139.6521922201,416800.48332214355,3687200.0,417272.1132659912,3687698.5681152344,,
C0731,R3263,0.4746031165122986,1,38SMB_01307_r7440_c1200,0,444.6318054199219,467.5677490234375,207895.49240441993,412554.31579589844,3624315.802459717,412998.94760131836,3624783.3702087402,,
C0732,R0889,0.4745158553123474,1,38SMB_00428_r2400_c1920,2,142.46307373046875,405.15411376953125,57719.500382151455,422257.53692626953,3673310.8587646484,422400.0,3673716.012878418,,
C0733,R4500,0.473939836025238,1,38SMB_01606_r9120_c2400,1,508.402099609375,235.90625762939453,119935.23668977432,425365.1007080078,3608563.9386749268,425873.5028076172,3608799.844932556,,
C0734,R3041,0.4734850525856018,2,38SMB_01253_r6960_c8400,2,768.096923828125,690.3229141235352,530234.9067863543,486314.98779296875,3629348.383331299,487083.0847167969,3630038.7062454224,,
C0735,R3355,0.4733187854290008,2,38SMB_01323_r7440_c5040,2,501.60430908203125,536.0451889038086,268882.57661684183,452104.9819946289,3625052.0545196533,452606.58630371094,3625588.099708557,,
C0736,R1237,0.4732387959957123,1,38SMB_00557_r3120_c2640,2,676.3409423828125,467.8131103515625,316401.15991421044,427587.9179382324,3665600.0,428264.25888061523,3666067.8131103516,,
C0737,R0013,0.4729518592357635,1,38SMB_00002_r0_c480,0,814.6221160888672,752.5581359863281,613050.5012170761,405965.03883361816,3698742.882537842,406779.66094970703,3699495.440673828,,
C0738,R3862,0.4729387760162353,1,38SMB_01432_r8160_c960,2,442.6036071777344,435.9808349609375,192966.69021407142,410386.3188171387,3615802.1017456055,410828.9224243164,3616238.0825805664,,
C0739,R3416,0.4722211360931396,2,38SMB_01335_r7440_c7920,0,439.6136474609375,445.2452087402344,195735.87022880092,480588.35388183594,3622603.109741211,481027.9675292969,3623048.354949951,,
C0740,R0905,0.4721521437168121,1,38SMB_00430_r2400_c2400,2,598.1231689453125,563.826904296875,337237.9347346723,425890.7800292969,3673962.2467041016,426488.9031982422,3674526.0736083984,,
C0741,R4598,0.4720424711704254,1,38SMB_01628_r9120_c7680,0,416.8621063232422,501.2615966796875,208956.96501084603,476805.7850265503,3608297.17376709,477222.64713287354,3608798.4353637695,,
C0742,R3968,0.4719259738922119,1,38SMB_01455_r8160_c6480,2,411.968994140625,405.33203125,166984.22920703888,466086.4660644531,3616132.837524414,466498.43505859375,3616538.169555664,,
C0743,R0305,0.4717044532299042,1,38SMB_00133_r720_c1680,2,695.4693603515625,499.85462188720703,347633.574152668,418535.2035522461,3692300.145378113,419230.67291259766,3692800.0,,
C0744,R3973,0.4707320034503937,2,38SMB_01456_r8160_c6720,3,846.3739013671875,534.6842193603516,452542.76873948984,469547.06756591797,3617863.9640045166,470393.44146728516,3618398.648223877,,
C0745,R0023,0.4707147777080536,1,38SMB_00003_r0_c720,1,493.46405029296875,319.18304443359375,157505.3578910418,409301.1309814453,3696800.0,409794.5950317383,3697119.1830444336,,
C0746,R1590,0.4705624580383301,1,38SMB_00690_r3840_c4320,1,582.7374267578125,626.4776611328125,365071.980169788,445095.0378417969,3659690.8126831055,445677.7752685547,3660317.2903442383,,
C0747,R3058,0.4704657793045044,1,38SMB_01255_r6960_c8880,1,609.2668151855469,624.4210815429688,380439.04368639924,489724.6371459961,3627796.1166381836,490333.90396118164,3628420.5377197266,,
C0748,R1035,0.4704027771949768,1,38SMB_00471_r2640_c2160,4,472.06085205078125,284.9380302429199,134508.08933814405,422251.79595947266,3673315.061969757,422723.85681152344,3673600.0,,
C0749,R4319,0.470224529504776,1,38SMB_01563_r8880_c2160,1,961.2965393066406,950.1187133789062,913345.8311016206,422352.83096313477,3609606.3009643555,423314.1275024414,3610556.4196777344,,
C0750,R3340,0.4698929488658905,2,38SMB_01320_r7440_c4320,3,460.78338623046875,478.1593322753906,220327.87628355436,443885.45654296875,3622670.7244873047,444346.2399291992,3623148.88381958,,
C0751,R3813,0.4694138765335083,2,38SMB_01420_r7920_c8160,0,444.2041015625,502.30224609375,223124.7179389,484259.7088623047,3618913.399658203,484703.9129638672,3619415.701904297,,
C0752,R1254,0.4693908989429474,1,38SMB_00562_r3120_c3840,0,809.8852157592773,782.0355224609375,633359.0078396956,438776.5608596802,3666381.2699890137,439586.44607543945,3667163.3055114746,,
C0753,R1618,0.4691254198551178,1,38SMB_00703_r3840_c7440,0,672.9638671875,673.3587646484375,453146.11826241016,475819.4226074219,3659023.430480957,476492.3864746094,3659696.7892456055,,
C0754,R0098,0.4689186811447143,2,38SMB_00014_r0_c3360,0,202.7215576171875,440.1776123046875,89233.49119462073,436597.2784423828,3696800.6060791016,436800.0,3697240.7836914062,,
C0755,R1785,0.4681764245033264,1,38SMB_00768_r4320_c2880,3,865.589599609375,514.9094390869141,445700.2552143298,429341.9300842285,3656285.090560913,430207.5196838379,3656800.0,,
C0756,R3028,0.4681116640567779,2,38SMB_01251_r6960_c7920,0,611.475830078125,619.1265869140625,378580.94365671277,481765.37536621094,3627985.486755371,482376.85119628906,3628604.613342285,,
C0757,R3329,0.4678694903850555,1,38SMB_01319_r7440_c4080,4,806.8368530273438,871.8415832519531,703433.9193693828,441778.31314086914,3624149.624938965,442585.1499938965,3625021.466522217,,
C0758,R2458,0.4676700532436371,1,38SMB_01065_r6000_c3600,0,867.1754455566406,798.03955078125,692040.3030205518,436714.92263793945,3638024.4158935547,437582.0980834961,3638822.455444336,,
C0759,R2195,0.4675974249839782,2,38SMB_00940_r5280_c3840,3,397.4407958984375,381.99108123779297,151818.83935325313,439502.9734802246,3646817.211380005,439900.41427612305,3647199.2024612427,,
C0760,R1118,0.4671694040298462,1,38SMB_00510_r2880_c1440,0,806.522216796875,738.0227661132812,595231.7573722452,415810.5520629883,3669229.1567993164,416617.07427978516,3669967.1795654297,,
C0761,R1645,0.4671224951744079,2,38SMB_00723_r4080_c2160,2,365.1274108886719,622.6673889160156,227352.9315597145,421600.0,3658577.332611084,421965.1274108887,3659200.0,,
C0762,R0852,0.4665293395519256,1,38SMB_00423_r2400_c720,1,492.38983154296875,472.21832275390625,232515.50039229915,408838.1872558594,3675007.6879882812,409330.57708740234,3675479.906311035,,
C0763,R1372,0.4662352502346039,1,38SMB_00606_r3360_c4320,5,893.35205078125,851.42822265625,760625.1488029957,444644.4575500488,3664167.130126953,445537.8096008301,3665018.5583496094,,
C0764,R3820,0.4662043154239654,2,38SMB_01425_r7920_c9360,1,627.3363494873047,893.61572265625,560597.6252956316,493600.9265899658,3617608.090209961,494228.2629394531,3618501.705932617,,
C0765,R2523,0.4661055505275726,1,38SMB_01081_r6000_c7440,0,967.7255249023438,1012.230224609375,979561.0254321247,474747.928314209,3638856.2616729736,475715.6538391113,3639868.491897583,,
C0766,R3300,0.4658235311508178,1,38SMB_01316_r7440_c3360,3,591.221923828125,569.56787109375,336741.0124987364,435649.5358276367,3622893.6514282227,436240.75775146484,3623463.2192993164,,
C0767,R0014,0.4654742777347564,1,38SMB_00002_r0_c480,1,1140.369873046875,758.8421630859375,865360.7411809266,406825.3076171875,3699241.157836914,407965.6774902344,3700000.0,,
C0768,R2102,0.4653103649616241,2,38SMB_00897_r5040_c3600,4,600.5194091796875,651.93115234375,391497.3104313016,438403.6016845703,3648400.547180176,439004.12109375,3649052.4783325195,,
C0769,R1665,0.4640846252441406,2,38SMB_00725_r4080_c2640,1,473.0420684814453,471.89788818359375,223227.55313839298,426441.29901885986,3657622.0333862305,426914.3410873413,3658093.931274414,,
C0770,R2000,0.4640637338161468,2,38SMB_00853_r4800_c3120,0,575.5889129638672,569.5398712158203,327820.8353626949,432395.793838501,3651201.676712036,432971.38275146484,3651771.216583252,,
C0771,R2348,0.4639966189861297,1,38SMB_01025_r5760_c4080,3,585.2789306640625,329.3695068359375,192773.03275428712,442314.306640625,3639201.26373291,442899.58557128906,3639530.633239746,,
C0772,R4039,0.4635781645774841,1,38SMB_01475_r8400_c1200,0,1007.3542785644531,952.049560546875,959051.1982223019,412124.3190765381,3614970.6044006348,413131.67335510254,3615922.6539611816,,
C0773,R4269,0.4632303118705749,1,38SMB_01531_r8640_c4560,1,740.4769897460938,697.6214599609375,516572.63865415007,447433.9877319336,3611816.743774414,448174.4647216797,3612514.365234375,,
C0774,R0890,0.4630990624427795,1,38SMB_00428_r2400_c1920,3,500.69583892822266,472.8331756591797,236745.60355976864,419795.96294403076,3674472.2973632812,420296.658782959,3674945.1305389404,,
C0775,R4697,0.463092565536499,1,38SMB_01651_r9360_c3120,3,823.0278015136719,654.8268127441406,538940.672065015,431200.0,3603200.0,432023.0278015137,3603854.826812744,,
C0776,R2229,0.4630221724510193,2,38SMB_00953_r5280_c6960,0,692.1875,743.9952087402344,514984.183549881,472099.0393066406,3645788.3934020996,472791.2268066406,3646532.38861084,,
C0777,R1765,0.4628303647041321,2,38SMB_00766_r4320_c2400,1,716.448974609375,693.1289672851562,496591.5378835052,426481.2805175781,3654366.616973877,427197.7294921875,3655059.745941162,,
C0778,R2156,0.4627515375614166,1,38SMB_00904_r5040_c5280,4,351.5264892578125,345.75439453125,121541.82845503092,454451.73278808594,3648309.2251586914,454803.25927734375,3648654.9795532227,,
C0779,R4698,0.4626084268093109,1,38SMB_01651_r9360_c3120,4,633.7310791015625,792.7578735351562,502395.3026616946,433766.26892089844,3603547.5241088867,434400.0,3604340.281982422,,
C0780,R0588,0.4625169932842254,1,38SMB_00302_r1680_c1920,4,782.9379272460938,752.891845703125,589467.5811152905,419750.4521179199,3680636.2881469727,420533.390045166,3681389.179992676,,
C0781,R1457,0.4624438881874084,2,38SMB_00647_r3600_c4080,2,655.2848052978516,739.8279571533203,484798.01885712077,440808.6763000488,3662142.119140625,441463.9611053467,3662881.9470977783,,
C0782,R1827,0.4622589647769928,2,38SMB_00771_r4320_c3600,5,443.5496520996094,445.18096923828125,197459.86402700655,436469.6257019043,3655538.8357543945,436913.1753540039,3655984.016723633,,
C0783,R1981,0.4620088636875152,1,38SMB_00828_r4560_c7200,1,277.4945068359375,412.74505615234375,114534.48580596596,474922.50549316406,3652969.5028686523,475200.0,3653382.2479248047,,
C0784,R3849,0.4616972208023071,1,38SMB_01431_r8160_c720,2,906.9204711914062,885.1275634765625,802740.3069326654,407555.5065917969,3617346.4752197266,408462.4270629883,3618231.602783203,,
C0785,R4518,0.4613998830318451,2,38SMB_01608_r9120_c2880,3,639.4171142578125,687.3089599609375,439477.11178176105,430268.7094116211,3608053.8398742676,430908.1265258789,3608741.1488342285,,
C0786,R0108,0.4613527953624725,1,38SMB_00016_r0_c3840,2,1243.984375,1161.1788940429688,1444488.4007692337,439578.16024780273,3696921.113586426,440822.14462280273,3698082.2924804688,,
C0787,R4261,0.4604893326759338,1,38SMB_01530_r8640_c4320,2,484.869384765625,277.08892822265625,134351.93815268576,445034.02587890625,3610400.0,445518.8952636719,3610677.0889282227,,
C0788,R2877,0.4602398574352264,1,38SMB_01197_r6720_c5040,4,462.418212890625,319.50927734375,147746.90903127193,451616.34506225586,3632480.4907226562,452078.7632751465,3632800.0,,
C0789,R4270,0.4601289927959442,1,38SMB_01531_r8640_c4560,2,997.2541809082031,918.8348388671875,916311.8846244179,446369.5951843262,3611741.8016052246,447366.8493652344,3612660.636444092,,
C0790,R2621,0.4599293768405914,1,38SMB_01114_r6240_c5280,1,529.390869140625,511.6709899902344,270873.9501049742,454448.3923339844,3636611.876678467,454977.783203125,3637123.547668457,,
C0791,R1796,0.4597528278827667,1,38SMB_00769_r4320_c3120,3,709.9542236328125,513.343505859375,364450.3901593387,431946.4692687988,3653600.0,432656.42349243164,3654113.3435058594,,
C0792,R2371,0.4597010314464569,1,38SMB_01027_r5760_c4560,5,373.2623291015625,840.1776123046875,313606.65242783725,448426.73767089844,3639610.72845459,448800.0,3640450.9060668945,,
C0793,R3710,0.458918035030365,1,38SMB_01400_r7920_c3360,4,730.9780502319336,468.9760971069336,342811.2330686083,434228.1941604614,3620330.3982162476,434959.17221069336,3620799.3743133545,,
C0794,R3989,0.4587185382843017,1,38SMB_01460_r8160_c7680,1,559.6868896484375,585.1287841796875,327488.90926130116,478438.4176635742,3616914.4508361816,478998.10455322266,3617499.5796203613,,
C0795,R4171,0.4566885232925415,1,38SMB_01520_r8640_c1920,0,669.55078125,669.8816680908203,448519.79421526194,420374.9816894531,3612627.5017547607,421044.5324707031,3613297.3834228516,,
C0796,R0259,0.4557718336582184,1,38SMB_00094_r480_c2400,2,898.23974609375,840.6805419921875,755132.6765850186,424703.83193969727,3692171.640319824,425602.071685791,3693012.3208618164,,
C0797,R0120,0.4553138613700866,1,38SMB_00042_r240_c0,0,342.6778793334961,419.9468994140625,143906.51292388793,400000.0,3694985.3189086914,400342.6778793335,3695405.2658081055,,
C0798,R0504,0.4549382328987121,2,38SMB_00258_r1440_c1440,1,1079.35791015625,720.2291870117188,777385.0701265037,414607.17041015625,3684879.7708129883,415686.5283203125,3685600.0,,
C0799,R3681,0.4547204375267029,2,38SMB_01394_r7920_c1920,0,513.6238861083984,550.5215454101562,282761.0155399656,419349.6376800537,3618592.8019714355,419863.2615661621,3619143.3235168457,,
C0800,R1320,0.4535632133483886,2,38SMB_00599_r3360_c2640,1,714.1748046875,500.2091979980469,357236.80628314614,427734.8226928711,3665899.790802002,428448.9974975586,3666400.0,,
C0801,R3408,0.452923446893692,2,38SMB_01331_r7440_c6960,0,872.1755981445312,609.7591018676758,531817.0093955123,471927.82440185547,3624990.2408981323,472800.0,3625600.0,,
C0802,R0731,0.4527150094509125,2,38SMB_00358_r1920_c5280,0,786.9037628173828,566.947021484375,446132.74452416226,452815.475692749,3677601.649169922,453602.3794555664,3678168.5961914062,,
C0803,R1424,0.4527034759521484,1,38SMB_00642_r3600_c2880,0,748.507080078125,436.0479736328125,326384.9955178797,429604.86389160156,3660802.6834106445,430353.3709716797,3661238.7313842773,,
C0804,R1335,0.4524811208248138,1,38SMB_00601_r3360_c3120,2,951.4556121826172,1019.7521209716797,970248.8785336318,432358.88832092285,3664301.27532959,433310.34393310547,3665321.0274505615,,
C0805,R0089,0.4522223174571991,1,38SMB_00009_r0_c2160,2,447.1258544921875,447.51220703125,200094.27796453238,423768.91387939453,3697968.066711426,424216.0397338867,3698415.578918457,,
C0806,R3583,0.4522094428539276,1,38SMB_01371_r7680_c6480,2,238.72196197509766,464.027099609375,110773.45962836407,464800.1008415222,3620756.859436035,465038.8228034973,3621220.8865356445,,
C0807,R0754,0.4519597589969635,1,38SMB_00381_r2160_c720,2,783.39599609375,801.4474487304688,627850.7224150002,408847.5631713867,3676009.140930176,409630.95916748047,3676810.5883789062,,
C0808,R0880,0.451769471168518,2,38SMB_00427_r2400_c1680,3,429.559326171875,436.224365234375,187384.24438983202,418905.71533203125,3673038.048095703,419335.2746582031,3673474.2724609375,,
C0809,R4077,0.4515452980995178,1,38SMB_01484_r8400_c3360,2,502.3223876953125,455.98873138427734,229053.34831110667,435775.53985595703,3615544.0112686157,436277.86224365234,3616000.0,,
C0810,R3626,0.4509604871273041,2,38SMB_01383_r7680_c9360,2,704.4334411621094,383.29833984375,270008.16852785647,496073.6128234863,3620000.294494629,496778.04626464844,3620383.5928344727,,
C0811,R1772,0.450839102268219,2,38SMB_00767_r4320_c2640,1,550.5218505859375,556.9857788085938,306632.8416997567,428534.8895263672,3653986.2033081055,429085.4113769531,3654543.189086914,,
C0812,R2609,0.450815737247467,1,38SMB_01112_r6240_c4800,4,345.2685546875,526.0062408447266,181613.41453306377,450854.63806152344,3636719.7694396973,451199.90661621094,3637245.775680542,,
C0813,R0358,0.4500588774681091,1,38SMB_00174_r960_c1440,3,929.879150390625,695.6609344482422,646880.5986846797,414756.4497375488,3689703.515396118,415686.32888793945,3690399.1763305664,,
C0814,R4445,0.44975745677948,5,38SMB_01586_r8880_c7680,1,459.9689483642578,445.1080322265625,204735.87349173613,476800.0,3608000.0,477259.96894836426,3608445.1080322266,,
C0815,R3924,0.4494421780109405,1,38SMB_01446_r8160_c4320,1,417.54486083984375,416.04705810546875,173718.31097947434,444989.0856933594,3616288.8276672363,445406.6305541992,3616704.874725342,,
C0816,R0394,0.4494276642799377,1,38SMB_00184_r960_c3840,0,928.3137512207031,916.6177368164062,850908.8496994693,439042.41439819336,3688395.473175049,439970.72814941406,3689312.0909118652,,
C0817,R3220,0.4493871927261352,1,38SMB_01296_r7200_c8640,2,783.2428741455078,798.006591796875,625032.9765460454,487492.4614715576,3626753.913040161,488275.7043457031,3627551.919631958,,
C0818,R1797,0.4490115642547607,1,38SMB_00769_r4320_c3120,4,717.1258544921875,773.8742065429688,554965.2016365901,431913.858795166,3654056.365966797,432630.9846496582,3654830.24017334,,
C0819,R1256,0.4484216570854187,2,38SMB_00563_r3120_c4080,0,730.3720092773438,450.3242874145508,328904.2546253535,443269.62799072266,3668349.256629944,444000.0,3668799.5809173584,,
C0820,R3178,0.4482783675193786,1,38SMB_01284_r7200_c5760,1,330.80333709716797,479.93438720703125,158763.8968757703,457600.13988494873,3626798.2160949707,457930.9432220459,3627278.1504821777,,
C0821,R0678,0.447747528553009,2,38SMB_00344_r1920_c1920,2,410.25630950927734,620.5662536621094,254591.22103341506,419200.0,3680140.254211426,419610.2563095093,3680760.820465088,,
C0822,R2372,0.4477415978908539,2,38SMB_01027_r5760_c4560,6,598.099365234375,558.1884765625,333852.17351317406,447821.81732177734,3639203.3221435547,448419.9166870117,3639761.510620117,,
C0823,R1853,0.4475383162498474,1,38SMB_00773_r4320_c4080,6,519.9063110351562,516.4578247070312,268509.682448674,442669.6905517578,3654555.186767578,443189.59686279297,3655071.644592285,,
C0824,R3749,0.4468145966529846,2,38SMB_01404_r7920_c4320,3,589.4488525390625,541.0723876953125,318934.4980675727,445123.8656616211,3617600.0,445713.31451416016,3618141.0723876953,,
C0825,R3948,0.4467050433158874,1,38SMB_01448_r8160_c4800,1,432.955322265625,423.30108642578125,183270.4582888633,449013.14193725586,3617100.6605529785,449446.0972595215,3617523.9616394043,,
C0826,R0662,0.4459101557731628,1,38SMB_00341_r1920_c1200,1,521.6653442382812,213.2568359375,111248.7007305026,413068.2141113281,3677600.0,413589.8794555664,3677813.2568359375,,
C0827,R4251,0.4457282721996307,2,38SMB_01529_r8640_c4080,0,582.899169921875,573.621826171875,334363.686324656,443247.7966308594,3611737.964782715,443830.69580078125,3612311.5866088867,,
C0828,R1354,0.4456883072853088,2,38SMB_00603_r3360_c3600,1,821.8658447265625,708.375244140625,582189.4184090197,436086.72958374023,3663900.3244018555,436908.5954284668,3664608.699645996,,
C0829,R0439,0.445407509803772,1,38SMB_00216_r1200_c1440,4,430.8757781982422,423.731689453125,182575.72144037113,415540.1114654541,3686333.1103515625,415970.98724365234,3686756.8420410156,,
C0830,R4475,0.4453224241733551,1,38SMB_01604_r9120_c1920,1,826.8324279785156,1089.4414520263672,900785.5209194007,421565.8641052246,3606903.489379883,422392.6965332031,3607992.930831909,,
C0831,R1382,0.4449116587638855,2,38SMB_00609_r3360_c5040,0,516.4178466796875,320.1171875,165314.22865390778,453055.9606933594,3663200.040283203,453572.37854003906,3663520.157470703,,
C0832,R0407,0.4445367753505707,2,38SMB_00188_r960_c4800,0,291.78016662597656,288.63739013671875,84218.6657885788,448470.17013549805,3688884.577331543,448761.950302124,3689173.2147216797,,
C0833,R0625,0.4438531398773193,2,38SMB_00312_r1680_c4320,0,328.49205017089844,548.6076736450195,180213.25945513963,443200.0,3682650.379524231,443528.4920501709,3683198.987197876,,
C0834,R0240,0.4437833130359649,1,38SMB_00091_r480_c1680,0,302.6117134094238,559.288330078125,169247.1998548368,416800.0621032715,3693099.4946289062,417102.6738166809,3693658.7829589844,,
C0835,R3129,0.4436518251895904,1,38SMB_01277_r7200_c4080,0,413.10882568359375,749.3679809570312,309570.5266180448,443586.8911743164,3625591.853790283,444000.0,3626341.2217712402,,
C0836,R3203,0.4433517158031463,1,38SMB_01288_r7200_c6720,0,918.6370849609375,862.032470703125,791894.9960283935,468322.19345092773,3626619.649963379,469240.8305358887,3627481.682434082,,
C0837,R0801,0.4431855082511902,1,38SMB_00389_r2160_c2640,1,813.768310546875,774.200439453125,630019.7836384177,428526.39892578125,3676721.2802124023,429340.1672363281,3677495.4806518555,,
C0838,R4878,0.4431677162647247,2,38SMB_01702_r9600_c5280,0,1076.861572265625,995.4417419433594,1071952.9593279585,454923.1384277344,3600800.0,456000.0,3601795.4417419434,,
C0839,R2910,0.4427462518215179,1,38SMB_01211_r6720_c8400,2,208.5491943359375,661.8414306640625,138026.49714313447,486990.68786621094,3630136.569519043,487199.2370605469,3630798.410949707,,
C0840,R4141,0.4424460530281067,1,38SMB_01502_r8400_c7680,1,645.9736633300781,678.8660049438477,438529.5601238322,477610.4490661621,3614867.2439575195,478256.4227294922,3615546.1099624634,,
C0841,R0237,0.4420162737369537,1,38SMB_00090_r480_c1440,1,806.4776611328125,789.1995239257812,636471.7862227932,416266.4694213867,3693078.2025146484,417072.94708251953,3693867.402038574,,
C0842,R2405,0.4418757557868957,1,38SMB_01039_r5760_c7440,1,460.936279296875,628.23974609375,289578.4910708666,477138.25256347656,3640252.230834961,477599.18884277344,3640880.4705810547,,
C0843,R0548,0.4413946866989136,1,38SMB_00277_r1440_c6000,0,454.9609375,444.2974853515625,202138.0004644394,461996.6961669922,3683393.891143799,462451.6571044922,3683838.1886291504,,
C0844,R0881,0.4409604370594024,1,38SMB_00427_r2400_c1680,4,226.4569091796875,568.7564086914062,128798.81838839501,419772.7783203125,3674450.9002685547,419999.2352294922,3675019.656677246,,
C0845,R2373,0.4401192963123321,1,38SMB_01027_r5760_c4560,7,568.1832885742188,578.033447265625,328428.94497327507,446669.84298706055,3640042.291870117,447238.02627563477,3640620.325317383,,
C0846,R1208,0.4398523867130279,1,38SMB_00551_r3120_c1200,0,495.0823974609375,502.91259765625,248983.1745609641,413520.556640625,3666021.075439453,414015.63903808594,3666523.9880371094,,
C0847,R0970,0.4394762217998504,2,38SMB_00461_r2400_c9680,0,546.0249328613281,323.4033203125,176586.2762607634,496813.04344177246,3672800.0,497359.0683746338,3673123.4033203125,,
C0848,R3136,0.4392345249652862,1,38SMB_01278_r7200_c4320,2,867.1111679077148,895.072021484375,776126.9459108356,443560.07495880127,3625567.3040771484,444427.186126709,3626462.376098633,,
C0849,R2288,0.4389991462230682,1,38SMB_00986_r5520_c4800,0,823.6624145507812,342.413330078125,282032.9902265221,449977.5582885742,3641600.4833984375,450801.220703125,3641942.8967285156,,
C0850,R0570,0.4389878213405609,2,38SMB_00299_r1680_c1200,0,472.10693359375,441.0031509399414,208200.64529543743,414304.5861816406,3682210.078277588,414776.6931152344,3682651.081428528,,
C0851,R0039,0.4385827779769897,1,38SMB_00004_r0_c960,5,749.37744140625,822.5357055664062,616389.7025026381,411600.64208984375,3697046.4263916016,412350.01953125,3697868.962097168,,
C0852,R4718,0.4385588467121124,2,38SMB_01653_r9360_c3600,4,948.5032653808594,938.5699462890625,890236.6588435136,438233.4114074707,3605461.430053711,439181.91467285156,3606400.0,,
C0853,R4484,0.4381413459777832,1,38SMB_01605_r9120_c2160,1,442.6409912109375,449.90631103515625,199146.9754686579,423264.23248291016,3606984.012145996,423706.8734741211,3607433.9184570312,,
C0854,R1706,0.4378575384616852,2,38SMB_00729_r4080_c3600,2,434.0608215332031,406.455078125,176426.22512727976,436852.2668457031,3658785.3242492676,437286.3276672363,3659191.7793273926,,
C0855,R2470,0.4378436505794525,1,38SMB_01068_r6000_c4320,5,236.6094970703125,440.2600860595703,104169.71754268743,446163.3905029297,3638437.0764160156,446400.0,3638877.336502075,,
C0856,R1682,0.437650978565216,1,38SMB_00727_r4080_c3120,2,208.30093383789062,553.7692260742188,115350.64692194574,431200.0849914551,3657855.481567383,431408.38592529297,3658409.250793457,,
C0857,R1240,0.4372428953647613,1,38SMB_00558_r3120_c2880,1,505.21484375,190.86849212646484,96429.59542647004,429509.4075012207,3668609.1315078735,430014.6223449707,3668800.0,,
C0858,R0468,0.436326265335083,1,38SMB_00227_r1200_c4080,1,983.468017578125,910.4705810546875,895418.6974130571,441611.19720458984,3685994.802093506,442594.66522216797,3686905.2726745605,,
C0859,R4384,0.4359675347805023,1,38SMB_01569_r8880_c3600,3,309.3121337890625,425.0714111328125,131479.7451902181,436000.0,3608634.1134643555,436309.31213378906,3609059.1848754883,,
C0860,R3199,0.4358789920806885,2,38SMB_01287_r7200_c6480,2,632.3354911804199,279.8732566833496,176973.7932331296,464813.1390571594,3627720.079803467,465445.47454833984,3627999.95306015,,
C0861,R2959,0.4352863132953644,2,38SMB_01232_r6960_c3360,3,639.2079162597656,649.7073364257812,415298.07269540615,435870.95626831055,3629727.935028076,436510.1641845703,3630377.642364502,,
C0862,R3602,0.435260534286499,1,38SMB_01373_r7680_c6960,0,432.8474426269531,411.37054443359375,178060.68813013844,470128.4552001953,3621244.9812316895,470561.30264282227,3621656.351776123,,
C0863,R1133,0.4348720014095306,1,38SMB_00513_r2880_c2160,2,898.3526611328125,753.8278198242188,677203.2279750332,423275.7077026367,3668294.635925293,424174.06036376953,3669048.463745117,,
C0864,R3053,0.4344139397144317,1,38SMB_01254_r6960_c8640,5,454.78607177734375,160.23727416992188,72873.680472048,487044.1198730469,3630239.76272583,487498.9059448242,3630400.0,,
C0865,R3875,0.4343036115169525,2,38SMB_01433_r8160_c1200,2,728.2759094238281,674.481201171875,491208.41017272323,412088.1061553955,3616344.5892333984,412816.38206481934,3617019.0704345703,,
C0866,R4114,0.4336680769920349,1,38SMB_01492_r8400_c5280,0,537.7175521850586,321.3926696777344,172818.47962933243,453394.3272781372,3615677.6878356934,453932.04483032227,3615999.080505371,,
C0867,R4595,0.4336602985858917,1,38SMB_01627_r9120_c7440,1,544.25048828125,532.4061584472656,289762.31169886887,476708.04931640625,3607907.70111084,477252.2998046875,3608440.107269287,,
C0868,R2493,0.4335222244262695,1,38SMB_01070_r6000_c4800,3,536.9183349609375,319.40393447875977,171493.82868030807,448499.71504211426,3639680.5960655212,449036.6333770752,3640000.0,,
C0869,R2724,0.4335015118122101,2,38SMB_01153_r6480_c4560,3,474.453125,452.928466796875,214893.32647323608,448075.48767089844,3632924.034729004,448549.94079589844,3633376.963195801,,
C0870,R5018,0.433284193277359,2,38SMB_01745_r9680_c5520,0,728.69384765625,789.827880859375,575542.7174896002,455819.3476867676,3601502.2233581543,456548.0415344238,3602292.0512390137,,
C0871,R3111,0.432460069656372,1,38SMB_01274_r7200_c3360,2,1294.249267578125,1154.041748046875,1493617.687164247,433695.49041748047,3625612.360687256,434989.7396850586,3626766.4024353027,,
C0872,R2988,0.4321394562721252,1,38SMB_01238_r6960_c4800,0,597.6666259765625,579.3313598632812,346247.01917190105,449744.23553466797,3628236.3287353516,450341.90216064453,3628815.660095215,,
C0873,R0130,0.4319949150085449,1,38SMB_00044_r240_c480,0,468.465576171875,470.040283203125,220197.69209474325,406546.81640625,3695827.3065185547,407015.2819824219,3696297.346801758,,
C0874,R1328,0.4315240383148193,2,38SMB_00600_r3360_c2880,0,634.7726440429688,389.278564453125,247103.38362716138,429085.14923095703,3663200.3515625,429719.921875,3663589.630126953,,
C0875,R2581,0.4313682615756988,1,38SMB_01108_r6240_c3840,4,458.7890625,189.98046875,87160.96115112305,440483.11462402344,3637410.01953125,440941.90368652344,3637600.0,,
C0876,R3777,0.4311609864234924,2,38SMB_01412_r7920_c6240,0,451.49261474609375,471.929931640625,213072.87881337106,462735.37811279297,3619198.3656311035,463186.87072753906,3619670.295562744,,
C0877,R0121,0.43004310131073,1,38SMB_00042_r240_c0,1,533.3053588867188,429.2047119140625,228897.17292319983,401151.13037109375,3694400.0,401684.43572998047,3694829.204711914,,
C0878,R0571,0.4298113882541656,1,38SMB_00299_r1680_c1200,1,438.9404296875,428.3517837524414,188020.9160177037,413911.7092895508,3682259.727935791,414350.6497192383,3682688.0797195435,,
C0879,R0530,0.4296211004257202,1,38SMB_00263_r1440_c2640,0,678.524169921875,747.5506591796875,507231.19049444795,427998.83239746094,3683441.480407715,428677.3565673828,3684189.0310668945,,
C0880,R1406,0.4291040301322937,1,38SMB_00637_r3600_c1680,1,562.2679901123047,582.5925064086914,327573.1176329049,417978.4009552002,3663028.0654907227,418540.6689453125,3663610.6579971313,,
C0881,R0015,0.4289131462574005,1,38SMB_00002_r0_c480,2,763.165283203125,793.7771606445312,605783.1716034561,406072.98614501953,3697525.6692504883,406836.15142822266,3698319.446411133,,
C0882,R3314,0.4289114773273468,1,38SMB_01317_r7440_c3600,4,754.7543334960938,246.3134765625,185906.1638340354,436401.77841186523,3622400.0,437156.5327453613,3622646.3134765625,,
C0883,R1134,0.4281097650527954,1,38SMB_00513_r2880_c2160,3,781.5863037109375,773.1163024902344,604257.1132020094,422383.6701965332,3668241.658935547,423165.25650024414,3669014.775238037,,
C0884,R3301,0.4275068640708923,1,38SMB_01316_r7440_c3360,4,692.4960708618164,686.5472412109375,475431.26699959394,434060.17696380615,3623005.0708007812,434752.67303466797,3623691.618041992,,
C0885,R3764,0.4273446500301361,1,38SMB_01409_r7920_c5520,0,515.2922058105469,599.7015380859375,309021.5283882804,455795.66719055176,3618629.891052246,456310.9593963623,3619229.592590332,,
C0886,R1546,0.4272485375404358,1,38SMB_00685_r3840_c3120,4,847.8738403320312,927.3992156982422,786317.5345349824,432544.2288208008,3659437.9934692383,433392.1026611328,3660365.3926849365,,
C0887,R4650,0.4271584153175354,1,38SMB_01647_r9360_c2160,0,402.7791976928711,679.4335556030273,273661.7024114021,421600.0,3605321.5309143066,422002.7791976929,3606000.9644699097,,
C0888,R0764,0.4270226061344147,1,38SMB_00382_r2160_c960,0,550.3294372558594,427.335205078125,235175.1429302618,410006.8025970459,3675200.0,410557.13203430176,3675627.335205078,,
C0889,R4216,0.4247972369194031,1,38SMB_01525_r8640_c3120,5,765.987548828125,809.0521240234375,619723.8533549011,432675.84533691406,3611566.2284851074,433441.8328857422,3612375.280609131,,
C0890,R3367,0.424651950597763,1,38SMB_01325_r7440_c5520,0,653.9173889160156,342.1121597290039,223713.0902064091,456142.9493713379,3625257.887840271,456796.8667602539,3625600.0,,
C0891,R1509,0.4235551357269287,1,38SMB_00680_r3840_c1920,2,1061.8628692626953,954.9703979492188,1014047.6068272954,420142.2515106201,3659066.3706970215,421204.1143798828,3660021.3410949707,,
C0892,R1922,0.4234868884086609,1,38SMB_00813_r4560_c3600,3,495.672607421875,309.677734375,153498.77005815506,437829.4302368164,3651200.2575683594,438325.1028442383,3651509.9353027344,,
C0893,R4663,0.423233151435852,1,38SMB_01648_r9360_c2400,0,666.8121337890625,709.4331359863281,473058.6231877096,425546.4367675781,3605426.399383545,426213.2489013672,3606135.8325195312,,
C0894,R4464,0.4231465458869934,1,38SMB_01601_r9120_c1200,0,391.1846923828125,404.700927734375,158312.80792281032,412556.5210723877,3607314.126739502,412947.7057647705,3607718.8276672363,,
C0895,R0717,0.423044890165329,2,38SMB_00351_r1920_c3600,1,625.548095703125,588.1986236572266,367946.52892397717,437710.5862426758,3680169.900856018,438336.1343383789,3680758.0994796753,,
C0896,R3270,0.4229577481746673,1,38SMB_01311_r7440_c2160,0,544.256591796875,569.354248046875,309874.80256706476,423759.9771118164,3624383.554840088,424304.2337036133,3624952.9090881348,,
C0897,R0862,0.4228973090648651,1,38SMB_00424_r2400_c960,0,525.8689880371094,645.6393814086914,339521.72813829384,410023.5019683838,3674971.192932129,410549.3709564209,3675616.8323135376,,
C0898,R0492,0.4219341576099396,2,38SMB_00243_r1200_c7920,0,507.9917907714844,498.86566162109375,253419.66080130078,479554.43298339844,3685925.7316589355,480062.4247741699,3686424.5973205566,,
C0899,R3568,0.4214987754821777,2,38SMB_01368_r7680_c5760,0,470.8697509765625,479.16839599609375,225625.90329851955,460298.22998046875,3621388.5540771484,460769.0997314453,3621867.7224731445,,
C0900,R2650,0.4210584759712219,2,38SMB_01132_r6240_c9600,0,1140.008544921875,744.1691589355469,848359.2000538483,498035.8801269531,3636855.8308410645,499175.888671875,3637600.0,,
C0901,R3864,0.420236736536026,1,38SMB_01432_r8160_c960,4,785.1470947265625,686.539306640625,539034.3420244753,410730.3894042969,3616441.61819458,411515.53649902344,3617128.1575012207,,
C0902,R1721,0.4199345707893371,1,38SMB_00733_r4080_c4560,0,466.26861572265625,121.27260208129883,56545.608297531726,447263.28689575195,3659078.449792862,447729.5555114746,3659199.7223949432,,
C0903,R1976,0.4194844365119934,1,38SMB_00826_r4560_c6720,1,577.7470779418945,847.9367065429688,489892.9544848739,467200.0,3653134.3367004395,467777.7470779419,3653982.2734069824,,
C0904,R0062,0.4193938672542572,2,38SMB_00006_r0_c1440,2,458.4081268310547,463.0816650390625,212280.39864036255,415529.9634552002,3697035.8364868164,415988.37158203125,3697498.9181518555,,
C0905,R4534,0.4187962710857391,1,38SMB_01609_r9120_c3120,1,534.1065979003906,579.4659423828125,309496.58308522776,432086.3716125488,3607368.2998657227,432620.4782104492,3607947.7658081055,,
C0906,R3865,0.4186781048774719,1,38SMB_01432_r8160_c960,5,209.1497802734375,518.8604736328125,108519.55405287445,412590.85021972656,3615890.450744629,412800.0,3616409.3112182617,,
C0907,R1007,0.418565571308136,1,38SMB_00467_r2640_c1200,0,537.6617431640625,580.6686401367188,312203.3132566139,412834.9784851074,3671925.3689575195,413372.6402282715,3672506.0375976562,,
C0908,R2307,0.4184559881687164,2,38SMB_01002_r5520_c8640,1,400.39794921875,613.0152893066406,245450.06467811763,489199.60205078125,3641678.5766601562,489600.0,3642291.591949463,,
C0909,R3137,0.4183355271816253,1,38SMB_01278_r7200_c4320,3,619.912109375,600.6588745117188,372355.709913373,444487.52670288086,3626381.741333008,445107.43881225586,3626982.4002075195,,
C0910,R0963,0.4180854260921478,2,38SMB_00449_r2400_c6960,0,659.9463653564453,693.1692504882812,457454.5274365926,470608.88206481934,3675160.7737731934,471268.8284301758,3675853.9430236816,,
C0911,R1387,0.4179860949516296,2,38SMB_00612_r3360_c5760,1,848.43505859375,922.7239990234375,782871.3901773095,459951.56494140625,3664556.0609436035,460800.0,3665478.784942627,,
C0912,R3397,0.4176219999790191,2,38SMB_01329_r7440_c6480,1,703.8333129882812,770.2501678466797,542127.7274653083,466073.54751586914,3624618.772125244,466777.3808288574,3625389.022293091,,
C0913,R0221,0.4174854159355163,1,38SMB_00086_r480_c480,0,696.0430908203125,684.3788146972656,476357.1454738267,406600.99884033203,3693888.0696105957,407297.04193115234,3694572.448425293,,
C0914,R2222,0.4174226820468902,2,38SMB_00943_r5280_c4560,0,511.063232421875,326.9447708129883,167089.45139511488,448256.5203857422,3646872.643432617,448767.58361816406,3647199.58820343,,
C0915,R1221,0.4171743094921112,2,38SMB_00553_r3120_c1680,3,200.9063720703125,468.939208984375,94212.87519857287,419799.0936279297,3665612.5521850586,420000.0,3666081.491394043,,
C0916,R3119,0.4170288145542145,1,38SMB_01275_r7200_c3600,2,721.6998291015625,790.3515625,570396.5875864029,438162.4914550781,3625665.862121582,438884.1912841797,3626456.213684082,,
C0917,R3363,0.4170138835906982,1,38SMB_01324_r7440_c5280,2,577.8628540039062,572.9132080078125,331065.2614759281,454506.32736206055,3622981.3842773438,455084.19021606445,3623554.2974853516,,
C0918,R1024,0.4158919155597687,1,38SMB_00470_r2640_c1920,2,543.00537109375,525.845947265625,285537.1737331152,421247.9537963867,3671409.331970215,421790.95916748047,3671935.1779174805,,
C0919,R3102,0.4151357114315033,1,38SMB_01272_r7200_c2880,1,862.127685546875,912.7740859985352,786927.8101890814,429107.08404541016,3626834.926147461,429969.21173095703,3627747.7002334595,,
C0920,R4833,0.4148102700710296,2,38SMB_01692_r9600_c2880,1,1257.7595520019531,1220.1956176757812,1534712.693442637,428910.40740966797,3601717.16796875,430168.1669616699,3602937.363586426,,
C0921,R0749,0.4145354032516479,1,38SMB_00380_r2160_c480,0,822.6278686523438,729.5926284790039,600183.2289501443,405329.6937561035,3677313.059539795,406152.32162475586,3678042.652168274,,
C0922,R2103,0.4143128991127014,1,38SMB_00897_r5040_c3600,5,805.9600830078125,566.0014343261719,456174.5629920624,438138.01483154297,3649033.998565674,438943.9749145508,3649600.0,,
C0923,R3594,0.4139702916145324,1,38SMB_01372_r7680_c6720,2,758.8217163085938,802.3574829101562,608846.282274928,469343.1979370117,3621509.038696289,470102.0196533203,3622311.396179199,,
C0924,R1355,0.413786768913269,2,38SMB_00603_r3360_c3600,2,207.66357421875,390.70308685302734,81134.79947419837,438991.982421875,3666008.0446624756,439199.64599609375,3666398.7477493286,,
C0925,R0314,0.4133821129798889,1,38SMB_00136_r720_c2400,0,764.71435546875,821.2362670898438,628011.1626751721,425536.4547729492,3690262.178955078,426301.16912841797,3691083.415222168,,
C0926,R4723,0.4132468104362488,1,38SMB_01654_r9360_c3840,2,817.4053955078125,819.169921875,669593.9139783382,440125.88317871094,3603545.155029297,440943.28857421875,3604364.324951172,,
C0927,R1881,0.4131988286972046,1,38SMB_00779_r4320_c5520,1,854.3670272827148,941.4717102050781,804362.3863186862,455712.7307510376,3655287.1739196777,456567.0977783203,3656228.645629883,,
C0928,R1786,0.4130967557430267,2,38SMB_00768_r4320_c2880,4,837.0953369140625,751.8649291992188,629382.6262218878,430105.02166748047,3656048.135070801,430942.11700439453,3656800.0,,
C0929,R1112,0.412792295217514,2,38SMB_00508_r2880_c960,0,238.9292335510254,538.6683654785156,128703.61970196536,409601.0412979126,3670327.186126709,409839.9705314636,3670865.8544921875,,
C0930,R0575,0.4127884805202484,1,38SMB_00301_r1680_c1680,1,265.19140243530273,556.3864135742188,147548.89331169543,416800.0,3680935.872192383,417065.1914024353,3681492.258605957,,
C0931,R3398,0.4126753211021423,2,38SMB_01329_r7440_c6480,2,779.5706176757812,586.883544921875,457517.1676184982,465869.15283203125,3622402.3291015625,466648.72344970703,3622989.2126464844,,
C0932,R3368,0.4121993482112884,2,38SMB_01325_r7440_c5520,1,504.4968795776367,637.6758193969727,321705.46106788534,455200.0,3624550.2810668945,455704.49687957764,3625187.9568862915,,
C0933,R4699,0.4118101894855499,2,38SMB_01651_r9360_c3120,5,727.8104019165039,806.0888671875,586679.8624081537,431790.77617645264,3605504.200668335,432518.58657836914,3606310.2895355225,,
C0934,R1871,0.4115270972251892,1,38SMB_00776_r4320_c4800,1,378.585205078125,691.0867309570312,261635.21176613867,450819.21630859375,3654830.250854492,451197.8015136719,3655521.337585449,,
C0935,R1842,0.4114425778388977,1,38SMB_00772_r4320_c3840,6,621.7330932617188,694.4485473632812,431761.64346328005,440978.2669067383,3656105.5514526367,441600.0,3656800.0,,
C0936,R1415,0.411345899105072,1,38SMB_00640_r3600_c2400,1,625.372314453125,578.2192993164062,361602.3414749652,425075.0907897949,3662977.2116088867,425700.46310424805,3663555.430908203,,
C0937,R3091,0.4111908674240112,2,38SMB_01270_r7200_c2400,0,412.7996826171875,539.1931915283203,222578.77833223902,426787.2003173828,3627460.7932662964,427200.0,3627999.9864578247,,
C0938,R4547,0.4110912382602691,1,38SMB_01610_r9120_c3360,6,486.9744873046875,169.29449081420898,82442.09786775755,435833.8885498047,3608630.674762726,436320.8630371094,3608799.96925354,,
C0939,R4856,0.4097278714179992,3,38SMB_01697_r9600_c4080,0,422.60772705078125,448.19366455078125,189410.10585436597,443132.4563598633,3601939.527282715,443555.06408691406,3602387.7209472656,,
C0940,R2678,0.409550279378891,2,38SMB_01144_r6480_c2400,0,529.0830993652344,540.6338500976562,286040.2330314275,426332.16384887695,3633079.7862243652,426861.2469482422,3633620.420074463,,
C0941,R1533,0.408007800579071,1,38SMB_00684_r3840_c2880,0,449.28741455078125,458.5687255859375,206029.15711235255,431014.3362426758,3659270.8728027344,431463.62365722656,3659729.4415283203,,
C0942,R1534,0.4074932038784027,1,38SMB_00684_r3840_c2880,1,735.9779357910156,683.9808654785156,503394.82549543027,429593.2897949219,3660547.152786255,430329.2677307129,3661231.1336517334,,
C0943,R4238,0.4074765741825104,1,38SMB_01527_r8640_c3600,1,598.773193359375,896.5289306640625,536817.4907527864,436000.00480651855,3612004.6014404297,436598.77799987793,3612901.1303710938,,
C0944,R4081,0.4068380296230316,2,38SMB_01486_r8400_c3840,0,795.41015625,504.2962646484375,401122.370660305,438540.40603637695,3612800.0,439335.81619262695,3613304.2962646484,,
C0945,R0986,0.4065384268760681,1,38SMB_00464_r2640_c480,1,372.0574951171875,588.3746337890625,218909.1924380511,407627.9425048828,3672065.650024414,408000.0,3672654.024658203,,
C0946,R5038,0.406232476234436,1,38SMB_01748_r9680_c6240,0,250.1092529296875,451.5283203125,112931.41086995602,465349.3505859375,3600425.304260254,465599.4598388672,3600876.8325805664,,
C0947,R3913,0.4061342179775238,1,38SMB_01443_r8160_c3600,1,502.2454833984375,352.3749542236328,176978.72922155075,438697.75451660156,3618047.3860168457,439200.0,3618399.7609710693,,
C0948,R0576,0.4057580828666687,1,38SMB_00301_r1680_c1680,2,486.9828796386719,487.79571533203125,237548.16212779842,417498.78761291504,3680559.645385742,417985.7704925537,3681047.441101074,,
C0949,R1633,0.4057565927505493,2,38SMB_00722_r4080_c1920,2,780.8180236816406,449.2852783203125,350810.04308732226,421619.18197631836,3656000.0,422400.0,3656449.2852783203,,
C0950,R2965,0.4055728614330292,2,38SMB_01234_r6960_c3840,0,595.614013671875,585.0982666015625,348492.7269630134,440961.20391845703,3629237.236328125,441556.8179321289,3629822.3345947266,,
C0951,R3290,0.4054914712905884,1,38SMB_01315_r7440_c3120,0,945.1473999023438,791.8890380859375,748451.8653580919,433188.92181396484,3623879.33883667,434134.0692138672,3624671.227874756,,
C0952,R3464,0.4052363634109497,2,38SMB_01351_r7680_c1680,1,535.5609893798828,515.4843139648438,276073.28919682186,417009.59938049316,3621721.335144043,417545.16036987305,3622236.819458008,,
C0953,R2707,0.4050025939941406,1,38SMB_01151_r6480_c4080,4,493.3355712890625,516.585693359375,254850.09815320373,442962.20642089844,3633340.75592041,443455.5419921875,3633857.3416137695,,
C0954,R1490,0.4045832455158233,2,38SMB_00654_r3600_c5760,1,356.75647735595703,367.6800537109375,131172.24075596314,457675.55366516113,3661803.3963012695,458032.3101425171,3662171.0763549805,,
C0955,R2892,0.4044231474399566,2,38SMB_01202_r6720_c6240,0,448.1195068359375,328.043212890625,147002.56278142333,465149.9450683594,3629600.0,465598.0645751953,3629928.0432128906,,
C0956,R1535,0.404375821352005,1,38SMB_00684_r3840_c2880,2,657.4026489257812,644.4918823242188,423690.6706511043,429104.9771118164,3659949.8022460938,429762.3797607422,3660594.294128418,,
C0957,R4048,0.4037075638771057,2,38SMB_01478_r8400_c1920,0,457.95166015625,402.1222686767578,184152.56052631885,420524.45526123047,3615597.8777313232,420982.4069213867,3616000.0,,
C0958,R3391,0.4033933281898498,1,38SMB_01328_r7440_c6240,0,1095.8502197265625,1144.2416381835938,1253917.450623773,464088.00842285156,3622556.156311035,465183.8586425781,3623700.3979492188,,
C0959,R1526,0.4029605090618133,1,38SMB_00683_r3840_c2640,0,528.2278442382812,312.2375679016113,164932.5773828721,428078.8214111328,3661287.7624320984,428607.0492553711,3661600.0,,
C0960,R3103,0.4027870893478393,1,38SMB_01272_r7200_c2880,2,701.4474487304688,637.8546142578125,447421.49183209985,430684.32037353516,3625684.493408203,431385.7678222656,3626322.348022461,,
C0961,R3257,0.4023930430412292,2,38SMB_01305_r7440_c720,0,584.0845489501953,596.1182022094727,348183.43125852116,407300.57289123535,3624453.0613708496,407884.65744018555,3625049.179573059,,
C0962,R4685,0.4022413492202759,2,38SMB_01650_r9360_c2880,6,738.9775085449219,431.8035888671875,319093.14028183,428800.0,3603201.282348633,429538.9775085449,3603633.0859375,,
C0963,R4447,0.4014835953712463,1,38SMB_01586_r8880_c7680,3,417.2830581665039,712.0623779296875,297131.5666678129,476800.0,3608269.5043945312,477217.2830581665,3608981.566772461,,
C0964,R3936,0.4012862145900726,1,38SMB_01447_r8160_c4560,5,585.2996826171875,176.62109375,103376.27011537552,447297.9162597656,3615200.499267578,447883.2159423828,3615377.120361328,,
C0965,R4425,0.4011073708534241,1,38SMB_01576_r8880_c5280,1,981.9415283203125,875.5804443359375,859768.7996786088,454277.6303100586,3608542.8662109375,455259.5718383789,3609418.4466552734,,
C0966,R3068,0.4009515941143036,2,38SMB_01257_r6960_c9360,1,539.4016265869141,522.711181640625,281951.261612121,493660.3872680664,3628108.8580322266,494199.7888946533,3628631.569213867,,
C0967,R3472,0.4009131193161011,1,38SMB_01353_r7680_c2160,0,1354.9958038330078,1152.3260498046875,1561396.9621328171,422687.71018981934,3620004.292907715,424042.70599365234,3621156.6189575195,,
C0968,R4034,0.4009082019329071,1,38SMB_01474_r8400_c960,2,1094.7950744628906,1051.7590713500977,1151460.6508357509,411625.2458190918,3614319.7373962402,412720.0408935547,3615371.4964675903,,
C0969,R0873,0.400583803653717,1,38SMB_00426_r2400_c1440,1,843.6654663085938,843.3804321289062,711530.945547577,416515.3805541992,3673526.7266845703,417359.0460205078,3674370.107116699,,
C0970,R2970,0.4003565311431885,1,38SMB_01235_r6960_c4080,2,948.97705078125,936.4549255371094,888674.2334257811,442081.5087890625,3629008.730773926,443030.48583984375,3629945.185699463,,
C0971,R1683,0.400150865316391,2,38SMB_00727_r4080_c3120,3,586.19140625,633.858642578125,371562.4890565872,433806.6979980469,3656450.666809082,434392.8894042969,3657084.52545166,,
C0972,R0636,0.3999275267124176,1,38SMB_00336_r1920_c0,1,488.86775970458984,255.46756744384766,124889.85737345502,400005.8616256714,3680544.532432556,400494.729385376,3680800.0,,
C0973,R0577,0.3997473120689392,2,38SMB_00301_r1680_c1680,3,677.6748657226562,610.4443359375,413682.7833876014,417380.46157836914,3680000.0,418058.1364440918,3680610.4443359375,,
C0974,R0370,0.3991617560386657,1,38SMB_00176_r960_c1920,1,949.8095703125,901.5625,856312.6907348633,420817.27447509766,3688706.00189209,421767.08404541016,3689607.56439209,,
C0975,R4941,0.3990099430084228,2,38SMB_01731_r9680_c2160,2,540.29052734375,526.3108825683594,284360.78428961337,423700.90759277344,3601762.4842834473,424241.1981201172,3602288.7951660156,,
C0976,R3651,0.3988946676254272,2,38SMB_01385_r7680_c9680,5,352.4298858642578,336.41876220703125,118564.02596721891,497012.43423461914,3621620.3005981445,497364.8641204834,3621956.7193603516,,
C0977,R3026,0.3985793590545654,1,38SMB_01246_r6960_c6720,1,575.0885772705078,186.483154296875,107244.33188950643,468329.9556732178,3627200.21484375,468905.0442504883,3627386.697998047,,
C0978,R3064,0.3985714912414551,2,38SMB_01256_r6960_c9120,1,534.066162109375,352.0855712890625,188036.98979243636,493860.7470703125,3627200.968017578,494394.8132324219,3627553.053588867,,
C0979,R4027,0.3980975449085235,4,38SMB_01473_r8400_c720,5,558.0157089233398,509.2010498046875,284142.1847912716,407561.855506897,3615486.128463745,408119.8712158203,3615995.32951355,,
C0980,R4448,0.3980943858623504,1,38SMB_01586_r8880_c7680,4,696.3722229003906,620.068359375,431798.381768167,477029.4073486328,3608690.4275512695,477725.7795715332,3609310.4959106445,,
C0981,R1953,0.3979677557945251,1,38SMB_00818_r4560_c4800,4,122.68138885498047,464.8016357421875,57022.51021491829,448000.1265716553,3652580.462036133,448122.80796051025,3653045.263671875,,
C0982,R0227,0.3979605734348297,1,38SMB_00087_r480_c720,2,554.1796875,593.60107421875,328961.6578102112,409145.3839111328,3694055.2811431885,409699.5635986328,3694648.882217407,,
C0983,R0348,0.3979506194591522,2,38SMB_00173_r960_c1200,0,422.3193359375,733.0027770996094,309561.24606505036,414776.3494873047,3689666.9972229004,415198.6688232422,3690400.0,,
C0984,R0349,0.3978831171989441,1,38SMB_00173_r960_c1200,1,541.026611328125,790.9469604492188,427923.35375212133,414658.9733886719,3688233.7057495117,415200.0,3689024.652709961,,
C0985,R2173,0.3975516557693481,1,38SMB_00913_r5040_c7440,0,633.638916015625,641.678466796875,406592.4481317401,475034.5831298828,3647458.4020996094,475668.22204589844,3648100.0805664062,,
C0986,R0507,0.3972386717796325,1,38SMB_00259_r1440_c1680,0,524.55078125,530.36376953125,278202.72965431213,418360.5554199219,3683725.9942626953,418885.1062011719,3684256.3580322266,,
C0987,R0040,0.3969258666038513,1,38SMB_00004_r0_c960,6,1009.7650146484375,976.1260986328125,985657.9842846841,410725.6642150879,3697667.4353027344,411735.4292297363,3698643.561401367,,
C0988,R1463,0.396825760602951,1,38SMB_00648_r3600_c4320,2,503.20526123046875,480.56121826171875,241820.9333726205,444381.7224121094,3662276.7852783203,444884.92767333984,3662757.346496582,,
C0989,R0408,0.3964461982250213,4,38SMB_00188_r960_c4800,1,550.52978515625,480.367431640625,264456.5789371729,450585.1318359375,3687200.0,451135.66162109375,3687680.3674316406,,
C0990,R3168,0.3959520757198334,1,38SMB_01283_r7200_c5520,0,498.6090087890625,473.2078552246094,235945.69964474067,457443.69201660156,3626791.50970459,457942.3010253906,3627264.7175598145,,
C0991,R0252,0.3957219123840332,1,38SMB_00093_r480_c2160,2,462.22522735595703,697.8204345703125,322550.20902289543,421600.0,3692735.0802612305,422062.22522735596,3693432.900695801,,
C0992,R2903,0.3956893682479858,1,38SMB_01210_r6720_c8160,1,583.5107421875,197.8033447265625,115420.3764885664,483580.38299560547,3629600.0,484163.89373779297,3629797.8033447266,,
C0993,R0330,0.3953379392623901,2,38SMB_00144_r720_c4320,0,733.9348602294922,778.9630126953125,571708.1098464783,444331.6605377197,3689742.4395751953,445065.5953979492,3690521.4025878906,,
C0994,R3503,0.3950220644474029,1,38SMB_01358_r7680_c3360,6,1015.6008529663086,1206.5689086914062,1225392.4128296203,434136.3631057739,3621207.0402526855,435151.96395874023,3622413.609161377,,
C0995,R3662,0.3950112164020538,1,38SMB_01389_r7920_c720,2,659.0526962280273,667.0618438720703,439628.90675472736,407539.7412490845,3618995.3665161133,408198.7939453125,3619662.4283599854,,
C0996,R3065,0.3950036764144897,1,38SMB_01256_r6960_c9120,2,998.5595703125,919.5114135742188,918186.9220361114,492852.5924682617,3627395.9231567383,493851.1520385742,3628315.4345703125,,
C0997,R0420,0.3946362733840942,3,38SMB_00192_r960_c5760,1,410.89324951171875,406.2345886230469,166919.05018338002,458468.5040283203,3689909.4062423706,458879.39727783203,3690315.6408309937,,
C0998,R1425,0.3945817053318023,2,38SMB_00642_r3600_c2880,1,563.9616394042969,307.1527099609375,173222.34585704282,429111.02310180664,3660800.0,429674.98474121094,3661107.152709961,,
C0999,R2588,0.3941885232925415,1,38SMB_01109_r6240_c4080,3,156.0317039489746,346.51153564453125,54066.78534459206,440800.011844635,3636172.8106689453,440956.043548584,3636519.32220459,,
C1000,R1079,0.3940988183021545,1,38SMB_00482_r2640_c4800,2,538.7889862060547,264.293212890625,142398.27223448083,449206.5668487549,3670400.0,449745.35583496094,3670664.2932128906,,
C1001,R2816,0.3940590023994446,1,38SMB_01190_r6720_c3360,4,580.5062866210938,563.6835479736328,327221.84326357674,434557.14141845703,3631175.6759643555,435137.6477050781,3631739.359512329,,
C1002,R0102,0.3938576877117157,1,38SMB_00015_r0_c3600,1,913.2916259765625,455.0762939453125,415617.36844070256,436573.12072753906,3696800.0,437486.4123535156,3697255.0762939453,,
C1003,R1902,0.3934042751789093,1,38SMB_00810_r4560_c2880,1,546.688232421875,475.6609344482422,260038.23548564687,430757.8413391113,3652858.807067871,431304.5295715332,3653334.4680023193,,
C1004,R4097,0.3933463394641876,2,38SMB_01488_r8400_c4320,3,713.4872436523438,883.9633178710938,630696.5511576273,443200.13076782227,3614416.3124084473,443913.6180114746,3615300.2757263184,,
C1005,R3810,0.3931644260883331,1,38SMB_01419_r7920_c7920,2,683.5430908203125,766.2081909179688,523736.31503190845,480329.55337524414,3618138.2690429688,481013.09646606445,3618904.4772338867,,
C1006,R3914,0.3931469917297363,1,38SMB_01443_r8160_c3600,2,890.7199096679688,544.6121597290039,485096.8937178957,437397.6794433594,3617855.387840271,438288.39935302734,3618400.0,,
C1007,R0247,0.3930877149105072,1,38SMB_00092_r480_c1920,1,675.216064453125,673.8092041015625,454966.7989857495,421385.22705078125,3692750.4028320312,422060.4431152344,3693424.212036133,,
C1008,R0056,0.3930762112140655,1,38SMB_00005_r0_c1200,5,742.4702453613281,789.7822570800781,586389.8261962691,412339.2549133301,3699166.68510437,413081.7251586914,3699956.46736145,,
C1009,R2753,0.3930712342262268,2,38SMB_01157_r6480_c5520,0,659.7823333740234,626.190185546875,413149.2217560299,455482.26554870605,3632530.341796875,456142.0478820801,3633156.531982422,,
C1010,R2817,0.3929170966148376,1,38SMB_01190_r6720_c3360,5,366.412353515625,166.48681640625,61002.82622873783,435568.48876953125,3629600.394897461,435934.9011230469,3629766.881713867,,
C1011,R1809,0.3925816118717193,2,38SMB_00770_r4320_c3360,3,821.7864990234375,745.8056640625,612893.0256217718,435162.1000671387,3653747.1084594727,435983.8865661621,3654492.914123535,,
C1012,R1228,0.3922049403190613,1,38SMB_00555_r3120_c2160,0,936.217041015625,529.3020248413086,495541.57550050877,423264.1326904297,3668270.6979751587,424200.3497314453,3668800.0,,
C1013,R4346,0.3920872211456299,1,38SMB_01566_r8880_c2880,2,828.880615234375,388.01780700683594,321620.43859371915,430380.10650634766,3610811.982192993,431208.98712158203,3611200.0,,
C1014,R1300,0.3918369710445404,1,38SMB_00593_r3360_c1200,0,490.123291015625,376.87705993652344,184716.22492438182,413496.708984375,3666023.1229400635,413986.8322753906,3666400.0,,
C1015,R1491,0.3916794657707214,1,38SMB_00654_r3600_c5760,2,844.3756103515625,878.682861328125,741938.3773393929,458005.352935791,3661894.574737549,458849.7285461426,3662773.257598877,,
C1016,R4834,0.3914595246315002,2,38SMB_01692_r9600_c2880,2,670.2843475341797,582.476806640625,390425.08629290387,428826.4743041992,3603048.935699463,429496.7586517334,3603631.4125061035,,
C1017,R4191,0.3906391561031341,3,38SMB_01523_r8640_c2640,1,626.6472625732422,258.1976318359375,161798.83919288404,426409.07123565674,3610400.0,427035.71849823,3610658.197631836,,
C1018,R4651,0.3898299634456634,1,38SMB_01647_r9360_c2160,1,497.1337890625,507.71209716796875,252400.83861798048,422107.9067993164,3604367.1447753906,422605.0405883789,3604874.8568725586,,
C1019,R4151,0.3891519904136657,2,38SMB_01506_r8400_c8640,0,495.086669921875,589.102783203125,291656.93517774343,486400.35427093506,3613811.4135742188,486895.44094085693,3614400.516357422,,
C1020,R5029,0.3889462649822235,1,38SMB_01747_r9680_c6000,1,593.65234375,725.1605224609375,430493.24375391006,462019.38079833984,3600209.228210449,462613.03314208984,3600934.38873291,,
C1021,R1614,0.3884016573429107,1,38SMB_00697_r3840_c6000,0,333.4119415283203,335.9747314453125,112017.98751563765,461190.2596282959,3659707.25982666,461523.6715698242,3660043.2345581055,,
C1022,R3652,0.3883556425571441,2,38SMB_01385_r7680_c9680,6,559.7660827636719,556.18408203125,311332.98489414155,497212.4740600586,3620911.403198242,497772.24014282227,3621467.5872802734,,
C1023,R3761,0.3879900872707367,2,38SMB_01406_r7920_c4800,1,264.62413787841797,621.661376953125,164506.60592853092,448001.26274108887,3617608.3251953125,448265.8868789673,3618229.9865722656,,
C1024,R0679,0.3878311514854431,1,38SMB_00344_r1920_c1920,3,473.05419921875,470.54351806640625,222592.58713647723,421043.77029418945,3679832.223587036,421516.8244934082,3680302.7671051025,,
C1025,R2111,0.3874650001525879,1,38SMB_00898_r5040_c3840,3,507.7978515625,515.147705078125,261590.89787602425,440245.84854125977,3647510.7916259766,440753.64639282227,3648025.9393310547,,
C1026,R4704,0.3867886960506439,1,38SMB_01652_r9360_c3360,3,220.38455963134766,565.291748046875,124581.57295654528,433600.1322937012,3603874.226989746,433820.5168533325,3604439.518737793,,
C1027,R2868,0.3864739835262298,2,38SMB_01196_r6720_c4800,4,631.0650634765625,606.6900634765625,382860.90341843665,449891.15447998047,3629947.0623779297,450522.21954345703,3630553.7524414062,,
C1028,R4110,0.3864685297012329,1,38SMB_01490_r8400_c4800,0,418.7538528442383,774.0097045898438,324119.5459358278,448000.5679702759,3613172.6428222656,448419.3218231201,3613946.6525268555,,
C1029,R1521,0.3864291906356811,2,38SMB_00682_r3840_c2400,1,456.8492126464844,212.2088623046875,96947.4516605027,426351.24893188477,3658400.0,426808.09814453125,3658612.2088623047,,
C1030,R1954,0.3863778710365295,1,38SMB_00818_r4560_c4800,5,371.8829345703125,555.2503204345703,206488.11858431436,450828.1170654297,3652686.6015625,451200.0,3653241.8518829346,,
C1031,R0810,0.3856990933418274,1,38SMB_00392_r2160_c3360,0,556.9038391113281,481.5377426147461,268170.2175391547,434198.264541626,3677918.4622573853,434755.1683807373,3678400.0,,
C1032,R1619,0.3854010999202728,1,38SMB_00703_r3840_c7440,1,626.8383026123047,633.7741470336914,397273.91056616034,475394.90913391113,3660453.467102051,476021.74743652344,3661087.2412490845,,
C1033,R2234,0.3853824734687805,2,38SMB_00954_r5280_c7200,1,763.223876953125,657.1697998046875,501567.6824234426,474345.9652709961,3645003.3459472656,475109.1891479492,3645660.5157470703,,
C1034,R2760,0.385261058807373,1,38SMB_01161_r6480_c6480,0,458.81866455078125,458.02276611328125,210149.39388195053,466019.18365478516,3632550.3952026367,466478.00231933594,3633008.41796875,,
C1035,R1209,0.385227620601654,1,38SMB_00551_r3120_c1200,1,366.524658203125,351.78466796875,128937.75518834591,414095.3894042969,3666148.472595215,414461.9140625,3666500.2572631836,,
C1036,R3169,0.385028064250946,1,38SMB_01283_r7200_c5520,1,931.3858032226562,944.3124389648438,879519.1994584166,456064.3617248535,3625231.6186523438,456995.7475280762,3626175.9310913086,,
C1037,R2360,0.3849656581878662,1,38SMB_01026_r5760_c4320,5,833.7048721313477,747.5112915039062,623203.8057000027,443717.7561569214,3639704.052734375,444551.46102905273,3640451.564025879,,
C1038,R2847,0.3846172094345093,2,38SMB_01194_r6720_c4320,4,642.5537109375,618.5340881347656,397441.37367233634,444594.68322753906,3629671.958618164,445237.23693847656,3630290.492706299,,
C1039,R2696,0.3845664262771606,2,38SMB_01150_r6480_c3840,2,197.967529296875,388.07861328125,76826.96424424648,441401.4978027344,3632182.311401367,441599.46533203125,3632570.3900146484,,
C1040,R1646,0.3845301866531372,2,38SMB_00723_r4080_c2160,3,861.358642578125,827.4807739257812,712757.7161882073,423887.8479003906,3657082.3753356934,424749.20654296875,3657909.856109619,,
C1041,R2985,0.384496659040451,1,38SMB_01237_r6960_c4560,1,636.3186645507812,610.4833984375,388461.9808241725,446171.23931884766,3627725.003051758,446807.55798339844,3628335.4864501953,,
C1042,R4984,0.3843670189380646,2,38SMB_01738_r9680_c3840,1,343.182373046875,150.89858055114746,51785.732962947804,440893.6834716797,3603049.101419449,441236.86584472656,3603200.0,,
C1043,R2708,0.3837924003601074,2,38SMB_01151_r6480_c4080,5,560.04638671875,587.18994140625,328853.60500216484,441145.8349609375,3633502.1209716797,441705.88134765625,3634089.310913086,,
C1044,R3976,0.3836541175842285,2,38SMB_01457_r8160_c6960,1,282.5955009460449,391.8103218078613,110723.83416712364,469600.0,3617694.3968963623,469882.59550094604,3618086.20721817,,
C1045,R1161,0.3834744691848755,1,38SMB_00522_r2880_c4320,4,597.7603149414062,640.789794921875,383038.7096237391,445235.72845458984,3668785.0634765625,445833.48876953125,3669425.8532714844,,
C1046,R3695,0.383343905210495,1,38SMB_01396_r7920_c2400,0,1220.1785278320312,1047.8185272216797,1278525.6679804763,424767.2578430176,3618992.2985839844,425987.4363708496,3620040.117111206,,
C1047,R1025,0.3827266097068786,1,38SMB_00470_r2640_c1920,3,128.2244873046875,264.2790412902832,33887.0445748209,422271.7755126953,3673335.0073623657,422400.0,3673599.286403656,,
C1048,R4854,0.3825370371341705,1,38SMB_01696_r9600_c3840,1,718.0767822265625,458.49605560302734,329235.37227099296,440161.9174194336,3603541.503944397,440879.99420166016,3604000.0,,
C1049,R0228,0.3819277584552765,1,38SMB_00087_r480_c720,3,800.2069091796875,853.3548355102539,682860.4353572009,408527.7833557129,3693865.4608154297,409327.9902648926,3694718.81565094,,
C1050,R3341,0.3817174136638641,1,38SMB_01320_r7440_c4320,4,564.0356826782227,520.13427734375,293374.29220592603,443774.5626449585,3624073.5232543945,444338.5983276367,3624593.6575317383,,
C1051,R3303,0.381595104932785,1,38SMB_01316_r7440_c3360,6,533.9069366455078,784.0528106689453,418611.2343125569,433600.0,3623877.391357422,434133.9069366455,3624661.444168091,,
C1052,R1634,0.3810316920280456,2,38SMB_00722_r4080_c1920,3,234.3310546875,570.2481079101562,133626.84056013823,422165.42755126953,3658286.737976074,422399.75860595703,3658856.9860839844,,
C1053,R4757,0.3809937238693237,2,38SMB_01668_r9360_c7200,0,548.02734375,458.56201171875,251304.52122688293,473768.1164550781,3603200.0,474316.1437988281,3603658.5620117188,,
C1054,R0689,0.380693256855011,1,38SMB_00345_r1920_c2160,5,483.2257080078125,181.700439453125,87802.323500067,423503.5040283203,3677600.0451660156,423986.7297363281,3677781.7456054688,,
C1055,R0482,0.3805244266986847,1,38SMB_00230_r1200_c4800,0,753.8442993164062,701.50146484375,528822.8802345693,448562.6109313965,3685332.6904296875,449316.4552307129,3686034.1918945312,,
C1056,R0666,0.3800846040248871,1,38SMB_00342_r1920_c1440,1,569.732666015625,428.2659912109375,243997.12493643165,416486.0076904297,3677600.0,417055.7403564453,3678028.265991211,,
C1057,R0714,0.3796173334121704,1,38SMB_00350_r1920_c3360,0,611.1670303344727,646.2701416015625,394979.0032364661,434182.6417160034,3677916.9140625,434793.8087463379,3678563.1842041016,,
C1058,R3663,0.3795952200889587,4,38SMB_01389_r7920_c720,3,639.5948791503906,619.16748046875,396016.349844262,409513.39462280273,3617806.5313720703,410152.9895019531,3618425.698852539,,
C1059,R4843,0.3790984153747558,1,38SMB_01693_r9600_c3120,2,613.238525390625,463.861083984375,284457.487128675,433786.7614746094,3603536.1389160156,434400.0,3604000.0,,
C1060,R0238,0.3788169920444488,1,38SMB_00090_r480_c1440,2,546.165771484375,534.200439453125,291761.9951412082,415486.1901855469,3692858.2150268555,416032.35595703125,3693392.4154663086,,
C1061,R0241,0.3777403533458709,1,38SMB_00091_r480_c1680,1,786.4654541015625,455.689697265625,358384.2046894133,418080.4977416992,3692000.0,418866.9631958008,3692455.6896972656,,
C1062,R0016,0.3774722218513489,1,38SMB_00002_r0_c480,3,1045.3179931640625,1041.48681640625,1088684.9088326097,406946.43310546875,3697274.8065185547,407991.7510986328,3698316.293334961,,
C1063,R4144,0.3771725296974182,1,38SMB_01504_r8400_c8160,0,515.28564453125,737.3513793945312,379946.5807773173,484283.48205566406,3614829.8681640625,484798.7677001953,3615567.219543457,,
C1064,R4045,0.3770766258239746,2,38SMB_01476_r8400_c1440,1,415.43487548828125,241.82353973388672,100461.93211948266,414659.0902709961,3615756.850090027,415074.5251464844,3615998.6736297607,,
C1065,R3980,0.3766364455223083,2,38SMB_01458_r8160_c7200,1,454.4244384765625,449.16748046875,204112.68009394407,473338.10546875,3615274.7760009766,473792.52990722656,3615723.9434814453,,
C1066,R0063,0.3764242231845855,1,38SMB_00006_r0_c1440,3,288.7010192871094,678.8720703125,195991.05866476893,414400.0,3698343.996887207,414688.7010192871,3699022.8689575195,,
C1067,R0389,0.3762787282466888,2,38SMB_00182_r960_c3360,0,757.1493530273438,816.026611328125,617854.0208201855,434511.48818969727,3687370.9252929688,435268.6375427246,3688186.951904297,,
C1068,R2697,0.3762691915035248,4,38SMB_01150_r6480_c3840,3,399.681396484375,405.806884765625,162193.46240609884,441032.4542236328,3632054.7595214844,441432.1356201172,3632460.56640625,,
C1069,R4686,0.3761975765228271,1,38SMB_01650_r9360_c2880,7,801.9947052001953,875.242919921875,701940.1875413023,429796.2349700928,3603954.976196289,430598.22967529297,3604830.219116211,,
C1070,R1026,0.3761418461799621,1,38SMB_00470_r2640_c1920,4,306.63818359375,638.487548828125,195784.662219882,422093.36181640625,3671161.7407226562,422400.0,3671800.2282714844,,
C1071,R2911,0.3761215209960937,2,38SMB_01211_r6720_c8400,3,941.4910125732422,914.5359802246094,861027.4060563301,484989.400100708,3629623.619995117,485930.89111328125,3630538.155975342,,
C1072,R4459,0.375849187374115,3,38SMB_01595_r8880_c9680,0,498.6735534667969,644.37744140625,321333.9884798974,496800.0,3608000.5264282227,497298.6735534668,3608644.903869629,,
C1073,R0093,0.375369518995285,1,38SMB_00010_r0_c2400,1,207.7260971069336,495.93505859375,103018.65414017811,424000.90801239014,3697930.5738830566,424208.63410949707,3698426.5089416504,,
C1074,R3734,0.3750499486923218,1,38SMB_01402_r7920_c3840,2,349.57366943359375,358.19183349609375,125214.43359637633,439159.3714904785,3619709.3601226807,439508.9451599121,3620067.5519561768,,
C1075,R1321,0.3749284744262695,1,38SMB_00599_r3360_c2640,2,866.8057250976562,856.2165832519531,742173.436286347,428360.7620239258,3664704.1189575195,429227.56774902344,3665560.3355407715,,
C1076,R2031,0.3741314709186554,1,38SMB_00857_r4800_c4080,2,475.32012939453125,486.1126708984375,231059.1376317665,441744.7283935547,3649394.655456543,442220.0485229492,3649880.7681274414,,
C1077,R3621,0.3741120398044586,1,38SMB_01378_r7680_c8160,0,597.767333984375,655.5035400390625,391838.6035464704,482960.70404052734,3621827.8802490234,483558.4713745117,3622483.3837890625,,
C1078,R2190,0.3740501701831817,2,38SMB_00939_r5280_c3600,0,775.5564880371094,821.9540405273438,637471.7889992986,438212.1894836426,3645918.5023498535,438987.7459716797,3646740.456390381,,
C1079,R1243,0.3739200234413147,1,38SMB_00559_r3120_c3120,1,467.418212890625,961.5789794921875,449459.5281474292,433932.10021972656,3666377.732849121,434399.5184326172,3667339.3118286133,,
C1080,R0266,0.3738337457180023,1,38SMB_00097_r480_c3120,0,535.6112670898438,523.27392578125,280271.41042277217,432666.9351196289,3693774.2083740234,433202.54638671875,3694297.4822998047,,
C1081,R0150,0.373612642288208,1,38SMB_00046_r240_c960,3,550.7192993164062,596.3394165039062,328415.6256117858,410415.4507446289,3695745.026245117,410966.1700439453,3696341.365661621,,
C1082,R0667,0.3734682500362396,1,38SMB_00342_r1920_c1440,2,274.70603942871094,575.3656005859375,158056.4053604845,414400.0,3678092.606201172,414674.7060394287,3678667.971801758,,
C1083,R2476,0.3733843564987182,1,38SMB_01069_r6000_c4560,4,508.20804595947266,490.34088134765625,249195.18116373802,446165.4803085327,3638390.424041748,446673.6883544922,3638880.7649230957,,
C1084,R0735,0.3727794289588928,1,38SMB_00362_r1920_c6240,0,655.8152770996094,663.68896484375,435257.3623869568,462831.4456176758,3678547.7392578125,463487.2608947754,3679211.4282226562,,
C1085,R4085,0.3722971379756927,1,38SMB_01487_r8400_c4080,0,1127.3727416992188,1006.905517578125,1135157.8339841217,442400.06072998047,3613563.618774414,443527.4334716797,3614570.524291992,,
C1086,R4825,0.3722582459449768,2,38SMB_01691_r9600_c2640,0,539.835205078125,495.7745361328125,267636.5483857691,428808.37829589844,3602775.888977051,429348.21350097656,3603271.6635131836,,
C1087,R4942,0.3710113167762756,2,38SMB_01731_r9680_c2160,3,1330.6471252441406,1113.332748413086,1481453.0211160309,421882.3094177246,3602086.667251587,423212.95654296875,3603200.0,,
C1088,R4252,0.370789885520935,1,38SMB_01529_r8640_c4080,1,963.9956665039062,866.583251953125,835382.4995476753,442448.4588623047,3611524.6423339844,443412.4545288086,3612391.2255859375,,
C1089,R3956,0.3707468509674072,1,38SMB_01450_r8160_c5280,0,890.1866912841797,978.3914184570312,870951.0195770999,453647.8702545166,3616553.024749756,454538.0569458008,3617531.416168213,,
C1090,R3465,0.370572566986084,2,38SMB_01351_r7680_c1680,2,697.8811645507812,684.0863037109375,477410.9462870285,418158.0856323242,3620296.42578125,418855.966796875,3620980.512084961,,
C1091,R0739,0.3701053261756897,1,38SMB_00378_r2160_c0,0,813.89892578125,754.4531631469727,614048.6190375872,401604.6826171875,3677353.357849121,402418.58154296875,3678107.811012268,,
C1092,R3288,0.3699030578136444,1,38SMB_01314_r7440_c2880,0,368.4423828125,401.14837646484375,147800.06368607283,430564.29580688477,3623572.642211914,430932.73818969727,3623973.790588379,,
C1093,R0912,0.3694056868553161,2,38SMB_00431_r2400_c2640,3,693.2318115234375,642.298583984375,445261.81091442704,428701.9598388672,3673423.1021118164,429395.1916503906,3674065.400695801,,
C1094,R0432,0.3691495954990387,1,38SMB_00215_r1200_c1200,6,545.6512451171875,543.2598876953125,296430.4341431707,413829.6710205078,3685663.4375,414375.322265625,3686206.6973876953,,
C1095,R4040,0.3691034317016601,1,38SMB_01475_r8400_c1200,1,237.63916015625,503.8371276855469,119731.43187873065,414962.2033691406,3614533.5848999023,415199.8425292969,3615037.422027588,,
C1096,R3183,0.3686887919902801,1,38SMB_01285_r7200_c6000,1,737.9788208007812,803.6660766601562,593088.5435712524,462053.6853027344,3625772.3318481445,462791.66412353516,3626575.9979248047,,
C1097,R0229,0.3682953715324402,1,38SMB_00087_r480_c720,4,509.388427734375,529.9542236328125,269952.5487475097,409108.73596191406,3693487.5534057617,409618.12438964844,3694017.5076293945,,
C1098,R0231,0.3681751787662506,2,38SMB_00088_r480_c960,1,723.3196258544922,662.59033203125,479264.5910596475,410754.358291626,3692000.0,411477.67791748047,3692662.5903320312,,
C1099,R3522,0.3676204979419708,1,38SMB_01359_r7680_c3600,7,937.9925537109375,978.5443878173828,917867.3492483329,437520.31005859375,3621301.51763916,438458.3026123047,3622280.0620269775,,
C1100,R3585,0.3675762712955475,1,38SMB_01371_r7680_c6480,4,977.2784423828125,892.452392578125,872174.4841195643,465003.71170043945,3622109.0731048584,465980.99014282227,3623001.5254974365,,
C1101,R3477,0.3674661219120025,2,38SMB_01354_r7680_c2400,0,575.433349609375,583.6491394042969,335851.1792840436,424937.5036621094,3622257.2521972656,425512.93701171875,3622840.90133667,,
C1102,R3981,0.366843968629837,2,38SMB_01458_r8160_c7200,2,454.1790771484375,460.46051025390625,209131.52961041778,474494.34783935547,3615766.6235351562,474948.5269165039,3616227.08404541,,
C1103,R4154,0.3667875230312347,1,38SMB_01511_r8400_c9680,0,466.707763671875,126.9268798828125,59237.76025995612,499176.97814941406,3612801.796875,499643.68591308594,3612928.723754883,,
C1104,R0157,0.3667859733104706,1,38SMB_00047_r240_c1200,2,707.4805450439453,820.7229614257812,580645.5280795926,413143.6772918701,3695446.594390869,413851.15783691406,3696267.317352295,,
C1105,R3480,0.3663578927516937,2,38SMB_01355_r7680_c2640,0,491.068115234375,477.9151916503906,234688.91240563244,427117.6469421387,3622577.599334717,427608.71505737305,3623055.514526367,,
C1106,R1410,0.3663233518600464,1,38SMB_00639_r3600_c2160,1,542.3553466796875,561.488037109375,304526.0390229523,422270.1167297363,3661577.3556518555,422812.472076416,3662138.843688965,,
C1107,R0690,0.3663014471530914,1,38SMB_00345_r1920_c2160,6,651.4328002929688,652.8608703613281,425294.9849811848,422205.81520080566,3679710.0617218018,422857.24800109863,3680362.922592163,,
C1108,R0200,0.366038054227829,1,38SMB_00058_r240_c3840,0,1009.3426513671875,651.1766052246094,657260.3212256916,439796.53747558594,3696945.8500671387,440805.8801269531,3697597.0266723633,,
C1109,R0131,0.3658168017864227,2,38SMB_00044_r240_c480,1,598.0291748046875,268.3858108520508,160502.54499313887,407341.92108154297,3697331.5993881226,407939.95025634766,3697599.9851989746,,
C1110,R1955,0.365608274936676,1,38SMB_00818_r4560_c4800,6,399.23583984375,415.4930114746094,165879.70138527453,448841.7901611328,3653018.480987549,449241.02600097656,3653433.9739990234,,
C1111,R4327,0.3654781579971313,1,38SMB_01564_r8880_c2400,2,1039.9077606201172,960.1209259033203,998437.2019806353,424905.68061828613,3609232.3638916016,425945.58837890625,3610192.484817505,,
C1112,R0490,0.3653291761875152,2,38SMB_00239_r1200_c6960,0,665.4373168945312,671.7941284179688,447036.8823199533,470527.459564209,3684800.0,471192.8968811035,3685471.794128418,,
C1113,R0499,0.3651875555515289,1,38SMB_00257_r1440_c1200,3,451.851806640625,285.19775390625,128867.12035238743,413921.44317626953,3682400.0,414373.29498291016,3682685.1977539062,,
C1114,R4415,0.3650865256786346,1,38SMB_01573_r8880_c4560,0,666.1419677734375,268.06549072265625,178569.6734821424,446711.95037841797,3608000.0,447378.0923461914,3608268.0654907227,,
C1115,R4178,0.3649407625198364,1,38SMB_01522_r8640_c2400,1,669.1983032226562,664.0902328491211,444408.05700937053,425924.72747802734,3612450.44342041,426593.92578125,3613114.5336532593,,
C1116,R0709,0.3648752272129059,1,38SMB_00348_r1920_c2880,0,829.2917251586914,612.198486328125,507691.13886659034,429132.39376068115,3677600.3729248047,429961.68548583984,3678212.571411133,,
C1117,R4422,0.3647584319114685,1,38SMB_01574_r8880_c4800,0,459.1595458984375,419.91943359375,192810.01644283533,449388.04138183594,3608534.9237060547,449847.2009277344,3608954.8431396484,,
C1118,R3817,0.3644299209117889,2,38SMB_01424_r7920_c9120,1,994.6669006347656,934.1107177734375,929129.0124974214,493343.2682800293,3617603.342895508,494337.93518066406,3618537.4536132812,,
C1119,R2196,0.3643766045570373,1,38SMB_00940_r5280_c3840,4,323.68896484375,481.4588928222656,155842.93063245714,441276.31103515625,3645929.452972412,441600.0,3646410.9118652344,,
C1120,R4123,0.3636133372783661,1,38SMB_01494_r8400_c5760,0,495.4925537109375,483.8275146484375,239732.93078877032,458854.6563720703,3613580.5795288086,459350.14892578125,3614064.407043457,,
C1121,R3504,0.3635623455047607,1,38SMB_01358_r7680_c3360,7,414.053955078125,622.6971435546875,257830.21510466933,436384.6124267578,3620200.7598876953,436798.66638183594,3620823.45703125,,
C1122,R1684,0.3633829653263092,1,38SMB_00727_r4080_c3120,4,539.7222900390625,547.8761291503906,295700.959082786,433221.45599365234,3657997.128601074,433761.1782836914,3658545.0047302246,,
C1123,R2396,0.3631775975227356,1,38SMB_01035_r5760_c6480,1,338.7334442138672,327.31201171875,110871.52506206185,466039.62257385254,3640816.0746765137,466378.3560180664,3641143.3866882324,,
C1124,R0306,0.3616760075092315,1,38SMB_00133_r720_c1680,3,996.600341796875,1111.9940185546875,1108213.6189676821,417974.99603271484,3691317.1855163574,418971.5963745117,3692429.179534912,,
C1125,R2858,0.3614549934864044,1,38SMB_01195_r6720_c4560,2,609.52880859375,195.0128173828125,118865.93023985624,446194.11323547363,3629600.0,446803.6420440674,3629795.012817383,,
C1126,R1357,0.3607042133808136,1,38SMB_00604_r3360_c3840,0,201.7249298095703,313.7762451171875,63296.49102217518,438400.0,3664416.1181640625,438601.72492980957,3664729.8944091797,,
C1127,R0954,0.3591015934944153,2,38SMB_00441_r2400_c5040,0,866.7129516601562,800.5821228027344,693874.8947007116,450604.71908569336,3672871.4184570312,451471.4320373535,3673672.000579834,,
C1128,R3664,0.3590897619724273,1,38SMB_01389_r7920_c720,4,412.7593994140625,560.352783203125,231290.87825492024,409987.24060058594,3617600.0,410400.0,3618160.352783203,,
C1129,R1748,0.3586902916431427,1,38SMB_00749_r4080_c8400,0,895.2313232421875,912.2610473632812,816684.6645733342,486059.3453979492,3657209.5053100586,486954.5767211914,3658121.766357422,,
C1130,R4230,0.3585067689418793,2,38SMB_01526_r8640_c3360,4,281.6204833984375,368.6529541015625,103820.22314034402,436518.09326171875,3611325.0032043457,436799.7137451172,3611693.6561584473,,
C1131,R3595,0.3582050502300262,1,38SMB_01372_r7680_c6720,3,270.42724609375,421.44683837890625,113970.70787772536,470129.3405151367,3621238.245239258,470399.76776123047,3621659.6920776367,,
C1132,R1313,0.358178973197937,2,38SMB_00596_r3360_c1920,1,570.1358413696289,589.2669677734375,335962.2184628388,419787.75707244873,3665522.5177001953,420357.89291381836,3666111.7846679688,,
C1133,R2271,0.3579744100570678,1,38SMB_00983_r5520_c4080,1,568.0033874511719,566.6207885742188,321842.5273104105,441165.5128479004,3643560.0379943848,441733.51623535156,3644126.658782959,,
C1134,R3412,0.3576032221317291,2,38SMB_01333_r7440_c7440,2,596.9509887695312,637.8900146484375,380789.07497059554,477003.04901123047,3622926.4685058594,477600.0,3623564.358520508,,
C1135,R1249,0.3566515743732452,1,38SMB_00561_r3120_c3600,2,395.9197998046875,803.4091186523438,318085.57741809636,438804.0802001953,3666306.5014648438,439200.0,3667109.910583496,,
C1136,R3088,0.3559484779834747,1,38SMB_01269_r7200_c2160,0,688.0084228515625,172.227783203125,118494.16549280286,423709.2102050781,3624800.673828125,424397.2186279297,3624972.901611328,,
C1137,R0590,0.35519739985466,2,38SMB_00302_r1680_c1920,6,953.6524963378906,971.0218811035156,926017.4409130821,419201.84883117676,3682136.758117676,420155.50132751465,3683107.7799987793,,
C1138,R1097,0.355126291513443,2,38SMB_00496_r2640_c8160,0,468.7548828125,616.8038940429688,289129.8370704055,484331.2451171875,3671735.0135803223,484800.0,3672351.8174743652,,
C1139,R0409,0.3551256358623504,1,38SMB_00188_r960_c4800,2,335.4876708984375,706.1370849609375,236900.285968557,448001.77627563477,3688116.6455078125,448337.2639465332,3688822.7825927734,,
C1140,R0931,0.3549030125141144,2,38SMB_00435_r2400_c3600,0,745.5817413330078,735.3271484375,548246.4957814664,436004.2416381836,3673473.3319091797,436749.8233795166,3674208.659057617,,
C1141,R0204,0.3546497821807861,2,38SMB_00059_r240_c4080,0,886.2434387207031,1055.6900024414062,935598.3379867394,440802.838973999,3695785.4330444336,441689.0824127197,3696841.123046875,,
C1142,R2714,0.3539082109928131,1,38SMB_01152_r6480_c4320,1,535.0196838378906,255.26744842529297,136573.1095506053,443664.24087524414,3634944.4916534424,444199.26055908203,3635199.7591018677,,
C1143,R0315,0.3536877632141113,1,38SMB_00136_r720_c2400,1,882.5033569335938,594.6569061279297,524786.7158816429,424702.353515625,3692205.343093872,425584.8568725586,3692800.0,,
C1144,R2640,0.3536204397678375,4,38SMB_01124_r6240_c7680,0,633.0415534973145,467.7032470703125,296075.5901011289,476880.22733688354,3634400.3469848633,477513.26889038086,3634868.0502319336,,
C1145,R3104,0.3535799980163574,1,38SMB_01272_r7200_c2880,3,588.1159973144531,342.2198486328125,201264.9675794877,429421.78581237793,3627657.052078247,430009.9018096924,3627999.27192688,,
C1146,R2257,0.3534921705722809,1,38SMB_00975_r5520_c2160,0,890.2987670898438,882.7581787109375,785918.5181448236,423347.78869628906,3642130.9439086914,424238.0874633789,3643013.7020874023,,
C1147,R4098,0.3533408343791961,1,38SMB_01488_r8400_c4320,4,199.27490234375,452.7865219116211,90228.98993650451,446200.58837890625,3615015.0941467285,446399.86328125,3615467.88066864,,
C1148,R1547,0.3531455993652344,1,38SMB_00685_r3840_c3120,5,666.146240234375,735.4454040527344,489914.1908073798,433035.3952026367,3659979.5150756836,433701.5414428711,3660714.9604797363,,
C1149,R3204,0.3531316220760345,2,38SMB_01288_r7200_c6720,1,568.7808609008789,634.6270751953125,360963.73418059666,467589.13387298584,3626229.056854248,468157.9147338867,3626863.6839294434,,
C1150,R3653,0.3528903126716614,4,38SMB_01388_r7920_c480,0,514.573974609375,553.8001251220703,284971.1315232329,407407.7575683594,3620152.0433044434,407922.33154296875,3620705.8434295654,,
C1151,R2896,0.3524712324142456,1,38SMB_01207_r6720_c7440,1,739.1082763671875,768.4869384765625,567995.056508109,475386.06842041016,3630558.330078125,476125.17669677734,3631326.8170166016,,
C1152,R4554,0.3524663150310516,2,38SMB_01611_r9120_c3600,3,1002.16552734375,978.5755920410156,980694.7242435068,438194.4372558594,3605600.0,439196.6027832031,3606578.575592041,,
C1153,R0841,0.3524483740329742,1,38SMB_00421_r2400_c240,1,689.0090942382812,723.7026977539062,498637.74027721956,403437.85552978516,3673133.49029541,404126.86462402344,3673857.192993164,,
C1154,R2021,0.3518410921096802,1,38SMB_00856_r4800_c3840,0,848.4149169921875,458.2467269897461,388783.35884094704,440099.803314209,3651541.2269973755,440948.2182312012,3651999.4737243652,,
C1155,R4664,0.3517286777496338,1,38SMB_01648_r9360_c2400,1,528.858642578125,553.73046875,292845.14405727386,424692.1479797363,3604413.3557128906,425221.00662231445,3604967.0861816406,,
C1156,R1101,0.351294457912445,2,38SMB_00503_r2640_c9680,0,591.9807815551758,629.3268203735352,372549.38297835906,496800.0,3672489.209136963,497391.9807815552,3673118.5359573364,,
C1157,R4155,0.3509997129440307,1,38SMB_01511_r8400_c9680,1,574.42138671875,161.56494140625,92806.35768771172,499141.14166259766,3612801.0278320312,499715.5630493164,3612962.5927734375,,
C1158,R3127,0.3509682714939117,1,38SMB_01276_r7200_c3840,0,475.9480285644531,797.3675537109375,379505.5152299814,438402.55012512207,3625583.571472168,438878.4981536865,3626380.939025879,,
C1159,R0188,0.3503736555576324,1,38SMB_00056_r240_c3360,0,217.9071044921875,629.8451232910156,137247.72709487006,436581.71661376953,3696631.2549591064,436799.6237182617,3697261.1000823975,,
C1160,R0069,0.35035040974617,2,38SMB_00007_r0_c1680,1,359.150390625,120.6097412109375,43317.035669088364,419441.1584472656,3696800.2142333984,419800.3088378906,3696920.8239746094,,
C1161,R3283,0.3501285910606384,1,38SMB_01313_r7440_c2640,1,969.190673828125,939.9789428710938,911018.825025484,428409.81231689453,3623698.3755493164,429379.00299072266,3624638.3544921875,,
C1162,R2207,0.3497734665870666,2,38SMB_00941_r5280_c4080,3,411.10504150390625,435.8143615722656,179165.48120216466,442213.9077758789,3646723.6617279053,442625.0128173828,3647159.4760894775,,
C1163,R1274,0.34968963265419,2,38SMB_00566_r3120_c4800,0,706.2022399902344,648.2919311523438,457825.21394737996,448082.59407043457,3666295.6483459473,448788.7963104248,3666943.9402770996,,
C1164,R4916,0.3494589328765869,4,38SMB_01720_r9600_c9600,0,565.4047393798828,564.6533203125,319257.66341127455,496314.379196167,3601163.5192871094,496879.7839355469,3601728.172607422,,
C1165,R2884,0.3492840528488159,1,38SMB_01198_r6720_c5280,5,326.1430358886719,336.241455078125,109662.80895080417,453783.5043334961,3630714.990539551,454109.64736938477,3631051.231994629,,
C1166,R4863,0.349231868982315,1,38SMB_01699_r9600_c4560,0,927.7906036376953,956.3202285766602,887264.9221420783,446540.482711792,3602589.250640869,447468.2733154297,3603545.570869446,,
C1167,R0142,0.3490487039089203,1,38SMB_00045_r240_c720,5,719.2950439453125,692.3507690429688,498004.4768443331,408818.2501220703,3695277.9403686523,409537.5451660156,3695970.2911376953,,
C1168,R0553,0.3490325510501861,1,38SMB_00279_r1440_c6480,0,564.4787979125977,612.7160263061523,345865.20599108044,465263.50688934326,3684426.917114258,465827.98568725586,3685039.633140564,,
C1169,R1420,0.3484297096729278,1,38SMB_00641_r3600_c2640,1,574.8222351074219,618.6676025390625,355623.894080054,427239.5585632324,3662704.8529052734,427814.38079833984,3663323.5205078125,,
C1170,R2178,0.3474257588386535,1,38SMB_00917_r5040_c8400,1,469.95819091796875,499.91943359375,234941.23261645436,485670.72494506836,3647582.908935547,486140.6831359863,3648082.8283691406,,
C1171,R3558,0.3473859429359436,1,38SMB_01364_r7680_c4800,0,678.9669799804688,690.791015625,469024.28967654705,448992.32025146484,3620853.9346313477,449671.2872314453,3621544.7256469727,,
C1172,R1736,0.3471537828445434,1,38SMB_00737_r4080_c5520,2,587.1092224121094,221.46913528442383,130026.57180512033,455574.7802734375,3658978.5308647156,456161.8894958496,3659200.0,,
C1173,R0778,0.3470338582992553,1,38SMB_00384_r2160_c1440,3,536.7901611328125,508.8385009765625,273139.50092978776,415815.0573730469,3675702.182006836,416351.8475341797,3676211.0205078125,,
C1174,R4535,0.3466168642044067,1,38SMB_01609_r9120_c3120,2,866.1322021484375,841.378173828125,728744.7305373847,432633.60900878906,3606125.440673828,433499.7412109375,3606966.8188476562,,
C1175,R3665,0.3465033173561096,1,38SMB_01389_r7920_c720,5,594.8468017578125,581.9967651367188,346198.9143749699,408990.86639404297,3618201.2100219727,409585.7131958008,3618783.2067871094,,
C1176,R4759,0.3464251160621643,1,38SMB_01669_r9360_c7440,0,464.4845199584961,440.64300537109375,204671.8548228615,474918.4065628052,3604216.729736328,475382.8910827637,3604657.372741699,,
C1177,R0591,0.3458636105060577,1,38SMB_00302_r1680_c1920,7,259.498291015625,543.486328125,141033.7733387947,422140.0646972656,3682082.9802703857,422399.56298828125,3682626.4665985107,,
C1178,R4560,0.345489889383316,2,38SMB_01612_r9120_c3840,0,683.2940673828125,614.4044494628906,419818.9152915962,440735.5581665039,3607300.011444092,441418.8522338867,3607914.4158935547,,
C1179,R4239,0.3454521596431732,1,38SMB_01527_r8640_c3600,2,765.411376953125,707.8643798828125,541807.4497021735,438143.39569091797,3611784.889831543,438908.8070678711,3612492.754211426,,
C1180,R2995,0.3454290628433227,2,38SMB_01239_r6960_c5040,2,441.5802001953125,379.0178680419922,167366.78604758345,453064.81689453125,3630020.982131958,453506.39709472656,3630400.0,,
C1181,R2134,0.3453578054904938,2,38SMB_00900_r5040_c4320,2,273.39813232421875,650.2897644042969,177788.007057691,443200.1258277893,3648834.0085601807,443473.5239601135,3649484.298324585,,
C1182,R1956,0.3450540602207184,1,38SMB_00818_r4560_c4800,7,306.7427062988281,494.7183609008789,151751.24887845595,448002.2670555115,3653905.281639099,448309.0097618103,3654400.0,,
C1183,R5025,0.3446608483791351,2,38SMB_01746_r9680_c5760,1,481.9793701171875,289.80712890625,139681.05744570494,460253.5791015625,3600000.9185791016,460735.5584716797,3600290.725708008,,
C1184,R1984,0.344577819108963,2,38SMB_00829_r4560_c7440,1,143.9266586303711,394.759521484375,56816.418889770284,474400.0043964386,3651213.8333129883,474543.93105506897,3651608.5928344727,,
C1185,R2818,0.3444380462169647,1,38SMB_01190_r6720_c3360,6,833.0047607421875,792.8443145751953,660443.0885685142,435436.2838745117,3630894.5571899414,436269.2886352539,3631687.4015045166,,
C1186,R4461,0.3439105749130249,1,38SMB_01600_r9120_c960,0,1044.1265106201172,819.7014617919922,855872.0270510821,410643.1449127197,3607980.298538208,411687.27142333984,3608800.0,,
C1187,R4687,0.3438267409801483,1,38SMB_01650_r9360_c2880,8,1255.8070373535156,710.85205078125,892693.0078882724,430732.24838256836,3603200.0,431988.0554199219,3603910.8520507812,,
C1188,R2006,0.3436700999736786,1,38SMB_00854_r4800_c3360,2,501.21368408203125,490.6451416015625,245918.05899906904,435058.9129638672,3650316.664123535,435560.1266479492,3650807.3092651367,,
C1189,R0724,0.3430113196372986,1,38SMB_00355_r1920_c4560,0,659.190673828125,700.1333618164062,461521.3825453073,447366.40838623047,3679256.442260742,448025.5990600586,3679956.5756225586,,
C1190,R1347,0.3428906798362732,1,38SMB_00602_r3360_c3360,4,877.3545837402344,973.3234024047852,853949.7485614789,434335.7359313965,3665078.4228515625,435213.0905151367,3666051.7462539673,,
C1191,R3627,0.3427914083003998,2,38SMB_01383_r7680_c9360,3,515.68603515625,528.9927864074707,272794.1926487256,494524.55642700195,3622376.3174438477,495040.2424621582,3622905.310230255,,
C1192,R3622,0.3417621552944183,1,38SMB_01378_r7680_c8160,1,644.2739868164062,869.9971008300781,560516.5006705094,482933.50036621094,3621801.990966797,483577.77435302734,3622671.988067627,,
C1193,R0932,0.341560810804367,4,38SMB_00437_r2400_c4080,0,524.302978515625,553.05908203125,289970.52400410175,443275.29052734375,3673165.5056762695,443799.5935058594,3673718.564758301,,
C1194,R2238,0.3414755761623382,1,38SMB_00958_r5280_c8160,0,600.7250213623047,626.649169921875,376443.83598798886,482657.6377105713,3645397.42767334,483258.3627319336,3646024.0768432617,,
C1195,R0322,0.3413107693195343,2,38SMB_00139_r720_c3120,1,892.78564453125,879.2427825927734,784975.334356539,432599.26818847656,3691876.988220215,433492.0538330078,3692756.2310028076,,
C1196,R0516,0.3412859439849853,1,38SMB_00260_r1440_c1920,3,863.5116577148438,918.1436157226562,792827.7156329714,420748.79150390625,3684286.6665649414,421612.3031616211,3685204.810180664,,
C1197,R2312,0.3412767052650451,2,38SMB_01003_r5520_c8880,2,663.95263671875,462.76477813720703,307253.89462476596,491039.25506591797,3644336.8718719482,491703.2077026367,3644799.6366500854,,
C1198,R0755,0.3412509560585022,2,38SMB_00381_r2160_c720,3,785.1692199707031,845.2456665039062,663660.8806524891,409614.8307800293,3676142.364959717,410400.0,3676987.6106262207,,
C1199,R2662,0.341156005859375,1,38SMB_01135_r6480_c240,0,1128.9236450195312,1127.642822265625,1273022.6451922208,403114.9621582031,3632312.8994750977,404243.88580322266,3633440.5422973633,,
C1200,R3304,0.3410128653049469,2,38SMB_01316_r7440_c3360,7,798.3245849609375,687.9133605957031,549178.1480866484,434802.70263671875,3624875.573120117,435601.0272216797,3625563.486480713,,
C1201,R1889,0.3404493331909179,1,38SMB_00783_r4320_c6480,1,548.486328125,632.828369140625,347097.70852327347,466858.29986572266,3653913.4591674805,467406.78619384766,3654546.287536621,,
C1202,R4087,0.3401790261268616,2,38SMB_01487_r8400_c4080,2,490.6089782714844,487.08690643310547,238969.20949456398,441765.77713012695,3615511.862640381,442256.38610839844,3615998.949546814,,
C1203,R0239,0.3400630354881286,1,38SMB_00090_r480_c1440,3,1205.0511169433594,1262.4066543579102,1521264.548870729,416377.4415588379,3693584.6087646484,417582.49267578125,3694847.0154190063,,
C1204,R4620,0.3398284614086151,1,38SMB_01644_r9360_c1440,1,601.7437744140625,667.535400390625,401685.27138605714,416503.17169189453,3604415.092163086,417104.9154663086,3605082.6275634766,,
C1205,R0772,0.3397672772407532,1,38SMB_00383_r2160_c1200,2,993.8027954101562,630.9967041015625,627086.288430728,413314.0118408203,3677769.0032958984,414307.81463623047,3678400.0,,
C1206,R3926,0.3393578231334686,2,38SMB_01446_r8160_c4320,3,366.5264892578125,371.3934326171875,136125.53099058568,445603.0871582031,3616433.8383483887,445969.61364746094,3616805.231781006,,
C1207,R4088,0.3390878438949585,1,38SMB_01487_r8400_c4080,3,568.9730834960938,574.8257446289062,327060.37639444694,441253.27545166016,3614540.1470947266,441822.24853515625,3615114.9728393555,,
C1208,R2011,0.3390328288078308,2,38SMB_00855_r4800_c3600,2,411.55317306518555,192.43988037109375,79199.24339100835,436269.14178848267,3651806.7164611816,436680.69496154785,3651999.1563415527,,
C1209,R3277,0.3389197885990143,1,38SMB_01312_r7440_c2400,1,307.9590034484863,593.5641479492188,182793.4234851913,424000.0,3624381.892852783,424307.9590034485,3624975.4570007324,,
C1210,R0765,0.3385568261146545,1,38SMB_00382_r2160_c960,1,614.26513671875,651.3385009765625,400094.53335255384,410887.9150390625,3676399.891052246,411502.18017578125,3677051.2295532227,,
C1211,R2762,0.3382946252822876,2,38SMB_01162_r6480_c6720,1,260.1947021484375,277.84156799316406,72292.90402843617,469011.1962890625,3634479.8917388916,469271.39099121094,3634757.7333068848,,
C1212,R2946,0.3381764590740204,1,38SMB_01230_r6960_c2880,0,873.1032943725586,528.42041015625,461365.6009211205,429078.646736145,3627200.8978271484,429951.7500305176,3627729.3182373047,,
C1213,R1192,0.3381394445896148,2,38SMB_00529_r2880_c6000,0,654.0333557128906,593.7704467773438,388345.67782892846,460069.47341918945,3669586.5774536133,460723.50677490234,3670180.3479003906,,
C1214,R1145,0.3374134302139282,1,38SMB_00518_r2880_c3360,0,582.2283935546875,228.1005859375,132806.63771927357,434929.45526123047,3668000.0,435511.68365478516,3668228.1005859375,,
C1215,R0024,0.3371197879314422,1,38SMB_00003_r0_c720,2,281.0565185546875,470.90953826904297,132352.1953800926,410118.9434814453,3699506.234664917,410400.0,3699977.144203186,,
C1216,R0522,0.3367709815502167,2,38SMB_00261_r1440_c2160,1,547.4052429199219,520.8859252929688,285135.68646856584,421608.7064743042,3683524.333190918,422156.1117172241,3684045.219116211,,
C1217,R2035,0.3366443514823913,1,38SMB_00858_r4800_c4320,1,460.27099609375,137.7291202545166,63392.719370662235,445395.1370239258,3651862.1266174316,445855.40802001953,3651999.855737686,,
C1218,R3146,0.3366127610206604,2,38SMB_01279_r7200_c4560,3,576.3690948486328,618.03955078125,356218.8964644447,445912.1572113037,3625714.440307617,446488.52630615234,3626332.4798583984,,
C1219,R3369,0.3365494906902313,2,38SMB_01325_r7440_c5520,2,559.6306610107422,542.2573852539062,303463.85894760024,455327.0430755615,3623559.3992614746,455886.67373657227,3624101.6566467285,,
C1220,R2380,0.3364649713039398,2,38SMB_01028_r5760_c4800,6,425.74493408203125,555.7879638671875,236623.9100402221,448000.0,3639201.5438842773,448425.74493408203,3639757.3318481445,,
C1221,R2555,0.3361173570156097,2,38SMB_01102_r6240_c2400,0,654.6618270874023,666.76513671875,436505.6826424785,424555.3604507446,3634555.301208496,425210.02227783203,3635222.066345215,,
C1222,R3505,0.3358898162841797,1,38SMB_01358_r7680_c3360,8,885.1141357421875,906.904296875,802713.8129293919,435450.0524902344,3620248.2055664062,436335.16662597656,3621155.1098632812,,
C1223,R1047,0.3356276750564575,1,38SMB_00473_r2640_c2640,2,757.763671875,469.6934127807617,355916.60512425005,428539.9887084961,3673130.3065872192,429297.7523803711,3673600.0,,
C1224,R4253,0.3354941308498382,2,38SMB_01529_r8640_c4080,2,506.2635803222656,497.2175979614258,251723.16134318826,441272.80097961426,3613062.970199585,441779.0645599365,3613560.1877975464,,
C1225,R3604,0.3354873061180115,1,38SMB_01373_r7680_c6960,2,386.86676025390625,198.304443359375,76717.39754639566,471136.84997558594,3620000.2227783203,471523.71673583984,3620198.5272216797,,
C1226,R1745,0.3351434469223022,1,38SMB_00745_r4080_c7440,0,453.2666015625,463.7687683105469,210210.89352294803,476110.6805419922,3657841.4947509766,476563.9471435547,3658305.263519287,,
C1227,R2157,0.33514204621315,1,38SMB_00904_r5040_c5280,5,386.8804931640625,231.49858474731445,89562.28663382353,453458.5981750488,3649367.6124191284,453845.4786682129,3649599.1110038757,,
C1228,R3089,0.3351387083530426,1,38SMB_01269_r7200_c2160,1,551.435546875,139.20654296875,76763.43615055084,423759.4204711914,3624801.6290283203,424310.8560180664,3624940.835571289,,
C1229,R4836,0.3350556492805481,1,38SMB_01692_r9600_c2880,4,1196.18408203125,1200.4502868652344,1435959.524418041,430769.18670654297,3602672.402648926,431965.3707885742,3603872.852935791,,
C1230,R3765,0.3349366784095764,1,38SMB_01409_r7920_c5520,1,729.7250747680664,696.5884399414062,508318.0514188134,455766.8978500366,3618612.7963256836,456496.6229248047,3619309.384765625,,
C1231,R1685,0.3346841633319855,2,38SMB_00727_r4080_c3120,5,229.92582321166992,649.9485778808594,149439.96181451075,431200.0,3656027.7563476562,431429.92582321167,3656677.704925537,,
C1232,R4688,0.3342703878879547,1,38SMB_01650_r9360_c2880,9,940.7810974121094,940.1585388183594,884483.3818909014,429093.60733032227,3605147.695159912,430034.3884277344,3606087.8536987305,,
C1233,R0158,0.3341313898563385,1,38SMB_00047_r240_c1200,3,305.7406806945801,727.5473022460938,222440.8074262261,412000.0,3696011.347961426,412305.7406806946,3696738.895263672,,
C1234,R0578,0.3340234160423279,3,38SMB_00301_r1680_c1680,4,208.6700439453125,460.1446533203125,96018.4050295502,419791.2438964844,3680216.670227051,419999.9139404297,3680676.814880371,,
C1235,R2022,0.3339816033840179,2,38SMB_00856_r4800_c3840,1,627.6467132568359,684.47998046875,429611.6100313142,438424.80461120605,3649684.3502807617,439052.4513244629,3650368.8302612305,,
C1236,R0132,0.3339321613311767,4,38SMB_00044_r240_c480,2,549.5160293579102,502.708740234375,276246.51085711084,405175.722618103,3694405.167236328,405725.23864746094,3694907.8759765625,,
C1237,R0390,0.3339175581932068,2,38SMB_00182_r960_c3360,1,545.9450912475586,798.7005615234375,436046.6509403894,433600.0,3688028.1884765625,434145.94509124756,3688826.889038086,,
C1238,R0523,0.3333760499954223,1,38SMB_00261_r1440_c2160,2,789.0284729003906,303.572998046875,239527.73906271905,422076.61766052246,3682400.0,422865.64613342285,3682703.572998047,,
C1239,R3821,0.3333037793636322,2,38SMB_01425_r7920_c9360,2,624.4645881652832,638.0099487304688,398414.6198793256,493699.76469039917,3618369.1314697266,494324.22927856445,3619007.141418457,,
C1240,R3179,0.3332745432853699,2,38SMB_01284_r7200_c5760,2,334.969482421875,339.79095458984375,113819.60019059479,458358.2177734375,3627300.724334717,458693.1872558594,3627640.5152893066,,
C1241,R3349,0.3331545889377594,1,38SMB_01322_r7440_c4800,1,322.5800323486328,359.6820068359375,116026.23340035789,448001.25885009766,3625240.317993164,448323.8388824463,3625600.0,,
C1242,R3867,0.3330896496772766,1,38SMB_01432_r8160_c960,7,370.50048828125,909.7618103027344,337067.194936797,412429.49951171875,3616724.8905944824,412800.0,3617634.652404785,,
C1243,R3962,0.3329662680625915,1,38SMB_01454_r8160_c6240,0,417.8851318359375,407.8997802734375,170455.25345541537,463920.8757019043,3615938.2415771484,464338.76083374023,3616346.141357422,,
C1244,R4004,0.332816332578659,1,38SMB_01463_r8160_c8400,0,749.0899658203125,320.8056640625,240312.30392754078,484292.88597106934,3615200.0,485041.97593688965,3615520.8056640625,,
C1245,R4607,0.3325643837451935,1,38SMB_01637_r9120_c9680,0,619.852294921875,903.4356689453125,559996.6727100313,499379.3487548828,3606373.4057617188,499999.2010498047,3607276.841430664,,
C1246,R4993,0.3323181271553039,1,38SMB_01740_r9680_c4320,0,368.8441848754883,550.2323913574219,202950.01788231893,443200.1964187622,3601921.536102295,443569.0406036377,3602471.7684936523,,
C1247,R1003,0.3321883082389831,1,38SMB_00466_r2640_c960,1,551.3162231445312,581.3101196289062,320485.69962950423,410932.06634521484,3671802.499847412,411483.3825683594,3672383.809967041,,
C1248,R2996,0.3321300148963928,1,38SMB_01239_r6960_c5040,3,606.6241455078125,623.0319213867188,377946.2069353089,451332.83416748047,3628797.9400634766,451939.4583129883,3629420.9719848633,,
C1249,R1722,0.331841766834259,1,38SMB_00733_r4080_c4560,1,560.1610565185547,375.3141403198242,210236.36536790582,446676.0846710205,3658824.108390808,447236.24572753906,3659199.422531128,,
C1250,R1876,0.3314476311206817,3,38SMB_00778_r4320_c5280,1,468.541259765625,520.2494812011719,243758.3473144099,455525.51208496094,3655900.074081421,455994.05334472656,3656420.323562622,,
C1251,R1957,0.3313451409339905,1,38SMB_00818_r4560_c4800,8,836.7092895507812,948.2996368408203,793451.1154223466,449666.11389160156,3652475.3018188477,450502.82318115234,3653423.6014556885,,
C1252,R1470,0.331141710281372,2,38SMB_00651_r3600_c5040,0,538.978271484375,662.9154968261719,357297.0486195758,453056.4587402344,3662841.4224243164,453595.43701171875,3663504.3379211426,,
C1253,R1516,0.3311358988285064,2,38SMB_00681_r3840_c2160,2,477.952880859375,182.54072189331055,87245.86390305776,423979.51110839844,3661417.4592781067,424457.4639892578,3661600.0,,
C1254,R3904,0.3310178220272064,1,38SMB_01441_r8160_c3120,1,583.3038330078125,352.0716857910156,205364.7638154216,432894.24530029297,3618047.928314209,433477.5491333008,3618400.0,,
C1255,R3374,0.3304348886013031,2,38SMB_01326_r7440_c5760,0,446.18370056152344,443.8901138305664,198056.533631598,457982.59941101074,3624623.0520629883,458428.78311157227,3625066.942176819,,
C1256,R2165,0.3301092088222503,1,38SMB_00906_r5040_c5760,2,147.05801010131836,526.3131713867188,77398.56767424499,457600.0,3647192.907409668,457747.0580101013,3647719.2205810547,,
C1257,R4476,0.329957365989685,1,38SMB_01604_r9120_c1920,2,1023.8421630859375,1304.6566772460938,1335762.5145161524,421376.15783691406,3605600.0,422400.0,3606904.656677246,,
C1258,R3998,0.329765647649765,1,38SMB_01462_r8160_c8160,0,767.6812744140625,799.27001953125,613584.6271947026,483321.34384155273,3616896.207885742,484089.0251159668,3617695.4779052734,,
C1259,R2725,0.3296753466129303,1,38SMB_01153_r6480_c4560,4,408.7548828125,395.64605712890625,161722.25771695375,448389.5056152344,3634804.353942871,448798.2604980469,3635200.0,,
C1260,R1536,0.3293207287788391,1,38SMB_00684_r3840_c2880,3,549.3310546875,552.213134765625,303347.82373309135,429989.7953796387,3659371.2438964844,430539.1264343262,3659923.45703125,,
C1261,R0913,0.3292679786682129,1,38SMB_00431_r2400_c2640,4,1014.3450927734375,919.403076171875,932591.9985957444,427634.23568725586,3674267.0010375977,428648.5807800293,3675186.4041137695,,
C1262,R0151,0.3291346728801727,1,38SMB_00046_r240_c960,4,774.9688720703125,544.8183441162109,422217.25762295537,411544.46868896484,3697055.181655884,412319.43756103516,3697600.0,,
C1263,R3130,0.3285904228687286,2,38SMB_01277_r7200_c4080,1,1190.0205993652344,748.8995361328125,891205.8748531155,442788.5737609863,3624800.0,443978.59436035156,3625548.899536133,,
C1264,R3029,0.3282595574855804,1,38SMB_01251_r6960_c7920,1,509.7442626953125,466.9801330566406,238040.4436183162,480482.69104003906,3629331.504058838,480992.4353027344,3629798.4841918945,,
C1265,R3170,0.3280201852321625,1,38SMB_01283_r7200_c5520,2,681.3552856445312,797.55615234375,543419.0999977291,456650.8476257324,3625707.398071289,457332.20291137695,3626504.954223633,,
C1266,R3211,0.3278988301753998,1,38SMB_01294_r7200_c8160,1,514.6771240234375,577.5551986694336,297254.44861596916,482764.7546386719,3626892.7268981934,483279.4317626953,3627470.282096863,,
C1267,R3042,0.3278599381446838,1,38SMB_01253_r6960_c8400,3,643.6470031738281,661.7798614501953,425952.6245832094,484518.0355834961,3628526.191101074,485161.6825866699,3629187.9709625244,,
C1268,R1407,0.3277592658996582,2,38SMB_00637_r3600_c1680,2,831.8568420410156,847.4270629882812,704938.0004775245,417641.2889099121,3663152.5729370117,418473.1457519531,3664000.0,,
C1269,R3868,0.3276678919792175,2,38SMB_01432_r8160_c960,8,538.8477325439453,509.530029296875,274559.1009496711,410660.2858734131,3615215.3469848633,411199.13360595703,3615724.87701416,,
C1270,R3999,0.3276103138923645,1,38SMB_01462_r8160_c8160,1,510.8929443359375,363.87908935546875,185903.25934309512,484289.10705566406,3615200.0,484800.0,3615563.8790893555,,
C1271,R4640,0.3272875249385834,1,38SMB_01646_r9360_c1920,1,1323.7271118164062,1110.9136962890625,1470546.578666009,420449.9298095703,3603779.3576049805,421773.6569213867,3604890.2713012695,,
C1272,R4042,0.3263165950775146,1,38SMB_01475_r8400_c1200,3,840.47607421875,708.0729675292969,595118.3880094439,414099.46228027344,3614521.2017822266,414939.9383544922,3615229.274749756,,
C1273,R2768,0.3262358009815216,2,38SMB_01168_r6480_c8160,0,675.567626953125,647.8916931152344,437694.6536405012,483305.5276489258,3634249.2181396484,483981.0952758789,3634897.1098327637,,
C1274,R3609,0.3261262774467468,1,38SMB_01374_r7680_c7200,2,230.12939453125,769.3780517578125,177056.50521665812,474969.3420410156,3621056.70501709,475199.4714355469,3621826.0830688477,,
C1275,R2230,0.3254770040512085,1,38SMB_00953_r5280_c6960,1,585.4539489746094,218.8224220275879,128110.45110023988,470075.41595458984,3646981.1319351196,470660.86990356445,3647199.954357147,,
C1276,R3741,0.3252396285533905,2,38SMB_01403_r7920_c4080,0,462.22869873046875,323.4588623046875,149511.96901593357,441466.0752105713,3620475.817642212,441928.30390930176,3620799.2765045166,,
C1277,R3366,0.3251176178455353,1,38SMB_01324_r7440_c5280,5,516.3604736328125,531.1163330078125,274247.48126603663,454610.39825439453,3623494.664916992,455126.75872802734,3624025.78125,,
C1278,R4169,0.3246022164821625,1,38SMB_01519_r8640_c1680,0,821.3069152832031,1291.5939331054688,1060795.0289973523,416801.2577819824,3610634.7692871094,417622.5646972656,3611926.363220215,,
C1279,R0657,0.3244900703430176,1,38SMB_00340_r1920_c960,2,613.27392578125,621.3140869140625,381035.7292249799,409943.12774658203,3679295.979156494,410556.4016723633,3679917.293243408,,
C1280,R3586,0.324313759803772,1,38SMB_01371_r7680_c6480,5,522.255859375,310.4083251953125,162112.5666320324,466678.8296508789,3620000.0,467201.0855102539,3620310.4083251953,,
C1281,R3712,0.3242780566215515,1,38SMB_01400_r7920_c3360,6,570.0067138671875,420.5000686645508,239687.8623204073,434873.08364868164,3620379.4999313354,435443.0903625488,3620800.0,,
C1282,R4726,0.3242038488388061,1,38SMB_01654_r9360_c3840,5,730.8547973632812,752.8564453125,550228.7447825074,438786.3038635254,3604036.418762207,439517.1586608887,3604789.2752075195,,
C1283,R3567,0.3241141140460968,4,38SMB_01367_r7680_c5520,0,434.2523193359375,356.98734283447266,155022.58159944322,457506.66931152344,3622843.0126571655,457940.9216308594,3623200.0,,
C1284,R4867,0.3240742087364197,4,38SMB_01700_r9600_c4800,0,490.2459716796875,483.9208984375,237240.27107059956,450652.59552001953,3600809.878540039,451142.8414916992,3601293.7994384766,,
C1285,R1439,0.3240509033203125,2,38SMB_00644_r3600_c3360,2,422.68798828125,407.169189453125,172105.52558004856,436046.3558959961,3661801.7626953125,436469.04388427734,3662208.9318847656,,
C1286,R1773,0.3239052295684814,1,38SMB_00767_r4320_c2640,2,380.8167266845703,382.1728515625,145537.81435973942,427578.2155609131,3654878.180847168,427959.03228759766,3655260.3536987305,,
C1287,R4328,0.3238520622253418,1,38SMB_01564_r8880_c2400,3,900.0137329101562,919.03564453125,827144.7011120617,425282.9928588867,3608532.1923828125,426183.0065917969,3609451.2280273438,,
C1288,R2113,0.3237399458885193,1,38SMB_00898_r5040_c3840,5,683.1386947631836,742.9644775390625,507547.7834414458,438850.6949234009,3647093.9335632324,439533.83361816406,3647836.8980407715,,
C1289,R4621,0.3235629200935364,1,38SMB_01644_r9360_c1440,2,912.7674102783203,772.8158569335938,705401.1283552973,415370.638961792,3604018.5636901855,416283.4063720703,3604791.379547119,,
C1290,R4104,0.3232810795307159,3,38SMB_01489_r8400_c4560,3,672.1368408203125,596.4258575439453,400879.79167313315,447328.5583496094,3615399.626350403,448000.6951904297,3615996.052207947,,
C1291,R4901,0.3231536149978637,2,38SMB_01706_r9600_c6240,0,620.3549194335938,671.6558837890625,416665.0316750631,464192.0034790039,3601330.605163574,464812.3583984375,3602002.2610473633,,
C1292,R3459,0.3230742812156677,2,38SMB_01350_r7680_c1440,1,658.6021423339844,797.75390625,525402.4317115545,416829.87564086914,3620724.0100097656,417488.4777832031,3621521.7639160156,,
C1293,R4971,0.322434514760971,1,38SMB_01734_r9680_c2880,1,528.79150390625,535.17578125,282996.40622138977,430391.4874267578,3600256.321411133,430920.27893066406,3600791.497192383,,
C1294,R4565,0.3216370344161987,1,38SMB_01613_r9120_c4080,1,1316.0552215576172,1132.7136993408203,1490713.7785473315,441538.196182251,3606936.797180176,442854.2514038086,3608069.5108795166,,
C1295,R0756,0.3215717077255249,1,38SMB_00381_r2160_c720,4,401.21551513671875,437.29248046875,175448.52781668305,409998.7844848633,3675200.0,410400.0,3675637.2924804688,,
C1296,R0017,0.3215354979038238,2,38SMB_00002_r0_c480,4,342.7073669433594,343.857421875,117842.47165471315,405107.0252227783,3698913.430633545,405449.7325897217,3699257.28805542,,
C1297,R4127,0.3214556276798248,1,38SMB_01498_r8400_c6720,2,513.753662109375,529.2254638671875,271891.5201433003,468275.8367919922,3614371.683654785,468789.59045410156,3614900.9091186523,,
C1298,R0391,0.3210010826587677,2,38SMB_00183_r960_c3600,0,910.3167724609375,1018.9167022705078,927536.9638174307,438289.68322753906,3688589.736022949,439200.0,3689608.6527252197,,
C1299,R2342,0.3208628296852112,1,38SMB_01021_r5760_c3120,0,522.269287109375,552.1145629882812,288352.47921459377,432335.33096313477,3640690.6100463867,432857.60025024414,3641242.724609375,,
C1300,R4566,0.3204855620861053,1,38SMB_01613_r9120_c4080,2,880.1812744140625,730.6845092773438,643134.8225703463,442952.5619506836,3607227.162322998,443832.74322509766,3607957.8468322754,,
C1301,R4079,0.3204440474510193,2,38SMB_01485_r8400_c3600,0,706.278076171875,661.5110778808594,467210.77145207673,438493.7219238281,3612800.2478027344,439200.0,3613461.7588806152,,
C1302,R2182,0.3199284970760345,1,38SMB_00931_r5280_c1680,0,938.3720397949219,1064.8736572265625,999247.6658555679,416804.4821166992,3645892.4642944336,417742.85415649414,3646957.33795166,,
C1303,R3937,0.3191632330417633,1,38SMB_01447_r8160_c4560,6,479.365234375,136.54052734375,65452.781891822815,447360.6088256836,3615200.4217529297,447839.9740600586,3615336.9622802734,,
C1304,R5031,0.3190770447254181,2,38SMB_01747_r9680_c6000,3,496.25244140625,465.54351806640625,231027.10742130876,461635.1333618164,3601084.262237549,462131.38580322266,3601549.8057556152,,
C1305,R3977,0.3188295066356659,2,38SMB_01457_r8160_c6960,2,798.4222412109375,731.3934326171875,583960.7836771756,471955.46173095703,3616539.363555908,472753.88397216797,3617270.7569885254,,
C1306,R4375,0.3186585307121277,1,38SMB_01568_r8880_c3360,4,781.8710327148438,803.6740112304688,628369.4291268475,434013.9139556885,3608713.475341797,434795.7849884033,3609517.1493530273,,
C1307,R1828,0.3183194696903229,1,38SMB_00771_r4320_c3600,6,651.1419677734375,659.9191284179688,429701.039849408,436958.50189208984,3654471.1932373047,437609.6438598633,3655131.1123657227,,
C1308,R4111,0.3181021213531494,1,38SMB_01491_r8400_c5040,0,291.8546676635742,617.0681762695312,180094.22751091188,450400.0,3614360.735321045,450691.8546676636,3614977.8034973145,,
C1309,R1285,0.3180324137210846,1,38SMB_00570_r3120_c5760,1,1307.1328735351562,710.7344055175781,929024.3058044929,457600.0,3665600.0,458907.13287353516,3666310.7344055176,,
C1310,R3735,0.3180016875267029,1,38SMB_01402_r7920_c3840,3,1289.1804504394531,1075.0508117675781,1385934.489759826,438889.3016052246,3619724.9491882324,440178.48205566406,3620800.0,,
C1311,R4929,0.3177056014537811,1,38SMB_01730_r9680_c1920,1,954.59228515625,934.6209716796875,892181.9691106677,420929.50927734375,3600479.476928711,421884.1015625,3601414.0979003906,,
C1312,R3986,0.3172950446605682,1,38SMB_01459_r8160_c7440,1,568.5379028320312,501.60369873046875,285180.7149290107,475417.12661743164,3615737.9736328125,475985.6645202637,3616239.577331543,,
C1313,R2440,0.3172778189182281,1,38SMB_01059_r6000_c2160,0,954.3229675292969,685.2083587646484,653910.0743121584,422216.43493652344,3639314.19921875,423170.75790405273,3639999.4075775146,,
C1314,R2143,0.3172332048416137,2,38SMB_00902_r5040_c4800,0,713.900146484375,735.5010986328125,525074.3420533836,448231.51428222656,3646881.513671875,448945.41442871094,3647617.014770508,,
C1315,R4385,0.3171334266662597,1,38SMB_01569_r8880_c3600,4,510.69793701171875,491.8013000488281,251161.90935461782,437053.21350097656,3609678.984375,437563.9114379883,3610170.785675049,,
C1316,R4428,0.3169704973697662,1,38SMB_01577_r8880_c5520,0,769.5011901855469,807.3207855224609,621234.3053210643,455794.8783874512,3610195.7077789307,456564.3795776367,3611003.028564453,,
C1317,R2516,0.3168108165264129,1,38SMB_01078_r6000_c6720,1,687.491455078125,685.5175018310547,471287.424815353,468867.9772949219,3638332.091369629,469555.46875,3639017.60887146,,
C1318,R2538,0.3166201412677765,2,38SMB_01091_r6000_c9680,0,1161.3653564453125,1036.5525817871094,1203816.2586214952,498040.7891845703,3636803.079223633,499202.1545410156,3637839.63180542,,
C1319,R2349,0.3165412247180938,1,38SMB_01025_r5760_c4080,4,421.20208740234375,404.5757293701172,170408.14172301907,442160.5342102051,3640746.061706543,442581.7362976074,3641150.637435913,,
C1320,R0560,0.3163948357105255,1,38SMB_00294_r1680_c0,2,1017.5921630859375,941.9796752929688,958551.1353643611,401350.75271606445,3682258.020324707,402368.3448791504,3683200.0,,
C1321,R3881,0.3161220252513885,1,38SMB_01434_r8160_c1440,1,1042.5006103515625,1058.6581420898438,1103651.7592823133,416193.08380126953,3615828.302001953,417235.5844116211,3616886.960144043,,
C1322,R1210,0.3157805800437927,1,38SMB_00551_r3120_c1200,2,865.2471923828125,751.6674423217773,650378.1440744875,412852.51068115234,3667556.3008117676,413717.75787353516,3668307.9682540894,,
C1323,R0757,0.3155601620674133,1,38SMB_00381_r2160_c720,5,481.634521484375,271.085205078125,130563.9930292964,408820.0991821289,3675200.0,409301.7337036133,3675471.085205078,,
C1324,R4145,0.3155589997768402,1,38SMB_01504_r8400_c8160,1,1049.1891479492188,972.7934265136719,1020644.3062944803,482829.65118408203,3614441.597595215,483878.84033203125,3615414.3910217285,,
C1325,R0874,0.3153714835643768,1,38SMB_00426_r2400_c1440,2,532.2210693359375,302.2007369995117,160837.59939998854,415809.97314453125,3675697.3300743103,416342.1942138672,3675999.53081131,,
C1326,R2012,0.315277099609375,1,38SMB_00855_r4800_c3600,3,576.0531234741211,288.04128646850586,165927.0827596869,436626.6208267212,3651711.9587135315,437202.6739501953,3652000.0,,
C1327,R4555,0.3148999512195587,2,38SMB_01611_r9120_c3600,4,534.9227905273438,526.3272094726562,281544.4196215831,436120.54069519043,3606393.8832092285,436655.4634857178,3606920.210418701,,
C1328,R2388,0.3148472905158996,1,38SMB_01030_r5760_c5280,0,483.8446044921875,234.0867042541504,113261.58883672906,454767.3678588867,3642165.913295746,455251.2124633789,3642400.0,,
C1329,R0494,0.3145378530025482,1,38SMB_00252_r1440_c0,0,1161.1560821533203,978.2965087890625,1135954.941329779,401273.6531829834,3682401.4916992188,402434.8092651367,3683379.788208008,,
C1330,R0018,0.3143215775489807,1,38SMB_00002_r0_c480,5,762.6889038085938,706.5264129638672,538859.8554152297,406139.9151611328,3699293.473587036,406902.6040649414,3700000.0,,
C1331,R3982,0.3138375580310821,1,38SMB_01458_r8160_c7200,3,458.59161376953125,450.638427734375,206659.00380127132,474107.22747802734,3616130.5906677246,474565.8190917969,3616581.229095459,,
C1332,R2526,0.3138055205345154,2,38SMB_01083_r6000_c7920,0,478.49884033203125,561.4820098876953,268668.4905985603,481921.50115966797,3638330.1412963867,482400.0,3638891.6233062744,,
C1333,R0385,0.3137272596359253,1,38SMB_00180_r960_c2880,0,534.2050170898438,553.299560546875,295575.4011977464,430780.6008911133,3688588.290710449,431314.8059082031,3689141.590270996,,
C1334,R4864,0.3137133121490478,1,38SMB_01699_r9600_c4560,1,592.4154663085938,296.7271614074707,175785.75969163212,446636.57470703125,3603702.832584381,447228.99017333984,3603999.5597457886,,
C1335,R0789,0.3134642839431762,1,38SMB_00387_r2160_c2160,1,135.823974609375,379.1322326660156,51495.24674322456,424663.7561035156,3677460.398712158,424799.580078125,3677839.530944824,,
C1336,R3750,0.3132771551609039,2,38SMB_01404_r7920_c4320,4,433.8507843017578,529.737548828125,229827.05103317276,443200.0,3619066.7864990234,443633.85078430176,3619596.5240478516,,
C1337,R4502,0.3131911754608154,1,38SMB_01606_r9120_c2400,3,1318.0490112304688,1261.2389373779297,1662374.7343363473,424604.05014038086,3606580.0549316406,425922.0991516113,3607841.2938690186,,
C1338,R0253,0.3131311237812042,1,38SMB_00093_r480_c2160,3,285.4949951171875,492.17071533203125,140512.27597054094,424514.5050048828,3693924.5401000977,424800.0,3694416.7108154297,,
C1339,R4964,0.3129504024982452,2,38SMB_01733_r9680_c2640,0,523.1076049804688,549.5637512207031,287480.9776851442,427133.1623840332,3602193.6254882812,427656.2699890137,3602743.189239502,,
C1340,R2079,0.3122491538524627,1,38SMB_00875_r4800_c8400,1,641.727294921875,700.8811950683594,449774.59337282926,485347.0474243164,3649019.9536132812,485988.7747192383,3649720.8348083496,,
C1341,R4641,0.3118877708911896,2,38SMB_01646_r9360_c1920,2,799.82177734375,1075.354232788086,860091.7337426916,421591.46209716797,3605324.645767212,422391.2838745117,3606400.0,,
C1342,R1336,0.3115065395832062,2,38SMB_00601_r3360_c3120,3,578.69873046875,286.8334770202637,165990.16900756396,433708.16680908203,3666112.624435425,434286.8655395508,3666399.457912445,,
C1343,R0556,0.3114771842956543,1,38SMB_00285_r1440_c7920,0,417.78594970703125,416.0511016845703,173820.30464394484,480750.3593444824,3684110.1217651367,481168.14529418945,3684526.1728668213,,
C1344,R4906,0.3114306330680847,1,38SMB_01710_r9600_c7200,0,698.8119506835938,713.2003784179688,498392.947670538,473689.11071777344,3603022.52243042,474387.92266845703,3603735.722808838,,
C1345,R4989,0.3111839592456817,2,38SMB_01739_r9680_c4080,3,503.4173583984375,477.2784423828125,240270.25268487632,442608.49884033203,3601777.59185791,443111.91619873047,3602254.870300293,,
C1346,R1923,0.3109979629516601,2,38SMB_00813_r4560_c3600,4,405.1500701904297,396.6546630859375,160704.66459062882,436289.84214782715,3651797.9296875,436694.9922180176,3652194.584350586,,
C1347,R3105,0.3109068572521209,1,38SMB_01272_r7200_c2880,4,608.4918212890625,593.5089874267578,361145.36471073516,430162.35778808594,3626247.6623535156,430770.849609375,3626841.1713409424,,
C1348,R1194,0.310854434967041,1,38SMB_00531_r2880_c6480,0,522.984619140625,501.38580322265625,262217.06334091723,466736.8019104004,3668446.0580444336,467259.786529541,3668947.4438476562,,
C1349,R1323,0.3106585443019867,1,38SMB_00599_r3360_c2640,4,505.4154968261719,865.5426025390625,437458.6444864981,426400.0,3663316.4080810547,426905.4154968262,3664181.9506835938,,
C1350,R1483,0.3103459775447845,1,38SMB_00653_r3600_c5520,3,1163.9723205566406,1155.028076171875,1344420.7101298496,455666.40365600586,3661470.0872802734,456830.3759765625,3662625.1153564453,,
C1351,R0790,0.3101752400398254,1,38SMB_00387_r2160_c2160,2,735.3758239746094,695.419921875,511394.9980571866,422341.61239624023,3676157.3614501953,423076.98822021484,3676852.7813720703,,
C1352,R3876,0.3100595474243164,1,38SMB_01433_r8160_c1200,3,1088.2876586914062,704.96826171875,767208.258997649,412102.0397949219,3615200.0,413190.3274536133,3615904.9682617188,,
C1353,R4165,0.3099485635757446,1,38SMB_01518_r8640_c1440,0,1269.2840576171875,1288.1478881835938,1635025.578324683,416293.44940185547,3610659.118041992,417562.73345947266,3611947.265930176,,
C1354,R0070,0.3097402453422546,1,38SMB_00007_r0_c1680,2,690.1675415039062,207.53173828125,143231.66959360242,418565.5596923828,3696800.114135742,419255.7272338867,3697007.6458740234,,
C1355,R0095,0.3096288442611694,1,38SMB_00013_r0_c3120,0,991.05224609375,938.8804626464844,930479.5913193375,431931.09802246094,3698669.590148926,432922.1502685547,3699608.4706115723,,
C1356,R1707,0.3092069923877716,1,38SMB_00729_r4080_c3600,3,992.6307678222656,1059.8001098632812,1051990.1967917103,438207.36923217773,3657215.5409240723,439200.0,3658275.3410339355,,
C1357,R4276,0.3090020418167114,1,38SMB_01533_r8640_c5040,0,1139.552001953125,1223.6920166015625,1394460.6872923672,452378.73596191406,3610992.943725586,453518.2879638672,3612216.6357421875,,
C1358,R5019,0.3090012073516845,2,38SMB_01745_r9680_c5520,1,916.5679931640625,773.958740234375,709385.809328407,456597.27478027344,3600789.094848633,457513.8427734375,3601563.053588867,,
C1359,R2645,0.3089760541915893,1,38SMB_01125_r6240_c7920,0,523.4613037109375,498.7493896484375,261076.00573040545,480614.7213745117,3635391.2158203125,481138.18267822266,3635889.965209961,,
C1360,R4997,0.3089166283607483,1,38SMB_01742_r9680_c4800,0,726.66748046875,773.974609375,562422.1793413162,449446.9465637207,3600508.656616211,450173.61404418945,3601282.631225586,,
C1361,R2869,0.3083926737308502,2,38SMB_01196_r6720_c4800,5,344.9652099609375,547.1429443359375,188745.28067149222,450855.03479003906,3629958.5079956055,451200.0,3630505.6509399414,,
C1362,R3231,0.3083830177783966,2,38SMB_01298_r7200_c9120,1,527.1728515625,598.9138412475586,315731.1175307259,493871.0266113281,3626963.274230957,494398.1994628906,3627562.1880722046,,
C1363,R3305,0.308340311050415,1,38SMB_01316_r7440_c3360,8,481.771240234375,480.7151794433594,231594.74819991738,435085.9115600586,3624510.0827026367,435567.68280029297,3624990.79788208,,
C1364,R1574,0.3081381916999817,4,38SMB_00688_r3840_c3840,1,470.05859375,468.60107421875,220269.961977005,440706.7105102539,3658524.9975585938,441176.7691040039,3658993.5986328125,,
C1365,R4808,0.3076174557209015,2,38SMB_01689_r9600_c2160,3,973.8317108154297,1034.73876953125,1007661.4261796698,422877.08198547363,3601525.69732666,423850.91369628906,3602560.4360961914,,
C1366,R1798,0.3075307011604309,1,38SMB_00769_r4320_c3120,5,703.7985229492188,751.0704803466797,528602.2946987534,431550.2388763428,3654863.876953125,432254.037399292,3655614.9474334717,,
C1367,R3481,0.307418942451477,2,38SMB_01355_r7680_c2640,1,845.01220703125,424.0727233886719,358346.6279324144,428663.4393310547,3622775.9272766113,429508.45153808594,3623200.0,,
C1368,R0853,0.3072730600833893,1,38SMB_00423_r2400_c720,2,989.9358367919922,840.283203125,831826.4558278024,408477.08656311035,3673625.3240966797,409467.02239990234,3674465.6072998047,,
C1369,R2040,0.3069819211959839,1,38SMB_00859_r4800_c4560,0,368.39447021484375,389.542236328125,143505.20577840507,447907.08984375,3649359.0899658203,448275.48431396484,3649748.6322021484,,
C1370,R1746,0.3068494796752929,1,38SMB_00745_r4080_c7440,1,558.8250732421875,171.82086944580078,96017.80995258596,475980.8758544922,3659027.861404419,476539.7009277344,3659199.6822738647,,
C1371,R2407,0.3065713346004486,1,38SMB_01040_r5760_c7680,1,397.4609375,399.1868591308594,158661.1832678318,478556.60736083984,3641166.1753845215,478954.06829833984,3641565.3622436523,,
C1372,R1053,0.3062587082386017,1,38SMB_00475_r2640_c3120,1,539.1751098632812,536.0818481445312,289041.9893690385,432783.8432312012,3671848.819885254,433323.01834106445,3672384.9017333984,,
C1373,R5057,0.3059950768947601,2,38SMB_01761_r9680_c9360,1,959.2098999023438,1006.893310546875,965822.0316220075,495333.87451171875,3601548.990020752,496293.0844116211,3602555.883331299,,
C1374,R5026,0.3057224452495575,2,38SMB_01746_r9680_c5760,2,533.1109619140625,518.5488891601562,276444.0970996395,459058.7463378906,3601191.7012023926,459591.8572998047,3601710.2500915527,,
C1375,R4254,0.3055711388587951,1,38SMB_01529_r8640_c4080,3,730.8920288085938,839.82177734375,613819.0426804125,440800.0,3610630.2975463867,441530.8920288086,3611470.1193237305,,
C1376,R1358,0.3052149713039398,1,38SMB_00604_r3360_c3840,1,452.3333740234375,467.57110595703125,211498.01595341414,440254.18884277344,3663770.1473999023,440706.5222167969,3664237.7185058594,,
C1377,R4014,0.304633766412735,2,38SMB_01471_r8400_c240,0,533.5235595703125,528.69140625,282069.32097673416,404206.21673583984,3613168.960571289,404739.74029541016,3613697.651977539,,
C1378,R4930,0.3038402199745178,2,38SMB_01730_r9680_c1920,2,432.59765625,414.89013671875,179480.50074577332,420576.9497680664,3600966.6705322266,421009.5474243164,3601381.5606689453,,
C1379,R2680,0.3037824332714081,2,38SMB_01144_r6480_c2400,2,572.87353515625,565.1825714111328,323778.13769299537,425335.7684326172,3634612.8046417236,425908.64196777344,3635177.9872131348,,
C1380,R3543,0.303631991147995,1,38SMB_01362_r7680_c4320,4,390.2056884765625,399.9530029296875,156063.93686644733,445492.64587402344,3620713.687438965,445882.8515625,3621113.6404418945,,
C1381,R0371,0.3031812906265259,2,38SMB_00176_r960_c1920,2,771.81640625,756.3352966308594,583751.9905656576,421585.08026123047,3688879.0158081055,422356.89666748047,3689635.3511047363,,
C1382,R2068,0.3031746447086334,1,38SMB_00870_r4800_c7200,1,903.3987426757812,1245.1538848876953,1124870.4540454084,474296.6012573242,3649813.262939453,475200.0,3651058.416824341,,
C1383,R3957,0.3027311563491821,1,38SMB_01450_r8160_c5280,1,824.7366333007812,833.7225341796875,687601.515946351,453654.3698120117,3615901.6235351562,454479.1064453125,3616735.346069336,,
C1384,R2667,0.3027136623859405,1,38SMB_01136_r6480_c480,0,1358.7588500976562,1001.9029235839844,1361344.4643584546,404800.0,3632004.345703125,406158.75885009766,3633006.248626709,,
C1385,R0616,0.3025113940238952,1,38SMB_00305_r1680_c2640,0,826.5679931640625,816.5240478515625,674912.643602863,427878.2620239258,3680807.3252868652,428704.83001708984,3681623.849334717,,
C1386,R1430,0.3021941781044006,1,38SMB_00643_r3600_c3120,2,637.2606658935547,200.48828125,127763.29561322927,432243.31703186035,3660800.2923583984,432880.5776977539,3661000.7806396484,,
C1387,R0906,0.3021528422832489,2,38SMB_00430_r2400_c2400,3,482.7142333984375,516.4056396484375,249276.35246552527,426481.2060546875,3674630.2102661133,426963.92028808594,3675146.6159057617,,
C1388,R0006,0.3020292818546295,1,38SMB_00001_r0_c240,0,679.63623046875,405.419921875,275538.0674600601,403121.0012817383,3696801.9982910156,403800.63751220703,3697207.4182128906,,
C1389,R1931,0.301942229270935,1,38SMB_00814_r4560_c3840,2,1239.7189331054688,1018.759765625,1262975.7697314024,439145.037689209,3651205.3103637695,440384.75662231445,3652224.0701293945,,
C1390,R0549,0.3016683161258697,1,38SMB_00277_r1440_c6000,1,585.4022216796875,621.4361572265625,363790.1070725173,462163.5659790039,3682791.3259887695,462748.9682006836,3683412.762145996,,
C1391,R1627,0.3009487986564636,1,38SMB_00721_r4080_c1680,0,482.82958984375,779.9923706054688,376603.3963806927,419516.2365722656,3657565.7273864746,419999.0661621094,3658345.71975708,,
C1392,R2007,0.3008861839771271,1,38SMB_00854_r4800_c3360,3,497.5390625,497.222900390625,247387.81571388245,435722.8381347656,3649888.6361694336,436220.3771972656,3650385.859069824,,
C1393,R4397,0.3008127808570862,1,38SMB_01571_r8880_c4080,2,725.8528137207031,571.1933517456055,414602.301543107,440800.0,3610628.713760376,441525.8528137207,3611199.9071121216,,
C1394,R1102,0.3007668554782867,1,38SMB_00505_r2880_c240,0,740.72998046875,748.3267211914062,554308.0375723541,403897.93701171875,3669540.700378418,404638.6669921875,3670289.0270996094,,
C1395,R3399,0.3006838262081146,1,38SMB_01329_r7440_c6480,3,718.902587890625,797.8585815429688,573582.5990419835,466124.62799072266,3623289.8779296875,466843.5305786133,3624087.7365112305,,
C1396,R1471,0.3003958165645599,1,38SMB_00651_r3600_c5040,1,626.5631103515625,612.2137451171875,383590.5483406037,451745.3495788574,3662848.567504883,452371.912689209,3663460.78125,,
C1397,R3121,0.2999372482299804,1,38SMB_01275_r7200_c3600,4,969.3618774414062,920.252685546875,892057.8709822148,437935.0378417969,3625566.6760253906,438904.3997192383,3626486.9287109375,,
C1398,R1799,0.2999087274074554,1,38SMB_00769_r4320_c3120,6,428.092041015625,430.0083923339844,184083.170328103,433377.32360839844,3655464.5599365234,433805.41564941406,3655894.5683288574,,
C1399,R0299,0.2998705804347992,1,38SMB_00132_r720_c1440,1,1125.6602478027344,1184.0579223632812,1332846.934300242,414982.1710205078,3690728.9916992188,416107.83126831055,3691913.049621582,,
C1400,R1996,0.2998633980751037,1,38SMB_00844_r4800_c960,0,719.6438598632812,770.1513671875,554234.7025617957,410081.57455444336,3649434.179992676,410801.21841430664,3650204.3313598633,,
C1401,R4080,0.2997905910015106,1,38SMB_01485_r8400_c3600,1,281.8809127807617,465.73619842529297,131282.14472716354,436000.0,3615534.2638015747,436281.88091278076,3616000.0,,
C1402,R3207,0.2992689609527588,2,38SMB_01289_r7200_c6960,0,828.0245971679688,916.832275390625,759159.6755009145,471971.97540283203,3625041.7712402344,472800.0,3625958.603515625,,
C1403,R1467,0.2988788187503814,1,38SMB_00650_r3600_c4800,0,392.28271484375,387.742919921875,152104.84528839588,450220.7275390625,3662232.843017578,450613.01025390625,3662620.5859375,,
C1404,R4307,0.2982801496982574,1,38SMB_01560_r8880_c1440,0,1136.279296875,607.6824951171875,690497.0382750034,416413.1234741211,3610590.2306747437,417549.4027709961,3611197.913169861,,
C1405,R4338,0.29825159907341,1,38SMB_01565_r8880_c2640,0,812.0635986328125,707.0135498046875,574139.9675365537,428418.45275878906,3608625.5834960938,429230.5163574219,3609332.5970458984,,
C1406,R0025,0.2979041934013366,1,38SMB_00003_r0_c720,3,831.9692230224609,687.4911499023438,571971.4778190712,407209.48051452637,3699312.5088500977,408041.4497375488,3700000.0,,
C1407,R1913,0.2975066006183624,1,38SMB_00812_r4560_c3360,3,119.4384765625,290.6610107421875,34716.10831916332,436680.01525878906,3651921.0983276367,436799.45373535156,3652211.759338379,,
C1408,R3974,0.2974735200405121,2,38SMB_01456_r8160_c6720,4,414.42291259765625,420.27997970581055,174173.65329616587,469462.08587646484,3617699.0342712402,469876.5087890625,3618119.314250946,,
C1409,R4231,0.2972957789897918,1,38SMB_01526_r8640_c3360,5,476.9061279296875,510.509033203125,243464.88629803061,435480.27069091797,3611230.394592285,435957.17681884766,3611740.9036254883,,
C1410,R1202,0.2966399192810058,2,38SMB_00550_r3120_c960,0,993.54248046875,694.6188354492188,690133.3207525313,411489.1827392578,3668100.4013061523,412482.72521972656,3668795.0201416016,,
C1411,R2197,0.2966086864471435,2,38SMB_00940_r5280_c3840,5,448.7060546875,501.263427734375,224919.93501782417,440332.3715209961,3644095.8557128906,440781.0775756836,3644597.119140625,,
C1412,R1766,0.2964097559452057,1,38SMB_00766_r4320_c2400,2,620.63720703125,644.7634887695312,400164.2108656466,425707.51403808594,3655021.8812561035,426328.1512451172,3655666.644744873,,
C1413,R1958,0.2961679697036743,1,38SMB_00818_r4560_c4800,9,145.84474563598633,556.22314453125,81122.22303100862,448000.0,3652546.14944458,448145.844745636,3653102.3725891113,,
C1414,R4173,0.2961637079715729,1,38SMB_01520_r8640_c1920,2,451.65504455566406,936.8594360351562,423137.2903248528,419200.0,3610893.809814453,419651.65504455566,3611830.6692504883,,
C1415,R2014,0.2961369454860687,1,38SMB_00855_r4800_c3600,5,495.716552734375,215.909423828125,107029.87528294325,437840.9780883789,3648800.267944336,438336.6946411133,3649016.177368164,,
C1416,R1801,0.2961355745792389,2,38SMB_00769_r4320_c3120,8,507.286376953125,350.999755859375,178057.39446133375,433881.4697265625,3656449.0002441406,434388.7561035156,3656800.0,,
C1417,R4736,0.2959072291851043,2,38SMB_01657_r9360_c4560,1,599.8748779296875,601.22314453125,360658.66043418646,447940.7244873047,3604793.610687256,448540.5993652344,3605394.833831787,,
C1418,R3092,0.2956416308879852,2,38SMB_01270_r7200_c2400,1,787.0399475097656,355.7928466796875,280023.18337513134,426264.5457458496,3624800.0,427051.5856933594,3625155.7928466797,,
C1419,R1324,0.2955948710441589,2,38SMB_00599_r3360_c2640,5,886.5225219726562,729.7970581054688,646981.5284798853,427883.81439208984,3663200.0,428770.3369140625,3663929.7970581055,,
C1420,R4556,0.2953720092773437,1,38SMB_01611_r9120_c3600,5,322.197265625,173.4758758544922,55893.45285221934,436001.87911987305,3608625.898361206,436324.07638549805,3608799.3742370605,,
C1421,R2582,0.2952403426170349,2,38SMB_01108_r6240_c3840,5,787.3573303222656,847.4658203125,667258.4258206189,440746.41036987305,3634734.446411133,441533.7677001953,3635581.9122314453,,
C1422,R3523,0.2949853241443634,1,38SMB_01359_r7680_c3600,8,887.2499084472656,1183.0239868164062,1049637.9239937756,436007.9772949219,3621430.348510742,436895.22720336914,3622613.3724975586,,
C1423,R4205,0.2947591543197632,2,38SMB_01524_r8640_c2880,6,318.441162109375,314.06219482421875,100010.33029444516,429273.08921813965,3611759.379272461,429591.530380249,3612073.441467285,,
C1424,R3605,0.294658362865448,1,38SMB_01373_r7680_c6960,3,522.3830795288086,849.3597412109375,443691.15724156145,469600.0,3621459.6365356445,470122.3830795288,3622308.9962768555,,
C1425,R1697,0.2941530048847198,1,38SMB_00728_r4080_c3360,2,149.80215072631836,408.86260986328125,61248.49830909516,433600.0,3657999.3034362793,433749.8021507263,3658408.1660461426,,
C1426,R2808,0.293957769870758,1,38SMB_01189_r6720_c3120,1,295.4736328125,255.8416748046875,75594.46907937527,434103.5583496094,3629600.0,434399.0319824219,3629855.8416748047,,
C1427,R1289,0.2939556241035461,1,38SMB_00573_r3120_c6480,0,511.86309814453125,352.1043014526367,180229.1986115626,466739.55352783203,3668447.8452682495,467251.41662597656,3668799.949569702,,
C1428,R4605,0.2937772274017334,1,38SMB_01635_r9120_c9360,0,490.0701904296875,490.93414306640625,240592.18898098916,495589.1519165039,3607215.6686401367,496079.2221069336,3607706.602783203,,
C1429,R2384,0.2934798002243042,1,38SMB_01029_r5760_c5040,2,253.4267234802246,498.26568603515625,126273.84023451596,450400.0,3640846.7178344727,450653.4267234802,3641344.983520508,,
C1430,R1686,0.2934402525424957,4,38SMB_00727_r4080_c3120,6,481.7156982421875,497.0440673828125,239433.92997644842,433802.2802734375,3656053.629760742,434283.9959716797,3656550.673828125,,
C1431,R3383,0.2933109700679779,2,38SMB_01327_r7440_c6000,0,593.5476684570312,666.590576171875,395653.2823022455,460155.35858154297,3623423.6111450195,460748.90625,3624090.2017211914,,
C1432,R1166,0.2932325005531311,1,38SMB_00523_r2880_c4560,2,209.80714797973633,686.6229248046875,144058.39759077644,445600.21587371826,3668746.6787719727,445810.023021698,3669433.3016967773,,
C1433,R1517,0.2927925288677215,3,38SMB_00681_r3840_c2160,3,434.197998046875,405.84808349609375,176218.42536516488,424365.2081298828,3658400.0,424799.4061279297,3658805.848083496,,
C1434,R0446,0.292758971452713,1,38SMB_00217_r1200_c1680,0,470.3813171386719,764.3321228027344,359527.5506553473,416800.3705596924,3686941.3763427734,417270.75187683105,3687705.708465576,,
C1435,R2350,0.2927497029304504,1,38SMB_01025_r5760_c4080,5,419.60174560546875,413.05328369140625,173317.87886498496,441909.598236084,3641001.90032959,442329.19998168945,3641414.9536132812,,
C1436,R0350,0.2925336062908172,1,38SMB_00173_r960_c1200,2,827.2148895263672,881.8778991699219,729502.5289375917,413240.2722930908,3688906.8377685547,414067.4871826172,3689788.7156677246,,
C1437,R1388,0.2922771871089935,1,38SMB_00612_r3360_c5760,2,1268.8706970214844,1080.8818817138672,1371499.3466481683,457610.19424438477,3665247.5285339355,458879.06494140625,3666328.4104156494,,
C1438,R4069,0.2919429540634155,2,38SMB_01483_r8400_c3120,5,604.9512481689453,638.8546752929688,386475.9332170477,432227.67906188965,3615205.6622314453,432832.6303100586,3615844.5169067383,,
C1439,R3667,0.2916896939277649,1,38SMB_01389_r7920_c720,7,1015.3326416015625,649.8908996582031,659855.4439027794,407518.4817504883,3617600.0,408533.81439208984,3618249.890899658,,
C1440,R1151,0.2916585505008697,1,38SMB_00520_r2880_c3840,1,573.6016845703125,562.8314208984375,322841.05115644634,439768.2051086426,3669462.6861572266,440341.8067932129,3670025.517578125,,
C1441,R1635,0.2913571000099182,1,38SMB_00722_r4080_c1920,4,726.7578125,688.155517578125,500122.3986148834,420353.20877075195,3656534.178161621,421079.96658325195,3657222.333679199,,
C1442,R1883,0.291122555732727,1,38SMB_00779_r4320_c5520,3,574.6150207519531,416.9500732421875,239585.77498858795,456006.43310546875,3653600.0,456581.0481262207,3654016.950073242,,
C1443,R3315,0.2910865247249603,1,38SMB_01317_r7440_c3600,5,118.67693901062012,559.6307373046875,66415.26287957677,436000.2642440796,3624324.624938965,436118.9411830902,3624884.2556762695,,
C1444,R2441,0.2904941439628601,2,38SMB_01059_r6000_c2160,1,712.7813720703125,681.9088745117188,486051.94320138544,422783.7438964844,3636800.0,423496.5252685547,3637481.9088745117,,
C1445,R4082,0.2901894748210907,1,38SMB_01486_r8400_c3840,1,316.1724853515625,586.3328552246094,185382.31607964262,441283.82751464844,3614560.5056762695,441600.0,3615146.838531494,,
C1446,R0500,0.2901801466941833,2,38SMB_00257_r1440_c1200,4,449.55810546875,238.206787109375,107087.79192268848,414309.78240966797,3682400.0,414759.3405151367,3682638.2067871094,,
C1447,R1924,0.289969801902771,1,38SMB_00813_r4560_c3600,5,769.2246246337891,270.28491973876953,207909.8159302288,436208.43658447266,3654129.715080261,436977.66120910645,3654400.0,,
C1448,R0081,0.2898309826850891,1,38SMB_00008_r0_c1920,3,616.7987060546875,620.1516723632812,382508.7490713224,420429.34020996094,3699089.923095703,421046.1389160156,3699710.0747680664,,
C1449,R3577,0.2897868454456329,1,38SMB_01370_r7680_c6240,1,1040.3768920898438,651.3065338134766,677604.2674466735,464165.09552001953,3622544.6603393555,465205.4724121094,3623195.966873169,,
C1450,R4572,0.2893677651882171,1,38SMB_01615_r9120_c4560,1,1379.97802734375,1153.90380859375,1592361.9015276432,447336.1166381836,3607646.0961914062,448716.09466552734,3608800.0,,
C1451,R1257,0.2891734838485718,1,38SMB_00563_r3120_c4080,1,1142.8076171875,994.20654296875,1136186.810362339,442750.5822753906,3665602.90435791,443893.3898925781,3666597.110900879,,
C1452,R4799,0.2889004945755005,2,38SMB_01688_r9600_c1920,2,546.9915771484375,941.9207000732422,515222.6892818231,421851.0577392578,3602024.412536621,422398.04931640625,3602966.3332366943,,
C1453,R0545,0.2884456515312195,2,38SMB_00270_r1440_c4320,1,522.6342964172363,334.3240737915039,174729.22708136684,443432.6587486267,3685265.0715637207,443955.29304504395,3685599.395637512,,
C1454,R4610,0.2877212762832641,1,38SMB_01638_r9360_c0,0,1169.1972351074219,755.3973388671875,883208.4800110199,400228.7812805176,3603200.0,401397.978515625,3603955.397338867,,
C1455,R2394,0.2876890301704407,2,38SMB_01033_r5760_c6000,0,177.7569580078125,515.0457763671875,91552.97044180334,460000.057926178,3639268.4729003906,460177.8148841858,3639783.518676758,,
C1456,R1767,0.2872802913188934,1,38SMB_00766_r4320_c2400,3,412.327880859375,396.82830810546875,163623.37534613907,426169.7982788086,3654862.7491760254,426582.12615966797,3655259.577484131,,
C1457,R2055,0.2869239747524261,2,38SMB_00863_r4800_c5520,1,453.4141540527344,105.6170654296875,47888.272375334054,457746.8458557129,3648800.087585449,458200.2600097656,3648905.704650879,,
C1458,R0637,0.2869165539741516,1,38SMB_00336_r1920_c0,2,837.3382568359375,503.21990966796875,421365.2819665149,401585.8361816406,3677600.0,402423.17443847656,3678103.219909668,,
C1459,R0171,0.2868845462799072,1,38SMB_00048_r240_c1440,3,1113.2373046875,1012.3614501953125,1126998.5321849585,416485.42266845703,3695632.77053833,417598.65997314453,3696645.1319885254,,
C1460,R3805,0.2867704331874847,2,38SMB_01418_r7920_c7680,1,431.41014099121094,399.02252197265625,172142.3624628922,476994.5690917969,3619676.4765930176,477425.9792327881,3620075.4991149902,,
C1461,R4972,0.2866580784320831,1,38SMB_01734_r9680_c2880,2,826.8194580078125,460.6390380859375,380865.31980745494,430454.4012451172,3600002.7075195312,431281.220703125,3600463.346557617,,
C1462,R4536,0.2862140536308288,1,38SMB_01609_r9120_c3120,3,634.57763671875,696.2518310546875,441825.841511786,432440.3707885742,3606724.78515625,433074.94842529297,3607421.0369873047,,
C1463,R4036,0.2854355573654175,1,38SMB_01474_r8400_c960,4,405.8665466308594,183.58495712280273,74510.99256080633,410418.80157470703,3615815.4470443726,410824.6681213379,3615999.0320014954,,
C1464,R0372,0.2852599322795868,2,38SMB_00176_r960_c1920,3,269.0972900390625,524.068603515625,141025.4410006106,422130.90270996094,3687217.848510742,422400.0,3687741.917114258,,
C1465,R1528,0.2851088643074035,2,38SMB_00683_r3840_c2640,2,501.4166259765625,612.9234313964844,307329.99895280227,429098.58337402344,3660517.8147888184,429600.0,3661130.738220215,,
C1466,R3306,0.284990519285202,1,38SMB_01316_r7440_c3360,9,898.465576171875,974.58251953125,875628.8449376822,434861.3447570801,3622943.3053588867,435759.81033325195,3623917.887878418,,
C1467,R0508,0.284932017326355,2,38SMB_00259_r1440_c1680,1,774.6343994140625,701.6291809082031,543506.0991642065,419225.36560058594,3682400.0,420000.0,3683101.629180908,,
C1468,R2449,0.2849094867706299,2,38SMB_01061_r6000_c2640,0,748.7803649902344,646.8505859375,484349.0178324282,426400.0,3639353.1494140625,427148.78036499023,3640000.0,,
C1469,R3682,0.2842406034469604,1,38SMB_01394_r7920_c1920,1,651.7094421386719,587.303466796875,382751.2147122994,421748.2905578613,3617601.017150879,422400.0,3618188.320617676,,
C1470,R2065,0.2842265367507934,1,38SMB_00869_r4800_c6960,0,806.5459442138672,812.4865341186523,655307.7188217809,470562.9178619385,3650906.6186523438,471369.46380615234,3651719.1051864624,,
C1471,R2977,0.2841428220272064,1,38SMB_01236_r6960_c4320,3,183.841552734375,438.6905288696289,80649.54799725674,446216.1584472656,3629369.1317749023,446400.0,3629807.822303772,,
C1472,R5009,0.2840767800807953,2,38SMB_01744_r9680_c5280,1,1042.9853057861328,1052.255859375,1097487.3992554843,453584.8220062256,3600606.5063476562,454627.8073120117,3601658.7622070312,,
C1473,R4232,0.283720999956131,2,38SMB_01526_r8640_c3360,6,456.7608642578125,449.774169921875,205439.23857435584,436101.5985107422,3611462.4572753906,436558.359375,3611912.2314453125,,
C1474,R3043,0.2832356691360473,2,38SMB_01253_r6960_c8400,4,602.2116851806641,596.26708984375,359079.0089925751,484046.657333374,3628232.822265625,484648.8690185547,3628829.0893554688,,
C1475,R0127,0.2831985056400299,1,38SMB_00043_r240_c240,1,646.5145874023438,653.3587265014648,422405.9474898153,403130.9359741211,3696547.812805176,403777.45056152344,3697201.1715316772,,
C1476,R4347,0.2831944525241852,1,38SMB_01566_r8880_c2880,3,1209.9652099609375,1044.9612426757812,1264366.7493952438,430282.13439941406,3608910.5729675293,431492.099609375,3609955.534210205,,
C1477,R2836,0.2828757762908935,1,38SMB_01193_r6720_c4080,5,439.1111755371094,433.53668212890625,190370.80212808214,441631.0888671875,3631395.740509033,442070.2000427246,3631829.277191162,,
C1478,R4442,0.2828723192214966,1,38SMB_01585_r8880_c7440,3,594.1351318359375,768.94287109375,456855.97409158945,477005.86486816406,3608606.6229248047,477600.0,3609375.5657958984,,
C1479,R0215,0.2828182578086853,1,38SMB_00084_r480_c0,0,615.6991577148438,583.8331604003906,359465.5851045158,401530.85220336914,3693985.442123413,402146.551361084,3694569.2752838135,,
C1480,R1377,0.2827365100383758,1,38SMB_00607_r3360_c4560,1,248.97689819335938,670.484619140625,166935.18075998873,445600.4214859009,3664701.7626953125,445849.39838409424,3665372.247314453,,
C1481,R4672,0.2827364504337311,1,38SMB_01649_r9360_c2640,3,1085.2278137207031,1081.4190673828125,1173586.0502117313,426775.4298400879,3603985.539855957,427860.6576538086,3605066.95892334,,
C1482,R4642,0.282734215259552,1,38SMB_01646_r9360_c1920,3,969.6529769897461,903.0706405639648,875665.1350548854,419734.05490875244,3604917.4963378906,420703.7078857422,3605820.5669784546,,
C1483,R2181,0.2827169895172119,1,38SMB_00930_r5280_c1440,0,968.7649536132812,1140.9048461914062,1105268.6303977855,416631.2350463867,3645873.3627319336,417600.0,3647014.267578125,,
C1484,R1529,0.2824156880378723,2,38SMB_00683_r3840_c2640,3,671.9641876220703,652.3345947265625,438345.48600320704,426636.8306732178,3659545.8016967773,427308.79486083984,3660198.136291504,,
C1485,R3036,0.2822570502758026,1,38SMB_01252_r6960_c8160,2,573.1295776367188,614.33349609375,352092.69714429975,482632.1957397461,3628145.6884765625,483205.3253173828,3628760.0219726562,,
C1486,R3703,0.2820483148097992,1,38SMB_01399_r7920_c3120,2,575.6454467773438,556.136474609375,320137.42939569056,432878.9193725586,3618065.973510742,433454.56481933594,3618622.1099853516,,
C1487,R1530,0.2818637490272522,1,38SMB_00683_r3840_c2640,4,963.123779296875,1016.9656372070312,979463.7879218906,426529.8432159424,3660068.672180176,427492.96699523926,3661085.637817383,,
C1488,R0114,0.2818283140659332,1,38SMB_00017_r0_c4080,1,628.4452819824219,661.650390625,415811.0663101077,441188.7533569336,3698031.696472168,441817.198638916,3698693.346862793,,
C1489,R4557,0.2811328172683716,1,38SMB_01611_r9120_c3600,6,697.3333740234375,669.2129516601562,466664.52552136034,437643.91204833984,3606998.3909606934,438341.2454223633,3607667.6039123535,,
C1490,R4615,0.2810940742492676,2,38SMB_01643_r9360_c1200,0,794.542236328125,582.3651885986328,462713.739308808,413308.7094116211,3605817.6348114014,414103.2516479492,3606400.0,,
C1491,R2296,0.2810662090778351,1,38SMB_00989_r5520_c5520,0,456.090087890625,537.9297637939453,245344.43324776366,457148.35540771484,3643078.960876465,457604.44549560547,3643616.890640259,,
C1492,R1190,0.2803758680820465,1,38SMB_00528_r2880_c5760,2,378.19984436035156,615.9771728515625,232962.4709019903,457600.0,3669509.1357421875,457978.19984436035,3670125.112915039,,
C1493,R1548,0.2802697718143463,2,38SMB_00685_r3840_c3120,6,566.4938354492188,526.1486053466797,298059.9414590979,432056.1114501953,3660962.3098373413,432622.60528564453,3661488.458442688,,
C1494,R4760,0.280257374048233,1,38SMB_01670_r9360_c7680,0,533.9129638671875,517.8421020507812,276482.6115211472,478806.57440185547,3604646.7880249023,479340.48736572266,3605164.630126953,,
C1495,R4744,0.2801232039928436,1,38SMB_01658_r9360_c4800,2,521.4944458007812,515.8474731445312,269011.5921252407,449042.6264953613,3604384.8133850098,449564.1209411621,3604900.6608581543,,
C1496,R0008,0.2799418866634369,1,38SMB_00001_r0_c240,2,228.08074951171875,510.14137268066406,116353.4266379429,402400.0,3699485.745277405,402628.0807495117,3699995.8866500854,,
C1497,R2878,0.2797423005104065,2,38SMB_01197_r6720_c5040,5,397.1484375,389.6263122558594,154739.48112130165,452351.2435913086,3631943.455657959,452748.3920288086,3632333.081970215,,
C1498,R1768,0.2796590030193329,1,38SMB_00766_r4320_c2400,4,484.53521728515625,161.17704391479492,78095.95399463433,424834.7979736328,3656638.822956085,425319.33319091797,3656800.0,,
C1499,R2539,0.279562771320343,2,38SMB_01091_r6000_c9680,1,457.244873046875,460.14434814453125,210398.64405058324,497794.5755004883,3637354.953918457,498251.82037353516,3637815.0982666016,,
C1500,R3417,0.2793474793434143,1,38SMB_01335_r7440_c7920,1,252.169189453125,260.5171203613281,65694.39108017832,480813.64318847656,3624498.1091308594,481065.8123779297,3624758.6262512207,,
C1501,R2829,0.27910315990448,3,38SMB_01192_r6720_c3840,4,642.8074645996094,228.421630859375,146831.12939242274,440943.7910461426,3629600.0,441586.5985107422,3629828.4216308594,,
C1502,R4152,0.2790572941303253,1,38SMB_01506_r8400_c8640,1,596.3916015625,616.2774658203125,367542.704847455,487755.0909423828,3613185.016784668,488351.4825439453,3613801.2942504883,,
C1503,R3524,0.2789915204048157,1,38SMB_01359_r7680_c3600,9,798.1787872314453,876.4569091796875,699569.312829664,436902.39738464355,3620654.9813842773,437700.576171875,3621531.438293457,,
C1504,R0785,0.2789857387542724,1,38SMB_00386_r2160_c1920,0,630.6268310546875,606.4448547363281,382440.3969517909,420301.31271362305,3677198.3349609375,420931.93954467773,3677804.779815674,,
C1505,R2571,0.2789855599403381,1,38SMB_01105_r6240_c3120,0,1135.7638549804688,1238.6920166015625,1406861.6199089214,432232.94830322266,3634676.3430786133,433368.7121582031,3635915.035095215,,
C1506,R2334,0.278752714395523,1,38SMB_01017_r5760_c2160,0,1057.1537780761719,1119.9224853515625,1183930.2865418606,422255.0230407715,3639401.775817871,423312.17681884766,3640521.6983032227,,
C1507,R1250,0.2786538004875183,1,38SMB_00561_r3120_c3600,3,633.2025146484375,674.32373046875,426983.4818199277,437467.8790283203,3666202.750854492,438101.08154296875,3666877.074584961,,
C1508,R2015,0.2784749865531921,1,38SMB_00855_r4800_c3600,6,446.5234375,437.73345947265625,195458.2490324974,437835.1321411133,3651064.2182922363,438281.6555786133,3651501.951751709,,
C1509,R4909,0.2781015038490295,2,38SMB_01712_r9600_c7680,0,527.72216796875,714.6586608886719,377141.21788181365,477597.6232910156,3602490.960083008,478125.3454589844,3603205.6187438965,,
C1510,R4477,0.2780346870422363,1,38SMB_01604_r9120_c1920,3,524.206428527832,602.442741394043,315804.3578586876,419201.71981811523,3608197.557258606,419725.92624664307,3608800.0,,
C1511,R2917,0.2779669165611267,2,38SMB_01212_r6720_c8640,1,659.3806457519531,436.4990234375,287819.0079443157,486417.1868133545,3629600.3930664062,487076.56745910645,3630036.8920898438,,
C1512,R0671,0.2779617309570312,1,38SMB_00343_r1920_c1680,3,615.5064392089844,245.7246208190918,151245.08638633706,417437.7049255371,3680554.117488861,418053.2113647461,3680799.84210968,,
C1513,R4329,0.2775867581367492,2,38SMB_01564_r8880_c2400,4,558.4104919433594,398.4126281738281,222477.79169499408,426331.02920532227,3610801.587371826,426889.4396972656,3611200.0,,
C1514,R1484,0.2773482501506805,2,38SMB_00653_r3600_c5520,4,740.648193359375,763.023681640625,565132.1112975478,457656.31591796875,3661187.909851074,458396.9641113281,3661950.933532715,,
C1515,R0867,0.2773254215717315,2,38SMB_00425_r2400_c1200,0,377.061767578125,370.8421325683594,139830.38999866694,413677.0834350586,3675115.918273926,414054.1452026367,3675486.760406494,,
C1516,R3506,0.277038037776947,1,38SMB_01358_r7680_c3360,9,527.4512481689453,535.1068115234375,282242.7556417417,434872.2472381592,3620399.4982910156,435399.6984863281,3620934.605102539,,
C1517,R0177,0.2770178616046905,2,38SMB_00049_r240_c1680,3,894.1217041015625,952.0437622070312,851242.9910438135,419105.87829589844,3696048.962249756,420000.0,3697001.006011963,,
C1518,R4965,0.2768222391605377,2,38SMB_01733_r9680_c2640,1,1049.541015625,950.5291748046875,997619.3555057049,428031.3772583008,3601727.1937561035,429080.9182739258,3602677.722930908,,
C1519,R4264,0.276616096496582,1,38SMB_01530_r8640_c4320,5,998.3685302734375,980.4942321777344,978894.5855208673,444352.18536376953,3610518.1243896484,445350.55389404297,3611498.618621826,,
C1520,R0899,0.2764810025691986,2,38SMB_00429_r2400_c2160,2,658.748779296875,667.40966796875,439655.3040653467,423266.4682006836,3672822.535095215,423925.21697998047,3673489.9447631836,,
C1521,R4290,0.2764663994312286,1,38SMB_01542_r8640_c7200,1,725.2862548828125,814.7283935546875,590911.3053079695,473972.84240722656,3611698.2524108887,474698.1286621094,3612512.9808044434,,
C1522,R3654,0.2764420807361603,1,38SMB_01388_r7920_c480,1,423.021240234375,656.3580322265625,277653.38883027434,407576.1975097656,3619012.2973632812,407999.21875,3619668.655395508,,
C1523,R4705,0.2763115465641022,1,38SMB_01652_r9360_c3360,4,702.8221893310547,663.9151000976562,466614.2641805811,434877.9691314697,3603707.851867676,435580.7913208008,3604371.7669677734,,
C1524,R4751,0.2761715054512024,1,38SMB_01659_r9360_c5040,0,622.1835327148438,615.7476806640625,383108.0672165379,451396.09634399414,3604392.5512695312,452018.279876709,3605008.2989501953,,
C1525,R1537,0.2758589684963226,3,38SMB_00684_r3840_c2880,4,637.1197509765625,667.4859619140625,425268.4898350388,431045.4559326172,3658694.5178222656,431682.57568359375,3659362.0037841797,,
C1526,R0573,0.2757390439510345,1,38SMB_00300_r1680_c1440,1,530.797119140625,568.33740234375,301671.8558639288,416524.7720336914,3680977.8439331055,417055.56915283203,3681546.181335449,,
C1527,R3376,0.2754327058792114,1,38SMB_01326_r7440_c5760,2,387.6959228515625,392.12493896484375,152025.24008508772,459745.70419311523,3624422.486114502,460133.4001159668,3624814.611053467,,
C1528,R3675,0.2750941514968872,1,38SMB_01393_r7920_c1680,2,1186.949462890625,1027.899169921875,1220064.3676444888,418516.1444091797,3617837.655029297,419703.0938720703,3618865.5541992188,,
C1529,R1774,0.2750354707241058,1,38SMB_00767_r4320_c2640,3,522.7938842773438,543.6968994140625,284241.413914226,427750.1614379883,3654360.1693725586,428272.9553222656,3654903.8662719727,,
C1530,R2471,0.2747865319252014,1,38SMB_01068_r6000_c4320,6,769.5240783691406,313.094482421875,240933.74302815646,443906.1834716797,3636800.0,444675.7075500488,3637113.094482422,,
C1531,R0854,0.2746710181236267,1,38SMB_00423_r2400_c720,3,620.8618927001953,670.3944396972656,416222.3606861313,407206.1979293823,3672800.0,407827.0598220825,3673470.3944396973,,
C1532,R2575,0.2746707499027252,1,38SMB_01107_r6240_c3600,1,614.7393798828125,613.853759765625,377360.07961705327,437438.9016723633,3635473.879699707,438053.6410522461,3636087.7334594727,,
C1533,R2450,0.2742199897766113,1,38SMB_01061_r6000_c2640,1,652.3670196533203,639.0021514892578,416863.9291191066,427607.728805542,3638261.4892578125,428260.0958251953,3638900.4914093018,,
C1534,R3978,0.273569643497467,1,38SMB_01457_r8160_c6960,3,526.16943359375,556.9281005859375,293038.54323774576,471287.95959472656,3616301.6732788086,471814.1290283203,3616858.6013793945,,
C1535,R1473,0.2732916176319122,1,38SMB_00652_r3600_c5280,0,1453.7176513671875,1422.5902557373047,2068044.5654282812,453698.79455566406,3661599.564819336,455152.51220703125,3663022.1550750732,,
C1536,R0950,0.2732120752334595,1,38SMB_00440_r2400_c4800,1,407.506103515625,905.7366943359375,369093.23111996055,450789.8992919922,3673394.1329956055,451197.4053955078,3674299.8696899414,,
C1537,R0622,0.2731013894081116,1,38SMB_00311_r1680_c4080,1,424.6868896484375,420.4423522949219,178556.35487260297,442321.1474609375,3682102.599029541,442745.83435058594,3682523.041381836,,
C1538,R2746,0.2726640999317169,3,38SMB_01155_r6480_c5040,3,787.0978546142578,588.1194686889648,462907.5720619614,451510.2046966553,3634611.880531311,452297.30255126953,3635200.0,,
C1539,R2032,0.2726548314094543,1,38SMB_00857_r4800_c4080,3,472.36083984375,487.55615234375,230302.43359208107,441937.7941894531,3650676.8397521973,442410.1550292969,3651164.395904541,,
C1540,R0359,0.2724216878414154,2,38SMB_00174_r960_c1440,4,448.5382080078125,430.2006530761719,192961.43001457676,415427.79510498047,3689493.0644226074,415876.3333129883,3689923.2650756836,,
C1541,R4301,0.2723913490772247,1,38SMB_01557_r8880_c720,0,1311.9845581054688,1259.9364471435547,1653017.1628466109,408798.28125,3608729.489440918,410110.26580810547,3609989.4258880615,,
C1542,R2681,0.2721163332462311,2,38SMB_01144_r6480_c2400,3,595.5282592773438,611.9517517089844,364434.56145697273,425188.77014160156,3632085.0372314453,425784.2984008789,3632696.9889831543,,
C1543,R0994,0.2716743648052215,1,38SMB_00465_r2640_c720,2,819.6917724609375,795.6646728515625,652199.7859742492,408723.31817626953,3671223.108215332,409543.00994873047,3672018.7728881836,,
C1544,R4847,0.2715311646461487,2,38SMB_01694_r9600_c3360,0,510.662841796875,550.5384826660156,281139.54607676715,436289.3371582031,3603376.926689148,436800.0,3603927.465171814,,
C1545,R0486,0.2714937031269073,2,38SMB_00234_r1200_c5760,0,450.85620880126953,570.3515625,257146.54315263033,457600.0,3685996.6479492188,458050.85620880127,3686566.9995117188,,
C1546,R2389,0.2714475095272064,3,38SMB_01030_r5760_c5280,1,381.1321258544922,249.73901748657227,95183.56264346949,452800.0988006592,3642150.2609825134,453181.2309265137,3642400.0,,
C1547,R3106,0.2713730335235595,1,38SMB_01272_r7200_c2880,5,658.1552124023438,581.1923217773438,382514.755985979,430417.6155090332,3625218.5885620117,431075.77072143555,3625799.780883789,,
C1548,R2572,0.271092027425766,2,38SMB_01105_r6240_c3120,1,546.4123344421387,535.6735229492188,292698.62017352716,431487.0672035217,3635794.7984313965,432033.47953796387,3636330.4719543457,,
C1549,R2451,0.270817369222641,1,38SMB_01061_r6000_c2640,2,1050.7794570922852,1049.4715881347656,1102763.1856140273,426855.21099090576,3638632.116088867,427905.99044799805,3639681.587677002,,
C1550,R1810,0.2706034779548645,1,38SMB_00770_r4320_c3360,4,585.8296203613281,558.9368438720703,327441.7590515339,434466.5042114258,3655051.2799072266,435052.3338317871,3655610.2167510986,,
C1551,R0630,0.2704679071903229,1,38SMB_00319_r1680_c6000,0,669.64599609375,661.0308837890625,442656.68462365866,462146.7141723633,3681257.1627807617,462816.36016845703,3681918.193664551,,
C1552,R3751,0.2703936696052551,1,38SMB_01404_r7920_c4320,5,556.2774658203125,618.6044311523438,344115.70530664176,444958.61724853516,3619198.2931518555,445514.89471435547,3619816.897583008,,
C1553,R3713,0.270375519990921,1,38SMB_01400_r7920_c3360,7,295.16822814941406,707.6604843139648,208878.89128630923,433600.0,3619739.9012756348,433895.1682281494,3620447.5617599487,,
C1554,R1055,0.2703542411327362,1,38SMB_00476_r2640_c3360,1,702.2216796875,661.57470703125,464572.1020102501,435422.09411621094,3672440.8542633057,436124.31579589844,3673102.428970337,,
C1555,R3915,0.2703013122081756,1,38SMB_01443_r8160_c3600,3,404.17213439941406,721.64306640625,291668.01842395216,436000.1977157593,3616586.6204833984,436404.3698501587,3617308.2635498047,,
C1556,R3994,0.2701561152935028,1,38SMB_01461_r8160_c7920,2,673.040771484375,268.96949768066406,181027.43822475895,480292.8662109375,3618131.0305023193,480965.9069824219,3618400.0,,
C1557,R3147,0.2700779736042022,1,38SMB_01279_r7200_c4560,4,571.7109680175781,271.18751525878906,155040.87686288403,446145.89096069336,3627728.6277008057,446717.60192871094,3627999.8152160645,,
C1558,R1869,0.2697876989841461,1,38SMB_00775_r4320_c4560,1,973.9805603027344,937.2808837890625,912893.3603539132,446134.3730163574,3653932.12310791,447108.35357666016,3654869.403991699,,
C1559,R0627,0.2689204216003418,2,38SMB_00313_r1680_c4560,0,1041.8966674804688,973.8807678222656,1014683.1265173387,447039.19372558594,3680018.8360595703,448081.0903930664,3680992.7168273926,,
C1560,R0663,0.2687220871448517,1,38SMB_00341_r1920_c1200,2,1293.5488891601562,1077.176513671875,1393380.4826896638,413321.07330322266,3677715.9231567383,414614.6221923828,3678793.09967041,,
C1561,R1872,0.2685495316982269,1,38SMB_00776_r4320_c4800,2,663.7139892578125,342.5830078125,227377.13476717472,449466.1358642578,3653600.528564453,450129.8498535156,3653943.1115722656,,
C1562,R4416,0.2681209444999695,1,38SMB_01573_r8880_c4560,1,851.0419464111328,327.09716796875,278373.41049369425,446552.2649383545,3608000.020751953,447403.3068847656,3608327.117919922,,
C1563,R2556,0.2677381336688995,2,38SMB_01102_r6240_c2400,1,803.6358642578125,640.0843811035156,514394.7648060508,426028.65509033203,3636957.4283599854,426832.29095458984,3637597.512741089,,
C1564,R1498,0.267375111579895,1,38SMB_00659_r3600_c6960,0,908.1719970703125,852.8048706054688,774493.502449058,471404.5718383789,3662010.672454834,472312.7438354492,3662863.4773254395,,
C1565,R1071,0.2670471966266632,1,38SMB_00481_r2640_c4560,1,233.326416015625,616.9708251953125,143955.59142902493,448566.27990722656,3670935.8993530273,448799.6063232422,3671552.8701782227,,
C1566,R0373,0.2669169306755066,2,38SMB_00176_r960_c1920,4,387.1026611328125,644.6898651123047,249561.16239032708,422012.8973388672,3689747.53616333,422400.0,3690392.2260284424,,
C1567,R0509,0.2667558789253235,1,38SMB_00259_r1440_c1680,2,1117.8723907470703,1001.5286254882812,1119581.1989762122,417622.18254089355,3683043.4106445312,418740.0549316406,3684044.9392700195,,
C1568,R2261,0.2666206061840057,1,38SMB_00976_r5520_c2400,1,387.10205078125,388.973388671875,150572.39645421505,425660.5630493164,3642022.216491699,426047.66510009766,3642411.189880371,,
C1569,R3610,0.2664196193218231,1,38SMB_01374_r7680_c7200,3,514.8615264892578,487.07489013671875,250776.12145037856,473056.64695739746,3620727.590637207,473571.5084838867,3621214.6655273438,,
C1570,R3885,0.265760600566864,2,38SMB_01435_r8160_c1680,1,427.7020263671875,431.24759674072266,184445.4709919868,418138.8674926758,3617884.257507324,418566.56951904297,3618315.505104065,,
C1571,R1531,0.2654532194137573,1,38SMB_00683_r3840_c2640,5,511.9854736328125,857.6616668701172,439110.3147292044,429088.0145263672,3659869.2114257812,429600.0,3660726.8730926514,,
C1572,R4485,0.2653694450855255,1,38SMB_01605_r9120_c2160,2,1243.8621520996094,1037.313232421875,1290274.6696816757,421600.0,3605600.0,422843.8621520996,3606637.313232422,,
C1573,R2931,0.265257328748703,4,38SMB_01217_r6720_c9680,1,850.9011840820312,804.8536682128906,684850.939295115,497566.0363769531,3629693.546142578,498416.93756103516,3630498.399810791,,
C1574,R3007,0.2650049328804016,1,38SMB_01240_r6960_c5280,4,591.861572265625,138.98505210876465,82259.91146251326,453563.9128112793,3630261.0149478912,454155.7743835449,3630400.0,,
C1575,R2415,0.2649911046028137,2,38SMB_01044_r5760_c8640,1,270.6939697265625,236.64199829101562,64057.56192142144,489329.30603027344,3642163.358001709,489600.0,3642400.0,,
C1576,R0159,0.2648985087871551,1,38SMB_00047_r240_c1200,4,426.4196014404297,435.3106689453125,185625.001954427,413244.33448791504,3695471.160583496,413670.75408935547,3695906.4712524414,,
C1577,R0377,0.2644729912281036,2,38SMB_00177_r960_c2160,0,461.8675231933594,455.828857421875,210532.54537750036,422145.10597229004,3687228.373413086,422606.9734954834,3687684.202270508,,
C1578,R3122,0.2644426524639129,1,38SMB_01275_r7200_c3600,5,1377.1701049804688,1387.2232055664062,1910442.32764123,436733.6785888672,3626209.9334716797,438110.84869384766,3627597.156677246,,
C1579,R0951,0.2643775641918182,1,38SMB_00440_r2400_c4800,2,544.6000289916992,851.9308471679688,463961.56406659866,448000.0651550293,3673834.286804199,448544.665184021,3674686.217651367,,
C1580,R0620,0.2643619775772095,1,38SMB_00310_r1680_c3840,0,856.224365234375,682.9270935058594,584738.8171384111,440743.7756347656,3682517.072906494,441600.0,3683200.0,,
C1581,R0631,0.2642769515514374,1,38SMB_00319_r1680_c6000,1,572.781982421875,430.4199981689453,246536.8198252283,462200.1770019531,3682769.580001831,462772.958984375,3683200.0,,
C1582,R0152,0.26407590508461,1,38SMB_00046_r240_c960,5,712.7963638305664,660.401611328125,470731.8672225345,410117.8538131714,3696290.753479004,410830.65017700195,3696951.155090332,,
C1583,R0740,0.2639714777469635,1,38SMB_00378_r2160_c0,1,507.3222541809082,472.1282958984375,239521.19133778615,400110.3149986267,3677147.5268554688,400617.6372528076,3677619.655151367,,
C1584,R4180,0.263631522655487,1,38SMB_01522_r8640_c2400,3,703.4471130371094,959.490966796875,674951.1505784467,426496.5528869629,3611483.8940429688,427200.0,3612443.3850097656,,
C1585,R4429,0.2633102536201477,1,38SMB_01577_r8880_c5520,1,491.9903564453125,192.056884765625,94490.13519361615,456459.4599914551,3608000.0,456951.4503479004,3608192.0568847656,,
C1586,R0410,0.2631316781044006,2,38SMB_00188_r960_c4800,3,883.1918334960938,707.7675628662109,625094.5315368706,448884.0756225586,3689692.232437134,449767.2674560547,3690400.0,,
C1587,R4858,0.2627381682395935,2,38SMB_01697_r9600_c4080,2,496.8068313598633,810.8497619628906,402835.7009496831,440800.0,3603041.7080688477,441296.80683135986,3603852.5578308105,,
C1588,R1914,0.2626789808273315,1,38SMB_00812_r4560_c3360,4,640.0419616699219,255.36724090576172,163445.74981555925,436159.9580383301,3654144.6327590942,436800.0,3654400.0,,
C1589,R1146,0.2622976303100586,1,38SMB_00518_r2880_c3360,1,606.5380859375,620.0628662109375,376091.7440325022,435506.4645385742,3669087.4642944336,436113.0026245117,3669707.5271606445,,
C1590,R1932,0.2622954547405243,1,38SMB_00814_r4560_c3840,3,561.456298828125,157.3420238494873,88340.67036065971,438974.43588256836,3654242.175140381,439535.8921813965,3654399.5171642303,,
C1591,R4486,0.2617434859275818,2,38SMB_01605_r9120_c2160,3,420.64208984375,265.7000541687012,111764.62605712004,424379.3078613281,3608534.2999458313,424799.9499511719,3608800.0,,
C1592,R4386,0.2615764737129211,2,38SMB_01569_r8880_c3600,5,424.3180847167969,434.0008544921875,184154.41134357825,436138.27072143555,3609994.0672302246,436562.58880615234,3610428.068084717,,
C1593,R1675,0.261383593082428,1,38SMB_00726_r4080_c2880,5,491.1199951171875,459.09759521484375,225472.0087202266,430572.5942993164,3656766.2858581543,431063.7142944336,3657225.383453369,,
C1594,R3691,0.2610284090042114,1,38SMB_01395_r7920_c2160,0,1373.3660125732422,846.4127349853516,1162434.4828380446,422720.715713501,3619952.7605438232,424094.0817260742,3620799.1732788086,,
C1595,R3345,0.2609652876853943,1,38SMB_01321_r7440_c4560,1,1524.6701049804688,1164.7384643554688,1775841.9167236425,446510.73959350586,3622822.120666504,448035.4096984863,3623986.8591308594,,
C1596,R2462,0.2607433497905731,1,38SMB_01067_r6000_c4080,1,1095.875244140625,917.2840881347656,1005228.9240309969,442640.52185058594,3639082.7159118652,443736.39709472656,3640000.0,,
C1597,R4387,0.2605250179767608,1,38SMB_01569_r8880_c3600,6,1385.828857421875,1199.052734375,1661681.8808674812,436927.54791259766,3608002.030029297,438313.37677001953,3609201.082763672,,
C1598,R3037,0.2604631185531616,1,38SMB_01252_r6960_c8160,3,595.0332641601562,629.1748046875,374379.9377605319,482680.03158569336,3627451.5518188477,483275.0648498535,3628080.726623535,,
C1599,R1539,0.260285884141922,1,38SMB_00684_r3840_c2880,6,704.5068359375,745.8680725097656,525469.1557906568,430422.48046875,3660283.7171936035,431126.9873046875,3661029.5852661133,,
C1600,R3212,0.259949266910553,1,38SMB_01294_r7200_c8160,2,483.39752197265625,332.64404296875,160799.30607005954,482879.27337646484,3624800.9576416016,483362.6708984375,3625133.6016845703,,
C1601,R0026,0.2599332332611084,1,38SMB_00003_r0_c720,4,112.3046875,433.8885498046875,48727.717995643616,410287.65563964844,3697444.4313049316,410399.96032714844,3697878.3198547363,,
C1602,R3544,0.2598080039024353,1,38SMB_01362_r7680_c4320,5,505.17791748046875,490.6002426147461,247840.40887953015,445478.83514404297,3622164.8385620117,445984.01306152344,3622655.4388046265,,
C1603,R3852,0.2597979307174682,1,38SMB_01431_r8160_c720,5,713.5110473632812,704.6669006347656,502787.61831414886,407955.2850341797,3616827.0373535156,408668.79608154297,3617531.7042541504,,
C1604,R1962,0.2597707211971283,1,38SMB_00819_r4560_c5040,2,320.3562545776367,431.37603759765625,138194.01171932695,450400.1044845581,3653132.752380371,450720.46073913574,3653564.1284179688,,
C1605,R3307,0.2595409154891968,1,38SMB_01316_r7440_c3360,10,356.61865234375,210.931396484375,75222.07035124302,436442.04345703125,3622400.382385254,436798.662109375,3622611.3137817383,,
C1606,R3405,0.2594230771064758,1,38SMB_01330_r7440_c6720,2,498.59039306640625,495.1727294921875,246888.36583327502,467844.16748046875,3624144.7970581055,468342.75787353516,3624639.9697875977,,
C1607,R4320,0.2593468725681305,1,38SMB_01563_r8880_c2160,2,977.0646667480469,1113.3625793457031,1087827.2375581553,423822.93533325195,3609776.110534668,424800.0,3610889.4731140137,,
C1608,R2016,0.2591948211193084,1,38SMB_00855_r4800_c3600,7,1214.4036865234375,1018.5986328125,1236989.9347752333,437393.22052001953,3650366.893005371,438607.62420654297,3651385.4916381836,,
C1609,R4019,0.2591739892959595,1,38SMB_01472_r8400_c480,2,148.73779296875,365.386962890625,54346.85043990612,407850.84075927734,3614881.348876953,407999.5785522461,3615246.7358398438,,
C1610,R2947,0.2590805888175964,1,38SMB_01230_r6960_c2880,1,515.8468627929688,518.140869140625,267281.34183101356,430073.22967529297,3628370.673522949,430589.07653808594,3628888.81439209,,
C1611,R2677,0.2589133083820343,2,38SMB_01143_r6480_c2160,0,230.479736328125,504.77806091308594,116341.11438347027,424569.07165527344,3634692.8940963745,424799.55139160156,3635197.6721572876,,
C1612,R1229,0.2588858604431152,2,38SMB_00555_r3120_c2160,1,396.8238830566406,368.212890625,146115.6690493226,424053.28536987305,3666885.412750244,424450.1092529297,3667253.625640869,,
C1613,R3877,0.2585500478744507,2,38SMB_01433_r8160_c1200,4,1017.7584838867188,966.8466186523438,984016.3487506099,413672.1188354492,3617387.5703430176,414689.87731933594,3618354.41696167,,
C1614,R3572,0.2583915591239929,1,38SMB_01369_r7680_c6000,1,426.7193603515625,434.3115234375,185329.13547456264,461538.79943847656,3621511.5144348145,461965.5187988281,3621945.825958252,,
C1615,R2859,0.2583795189857483,1,38SMB_01195_r6720_c4560,3,192.44277954101562,517.7597045898438,99639.11668560468,445600.4573059082,3630969.292907715,445792.9000854492,3631487.0526123047,,
C1616,R3030,0.2583510279655456,2,38SMB_01251_r6960_c7920,2,525.1611328125,516.62841796875,271313.1652235985,481079.46685791016,3627572.6095581055,481604.62799072266,3628089.237976074,,
C1617,R2037,0.2581067681312561,1,38SMB_00858_r4800_c4320,3,352.2540283203125,389.04998779296875,137044.42541804165,444268.1088256836,3650188.16986084,444620.3628540039,3650577.219848633,,
C1618,R2885,0.2578672766685486,1,38SMB_01198_r6720_c5280,6,342.41790771484375,344.7344970703125,118043.26520394534,454937.6544189453,3631030.6925964355,455280.07232666016,3631375.427093506,,
C1619,R0779,0.2574579417705536,1,38SMB_00384_r2160_c1440,4,526.4102172851562,526.3385009765625,277069.9646646157,416434.9026489258,3676586.5103149414,416961.31286621094,3677112.848815918,,
C1620,R3736,0.2572862207889557,1,38SMB_01402_r7920_c3840,4,495.010986328125,459.46807861328125,227441.74678064883,438967.0446777344,3618541.4192199707,439462.0556640625,3619000.887298584,,
C1621,R0268,0.2570086121559143,1,38SMB_00098_r480_c3360,0,249.21321868896484,652.598876953125,162636.266638292,433600.0,3692403.790588379,433849.21321868896,3693056.389465332,,
C1622,R2351,0.2569944858551025,1,38SMB_01025_r5760_c4080,6,263.017578125,490.574951171875,129029.8355460167,443736.982421875,3641374.306640625,444000.0,3641864.881591797,,
C1623,R0064,0.2569658756256103,2,38SMB_00006_r0_c1440,4,640.5790710449219,614.85107421875,393860.7299540192,415011.3073730469,3697030.5868530273,415651.8864440918,3697645.437927246,,
C1624,R1269,0.2569040656089782,2,38SMB_00565_r3120_c4560,1,529.078369140625,482.884521484375,255483.75511020422,447773.21533203125,3665603.22265625,448302.2937011719,3666086.1071777344,,
C1625,R0524,0.2565893232822418,2,38SMB_00261_r1440_c2160,3,789.1477966308594,917.9986572265625,724436.6176604293,423996.1811828613,3683316.091003418,424785.3289794922,3684234.0896606445,,
C1626,R0882,0.256580501794815,1,38SMB_00427_r2400_c1680,5,257.80029296875,721.1355590820312,185908.95840153098,419742.19970703125,3674387.5062561035,420000.0,3675108.6418151855,,
C1627,R1814,0.2560531497001648,2,38SMB_00770_r4320_c3360,8,382.822265625,393.95111083984375,150813.25679719448,435912.36328125,3655672.33795166,436295.185546875,3656066.2890625,,
C1628,R2794,0.2559984624385834,1,38SMB_01183_r6720_c1680,0,1267.7340698242188,1374.3380737304688,1742295.1995247044,417379.6011352539,3631161.0151672363,418647.3352050781,3632535.353240967,,
C1629,R4462,0.2558987736701965,1,38SMB_01600_r9120_c960,1,1540.2410888671875,1218.8276672363281,1877288.453325536,410844.04876708984,3605600.0,412384.28985595703,3606818.8276672363,,
C1630,R4037,0.2556568682193756,1,38SMB_01474_r8400_c960,5,679.9932861328125,650.7650756835938,442515.88231455535,411010.06286621094,3614784.6949768066,411690.05615234375,3615435.4600524902,,
C1631,R4957,0.2555418312549591,1,38SMB_01732_r9680_c2400,1,884.3072509765625,862.8448486328125,763019.9561137706,424348.9038848877,3600113.1341552734,425233.21113586426,3600975.9790039062,,
C1632,R4409,0.2551049292087555,2,38SMB_01572_r8880_c4320,4,587.1214294433594,627.6318359375,368496.100679785,443985.5889892578,3608067.737121582,444572.7104187012,3608695.3689575195,,
C1633,R4463,0.254960685968399,1,38SMB_01600_r9120_c960,2,222.1795654296875,430.63018798828125,95677.22802814096,412577.08984375,3607309.321899414,412799.2694091797,3607739.9520874023,,
C1634,R1282,0.2549188435077667,1,38SMB_00569_r3120_c5520,1,357.23724365234375,529.4345092773438,189133.7247886695,458042.76275634766,3667075.923461914,458400.0,3667605.3579711914,,
C1635,R0863,0.2546809911727905,2,38SMB_00424_r2400_c960,1,462.403564453125,471.86424255371094,218191.70769480988,411124.9475097656,3675197.8117370605,411587.35107421875,3675669.6759796143,,
C1636,R2963,0.2546525001525879,1,38SMB_01233_r6960_c3600,0,546.4154052734375,537.2589111328125,293566.5456634015,437384.37286376953,3628336.7959594727,437930.78826904297,3628874.0548706055,,
C1637,R3221,0.2544571459293365,2,38SMB_01296_r7200_c8640,3,630.562744140625,319.2237854003906,201290.6261170283,488751.09466552734,3627680.7762145996,489381.65740966797,3628000.0,,
C1638,R4361,0.2544469237327575,1,38SMB_01567_r8880_c3120,6,836.1962890625,714.0228271484375,597063.2383674383,433283.7078857422,3608630.756225586,434119.9041748047,3609344.7790527344,,
C1639,R1712,0.2544279992580414,1,38SMB_00730_r4080_c3840,2,875.3500366210938,942.4087524414062,824937.5359616242,440355.65643310547,3657429.9334716797,441231.00646972656,3658372.342224121,,
C1640,R1605,0.2543131411075592,1,38SMB_00695_r3840_c5520,1,992.8924560546875,597.0083618164062,592765.0986490771,455523.4004211426,3660999.736022949,456516.29287719727,3661596.7443847656,,
C1641,R0457,0.2539970576763153,1,38SMB_00219_r1200_c2160,0,708.5714721679688,771.2680053710938,546498.5060018487,423634.97802734375,3685314.832458496,424343.5494995117,3686086.100463867,,
C1642,R4924,0.2539520561695099,2,38SMB_01729_r9680_c1680,0,1515.3984069824219,1182.2404479980469,1791565.291566425,417055.8221435547,3602017.759552002,418571.2205505371,3603200.0,,
C1643,R1938,0.2538859248161316,2,38SMB_00815_r4560_c4080,1,617.2238159179688,505.7492446899414,312160.4787051561,441667.21588134766,3653894.25075531,442284.4396972656,3654400.0,,
C1644,R4070,0.2537650763988495,1,38SMB_01483_r8400_c3120,6,426.627197265625,444.81689453125,189770.9850102663,432824.3780517578,3614154.11529541,433251.00524902344,3614598.9321899414,,
C1645,R4519,0.2537470459938049,1,38SMB_01608_r9120_c2880,4,380.45318603515625,123.93096923828125,47149.93209512904,430439.1458129883,3605600.0,430819.59899902344,3605723.9309692383,,
C1646,R3482,0.2534839212894439,1,38SMB_01355_r7680_c2640,2,454.33990478515625,465.36529541015625,211434.0240069665,428315.83404541016,3621883.882446289,428770.1739501953,3622349.247741699,,
C1647,R4944,0.25326669216156,1,38SMB_01731_r9680_c2160,5,283.53832244873047,627.410888671875,177895.03086009063,421600.0630760193,3600558.412475586,421883.601398468,3601185.823364258,,
C1648,R2231,0.2531194686889648,1,38SMB_00953_r5280_c6960,2,393.023681640625,831.0472869873047,326621.26434920356,472406.9763183594,3646368.9527130127,472800.0,3647200.0,,
C1649,R1127,0.2530674636363983,4,38SMB_00512_r2880_c1920,3,966.9171142578125,861.6201782226562,833115.2963133529,421427.90771484375,3668000.0,422394.82482910156,3668861.6201782227,,
C1650,R5032,0.2530164420604706,2,38SMB_01747_r9680_c6000,4,931.796875,951.1712646484375,886298.411989212,461656.42578125,3601154.3646240234,462588.22265625,3602105.535888672,,
C1651,R0947,0.2529899477958679,1,38SMB_00439_r2400_c4560,1,767.2308349609375,765.133056640625,587033.673902601,446550.9809875488,3673792.777709961,447318.21182250977,3674557.9107666016,,
C1652,R3213,0.252979040145874,1,38SMB_01294_r7200_c8160,3,461.9921875,495.3387451171875,228842.6304101944,482824.8910522461,3626244.1537475586,483286.8832397461,3626739.492492676,,
C1653,R1899,0.2529141902923584,1,38SMB_00809_r4560_c2640,0,555.7913208007812,546.4517211914062,303713.12387483194,427160.38177490234,3652865.898132324,427716.1730957031,3653412.3498535156,,
C1654,R0441,0.2527630031108856,1,38SMB_00216_r1200_c1440,6,372.15667724609375,202.4765968322754,75353.01749719656,416236.9665527344,3687796.990337372,416609.12322998047,3687999.466934204,,
C1655,R4999,0.2525687217712402,3,38SMB_01742_r9680_c4800,2,600.9548950195312,713.341064453125,428685.8045015484,450249.5748901367,3600748.115234375,450850.52978515625,3601461.456298828,,
C1656,R0360,0.2524394690990448,2,38SMB_00174_r960_c1440,5,993.8333129882812,975.0657653808594,969052.8399899136,415596.4584350586,3687207.0727539062,416590.2917480469,3688182.138519287,,
C1657,R2258,0.2523579597473144,1,38SMB_00975_r5520_c2160,1,589.1238784790039,609.9984741210938,359364.66694049304,422201.40773773193,3643312.5119018555,422790.53161621094,3643922.5103759766,,
C1658,R4592,0.2522193491458893,1,38SMB_01624_r9120_c6720,0,445.3912353515625,468.05908203125,208469.41276341677,468565.5355834961,3607560.351867676,469010.92681884766,3608028.410949707,,
C1659,R0791,0.252142459154129,1,38SMB_00387_r2160_c2160,3,910.3823852539062,891.1590576171875,811295.5085141584,422848.28994750977,3676861.7808532715,423758.6723327637,3677752.9399108887,,
C1660,R1575,0.2520614564418793,3,38SMB_00688_r3840_c3840,2,751.0846710205078,718.4508514404297,539617.4213985389,438596.58332824707,3660680.6157684326,439347.6679992676,3661399.066619873,,
C1661,R3226,0.2516455352306366,1,38SMB_01297_r7200_c8880,2,433.798828125,615.2816772460938,266908.47055613995,491564.55810546875,3625328.1561279297,491998.35693359375,3625943.437805176,,
C1662,R4800,0.2511704564094543,1,38SMB_01688_r9600_c1920,3,1056.9964599609375,589.8004150390625,623416.9507797807,420907.00469970703,3600803.455505371,421964.00115966797,3601393.25592041,,
C1663,R4763,0.251160591840744,1,38SMB_01671_r9360_c7920,0,502.50396728515625,513.046875,257808.09009075165,479999.59884643555,3603829.1650390625,480502.1028137207,3604342.2119140625,,
C1664,R4912,0.2507611811161041,1,38SMB_01713_r9600_c7920,0,524.5562744140625,164.01973724365234,86037.58229890373,479987.0503234863,3603835.9802627563,480511.6065979004,3604000.0,,
C1665,R4994,0.2506130933761596,1,38SMB_01741_r9680_c4560,0,893.7854766845703,600.3926467895508,536622.2280087095,446588.9855194092,3602599.6073532104,447482.77099609375,3603200.0,,
C1666,R1303,0.2505068480968475,2,38SMB_00594_r3360_c1440,0,870.1797485351562,592.174186706543,515297.9848773102,416729.82025146484,3665807.8258132935,417600.0,3666400.0,,
C1667,R4487,0.2503451704978943,1,38SMB_01605_r9120_c2160,4,1224.3524169921875,1250.80078125,1531420.959699154,423573.69140625,3606998.450164795,424798.0438232422,3608249.250946045,,
C1668,R2418,0.2500642836093902,1,38SMB_01045_r5760_c8880,1,500.4856872558594,246.84852600097656,123544.15418369463,489341.35078430176,3642153.151473999,489841.8364715576,3642400.0,,
C1669,R1687,0.2493119090795517,1,38SMB_00727_r4080_c3120,7,1035.8917236328125,790.0839233398438,818441.3971630856,432873.57696533203,3658408.398284912,433909.46868896484,3659198.482208252,,
C1670,R0442,0.2492067962884903,1,38SMB_00216_r1200_c1440,7,196.23329162597656,561.5682983398438,110198.39565602597,414400.0,3686646.7224121094,414596.233291626,3687208.290710449,,
C1671,R3232,0.2491684257984161,1,38SMB_01298_r7200_c9120,2,1065.0286865234375,616.5256500244141,656617.5032535102,492841.02935791016,3627383.4743499756,493906.0580444336,3628000.0,,
C1672,R4809,0.2490396648645401,2,38SMB_01689_r9600_c2160,4,1101.4283752441406,1368.7962341308594,1507631.0121990507,423698.57162475586,3602066.6105651855,424800.0,3603435.4067993164,,
C1673,R3278,0.2488903999328613,1,38SMB_01312_r7440_c2400,2,1017.6609039306641,886.9100952148438,902573.7292015692,424000.0,3622400.0,425017.66090393066,3623286.910095215,,
C1674,R1970,0.2488411962985992,1,38SMB_00821_r4560_c5520,0,630.9819030761719,452.48416900634766,285509.32207146543,455704.48371887207,3653947.5158309937,456335.46562194824,3654400.0,,
C1675,R1598,0.2488093674182891,1,38SMB_00692_r3840_c4800,1,693.8735961914062,665.2510070800781,461600.10865260847,449194.23919677734,3660577.934036255,449888.11279296875,3661243.185043335,,
C1676,R2092,0.2487038820981979,1,38SMB_00891_r5040_c2160,0,550.78369140625,558.5812377929688,307657.43610188365,422476.88552856445,3647441.3221740723,423027.6692199707,3647999.9034118652,,
C1677,R3371,0.2486830949783325,1,38SMB_01325_r7440_c5520,4,395.8502197265625,416.685791015625,164945.16193047166,457271.85638427734,3623154.282989502,457667.7066040039,3623570.9687805176,,
C1678,R2023,0.2485178261995315,1,38SMB_00856_r4800_c3840,2,839.9492645263672,880.7601928710938,739793.8762261765,439366.907119751,3649433.310852051,440206.85638427734,3650314.071044922,,
C1679,R3123,0.2484556436538696,1,38SMB_01275_r7200_c3600,6,243.0389404296875,516.3034057617188,125481.83267656714,438956.9610595703,3626155.1431274414,439200.0,3626671.446533203,,
C1680,R0019,0.2484202086925506,1,38SMB_00002_r0_c480,6,658.6224365234375,1114.3215942382812,733917.2034678981,404801.0821533203,3698307.9823303223,405459.70458984375,3699422.3039245605,,
C1681,R0815,0.2482630312442779,2,38SMB_00393_r2160_c3600,0,531.2973785400391,518.68896484375,275578.08729913086,436030.8081436157,3676533.9276123047,436562.10552215576,3677052.6165771484,,
C1682,R3550,0.2475450336933136,1,38SMB_01363_r7680_c4560,2,292.2925567626953,289.7021484375,84677.78166644275,446815.3267669678,3621354.4178771973,447107.61932373047,3621644.1200256348,,
C1683,R3531,0.2471412867307663,2,38SMB_01360_r7680_c3840,0,345.63232421875,350.5425262451172,121158.82808361202,440595.9814453125,3622630.549812317,440941.61376953125,3622981.092338562,,
C1684,R0009,0.2471137940883636,1,38SMB_00001_r0_c240,3,993.0271911621094,1011.33056640625,1004278.7516947836,404501.9825744629,3698277.6356506348,405495.009765625,3699288.966217041,,
C1685,R2198,0.2470548748970031,1,38SMB_00940_r5280_c3840,6,883.7750244140625,787.0524597167969,695577.3068013601,440163.2824707031,3646216.2873077393,441047.0574951172,3647003.339767456,,
C1686,R2651,0.2470330446958542,2,38SMB_01132_r6240_c9600,1,461.73004150390625,235.92586517333984,108934.0595183312,497783.1121826172,3637363.348426819,498244.8422241211,3637599.274291992,,
C1687,R4787,0.2468351572751999,2,38SMB_01687_r9600_c1680,0,705.2420425415039,728.82568359375,513998.5137543641,417326.1588668823,3600909.58984375,418031.4009094238,3601638.4155273438,,
C1688,R2478,0.2468255758285522,1,38SMB_01069_r6000_c4560,6,165.24463653564453,698.3343505859375,115396.0059429286,445600.0,3638299.474182129,445765.24463653564,3638997.808532715,,
C1689,R2656,0.2467691153287887,1,38SMB_01133_r6240_c9680,1,474.4415283203125,323.88622283935547,153665.0745657971,499024.6887207031,3637276.1137771606,499499.13024902344,3637600.0,,
C1690,R3291,0.2467166483402252,1,38SMB_01315_r7440_c3120,1,510.29052734375,311.1802291870117,158792.3232507892,432124.81384277344,3625288.379573822,432635.1043701172,3625599.559803009,,
C1691,R0680,0.2466287761926651,2,38SMB_00344_r1920_c1920,4,690.6696319580078,677.8534698486328,468172.80654181377,420289.1939544678,3680122.1465301514,420979.8635864258,3680800.0,,
C1692,R2239,0.2463006526231765,1,38SMB_00958_r5280_c8160,1,454.8272705078125,527.650146484375,239989.67590853572,483649.2401123047,3644929.4732666016,484104.0673828125,3645457.123413086,,
C1693,R2460,0.2461752295494079,1,38SMB_01066_r6000_c3840,0,436.5386962890625,443.30047607421875,193517.8118897602,440506.4538574219,3637400.0845336914,440942.99255371094,3637843.3850097656,,
C1694,R3191,0.2461706399917602,1,38SMB_01286_r7200_c6240,3,483.9569091796875,474.86572265625,229814.54741209745,464129.01962280273,3626225.3295898438,464612.9765319824,3626700.1953125,,
C1695,R2199,0.2460119277238845,2,38SMB_00940_r5280_c3840,7,583.6260986328125,608.0419921875,354869.1757053137,440618.78143310547,3644007.5268554688,441202.4075317383,3644615.5688476562,,
C1696,R0189,0.2459847629070282,2,38SMB_00056_r240_c3360,1,602.972412109375,629.1566467285156,379364.100872539,435858.42193603516,3694631.4630126953,436461.39434814453,3695260.619659424,,
C1697,R1815,0.2459096908569336,1,38SMB_00770_r4320_c3360,9,190.11014938354492,471.48406982421875,89633.90694624395,433600.0637817383,3655449.489135742,433790.1739311218,3655920.9732055664,,
C1698,R0469,0.2456683665513992,1,38SMB_00227_r1200_c4080,2,643.89892578125,648.0866241455078,417302.2811004892,443356.10107421875,3687351.6926574707,444000.0,3687999.779281616,,
C1699,R0834,0.2456202059984207,1,38SMB_00407_r2160_c6960,1,1161.0040283203125,1178.5195922851562,1368265.9940974787,469838.37158203125,3676046.368408203,470999.37561035156,3677224.8880004883,,
C1700,R2557,0.2455631494522094,4,38SMB_01102_r6240_c2400,2,356.300048828125,359.66773986816406,128149.63327692822,426604.85412597656,3637058.85181427,426961.1541748047,3637418.519554138,,
C1701,R4255,0.2454417794942855,2,38SMB_01529_r8640_c4080,4,772.066650390625,537.9567718505859,415338.48289763555,442377.07916259766,3613061.820602417,443149.1458129883,3613599.7773742676,,
C1702,R0160,0.2454013377428054,1,38SMB_00047_r240_c1200,5,909.359130859375,457.9997253417969,416486.2321706489,413976.76330566406,3697141.9089889526,414886.12243652344,3697599.9087142944,,
C1703,R0733,0.245265394449234,1,38SMB_00361_r1920_c6000,0,330.4986572265625,757.559814453125,250372.50144556165,462869.50134277344,3678491.0287475586,463200.0,3679248.5885620117,,
C1704,R2918,0.2451772093772888,2,38SMB_01212_r6720_c8640,2,371.5152359008789,366.40869140625,136126.4114239253,486922.1387863159,3631038.8078308105,487293.6540222168,3631405.216522217,,
C1705,R1729,0.2450747787952423,1,38SMB_00736_r4080_c5280,0,739.1915893554688,761.05712890625,562567.0287065208,454019.45083618164,3657527.8692626953,454758.6424255371,3658288.9263916016,,
C1706,R4434,0.2449400275945663,2,38SMB_01582_r8880_c6720,0,541.6366577148438,451.0116195678711,244284.42621330032,468315.0424194336,3610748.988380432,468856.67907714844,3611200.0,,
C1707,R0995,0.2448397725820541,1,38SMB_00465_r2640_c720,3,357.67578125,355.4499816894531,127135.84989607334,408881.8899536133,3672308.3239746094,409239.5657348633,3672663.773956299,,
C1708,R2083,0.2442698627710342,1,38SMB_00884_r5040_c480,0,993.572998046875,1157.5411987304688,1150101.6791854054,405406.1178588867,3647798.74420166,406399.6908569336,3648956.2854003906,,
C1709,R1549,0.2441667318344116,1,38SMB_00685_r3840_c3120,7,1062.7523803710938,1114.82666015625,1184784.686782211,432828.58123779297,3658400.4403686523,433891.33361816406,3659515.2670288086,,
C1710,R1298,0.2441658228635788,2,38SMB_00586_r3120_c9600,0,501.888427734375,487.75543212890625,244798.8069500774,497592.77130126953,3666487.6010131836,498094.6597290039,3666975.3564453125,,
C1711,R1416,0.2441617846488952,1,38SMB_00640_r3600_c2400,2,671.2420654296875,719.0875244140625,482681.79511241615,426013.7728881836,3661365.2142333984,426685.0149536133,3662084.3017578125,,
C1712,R3704,0.2441397905349731,1,38SMB_01399_r7920_c3120,3,503.924560546875,483.9813232421875,243890.0756277144,432509.7152709961,3619270.745239258,433013.63983154297,3619754.7265625,,
C1713,R1636,0.2440504878759384,1,38SMB_00722_r4080_c1920,5,641.514892578125,284.4192695617676,182459.1971600661,420913.3819580078,3658915.580730438,421554.89685058594,3659200.0,,
C1714,R2589,0.2437736392021179,1,38SMB_01109_r6240_c4080,4,451.2307357788086,764.53125,344979.99846339226,440800.0,3635370.346069336,441251.2307357788,3636134.877319336,,
C1715,R3150,0.2436242401599884,1,38SMB_01280_r7200_c4800,0,325.6580352783203,678.5629272460938,220979.4696996687,448000.0,3625246.6159057617,448325.6580352783,3625925.178833008,,
C1716,R0737,0.243568554520607,1,38SMB_00372_r1920_c8640,0,969.0310668945312,923.7664794921875,895158.4171837196,487429.72061157227,3678037.9537963867,488398.7516784668,3678961.720275879,,
C1717,R4745,0.243508905172348,1,38SMB_01658_r9360_c4800,3,1208.8262939453125,1006.1007690429688,1216201.0639777407,449095.040435791,3604833.503112793,450303.8667297363,3605839.603881836,,
C1718,R2056,0.2435021996498108,2,38SMB_00863_r4800_c5520,2,413.71826171875,77.7349853515625,32160.383014380932,457773.96240234375,3648800.7971191406,458187.6806640625,3648878.532104492,,
C1719,R1117,0.2433899790048599,1,38SMB_00509_r2880_c1200,0,543.250732421875,700.4335784912109,380511.0545282252,414656.7492675781,3670210.3435516357,415200.0,3670910.777130127,,
C1720,R3909,0.2432203590869903,2,38SMB_01442_r8160_c3360,1,650.3878784179688,628.4468841552734,408734.2356841313,436149.61212158203,3617770.018005371,436800.0,3618398.4648895264,,
C1721,R0705,0.2431826293468475,1,38SMB_00347_r1920_c2640,0,477.52838134765625,585.615234375,279647.8949636221,429122.47161865234,3677602.528076172,429600.0,3678188.143310547,,
C1722,R4520,0.2431019991636276,4,38SMB_01608_r9120_c2880,5,391.4891815185547,423.4608459472656,165780.3399850498,429232.4295806885,3607967.6848602295,429623.91876220703,3608391.1457061768,,
C1723,R1468,0.2429936379194259,2,38SMB_00650_r3600_c4800,1,776.4212036132812,587.5061416625977,456152.225639869,448256.354598999,3663412.4938583374,449032.7758026123,3664000.0,,
C1724,R2001,0.2428922653198242,1,38SMB_00853_r4800_c3120,1,433.924560546875,444.5050048828125,192881.63890466094,432692.19482421875,3650653.932800293,433126.1193847656,3651098.437805176,,
C1725,R2919,0.2428922653198242,1,38SMB_01212_r6720_c8640,3,878.7991333007812,236.9635009765625,208243.31928212196,487093.10165405273,3629600.7369995117,487971.9007873535,3629837.7005004883,,
C1726,R2936,0.2428852617740631,1,38SMB_01226_r6960_c1920,0,992.5083923339844,936.4080810546875,929392.8790961392,419477.75283813477,3628669.468383789,420470.26123046875,3629605.8764648438,,
C1727,R2073,0.2427055388689041,1,38SMB_00871_r4800_c7440,1,708.6907958984375,1328.6467742919922,941599.7399408836,476887.8161621094,3649572.890625,477596.5069580078,3650901.537399292,,
C1728,R2894,0.2426801472902298,1,38SMB_01203_r6720_c6480,1,523.6441040039062,251.06590270996094,131469.1796704894,465975.07583618164,3632548.93409729,466498.71994018555,3632800.0,,
C1729,R2622,0.2425714582204818,2,38SMB_01114_r6240_c5280,2,428.7155532836914,392.67391204833984,168345.4134638756,452825.29109954834,3636639.0229797363,453254.00665283203,3637031.6968917847,,
C1730,R3434,0.2425523847341537,1,38SMB_01342_r7440_c9600,1,378.80531311035156,659.6421813964844,249875.9630646906,496000.0,3622400.0,496378.80531311035,3623059.6421813965,,
C1731,R2057,0.2424777448177337,1,38SMB_00863_r4800_c5520,3,381.93328857421875,201.35009765625,76902.30495259166,456882.02911376953,3648801.194152832,457263.96240234375,3649002.5442504883,,
C1732,R3525,0.2421606630086898,2,38SMB_01359_r7680_c3600,10,824.17724609375,415.9136962890625,342786.60482019186,438203.6373901367,3620000.640258789,439027.81463623047,3620416.553955078,,
C1733,R0418,0.2420404255390167,1,38SMB_00191_r960_c5520,1,592.5048828125,629.3443298339844,372889.58839699626,455694.9432373047,3689078.0026245117,456287.4481201172,3689707.3469543457,,
C1734,R2682,0.2420012354850769,1,38SMB_01144_r6480_c2400,4,645.4214477539062,351.6908645629883,226988.82696806686,425686.01150512695,3634847.321395874,426331.43295288086,3635199.012260437,,
C1735,R2361,0.2418947517871856,1,38SMB_01026_r5760_c4320,6,371.56227111816406,793.2363891601562,294736.7142899195,443200.2193450928,3640571.3093566895,443571.78161621094,3641364.5457458496,,
C1736,R2047,0.2417677491903305,1,38SMB_00861_r4800_c5040,1,104.7076416015625,299.25048828125,31333.812876045704,453495.29235839844,3649380.4876708984,453600.0,3649679.7381591797,,
C1737,R1829,0.2417095750570297,1,38SMB_00771_r4320_c3600,7,290.526123046875,765.26611328125,222329.79699075222,438909.4738769531,3654275.2407836914,439200.0,3655040.5068969727,,
C1738,R0290,0.241673395037651,1,38SMB_00131_r720_c1200,2,599.9472045898438,502.7484130859375,301622.5050428882,413108.0065917969,3690535.5082702637,413707.9537963867,3691038.2566833496,,
C1739,R2291,0.2416663169860839,1,38SMB_00987_r5520_c5040,2,400.023193359375,368.876953125,147559.33674573898,450401.8571090698,3641600.0,450801.8803024292,3641968.876953125,,
C1740,R4181,0.2414201349020004,1,38SMB_01522_r8640_c2400,4,557.4142456054688,678.5910034179688,378256.2922448851,425163.8066101074,3611751.1770629883,425721.2208557129,3612429.7680664062,,
C1741,R1628,0.2413064688444137,1,38SMB_00721_r4080_c1680,1,1360.2769470214844,893.0474090576172,1214791.8031383422,417135.50033569336,3658305.3228759766,418495.77728271484,3659198.370285034,,
C1742,R4844,0.2412215322256088,1,38SMB_01693_r9600_c3120,3,808.8374328613281,1350.001220703125,1091931.5217131749,431200.1737213135,3602509.019165039,432009.0111541748,3603859.020385742,,
C1743,R3154,0.2411606907844543,2,38SMB_01281_r7200_c5040,2,764.4737243652344,259.36351776123047,198276.59438739647,452805.6098937988,3627740.636482239,453570.08361816406,3628000.0,,
C1744,R0948,0.2409071028232574,1,38SMB_00439_r2400_c4560,2,727.3760986328125,742.4053955078125,540007.9401884228,447806.8557739258,3673880.3970336914,448534.2318725586,3674622.802429199,,
C1745,R0334,0.2408371865749359,1,38SMB_00146_r720_c4800,1,902.3817443847656,888.2354736328125,801527.4761212058,448545.22079467773,3691195.0466918945,449447.6025390625,3692083.2821655273,,
C1746,R0110,0.2407013922929763,1,38SMB_00016_r0_c3840,4,412.25799560546875,685.4751586914062,282592.61495945975,441187.74200439453,3698027.5329589844,441600.0,3698713.008117676,,
C1747,R3927,0.2406076937913894,1,38SMB_01446_r8160_c4320,4,215.7867431640625,257.3663330078125,55536.24279983342,446183.9764404297,3615201.089477539,446399.76318359375,3615458.455810547,,
C1748,R1360,0.2403628826141357,1,38SMB_00605_r3360_c4080,1,1156.9482421875,1189.0554809570312,1375675.6485566497,442700.6887817383,3665210.944519043,443857.6370239258,3666400.0,,
C1749,R0280,0.2403228431940078,2,38SMB_00105_r480_c5040,0,572.1923065185547,547.1173095703125,313056.3152992632,450400.31620025635,3692001.734008789,450972.5085067749,3692548.8513183594,,
C1750,R1048,0.2402476221323013,1,38SMB_00473_r2640_c2640,3,566.878662109375,437.80162811279297,248180.40121388622,428665.44647216797,3673159.7817230225,429232.32513427734,3673597.5833511353,,
C1751,R4362,0.2402324825525283,1,38SMB_01567_r8880_c3120,7,353.5304260253906,329.86541748046875,116617.46157291345,431907.1415710449,3609648.9170837402,432260.6719970703,3609978.7825012207,,
C1752,R1093,0.2400990128517151,1,38SMB_00486_r2640_c5760,0,273.01151275634766,588.0926513671875,160556.06439064723,457600.0,3670931.868286133,457873.01151275635,3671519.9609375,,
C1753,R4775,0.240070566534996,2,38SMB_01684_r9600_c960,0,248.80340576171875,377.6491928100586,93960.40535430657,412551.1965942383,3603611.651916504,412800.0,3603989.301109314,,
C1754,R0551,0.2397257983684539,1,38SMB_00278_r1440_c6240,0,358.04981231689453,736.7938232421875,263808.8901281124,462400.74672698975,3682761.662902832,462758.79653930664,3683498.456726074,,
C1755,R0119,0.2396557480096817,1,38SMB_00021_r0_c5040,0,502.7911376953125,520.638427734375,261772.38740846515,452096.3815307617,3698364.1355895996,452599.17266845703,3698884.774017334,,
C1756,R4443,0.2396194487810135,1,38SMB_01585_r8880_c7440,4,1310.2392578125,995.6727600097656,1304569.5380993187,475980.14404296875,3608004.442138672,477290.38330078125,3609000.1148986816,,
C1757,R1162,0.2394545674324035,1,38SMB_00522_r2880_c4320,5,499.58080291748047,736.5951538085938,367988.7983648223,443201.28089904785,3669178.5931396484,443700.86170196533,3669915.188293457,,
C1758,R0263,0.2393915653228759,1,38SMB_00096_r480_c2880,0,515.6436157226562,506.4075469970703,261125.8185628103,429580.73623657227,3693560.979309082,430096.3798522949,3694067.386856079,,
C1759,R4470,0.2393509149551391,2,38SMB_01603_r9120_c1680,0,507.33821868896484,580.7598876953125,294641.6869093431,416819.0205001831,3606091.728515625,417326.35871887207,3606672.4884033203,,
C1760,R3124,0.2392005920410156,1,38SMB_01275_r7200_c3600,7,342.1044921875,360.5096435546875,123331.968536973,437708.0062866211,3625852.4674987793,438050.1107788086,3626212.977142334,,
C1761,R4503,0.2391992062330246,1,38SMB_01606_r9120_c2400,4,695.7537841796875,492.8778076171875,342921.5997878462,425515.9848022461,3605600.0,426211.7385864258,3606092.877807617,,
C1762,R0681,0.239192247390747,2,38SMB_00344_r1920_c1920,5,516.97021484375,515.2217102050781,266354.27821688354,421194.00390625,3680198.575515747,421710.97412109375,3680713.797225952,,
C1763,R3737,0.2391512840986251,1,38SMB_01402_r7920_c3840,5,1139.3309783935547,799.4551086425781,910843.9711114741,439399.27375793457,3619997.97164917,440538.6047363281,3620797.4267578125,,
C1764,R4982,0.2391280382871627,2,38SMB_01736_r9680_c3360,0,477.64949798583984,483.61053466796875,230996.32910481887,434233.1799697876,3600901.6958618164,434710.82946777344,3601385.3063964844,,
C1765,R3418,0.2389259487390518,1,38SMB_01335_r7440_c7920,2,743.9324951171875,730.3195190429688,543308.4220344201,480898.0773925781,3624144.902648926,481642.0098876953,3624875.2221679688,,
C1766,R0094,0.2388864308595657,1,38SMB_00011_r0_c2640,0,961.3754272460938,860.8387756347656,827589.245715877,428035.6350708008,3699030.848083496,428997.0104980469,3699891.686859131,,
C1767,R4622,0.2387129813432693,1,38SMB_01644_r9360_c1440,3,522.322998046875,505.313720703125,263936.9775518775,416036.15142822266,3603693.9868164062,416558.47442626953,3604199.3005371094,,
C1768,R1500,0.2383544892072677,2,38SMB_00661_r3600_c7440,0,677.2113037109375,638.5809326171875,432454.2259026319,475765.7014465332,3660866.412963867,476442.91275024414,3661504.9938964844,,
C1769,R1135,0.2383269667625427,1,38SMB_00513_r2880_c2160,4,429.315185546875,447.7325439453125,192218.3801792562,422481.98348999023,3669133.777770996,422911.2986755371,3669581.5103149414,,
C1770,R2479,0.2382183670997619,1,38SMB_01069_r6000_c4560,7,409.2413330078125,95.57271957397461,39112.30715763522,447654.34783935547,3639904.427280426,448063.5891723633,3640000.0,,
C1771,R0979,0.2381204217672348,1,38SMB_00463_r2640_c240,2,613.6093139648438,455.65338134765625,279593.1587344967,403468.13232421875,3673143.8998413086,404081.7416381836,3673599.5532226562,,
C1772,R1803,0.2380392849445343,1,38SMB_00769_r4320_c3120,10,710.1239013671875,886.522216796875,629540.6152404845,433399.6206665039,3654418.2177734375,434109.7445678711,3655304.7399902344,,
C1773,R1432,0.2380324453115463,1,38SMB_00643_r3600_c3120,4,1106.5643310546875,1151.7852020263672,1274524.421598995,432258.37127685547,3661972.881164551,433364.93560791016,3663124.666366577,,
C1774,R0539,0.2379294484853744,1,38SMB_00269_r1440_c4080,2,1180.7691955566406,1150.5776977539062,1358566.7026022915,442816.7497253418,3683896.432952881,443997.51892089844,3685047.0106506348,,
C1775,R2948,0.2379031479358673,1,38SMB_01230_r6960_c2880,2,603.4561157226562,748.8018798828125,451869.07387990505,430597.374420166,3628081.6647338867,431200.8305358887,3628830.4666137695,,
C1776,R4297,0.2378339171409607,2,38SMB_01551_r8640_c9360,0,702.2308349609375,642.3741149902344,451094.91112688556,494973.56170654297,3610400.0,495675.7925415039,3611042.3741149902,,
C1777,R4521,0.2378126680850982,3,38SMB_01608_r9120_c2880,6,136.17919921875,523.182373046875,71246.55660688877,431863.82080078125,3605664.3963623047,432000.0,3606187.5787353516,,
C1778,R1562,0.2377582043409347,2,38SMB_00686_r3840_c3360,4,363.8966369628906,727.5753784179688,264762.23334330134,433600.0,3658400.0,433963.8966369629,3659127.575378418,,
C1779,R0883,0.2376200705766677,1,38SMB_00427_r2400_c1680,6,545.0928115844727,855.97900390625,466588.0018965341,416800.0651168823,3673522.704772949,417345.1579284668,3674378.6837768555,,
C1780,R0462,0.2373699843883514,4,38SMB_00222_r1200_c2880,0,544.7485542297363,531.4306640625,289496.08592139557,429108.50217819214,3687346.6592407227,429653.2507324219,3687878.089904785,,
C1781,R1648,0.2372996807098388,1,38SMB_00723_r4080_c2160,5,1141.1285400390625,1018.2245635986328,1161925.1096912194,422254.6127319336,3657096.0333251953,423395.74127197266,3658114.257888794,,
C1782,R1501,0.2372931689023971,1,38SMB_00661_r3600_c7440,1,586.578369140625,280.927734375,164786.1322760582,475458.74923706055,3660800.133666992,476045.3276062012,3661081.061401367,,
C1783,R0271,0.2372449338436126,1,38SMB_00099_r480_c3600,0,1480.4443359375,1027.7755737304688,1521564.5267441869,437682.80212402344,3694172.2244262695,439163.24645996094,3695200.0,,
C1784,R3766,0.2371955066919326,1,38SMB_01409_r7920_c5520,2,447.7035140991211,461.8487548828125,206771.31054333877,455811.6093826294,3618638.1802368164,456259.3128967285,3619100.028991699,,
C1785,R0366,0.2371731698513031,2,38SMB_00175_r960_c1680,2,341.61407470703125,314.278564453125,107361.98099590838,417780.5894470215,3687210.326538086,418122.2035217285,3687524.605102539,,
C1786,R4296,0.2370103299617767,1,38SMB_01548_r8640_c8640,0,606.041259765625,437.2614288330078,264998.46717687324,487746.44592285156,3613162.1516036987,488352.4871826172,3613599.4130325317,,
C1787,R0855,0.2363060265779495,2,38SMB_00423_r2400_c720,4,505.50323486328125,513.2538032531738,259451.45785036148,407923.5418701172,3675197.0401000977,408429.04510498047,3675710.293903351,,
C1788,R3163,0.2362791746854782,1,38SMB_01282_r7200_c5280,4,485.9039306640625,502.8704833984375,244346.74449823797,454406.12396240234,3625640.3762817383,454892.0278930664,3626143.2467651367,,
C1789,R0382,0.2360777109861374,1,38SMB_00178_r960_c2400,0,937.850341796875,617.5900268554688,579207.0177767426,426262.1496582031,3689782.4099731445,427200.0,3690400.0,,
C1790,R1751,0.2358810156583786,2,38SMB_00756_r4320_c0,0,302.44524002075195,576.6715240478516,174411.5575037853,400000.0697517395,3656068.6166381836,400302.51499176025,3656645.2881622314,,
C1791,R0232,0.2357516139745712,1,38SMB_00088_r480_c960,2,279.4378662109375,104.542236328125,29213.059448450804,411442.10540771484,3692000.0,411721.5432739258,3692104.542236328,,
C1792,R2175,0.2357375025749206,1,38SMB_00914_r5040_c7680,0,512.7194213867188,480.9918212890625,246613.84830307215,478028.8862609863,3647548.3084106445,478541.60568237305,3648029.3002319336,,
C1793,R4129,0.2356978207826614,1,38SMB_01499_r8400_c6960,1,659.8809814453125,510.6591796875,336974.2806762457,470549.0689086914,3614758.6404418945,471208.9498901367,3615269.299621582,,
C1794,R0838,0.2356553077697754,2,38SMB_00416_r2160_c9120,0,345.13710021972656,384.8211669921875,132816.06167885475,491545.42739868164,3675902.869873047,491890.56449890137,3676287.691040039,,
C1795,R4652,0.2355077266693115,1,38SMB_01647_r9360_c2160,2,1265.6444549560547,1141.9076538085938,1445249.0901147248,422872.1836090088,3603510.531616211,424137.82806396484,3604652.4392700195,,
C1796,R4549,0.2354685366153717,1,38SMB_01610_r9120_c3360,8,766.5265655517578,858.016357421875,657692.3316418193,433600.4921722412,3606609.4024658203,434367.01873779297,3607467.418823242,,
C1797,R2104,0.2354377657175064,1,38SMB_00897_r5040_c3600,6,1193.150634765625,1135.8523559570312,1355242.9595101625,437175.3302001953,3646678.6920166016,438368.48083496094,3647814.5443725586,,
C1798,R3906,0.235408142209053,1,38SMB_01441_r8160_c3120,3,1021.2884521484375,882.064208984375,900841.9906891882,431895.0959777832,3615674.3118286133,432916.38442993164,3616556.3760375977,,
C1799,R4182,0.235373705625534,1,38SMB_01522_r8640_c2400,5,466.0028076171875,600.8041381835938,279976.4152215794,426733.9971923828,3612119.2474365234,427200.0,3612720.051574707,,
C1800,R2240,0.235321894288063,1,38SMB_00958_r5280_c8160,2,491.3739013671875,427.8681945800781,210243.2640417479,483145.2551269531,3645749.90234375,483636.6290283203,3646177.77053833,,
C1801,R1843,0.2352632880210876,1,38SMB_00772_r4320_c3840,7,791.9638061523438,855.1370239257812,677237.5722500496,439728.45001220703,3654062.0318603516,440520.4138183594,3654917.1688842773,,
C1802,R3683,0.2351493835449218,2,38SMB_01394_r7920_c1920,2,374.76318359375,515.4019165039062,193153.66305932403,422025.23681640625,3618407.0736694336,422400.0,3618922.4755859375,,
C1803,R1742,0.2349779158830642,2,38SMB_00740_r4080_c6240,0,471.1006164550781,521.8702697753906,245853.40580076445,463222.89123535156,3658595.0450897217,463693.99185180664,3659116.915359497,,
C1804,R3559,0.234799638390541,1,38SMB_01364_r7680_c4800,1,864.8464965820312,501.40918731689453,433641.9790050597,449765.8541870117,3622697.8332901,450630.70068359375,3623199.242477417,,
C1805,R3723,0.2345776706933975,1,38SMB_01401_r7920_c3600,5,992.8170776367188,977.2003173828125,970181.163369678,437319.83123779297,3617818.850708008,438312.6483154297,3618796.0510253906,,
C1806,R4689,0.2345059514045715,1,38SMB_01650_r9360_c2880,10,535.7077026367188,566.2188720703125,303327.81114634126,429400.4574584961,3603838.45703125,429936.1651611328,3604404.6759033203,,
C1807,R1095,0.2337939739227295,1,38SMB_00491_r2640_c6960,1,769.90234375,840.7479858398438,647293.8448011875,471310.9149169922,3671055.7720947266,472080.8172607422,3671896.5200805664,,
C1808,R1730,0.2337232530117035,1,38SMB_00736_r4080_c5280,1,424.456787109375,257.09503173828125,109125.73115341365,455575.5432128906,3658942.9049682617,456000.0,3659200.0,,
C1809,R4488,0.2336708605289459,1,38SMB_01605_r9120_c2160,5,731.8116760253906,737.5982666015625,539783.0237151124,423799.5573425293,3608062.4017333984,424531.3690185547,3608800.0,,
C1810,R3171,0.2334591448307037,1,38SMB_01283_r7200_c5520,3,427.2894287109375,399.4464111328125,170679.22881357372,456828.2440185547,3625743.1036376953,457255.5334472656,3626142.550048828,,
C1811,R0190,0.2333489954471588,2,38SMB_00056_r240_c3360,2,413.0760192871094,452.7923583984375,187037.6649708487,435989.2597961426,3695855.760345459,436402.3358154297,3696308.5527038574,,
C1812,R0987,0.2332272827625274,1,38SMB_00464_r2640_c480,2,1138.8252258300781,839.3605041503906,955884.9156919168,404800.0,3670406.5509033203,405938.8252258301,3671245.9114074707,,
C1813,R4737,0.2331802248954773,1,38SMB_01657_r9360_c4560,2,304.43359375,685.2911758422852,208625.65542683005,448495.0134277344,3605077.036743164,448799.4470214844,3605762.3279190063,,
C1814,R0242,0.2331268489360809,1,38SMB_00091_r480_c1680,2,755.5506134033203,1232.5766372680664,931274.0343544894,416800.0,3693581.9818115234,417555.5506134033,3694814.5584487915,,
C1815,R4550,0.2331100553274154,2,38SMB_01610_r9120_c3360,9,575.6622314453125,608.8232421875,350476.54615342617,435953.07678222656,3607464.1426086426,436528.7390136719,3608072.96585083,,
C1816,R3507,0.2329129576683044,2,38SMB_01358_r7680_c3360,10,410.972900390625,370.24566650390625,152160.93542017043,436340.2993774414,3621152.127685547,436751.27227783203,3621522.373352051,,
C1817,R1301,0.2327807396650314,1,38SMB_00593_r3360_c1200,1,389.1162109375,262.4329376220703,102116.91031269729,414087.5552368164,3666137.567062378,414476.6714477539,3666400.0,,
C1818,R0128,0.232709139585495,1,38SMB_00043_r240_c240,2,1347.1215057373047,1370.9942626953125,1846895.8555193152,403642.3349761963,3694670.116882324,404989.4564819336,3696041.1111450195,,
C1819,R2295,0.2326700538396835,1,38SMB_00988_r5520_c5280,2,483.33251953125,456.639404296875,220708.6737960577,454774.9557495117,3642159.640197754,455258.28826904297,3642616.279602051,,
C1820,R0980,0.2323548793792724,1,38SMB_00463_r2640_c240,3,787.34375,876.2982177734375,689947.9249000549,404812.65625,3670403.8940429688,405600.0,3671280.192260742,,
C1821,R1464,0.2322972863912582,1,38SMB_00648_r3600_c4320,3,737.9104614257812,1204.9151611328125,889119.5025304332,443200.0,3660955.9033203125,443937.9104614258,3662160.8184814453,,
C1822,R0632,0.2321377247571945,1,38SMB_00320_r1680_c6240,0,673.4167098999023,662.2869873046875,445995.12400024105,462995.9985733032,3680909.267578125,463669.4152832031,3681571.5545654297,,
C1823,R3684,0.2319521456956863,1,38SMB_01394_r7920_c1920,3,801.26953125,803.5214233398438,643837.2342288494,419664.4535827637,3618957.7919006348,420465.7231140137,3619761.3133239746,,
C1824,R0540,0.231857031583786,1,38SMB_00269_r1440_c4080,3,398.97918701171875,113.7445068359375,45381.69086445123,442386.8730163574,3682400.0247192383,442785.85220336914,3682513.769226074,,
C1825,R3473,0.2318523675203323,1,38SMB_01353_r7680_c2160,1,1707.178955078125,1300.8973693847656,2220864.611730166,422618.56536865234,3620000.0,424325.74432373047,3621300.8973693848,,
C1826,R3655,0.2313653528690338,1,38SMB_01388_r7920_c480,2,402.9437255859375,606.2957763671875,244303.07893641293,407595.9130859375,3617600.0,407998.85681152344,3618206.295776367,,
C1827,R1440,0.2308365404605865,1,38SMB_00644_r3600_c3360,3,850.650634765625,886.2211608886719,753864.5930526778,435117.89764404297,3662511.053466797,435968.5482788086,3663397.2746276855,,
C1828,R2419,0.2306895107030868,1,38SMB_01045_r5760_c8880,2,577.1234130859375,439.8409652709961,253842.51909221057,490621.8975830078,3641960.159034729,491199.02099609375,3642400.0,,
C1829,R2788,0.2305624186992645,3,38SMB_01181_r6720_c1200,0,709.0599060058594,787.4407958984375,558342.6967249252,414481.7543029785,3630499.842224121,415190.8142089844,3631287.2830200195,,
C1830,R3316,0.2304458767175674,1,38SMB_01317_r7440_c3600,6,547.4163436889648,515.3497314453125,282110.8657088829,436000.0,3625084.6502685547,436547.41634368896,3625600.0,,
C1831,R0421,0.2303433269262313,1,38SMB_00194_r960_c6240,0,457.67608642578125,476.2211608886719,217955.03718866967,463141.38946533203,3689007.4671936035,463599.0655517578,3689483.688354492,,
C1832,R4504,0.2298168241977691,2,38SMB_01606_r9120_c2400,5,508.84246826171875,383.2830810546875,195030.7090068236,424209.05632019043,3605601.2493896484,424717.89878845215,3605984.532470703,,
C1833,R2235,0.2297680526971817,1,38SMB_00954_r5280_c7200,2,1593.0197143554688,954.5168304443359,1520564.1285819234,472420.1902770996,3646245.4831695557,474013.2099914551,3647200.0,,
C1834,R0118,0.2295692712068557,1,38SMB_00019_r0_c4560,0,829.7607421875,710.2870178222656,589368.2830743492,446889.02557373047,3698984.386367798,447718.78631591797,3699694.67338562,,
C1835,R1497,0.22955983877182,1,38SMB_00657_r3600_c6480,0,549.7772216796875,565.1470947265625,310704.9995791167,465906.9860839844,3661635.516052246,466456.76330566406,3662200.6631469727,,
C1836,R3317,0.2293483912944793,1,38SMB_01317_r7440_c3600,7,104.97562408447266,418.12774658203125,43893.22114448296,436000.0,3624356.884613037,436104.9756240845,3624775.012359619,,
C1837,R3216,0.2292370051145553,2,38SMB_01295_r7200_c8400,0,523.6279296875,546.9366455078125,286391.30335748196,486655.9655761719,3625545.3576660156,487179.5935058594,3626092.2943115234,,
C1838,R0082,0.2292024493217468,1,38SMB_00008_r0_c1920,4,1086.2928771972656,1056.2738037109375,1147422.709341254,421245.42098999023,3698403.9849853516,422331.7138671875,3699460.2587890625,,
C1839,R3020,0.2289478182792663,1,38SMB_01244_r6960_c6240,2,465.5780029296875,479.8162841796875,223391.90736152232,463229.7529602051,3628165.2825927734,463695.33096313477,3628645.098876953,,
C1840,R3940,0.2289414703845977,2,38SMB_01447_r8160_c4560,9,596.0346221923828,343.29586029052734,204616.2183884735,445651.5847015381,3618056.7041397095,446247.61932373047,3618400.0,,
C1841,R1649,0.2288145124912262,1,38SMB_00723_r4080_c2160,6,468.49822998046875,470.13824462890625,220258.9354547672,423011.30599975586,3657910.486907959,423479.8042297363,3658380.625152588,,
C1842,R4134,0.228798508644104,1,38SMB_01500_r8400_c7200,1,1146.9477081298828,1072.8392028808594,1230490.464936092,473200.77812194824,3614411.817932129,474347.7258300781,3615484.6571350098,,
C1843,R3570,0.2285239100456237,2,38SMB_01368_r7680_c5760,2,524.8379516601562,454.7441864013672,238667.00732025784,458850.40939331055,3622745.2558135986,459375.2473449707,3623200.0,,
C1844,R4340,0.2284399718046188,1,38SMB_01565_r8880_c2640,2,683.3981323242188,1113.2618713378906,760801.0836600792,426400.0,3609574.5765686035,427083.3981323242,3610687.8384399414,,
C1845,R0830,0.2284027189016342,1,38SMB_00404_r2160_c6240,0,597.288818359375,593.46435546875,354469.6236163378,462770.9014892578,3676113.5012817383,463368.1903076172,3676706.965637207,,
C1846,R2223,0.2283671796321869,1,38SMB_00943_r5280_c4560,1,245.69124221801758,482.8030014038086,118620.46916148902,445600.0,3646206.8670654297,445845.691242218,3646689.6700668335,,
C1847,R4410,0.2282925546169281,1,38SMB_01572_r8880_c4320,5,707.5640869140625,249.03076171875,176205.2235290408,445380.2554321289,3608000.1684570312,446087.81951904297,3608249.19921875,,
C1848,R0741,0.2282569408416748,1,38SMB_00378_r2160_c0,2,781.9658660888672,708.7063598632812,554184.1824931791,401200.59761047363,3676751.5811157227,401982.5634765625,3677460.287475586,,
C1849,R2838,0.2281432449817657,2,38SMB_01193_r6720_c4080,7,611.7327880859375,697.0756530761719,426424.03276311234,443358.86505126953,3631463.6392211914,443970.59783935547,3632160.7148742676,,
C1850,R3560,0.2279041856527328,2,38SMB_01364_r7680_c4800,2,689.5726776123047,263.6734962463379,181822.0388219852,448043.65394592285,3622936.3265037537,448733.22662353516,3623200.0,,
C1851,R2017,0.2278942018747329,1,38SMB_00855_r4800_c3600,8,346.3037109375,351.2866973876953,121651.88690833747,437292.88299560547,3650391.706237793,437639.18670654297,3650742.9929351807,,
C1852,R1907,0.2274616211652755,2,38SMB_00811_r4560_c3120,2,374.8638916015625,395.7421875,148349.45647716522,432978.02185058594,3651396.2951660156,433352.8857421875,3651792.0373535156,,
C1853,R0083,0.2274550050497055,2,38SMB_00008_r0_c1920,5,428.9759826660156,145.52734375,62427.7352899313,419441.0595703125,3696800.760498047,419870.0355529785,3696946.287841797,,
C1854,R1563,0.2274401783943176,1,38SMB_00686_r3840_c3360,5,443.2781982421875,446.28021240234375,197826.28846485168,435743.43811035156,3660067.8506469727,436186.71630859375,3660514.130859375,,
C1855,R0758,0.227403312921524,1,38SMB_00381_r2160_c720,6,978.1158065795898,977.5390625,956146.4085802436,407825.6200027466,3676589.710998535,408803.7358093262,3677567.250061035,,
C1856,R1170,0.2273066490888595,2,38SMB_00524_r2880_c4800,2,446.3299560546875,746.8296813964844,333332.45887802914,450753.6700439453,3670445.7593536377,451200.0,3671192.589035034,,
C1857,R4312,0.2270920127630233,1,38SMB_01562_r8880_c1920,0,244.66415405273438,248.729248046875,60855.131061561406,420038.22860717773,3608801.6537475586,420282.89276123047,3609050.3829956055,,
C1858,R0531,0.2270854711532592,2,38SMB_00263_r1440_c2640,1,444.25914764404297,450.6744384765625,200216.24190255534,426414.193649292,3684170.9230041504,426858.45279693604,3684621.597442627,,
C1859,R1114,0.2270546555519104,1,38SMB_00508_r2880_c960,2,1125.3297424316406,1100.5734252929688,1238508.009212045,411660.9696960449,3669265.879058838,412786.29943847656,3670366.452484131,,
C1860,R4265,0.2269484847784042,1,38SMB_01530_r8640_c4320,6,181.55155181884766,568.9712524414062,103297.61382105062,443202.1682548523,3611630.302734375,443383.71980667114,3612199.2739868164,,
C1861,R4363,0.2267760336399078,2,38SMB_01567_r8880_c3120,8,741.4324951171875,613.2178115844727,454659.6120933769,433133.2827758789,3610586.7821884155,433874.7152709961,3611200.0,,
C1862,R0780,0.2265920490026474,3,38SMB_00384_r2160_c1440,5,871.3390350341797,800.0286865234375,697096.2237149943,414400.0,3675201.30279541,415271.3390350342,3676001.3314819336,,
C1863,R2024,0.2263200730085373,1,38SMB_00856_r4800_c3840,3,1150.8773803710938,978.9112854003906,1126606.8557573017,439223.87435913086,3651021.0887145996,440374.75173950195,3652000.0,,
C1864,R1224,0.2262090593576431,1,38SMB_00554_r3120_c1920,1,1193.5308837890625,1112.6184844970703,1327944.5231218357,419917.25341796875,3667670.804901123,421110.7843017578,3668783.42338562,,
C1865,R1606,0.2261484563350677,2,38SMB_00695_r3840_c5520,2,678.6676025390625,391.4580535888672,265669.89872376435,457694.7006225586,3661208.541946411,458373.36822509766,3661600.0,,
C1866,R4665,0.2261164188385009,2,38SMB_01648_r9360_c2400,2,519.1855621337891,540.1486206054688,280437.36522484105,424192.4242401123,3605466.804122925,424711.6098022461,3606006.9527435303,,
C1867,R2886,0.2260884791612625,1,38SMB_01198_r6720_c5280,7,408.55682373046875,410.3984069824219,167671.0696207825,454573.0699157715,3631674.0586853027,454981.62673950195,3632084.457092285,,
C1868,R0700,0.2260860502719879,1,38SMB_00346_r1920_c2400,2,492.00286865234375,521.461181640625,256560.3972580284,425005.4168701172,3678943.6138916016,425497.41973876953,3679465.075073242,,
C1869,R0884,0.2260663509368896,1,38SMB_00427_r2400_c1680,7,179.027099609375,468.201904296875,83820.8289578557,419820.57067871094,3674491.751098633,419999.5977783203,3674959.9530029297,,
C1870,R3869,0.2258134931325912,1,38SMB_01432_r8160_c960,9,676.7185974121094,197.9437255859375,133952.2003450431,410219.5310974121,3615200.005493164,410896.2496948242,3615397.94921875,,
C1871,R3692,0.2257261574268341,4,38SMB_01395_r7920_c2160,1,501.76673889160156,524.5882415771484,263220.93123704544,421781.1904144287,3619919.805831909,422282.9571533203,3620444.3940734863,,
C1872,R4629,0.2257001399993896,3,38SMB_01645_r9360_c1680,1,754.0206909179688,800.8428955078125,603852.1133875474,416837.72872924805,3603317.4044799805,417591.749420166,3604118.2473754883,,
C1873,R1581,0.2256408929824829,2,38SMB_00689_r3840_c4080,1,893.846435546875,653.7425231933594,584345.4241218045,443016.7565917969,3660946.2574768066,443910.60302734375,3661600.0,,
C1874,R3533,0.2255676984786987,1,38SMB_01360_r7680_c3840,2,1339.7993469238281,984.3658447265625,1318852.7158987708,438913.2681274414,3620000.0,440253.06747436523,3620984.3658447266,,
C1875,R1713,0.2253468632698059,1,38SMB_00730_r4080_c3840,3,1044.6440124511719,958.5305786132812,1001323.2296997216,438400.0,3657243.614654541,439444.6440124512,3658202.1452331543,,
C1876,R4175,0.2252587229013443,1,38SMB_01521_r8640_c2160,1,1030.9521484375,560.2960205078125,577638.3861035109,423769.0478515625,3610400.0,424800.0,3610960.296020508,,
C1877,R2114,0.2250774502754211,1,38SMB_00898_r5040_c3840,6,539.2571640014648,574.7564315795898,309941.5232852116,438403.3821105957,3649025.2435684204,438942.63927459717,3649600.0,,
C1878,R1350,0.2248754054307937,1,38SMB_00602_r3360_c3360,7,636.7327880859375,673.5723876953125,428885.62439493835,435720.47943115234,3663583.113708496,436357.2122192383,3664256.6860961914,,
C1879,R4435,0.2246178239583969,1,38SMB_01583_r8880_c6960,0,185.8148193359375,560.0555419921875,104066.61935336888,472614.1732788086,3608841.003112793,472799.98809814453,3609401.058654785,,
C1880,R1890,0.2245922833681106,1,38SMB_00783_r4320_c6480,2,941.2237548828125,320.63232421875,301786.7601379752,466848.52813720703,3653602.7270507812,467789.75189208984,3653923.359375,,
C1881,R0002,0.224437341094017,2,38SMB_00000_r0_c0,1,610.6207275390625,604.8681831359863,369345.05005172687,402483.5107421875,3699103.9682006836,403094.13146972656,3699708.8363838196,,
C1882,R2710,0.224102109670639,1,38SMB_01151_r6480_c4080,7,990.4074478149414,830.01953125,822057.5255818665,441392.57274627686,3632000.0,442382.9801940918,3632830.01953125,,
C1883,R4058,0.2239529192447662,1,38SMB_01481_r8400_c2640,1,863.9786529541016,1329.0719604492188,1148289.802067983,426400.0,3612828.9782714844,427263.9786529541,3614158.0502319336,,
C1884,R4099,0.2234058380126953,2,38SMB_01488_r8400_c4320,5,443.89892578125,416.0853576660156,184699.84330125153,445955.8624267578,3615583.5694885254,446399.76135253906,3615999.6548461914,,
C1885,R3963,0.2233854979276657,1,38SMB_01454_r8160_c6240,1,425.11962890625,421.6680908203125,179259.38229113817,464140.106048584,3616686.6900634766,464565.22567749023,3617108.358154297,,
C1886,R0806,0.2233480960130691,1,38SMB_00390_r2160_c2880,1,527.3025131225586,756.4642333984375,398885.4913583258,428800.3324127197,3676687.4096679688,429327.6349258423,3677443.873901367,,
C1887,R2267,0.2233205586671829,1,38SMB_00982_r5520_c3840,2,442.6318359375,750.0047302246094,331975.97070112824,441157.3681640625,3643400.140686035,441600.0,3644150.1454162598,,
C1888,R0474,0.2232893109321594,1,38SMB_00228_r1200_c4320,1,1269.345703125,1127.4252319335938,1431092.3737496138,444610.9942626953,3684800.0,445880.3399658203,3685927.4252319336,,
C1889,R3545,0.2232567965984344,2,38SMB_01362_r7680_c4320,6,772.2259521484375,914.6119689941406,706287.0986028574,444482.64434814453,3622285.388031006,445254.87030029297,3623200.0,,
C1890,R2463,0.222954973578453,1,38SMB_01067_r6000_c4080,2,155.02862930297852,460.2392578125,71350.26129009202,440800.0,3637418.038330078,440955.028629303,3637878.2775878906,,
C1891,R4782,0.2228393256664276,4,38SMB_01686_r9600_c1440,1,571.9760131835938,608.7542724609375,348192.8417706862,414736.7462158203,3601033.0072021484,415308.7222290039,3601641.7614746094,,
C1892,R3492,0.2223346978425979,2,38SMB_01357_r7680_c3120,1,627.9591369628906,508.48602294921875,319308.444128884,433752.5321960449,3620000.0,434380.4913330078,3620508.486022949,,
C1893,R0633,0.2221093624830246,1,38SMB_00320_r1680_c6240,1,363.0412292480469,434.38785552978516,157700.7010419562,462401.0758590698,3682765.61214447,462764.1170883179,3683200.0,,
C1894,R4115,0.2218764722347259,4,38SMB_01492_r8400_c5280,1,396.3848876953125,378.6201477050781,150079.30472726002,455548.2192993164,3615309.792098999,455944.6041870117,3615688.412246704,,
C1895,R0701,0.2218315005302429,1,38SMB_00346_r1920_c2400,3,541.2863159179688,559.4302368164062,302811.93189946935,425022.70446777344,3679562.783432007,425563.9907836914,3680122.2136688232,,
C1896,R3552,0.2218145579099655,1,38SMB_01363_r7680_c4560,4,813.6309814453125,340.59459686279297,277118.3161204448,447275.70526123047,3622859.405403137,448089.3362426758,3623200.0,,
C1897,R4995,0.2216871082782745,2,38SMB_01741_r9680_c4560,1,477.19329833984375,439.356689453125,209658.06778781116,447615.39321899414,3602018.719177246,448092.586517334,3602458.075866699,,
C1898,R3113,0.2216202169656753,1,38SMB_01274_r7200_c3360,4,541.3140869140625,563.5073852539062,305034.4857180491,434362.7185058594,3626684.8817443848,434904.03259277344,3627248.3891296387,,
C1899,R2167,0.2215674221515655,1,38SMB_00910_r5040_c6720,0,404.4850158691406,532.6760864257812,215459.49527104385,467200.0,3647561.0696411133,467604.48501586914,3648093.745727539,,
C1900,R4159,0.2213996052742004,1,38SMB_01515_r8640_c720,0,571.2026977539062,532.9946899414062,304448.00478303805,408375.2801513672,3612361.145401001,408946.4828491211,3612894.1400909424,,
C1901,R4217,0.2213912010192871,1,38SMB_01525_r8640_c3120,6,163.46710205078125,511.9097900390625,83680.40988910943,431200.0,3611079.536743164,431363.4671020508,3611591.446533203,,
C1902,R4985,0.2213174998760223,2,38SMB_01738_r9680_c3840,2,456.300048828125,167.4144744873047,76391.23288309202,440801.6394042969,3603032.5855255127,441257.939453125,3603200.0,,
C1903,R1266,0.2213061600923538,2,38SMB_00564_r3120_c4320,3,445.7696533203125,440.7598876953125,196477.38233543932,443804.9186706543,3666044.5275878906,444250.6883239746,3666485.287475586,,
C1904,R0845,0.2211944162845611,1,38SMB_00422_r2400_c480,1,710.8815002441406,622.0816040039062,442226.3039285783,404806.02111816406,3675377.918395996,405516.9026184082,3676000.0,,
C1905,R1540,0.2210533320903778,2,38SMB_00684_r3840_c2880,7,334.049072265625,335.00152587890625,111906.9489274174,431452.5424194336,3659442.2973632812,431786.5914916992,3659777.29888916,,
C1906,R0839,0.2209406197071075,1,38SMB_00420_r2400_c0,0,1092.157859802246,920.9630966186523,1005837.0845598765,400323.5297012329,3674508.2037353516,401415.68756103516,3675429.16683197,,
C1907,R5033,0.2207680642604828,2,38SMB_01747_r9680_c6000,5,1108.3737564086914,983.5537719726562,1090145.1888712705,460188.005027771,3601270.020751953,461296.3787841797,3602253.574523926,,
C1908,R2715,0.2206050157546997,1,38SMB_01152_r6480_c4320,2,1031.7481994628906,1035.9451293945312,1068834.5219951589,443754.3588256836,3633233.912963867,444786.1070251465,3634269.8580932617,,
C1909,R0933,0.2202620953321457,1,38SMB_00437_r2400_c4080,1,712.0065307617188,667.0135498046875,474918.00356749445,442653.2647705078,3673334.201965332,443365.27130126953,3674001.2155151367,,
C1910,R1176,0.2202163189649582,1,38SMB_00525_r2880_c5040,1,1515.3022766113281,1132.649917602539,1716306.9987467607,450709.38415527344,3670067.3500823975,452224.68643188477,3671200.0,,
C1911,R0202,0.2201270759105682,1,38SMB_00058_r240_c3840,2,1268.2763671875,1188.6457824707031,1507531.3548646867,438402.1124267578,3694400.0,439670.3887939453,3695588.6457824707,,
C1912,R0072,0.219738483428955,2,38SMB_00007_r0_c1680,4,288.88427734375,289.69482421875,83688.27994465828,418993.0204772949,3696920.714111328,419281.9047546387,3697210.408935547,,
C1913,R0962,0.2197064310312271,2,38SMB_00448_r2400_c6720,0,189.920654296875,281.1805725097656,53401.99830662459,470207.9919433594,3675368.1118011475,470397.91259765625,3675649.292373657,,
C1914,R2803,0.2196472585201263,1,38SMB_01187_r6720_c2640,0,1447.8270721435547,1304.4802856445312,1888661.8726337096,427646.7392730713,3629600.0,429094.56634521484,3630904.4802856445,,
C1915,R0073,0.2191628217697143,1,38SMB_00007_r0_c1680,5,507.9547119140625,150.4296875,76411.46857738495,418722.60650634766,3696800.5493164062,419230.5612182617,3696950.9790039062,,
C1916,R0214,0.219105377793312,1,38SMB_00080_r240_c9120,0,553.6602783203125,529.193115234375,292993.20746585727,492857.04681396484,3695895.2780151367,493410.70709228516,3696424.471130371,,
C1917,R4388,0.2189856469631195,1,38SMB_01569_r8880_c3600,7,168.1116485595703,554.9903869628906,93300.3488870454,436000.0,3609899.7929382324,436168.11164855957,3610454.7833251953,,
C1918,R4160,0.2189448624849319,1,38SMB_01515_r8640_c720,1,707.7581787109375,795.035400390625,562692.8069911897,409289.6807861328,3610594.3969726562,409997.43896484375,3611389.432373047,,
C1919,R0042,0.2187782377004623,1,38SMB_00004_r0_c960,8,898.91357421875,1022.5750732421875,919206.6139951348,411449.69818115234,3697766.2005615234,412348.6117553711,3698788.7756347656,,
C1920,R3919,0.2187353670597076,2,38SMB_01444_r8160_c3840,1,511.40520095825195,514.7573852539062,263249.60405051825,438686.1849784851,3616745.4321289062,439197.59017944336,3617260.18951416,,
C1921,R4575,0.2186706811189651,1,38SMB_01616_r9120_c4800,1,1085.8004760742188,941.45751953125,1022235.0229106843,448840.4309082031,3606230.2853393555,449926.23138427734,3607171.7428588867,,
C1922,R1308,0.2185295522212982,1,38SMB_00595_r3360_c1680,3,458.05389404296875,497.6361083984375,227944.1572682932,418423.2553100586,3664258.6628723145,418881.30920410156,3664756.298980713,,
C1923,R4489,0.2184631675481796,2,38SMB_01605_r9120_c2160,6,367.85491943359375,385.245361328125,141714.40135352314,422488.0682373047,3605993.917236328,422855.9231567383,3606379.1625976562,,
C1924,R2135,0.2184253931045532,1,38SMB_00900_r5040_c4320,3,443.6956787109375,231.676025390625,102793.65132674575,445419.0270996094,3646400.3149414062,445862.7227783203,3646631.990966797,,
C1925,R2870,0.2184229642152786,1,38SMB_01196_r6720_c4800,6,787.8179931640625,844.6051025390625,665395.0968984514,449917.8811645508,3630521.6650390625,450705.69915771484,3631366.2701416016,,
C1926,R3587,0.2184229642152786,2,38SMB_01371_r7680_c6480,6,858.8197326660156,706.3861083984375,606658.3287737332,467139.96322631836,3620000.0,467998.7829589844,3620706.3861083984,,
C1927,R4321,0.2180989682674408,1,38SMB_01563_r8880_c2160,3,1126.7822265625,1649.190673828125,1858278.7394821644,423673.2177734375,3609397.1913146973,424800.0,3611046.3819885254,,
C1928,R1315,0.2179357409477234,1,38SMB_00598_r3360_c2400,0,659.0853881835938,342.890625,225994.20068264008,425074.1491699219,3663200.089111328,425733.23455810547,3663542.979736328,,
C1929,R4049,0.2179350107908249,1,38SMB_01478_r8400_c1920,1,692.9351806640625,802.7561950683594,556258.009058889,420825.8004760742,3614706.836242676,421518.7356567383,3615509.592437744,,
C1930,R1787,0.2176916897296905,1,38SMB_00768_r4320_c2880,5,292.0802307128906,632.8619384765625,184846.46099964157,428800.0,3654003.510131836,429092.0802307129,3654636.3720703125,,
C1931,R3724,0.2176626324653625,1,38SMB_01401_r7920_c3600,6,225.772705078125,429.071044921875,96872.53048270941,438973.5040283203,3618600.6213378906,439199.27673339844,3619029.6923828125,,
C1932,R2924,0.2174816876649856,1,38SMB_01215_r6720_c9360,1,170.30517578125,496.95098876953125,84633.32549706101,496629.5977783203,3631102.7293395996,496799.90295410156,3631599.680328369,,
C1933,R0562,0.2174081057310104,1,38SMB_00294_r1680_c0,4,416.43096923828125,439.0361022949219,182828.2296092715,401497.2431945801,3682187.261581421,401913.67416381836,3682626.297683716,,
C1934,R1072,0.2172300070524215,1,38SMB_00481_r2640_c4560,2,1020.0131225585938,825.1617431640625,841675.8062606677,447353.1106567383,3670403.477783203,448373.1237792969,3671228.639526367,,
C1935,R1650,0.2171873599290847,1,38SMB_00723_r4080_c2160,7,513.8360595703125,515.6805419921875,264975.2576943487,423283.7936401367,3656995.2014160156,423797.62969970703,3657510.881958008,,
C1936,R2941,0.2170119732618332,1,38SMB_01229_r6960_c2640,0,208.40559005737305,419.99847412109375,87530.02982240287,426400.0,3628968.7591552734,426608.4055900574,3629388.7576293945,,
C1937,R1066,0.2169719189405441,2,38SMB_00480_r2640_c4320,1,549.6836853027344,498.1989288330078,273851.8232148024,443972.63397216797,3672919.2112731934,444522.3176574707,3673417.4102020264,,
C1938,R5027,0.2169694900512695,2,38SMB_01746_r9680_c5760,3,914.774169921875,872.4978637695312,798138.5090883821,458321.7254638672,3601049.9533081055,459236.49963378906,3601922.451171875,,
C1939,R5020,0.2169179767370224,1,38SMB_01745_r9680_c5520,2,859.632568359375,794.0101623535156,682556.995167397,456049.7473144531,3600191.4392089844,456909.3798828125,3600985.449371338,,
C1940,R4821,0.2168156951665878,2,38SMB_01690_r9600_c2400,0,974.3656158447266,1278.8371276855469,1246054.925482429,424004.33570861816,3602083.0712890625,424978.7013244629,3603361.908416748,,
C1941,R4266,0.2165430337190628,2,38SMB_01530_r8640_c4320,7,980.3448486328125,1080.472412109375,1059235.563301295,445407.1502685547,3612519.5275878906,446387.4951171875,3613600.0,,
C1942,R4000,0.2162370830774307,1,38SMB_01462_r8160_c8160,2,571.2559509277344,515.8935546875,294707.26316049695,482230.07232666016,3616575.2757263184,482801.3282775879,3617091.169281006,,
C1943,R3070,0.2159634083509445,2,38SMB_01257_r6960_c9360,3,300.4855537414551,639.0936279296875,192038.4026810876,493600.72790145874,3627488.4591674805,493901.2134552002,3628127.55279541,,
C1944,R0489,0.2159090638160705,1,38SMB_00237_r1200_c6480,0,497.6718521118164,250.587158203125,124710.17513838597,465307.44594573975,3684800.111694336,465805.11779785156,3685050.698852539,,
C1945,R2272,0.215705320239067,2,38SMB_00983_r5520_c4080,2,499.86602783203125,494.478759765625,247173.1334913522,443005.1431274414,3644211.5325164795,443505.00915527344,3644706.011276245,,
C1946,R0836,0.2156098186969757,1,38SMB_00415_r2160_c8880,0,1099.208984375,1017.8497314453125,1118829.5695483685,490851.0595703125,3675367.574157715,491950.2685546875,3676385.42388916,,
C1947,R4623,0.215398758649826,1,38SMB_01644_r9360_c1440,4,197.5762939453125,510.86334228515625,100934.48588121682,417401.5298461914,3604646.915435791,417599.1061401367,3605157.778778076,,
C1948,R0557,0.2151527553796768,1,38SMB_00285_r1440_c7920,1,309.3115234375,316.7144012451172,97963.41394372284,480795.3430175781,3684132.48046875,481104.6545410156,3684449.194869995,,
C1949,R1992,0.2150580883026123,1,38SMB_00841_r4800_c240,0,264.4902801513672,677.4447631835938,179177.5552015053,402400.43951034546,3650320.923614502,402664.9297904968,3650998.3683776855,,
C1950,R0593,0.2150501906871795,1,38SMB_00302_r1680_c1920,9,320.9429931640625,347.71484375,111596.64272069931,420586.0322570801,3680753.538208008,420906.97525024414,3681101.253051758,,
C1951,R2335,0.2150378227233886,2,38SMB_01017_r5760_c2160,1,767.73193359375,830.572509765625,637657.0389121771,423321.0722351074,3639200.0,424088.8041687012,3640030.5725097656,,
C1952,R0525,0.2149161249399185,2,38SMB_00261_r1440_c2160,4,712.7110290527344,708.7875366210938,505160.6946049724,424044.6382141113,3683328.525543213,424757.34924316406,3684037.313079834,,
C1953,R1816,0.2148976325988769,1,38SMB_00770_r4320_c3360,10,591.9572448730469,1060.2279663085938,627609.6258733887,433600.0,3654327.6431274414,434191.95724487305,3655387.87109375,,
C1954,R4859,0.2148623764514923,2,38SMB_01697_r9600_c4080,3,225.91796875,660.322265625,149178.66497039795,443774.08203125,3600878.65234375,444000.0,3601538.974609375,,
C1955,R4604,0.2148138880729675,1,38SMB_01634_r9120_c9120,0,343.3559799194336,615.1498413085938,211215.37655979628,491200.31967163086,3606728.5707092285,491543.6756515503,3607343.720550537,,
C1956,R2226,0.2147857397794723,2,38SMB_00944_r5280_c4800,1,460.1747131347656,470.1104736328125,216332.9523456283,448084.3445968628,3645883.445739746,448544.51930999756,3646353.556213379,,
C1957,R3941,0.2147837281227111,1,38SMB_01447_r8160_c4560,10,603.5595703125,469.9554443359375,283646.10604941845,447406.9046020508,3615647.9275512695,448010.4641723633,3616117.8829956055,,
C1958,R3013,0.2146933376789093,2,38SMB_01241_r6960_c5520,0,438.23974609375,441.39404296875,193436.41331791878,456682.7670288086,3627529.594116211,457121.00677490234,3627970.9881591797,,
C1959,R0447,0.2146124839782714,2,38SMB_00217_r1200_c1680,1,488.73138427734375,491.4029312133789,240164.034809859,417678.9350891113,3687505.408859253,418167.6664733887,3687996.8117904663,,
C1960,R4653,0.2144454419612884,2,38SMB_01647_r9360_c2160,3,912.9275512695312,870.5601501464844,794758.3461060654,422397.0829772949,3603200.0,423310.01052856445,3604070.5601501465,,
C1961,R2766,0.2143028825521469,1,38SMB_01167_r6480_c7920,0,263.12124252319336,580.3766250610352,152709.4187174771,479200.08518218994,3634160.722351074,479463.20642471313,3634741.0989761353,,
C1962,R2897,0.214248314499855,1,38SMB_01207_r6720_c7440,2,935.0860595703125,879.1064453125,822040.18189013,475351.7903137207,3630500.138244629,476286.876373291,3631379.2446899414,,
C1963,R4570,0.2141916304826736,1,38SMB_01614_r9120_c4320,1,594.8229598999023,659.462890625,392263.66854570806,443201.2833786011,3607263.171234131,443796.106338501,3607922.634124756,,
C1964,R3233,0.2140342891216278,1,38SMB_01298_r7200_c9120,3,515.5360794067383,795.1657104492188,409936.6128436639,491200.0,3625364.031982422,491715.53607940674,3626159.197692871,,
C1965,R0043,0.2139815837144851,1,38SMB_00004_r0_c960,9,341.6682434082031,328.2745361328125,112160.98411614075,410495.0690460205,3697721.231689453,410836.7372894287,3698049.506225586,,
C1966,R4966,0.2139371633529663,1,38SMB_01733_r9680_c2640,2,1115.479736328125,941.7063903808594,1050454.3960405514,428484.5202636719,3600000.0,429600.0,3600941.706390381,,
C1967,R1661,0.2138576209545135,1,38SMB_00724_r4080_c2400,5,507.80303955078125,508.1361389160156,258033.07584715076,424380.2372741699,3658285.10017395,424888.0403137207,3658793.236312866,,
C1968,R1058,0.2136254906654358,1,38SMB_00478_r2640_c3840,1,351.834716796875,845.1226806640625,297343.49901005626,441248.1652832031,3670683.316345215,441600.0,3671528.439025879,,
C1969,R2025,0.2134124040603637,2,38SMB_00856_r4800_c3840,4,457.66845703125,483.4695625305176,221268.76870491542,441140.2087402344,3651381.9481658936,441597.8771972656,3651865.417728424,,
C1970,R1316,0.2133240401744842,1,38SMB_00598_r3360_c2400,1,530.9896850585938,525.9542846679688,279276.2999710627,424769.7317504883,3664531.0765075684,425300.7214355469,3665057.0307922363,,
C1971,R3799,0.2132659554481506,1,38SMB_01416_r7920_c7200,4,285.7780647277832,563.289794921875,160975.86747368332,472000.0,3618602.0266723633,472285.7780647278,3619165.316467285,,
C1972,R2535,0.2129451483488083,2,38SMB_01090_r6000_c9600,2,494.697265625,462.65625,228874.7817993164,498208.75427246094,3637641.018371582,498703.45153808594,3638103.674621582,,
C1973,R0331,0.2127444744110107,1,38SMB_00145_r720_c4560,0,1028.140869140625,998.2647705078125,1026356.8087823689,447486.8667602539,3691796.549682617,448515.00762939453,3692794.814453125,,
C1974,R1394,0.2127033472061157,2,38SMB_00622_r3360_c8160,1,188.28733444213867,266.74495697021484,50224.69692380473,481600.0690841675,3666130.6809043884,481788.3564186096,3666397.4258613586,,
C1975,R0104,0.2126612365245819,1,38SMB_00015_r0_c3600,3,233.17901611328125,154.11319732666016,35935.96372270258,436739.5973968506,3699845.8868026733,436972.77641296387,3700000.0,,
C1976,R1494,0.2126556783914566,1,38SMB_00655_r3600_c6000,0,572.9344177246094,569.324951171875,326185.85939574987,460695.3112792969,3662937.45803833,461268.2456970215,3663506.782989502,,
C1977,R2168,0.2126451134681701,2,38SMB_00911_r5040_c6960,0,1201.7236328125,980.74462890625,1178583.998310566,470495.3273010254,3646400.0,471697.0509338379,3647380.7446289062,,
C1978,R3271,0.2126206159591674,1,38SMB_01311_r7440_c2160,1,653.8101196289062,624.9258422851562,408582.839703653,422478.5055541992,3624207.085418701,423132.3156738281,3624832.0112609863,,
C1979,R0105,0.2126127332448959,1,38SMB_00015_r0_c3600,4,1137.358055114746,566.085205078125,643841.5678768884,436546.41452789307,3696800.0,437683.7725830078,3697366.085205078,,
C1980,R4294,0.2125649154186248,1,38SMB_01544_r8640_c7680,0,441.649169921875,453.1960678100586,200153.66716017015,478498.86322021484,3612546.892852783,478940.5123901367,3613000.0889205933,,
C1981,R1505,0.2125570029020309,1,38SMB_00678_r3840_c1440,0,1352.0896911621094,900.8981323242188,1218095.077502774,414411.7300415039,3660699.101867676,415763.819732666,3661600.0,,
C1982,R4071,0.2124510109424591,1,38SMB_01483_r8400_c3120,7,750.5746459960938,310.83749771118164,233306.74480688176,431919.4398498535,3615689.162502289,432670.0144958496,3616000.0,,
C1983,R0027,0.2124105840921402,1,38SMB_00003_r0_c720,5,149.215087890625,516.4846801757812,77067.30694659054,410250.7849121094,3697416.3259887695,410400.0,3697932.8106689453,,
C1984,R0191,0.2123981267213821,2,38SMB_00056_r240_c3360,3,686.1601257324219,522.4805450439453,358505.3164800978,434132.15408325195,3697077.519454956,434818.3142089844,3697600.0,,
C1985,R0065,0.2122883945703506,1,38SMB_00006_r0_c1440,5,533.9169311523438,566.4247131347656,302423.7445657607,415205.83587646484,3698460.5186462402,415739.7528076172,3699026.943359375,,
C1986,R1997,0.2122279852628708,1,38SMB_00849_r4800_c2160,0,594.9072265625,132.51705169677734,78835.35169716924,422696.111907959,3651867.2268009186,423291.0191345215,3651999.7438526154,,
C1987,R2739,0.2119668424129486,1,38SMB_01154_r6480_c4800,9,560.8349609375,510.152587890625,286111.4067018032,449367.06924438477,3632510.820007324,449927.90420532227,3633020.972595215,,
C1988,R4091,0.2119513005018234,1,38SMB_01487_r8400_c4080,6,631.6738891601562,658.2549285888672,415802.45080057066,441995.44204711914,3614251.555786133,442627.1159362793,3614909.8107147217,,
C1989,R2819,0.2118862271308899,1,38SMB_01190_r6720_c3360,7,861.495361328125,945.5767822265625,814610.0116677582,434969.8645019531,3631124.6592712402,435831.35986328125,3632070.236053467,,
C1990,R2218,0.2115246504545211,1,38SMB_00942_r5280_c4320,1,405.184326171875,392.41119384765625,158998.86516146362,445443.1509399414,3646237.6301574707,445848.3352661133,3646630.0413513184,,
C1991,R4522,0.2114065736532211,2,38SMB_01608_r9120_c2880,7,513.2556533813477,799.2242431640625,410206.361123384,428800.0,3607910.3497314453,429313.25565338135,3608709.5739746094,,
C1992,R5005,0.211272194981575,3,38SMB_01743_r9680_c5040,3,822.763671875,1177.7713012695312,969027.4404615164,452776.39892578125,3600654.7302246094,453599.16259765625,3601832.501525879,,
C1993,R1564,0.2112514376640319,1,38SMB_00686_r3840_c3360,6,285.4412841796875,649.3536376953125,185352.33623050153,436514.5587158203,3658932.6724243164,436800.0,3659582.0260620117,,
C1994,R3460,0.2111813724040985,2,38SMB_01350_r7680_c1440,2,570.931396484375,532.6727294921875,304119.58531811833,416860.93811035156,3620969.638366699,417431.86950683594,3621502.3110961914,,
C1995,R1884,0.2111773937940597,1,38SMB_00779_r4320_c5520,4,1864.1748809814453,1288.2711791992188,2401562.77215553,456358.18168640137,3655511.728820801,458222.3565673828,3656800.0,,
C1996,R3031,0.2111645340919494,1,38SMB_01251_r6960_c7920,3,583.9413452148438,592.4328231811523,345946.01971782977,480445.79833984375,3629265.6509399414,481029.7396850586,3629858.0837631226,,
C1997,R4389,0.2110712081193924,1,38SMB_01569_r8880_c3600,8,987.7533721923828,1076.5118408203125,1063328.2009752933,437029.3300628662,3608085.6744384766,438017.0834350586,3609162.186279297,,
C1998,R1865,0.210917517542839,1,38SMB_00774_r4320_c4320,4,399.6728515625,393.5028076171875,157272.38921821117,445142.7941894531,3655484.642944336,445542.4670410156,3655878.145751953,,
C1999,R1504,0.2108697593212127,1,38SMB_00677_r3840_c1200,0,996.4300537109375,738.8197326660156,736182.1859030984,414199.6124267578,3660857.166519165,415196.04248046875,3661595.986251831,,
C2000,R1891,0.2105447947978973,1,38SMB_00783_r4320_c6480,3,555.5450439453125,285.7916259765625,158770.12141235173,467161.34552001953,3653602.760620117,467716.89056396484,3653888.5522460938,,
C2001,R1027,0.210454449057579,1,38SMB_00470_r2640_c1920,5,212.82482147216797,388.49395751953125,82681.15715211025,419201.32537841797,3671031.435241699,419414.15019989014,3671419.9291992188,,
C2002,R3021,0.2104244083166122,1,38SMB_01244_r6960_c6240,3,434.034423828125,384.95121002197266,167082.07664382644,464094.38903808594,3629503.3839416504,464528.42346191406,3629888.3351516724,,
C2003,R0066,0.2103016525506973,1,38SMB_00006_r0_c1440,6,198.34156036376953,701.2973022460938,139096.40120639233,414400.14514923096,3698350.930633545,414598.4867095947,3699052.227935791,,
C2004,R4015,0.210277646780014,1,38SMB_01471_r8400_c240,1,874.0814971923828,804.26513671875,702993.2748427615,403446.62467956543,3614362.36907959,404320.7061767578,3615166.6342163086,,
C2005,R0579,0.2101231962442398,1,38SMB_00301_r1680_c1680,5,512.5036239624023,534.1629791259766,273760.46258861606,416800.0,3682665.837020874,417312.5036239624,3683200.0,,
C2006,R3234,0.2100928872823715,1,38SMB_01298_r7200_c9120,4,524.3586730957031,501.15875244140625,262786.93844047375,491608.1372833252,3625399.585571289,492132.4959564209,3625900.7443237305,,
C2007,R3392,0.2098641246557235,1,38SMB_01328_r7440_c6240,1,904.2033386230469,1032.3028564453125,933411.6892679594,463186.746673584,3624311.5481567383,464090.95001220703,3625343.8510131836,,
C2008,R1154,0.2098391354084015,1,38SMB_00521_r2880_c4080,2,1029.1607666015625,944.9498748779297,972505.3376294207,442881.52923583984,3670255.050125122,443910.6900024414,3671200.0,,
C2009,R2303,0.2097324430942535,2,38SMB_01001_r5520_c8400,0,184.080810546875,524.0013122558594,96458.58628768474,487015.6805419922,3643930.722885132,487199.76135253906,3644454.7241973877,,
C2010,R2823,0.2097142338752746,1,38SMB_01191_r6720_c3600,0,518.0029296875,576.7974090576172,298782.74772800505,436797.4139404297,3631106.1611938477,437315.4168701172,3631682.9586029053,,
C2011,R4746,0.2096714228391647,2,38SMB_01658_r9360_c4800,4,951.6410827636719,722.4448394775391,687508.1892774324,448007.36907958984,3605677.2103881836,448959.0101623535,3606399.655227661,,
C2012,R4052,0.2096211612224578,1,38SMB_01480_r8400_c2400,0,1318.0966186523438,1375.3533935546875,1812848.6574964598,425878.2409667969,3612803.99017334,427196.3375854492,3614179.3435668945,,
C2013,R0750,0.2095262259244918,2,38SMB_00380_r2160_c480,1,841.4679718017578,1120.9768676757812,943266.1312798271,404800.0,3675370.258178711,405641.46797180176,3676491.2350463867,,
C2014,R0316,0.2094351053237915,2,38SMB_00136_r720_c2400,2,848.2806396484375,988.4140014648438,838452.4614000693,426346.66778564453,3689781.202697754,427194.94842529297,3690769.6166992188,,
C2015,R2899,0.2093977481126785,1,38SMB_01209_r6720_c7920,0,554.4161987304688,213.505859375,118371.10696136951,480466.1282348633,3629600.7678222656,481020.54443359375,3629814.2736816406,,
C2016,R0658,0.2091951817274093,2,38SMB_00340_r1920_c960,3,334.56071853637695,329.2327880859375,110148.35814776598,409898.7341117859,3679080.1092529297,410233.29483032227,3679409.3420410156,,
C2017,R2480,0.2091797441244125,1,38SMB_01069_r6000_c4560,8,303.24462890625,383.9027404785156,116416.44407249987,448493.1005859375,3639615.523109436,448796.34521484375,3639999.4258499146,,
C2018,R1576,0.2091530859470367,2,38SMB_00688_r3840_c3840,3,922.5553894042969,915.2010345458984,844323.6468087067,438451.6696166992,3660664.9285125732,439374.2250061035,3661580.129547119,,
C2019,R2018,0.2090202867984771,2,38SMB_00855_r4800_c3600,9,417.7593994140625,357.63427734375,149405.08091300726,438777.3815917969,3648800.510864258,439195.14099121094,3649158.1451416016,,
C2020,R4100,0.2089999616146087,1,38SMB_01488_r8400_c4320,6,1161.4201354980469,817.9368591308594,949968.3377606096,445238.57986450195,3612807.049560547,446400.0,3613624.9864196777,,
C2021,R1277,0.2089501321315765,2,38SMB_00568_r3120_c5280,0,679.4656372070312,513.3259582519531,348787.34931857325,453468.8461303711,3668286.674041748,454148.3117675781,3668800.0,,
C2022,R1373,0.2088060975074768,1,38SMB_00606_r3360_c4320,6,241.9573974609375,200.5279541015625,48519.22189258039,443869.12338256836,3664736.8493652344,444111.0807800293,3664937.377319336,,
C2023,R1062,0.2086131423711776,1,38SMB_00479_r2640_c4080,1,1100.6268310546875,1120.865478515625,1233654.6196572483,442804.85443115234,3670405.5859375,443905.48126220703,3671526.4514160156,,
C2024,R3250,0.2085631787776947,2,38SMB_01302_r7440_c0,0,494.8126220703125,494.93263244628906,244898.91360891052,401871.93603515625,3624947.8175354004,402366.74865722656,3625442.7501678467,,
C2025,R1080,0.2085331976413726,2,38SMB_00482_r2640_c4800,3,176.98997497558594,767.9742431640625,135923.74207950197,448000.0,3670555.655517578,448176.9899749756,3671323.629760742,,
C2026,R4922,0.2083420008420944,2,38SMB_01728_r9680_c1440,2,266.802978515625,724.23828125,193228.93059253693,417333.1970214844,3600911.0848999023,417600.0,3601635.3231811523,,
C2027,R4490,0.2083355635404586,1,38SMB_01605_r9120_c2160,7,1136.6732025146484,1288.8214111328125,1464968.7608617824,421600.0,3605600.0,422736.67320251465,3606888.821411133,,
C2028,R3910,0.2080959230661392,1,38SMB_01442_r8160_c3360,2,800.3103637695312,708.8788604736328,567323.0986941839,435577.57751464844,3616645.2517700195,436377.88787841797,3617354.130630493,,
C2029,R4313,0.2078749239444732,3,38SMB_01562_r8880_c1920,1,347.76092529296875,347.88970947265625,120982.44726611301,419679.3257904053,3608475.9118652344,420027.08671569824,3608823.801574707,,
C2030,R2209,0.2077989131212234,2,38SMB_00941_r5280_c4080,5,459.5314025878906,459.8095703125,211296.93676903844,441553.44314575195,3644008.7353515625,442012.97454833984,3644468.544921875,,
C2031,R1392,0.2077465504407882,2,38SMB_00621_r3360_c7920,1,284.66064453125,260.0262260437012,74019.23310062848,481516.3900756836,3666138.333015442,481801.05072021484,3666398.3592414856,,
C2032,R3139,0.2076763957738876,1,38SMB_01278_r7200_c4320,5,511.86676025390625,703.8012313842773,360252.4561713799,443200.0,3626907.396697998,443711.8667602539,3627611.1979293823,,
C2033,R4411,0.2075608372688293,1,38SMB_01572_r8880_c4320,6,1020.9082794189453,701.9905090332031,716667.922745517,444318.8387298584,3610497.041015625,445339.74700927734,3611199.031524658,,
C2034,R2381,0.2074902057647705,2,38SMB_01028_r5760_c4800,7,414.11041259765625,387.9180908203125,160640.9206436947,448898.5514831543,3639531.083679199,449312.66189575195,3639919.0017700195,,
C2035,R2699,0.2074883878231048,2,38SMB_01150_r6480_c3840,5,489.8566436767578,518.59375,254036.59380674362,438761.4119720459,3633437.835083008,439251.26861572266,3633956.428833008,,
C2036,R0807,0.2072706520557403,1,38SMB_00390_r2160_c2880,2,870.0694274902344,897.6105117797852,780983.464093454,429110.5697631836,3677309.8863220215,429980.6391906738,3678207.4968338013,,
C2037,R0057,0.207260712981224,2,38SMB_00005_r0_c1200,6,726.9496154785156,700.5584716796875,509270.7116077654,412664.37606811523,3696887.872314453,413391.32568359375,3697588.430786133,,
C2038,R4946,0.2072585225105285,1,38SMB_01731_r9680_c2160,7,608.7590789794922,536.4794921875,326586.7615554482,422771.48780822754,3600008.9990234375,423380.24688720703,3600545.478515625,,
C2039,R1854,0.2072111219167709,2,38SMB_00773_r4320_c4080,7,984.3323516845703,832.2929382324219,819252.8651807806,442015.30784606934,3653600.0,442999.6401977539,3654432.2929382324,,
C2040,R1688,0.2070651352405548,1,38SMB_00727_r4080_c3120,8,479.4195556640625,505.06866455078125,242139.79473877698,431204.4282531738,3658694.931335449,431683.8478088379,3659200.0,,
C2041,R4412,0.2069078385829925,2,38SMB_01572_r8880_c4320,7,550.050048828125,551.8609619140625,303551.1490471661,445650.10192871094,3609400.37399292,446200.15197753906,3609952.234954834,,
C2042,R1215,0.2067448794841766,1,38SMB_00552_r3120_c1440,1,1062.9830932617188,689.2759704589844,732688.7031894643,415467.6950073242,3668105.1512145996,416530.67810058594,3668794.4271850586,,
C2043,R3284,0.2067184448242187,1,38SMB_01313_r7440_c2640,2,397.3394775390625,395.0885009765625,156984.25855971873,428194.75982666016,3623065.187072754,428592.0993041992,3623460.2755737305,,
C2044,R1568,0.2066744416952133,1,38SMB_00687_r3840_c3600,2,1248.4933471679688,1187.7301025390625,1482873.1312511489,436771.47186279297,3659154.0168762207,438019.96520996094,3660341.7469787598,,
C2045,R1903,0.2066562920808792,1,38SMB_00810_r4560_c2880,2,271.19787216186523,368.08963775634766,99825.12652435325,428801.4465713501,3654031.9103622437,429072.64444351196,3654400.0,,
C2046,R4050,0.2064981013536453,1,38SMB_01478_r8400_c1920,2,661.1792755126953,459.9749755859375,304125.92111187987,420404.8009490967,3612800.2850341797,421065.9802246094,3613260.2600097656,,
C2047,R0205,0.2064979374408722,2,38SMB_00059_r240_c4080,1,989.932861328125,892.5222778320312,883537.1322933584,442184.0563964844,3694400.0,443173.9892578125,3695292.522277832,,
C2048,R0960,0.2064178735017776,1,38SMB_00444_r2400_c5760,0,736.8878173828125,761.0775756835938,560828.7936044857,459072.50396728516,3674078.900756836,459809.39178466797,3674839.9783325195,,
C2049,R2115,0.2061986327171325,1,38SMB_00898_r5040_c3840,7,1043.1842041015625,596.79443359375,622566.5262207389,440074.2575073242,3646403.0859375,441117.4417114258,3646999.8803710938,,
C2050,R0609,0.206035628914833,1,38SMB_00303_r1680_c2160,5,189.81746673583984,623.4683609008789,118345.18485615117,421600.1145744324,3682222.501525879,421789.9320411682,3682845.96988678,,
C2051,R2064,0.2058215886354446,1,38SMB_00867_r4800_c6480,0,900.6407165527344,794.5731353759766,715624.9179985723,467099.35928344727,3651205.333404541,468000.0,3651999.906539917,,
C2052,R2282,0.2058117687702179,1,38SMB_00984_r5520_c4320,5,589.0835571289062,512.4771118164062,301891.8399759568,443916.2579345703,3643058.6291503906,444505.3414916992,3643571.106262207,,
C2053,R1689,0.205748900771141,2,38SMB_00727_r4080_c3120,9,543.897705078125,575.6356811523438,313086.92593984306,433762.70568847656,3657462.5646972656,434306.6033935547,3658038.200378418,,
C2054,R1583,0.2055297642946243,2,38SMB_00689_r3840_c4080,3,728.6847686767578,762.520751953125,555637.2577481903,440834.87159729004,3660069.751434326,441563.5563659668,3660832.2721862793,,
C2055,R0594,0.2051083892583847,2,38SMB_00302_r1680_c1920,10,669.7467041015625,224.97344970703125,150675.2264516428,421533.25744628906,3680000.0,422203.0041503906,3680224.973449707,,
C2056,R4455,0.2050015181303024,2,38SMB_01589_r8880_c8400,0,445.3577423095703,452.2233581542969,201401.17380724987,484291.1273956299,3609806.5663146973,484736.48513793945,3610258.7896728516,,
C2057,R1103,0.2049494683742523,1,38SMB_00505_r2880_c240,1,755.6100463867188,1023.5645294189453,773415.6415540492,404844.3899536133,3670176.435470581,405600.0,3671200.0,,
C2058,R0351,0.2048044353723526,2,38SMB_00173_r960_c1200,3,769.847412109375,730.4193115234375,562311.4167310297,413380.7537841797,3687204.2578125,414150.60119628906,3687934.6771240234,,
C2059,R1325,0.2047663927078247,1,38SMB_00599_r3360_c2640,6,461.5916442871094,140.596923828125,64898.36525153369,427349.0037536621,3663200.0177001953,427810.5953979492,3663340.6146240234,,
C2060,R2298,0.2047553658485412,1,38SMB_00991_r5520_c6000,1,750.9695816040039,659.1619873046875,495010.6018154649,460278.7044906616,3642845.932006836,461029.6740722656,3643505.0939941406,,
C2061,R3959,0.2046610414981842,1,38SMB_01450_r8160_c5280,3,503.0363464355469,512.6922607421875,257902.84168953076,453405.09201049805,3615683.753051758,453908.1283569336,3616196.4453125,,
C2062,R4330,0.2046394646167755,1,38SMB_01564_r8880_c2400,5,1407.4432373046875,1214.7851181030273,1709741.099252482,425684.42291259766,3609538.535461426,427091.86614990234,3610753.320579529,,
C2063,R0891,0.2045738101005554,1,38SMB_00428_r2400_c1920,4,344.9560546875,655.2798080444336,226042.73729939014,422054.8645019531,3674891.116027832,422399.8205566406,3675546.3958358765,,
C2064,R1086,0.2044806331396103,1,38SMB_00483_r2640_c5040,1,1270.5648803710938,715.7778930664062,909442.253076192,450605.7077026367,3672882.532043457,451876.2725830078,3673598.3099365234,,
C2065,R3346,0.2044537812471389,1,38SMB_01321_r7440_c4560,2,930.5358123779297,796.375732421875,741056.1391272582,446551.40327453613,3623094.833984375,447481.93908691406,3623891.209716797,,
C2066,R0003,0.2043930888175964,1,38SMB_00000_r0_c0,2,534.4342041015625,478.9515686035156,255968.10036981478,402059.8107910156,3699515.895881653,402594.2449951172,3699994.8474502563,,
C2067,R3474,0.2042982727289199,1,38SMB_01353_r7680_c2160,2,488.97491455078125,503.90625,246397.5155353546,422659.7903442383,3621080.6632995605,423148.76525878906,3621584.5695495605,,
C2068,R0974,0.2042304426431656,1,38SMB_00462_r2640_c0,1,263.7652587890625,737.0562744140625,194409.83896292746,402936.23474121094,3671260.1119995117,403200.0,3671997.168273926,,
C2069,R1404,0.204118013381958,1,38SMB_00636_r3600_c1440,1,327.1505355834961,512.0578002929688,167519.9836155516,414400.0,3662431.516265869,414727.1505355835,3662943.574066162,,
C2070,R0317,0.2040972560644149,1,38SMB_00136_r720_c2400,3,417.1478271484375,420.05645751953125,175225.6385339424,425505.92224121094,3691884.730987549,425923.0700683594,3692304.7874450684,,
C2071,R1251,0.2040838003158569,1,38SMB_00561_r3120_c3600,4,583.3565902709961,276.38240814208984,161229.49922465632,436638.9169692993,3668523.453140259,437222.2735595703,3668799.835548401,,
C2072,R2339,0.204024389386177,1,38SMB_01018_r5760_c2400,0,338.6590576171875,308.2142639160156,104379.55216197297,425690.26428222656,3642070.5785369873,426028.92333984375,3642378.7928009033,,
C2073,R0424,0.2039708942174911,1,38SMB_00201_r960_c7920,0,395.185546875,402.3577880859375,159005.98252415657,481317.0831298828,3688054.4720458984,481712.2686767578,3688456.8298339844,,
C2074,R1569,0.2038453370332718,1,38SMB_00687_r3840_c3600,3,187.2225570678711,497.67181396484375,93175.38959110389,436000.0,3660034.968109131,436187.2225570679,3660532.6399230957,,
C2075,R3292,0.2036845684051513,1,38SMB_01315_r7440_c3120,2,447.6593017578125,136.397705078125,61059.701416641474,432561.3327026367,3622400.2825927734,433008.99200439453,3622536.6802978516,,
C2076,R0534,0.2034585773944854,1,38SMB_00264_r1440_c2880,0,735.08056640625,454.525146484375,334112.6021236181,429763.92486572266,3685145.4748535156,430499.0054321289,3685600.0,,
C2077,R1216,0.20283243060112,1,38SMB_00552_r3120_c1440,2,374.64996337890625,369.8052978515625,138547.5412974134,415279.4696044922,3667733.8285827637,415654.1195678711,3668103.6338806152,,
C2078,R2126,0.2028097659349441,2,38SMB_00899_r5040_c4080,5,260.08872985839844,416.571044921875,108345.4339695163,440801.3148498535,3646407.808227539,441061.4035797119,3646824.379272461,,
C2079,R3446,0.2027308344841003,1,38SMB_01344_r7680_c0,0,964.9606323242188,981.7555236816406,947355.4309196305,400788.2099914551,3621588.9610290527,401753.1706237793,3622570.7165527344,,
C2080,R1551,0.2025626301765442,2,38SMB_00685_r3840_c3120,9,532.9840087890625,824.9264526367188,439672.60768245906,433867.01599121094,3659411.103515625,434400.0,3660236.0299682617,,
C2081,R4467,0.2025156468153,1,38SMB_01602_r9120_c1440,0,568.5055541992188,228.177490234375,129720.17054148018,415870.46295166016,3605600.5096435547,416438.9685058594,3605828.687133789,,
C2082,R5051,0.2024731338024139,1,38SMB_01753_r9680_c7440,0,572.1343994140625,187.44619369506836,107244.41545217996,476154.3569946289,3603012.553806305,476726.49139404297,3603200.0,,
C2083,R1104,0.2024621367454528,2,38SMB_00505_r2880_c240,2,353.6977767944336,403.582763671875,142746.3262632955,402400.0,3668010.369873047,402753.69777679443,3668413.9526367188,,
C2084,R1723,0.2024556696414947,1,38SMB_00733_r4080_c4560,2,523.2028198242188,159.0366554260254,83208.42657430912,447234.62493896484,3659040.060071945,447757.82775878906,3659199.096727371,,
C2085,R2986,0.2024515271186828,1,38SMB_01237_r6960_c4560,2,455.90423583984375,420.443115234375,191681.7971650511,447072.28775024414,3628234.378967285,447528.191986084,3628654.8220825195,,
C2086,R3705,0.2023572921752929,1,38SMB_01399_r7920_c3120,4,300.42938232421875,283.709716796875,85234.73497666419,432681.58416748047,3618369.8554992676,432982.0135498047,3618653.5652160645,,
C2087,R0760,0.2023121118545532,1,38SMB_00381_r2160_c720,8,451.82708740234375,208.458251953125,94187.0848249644,408283.0244445801,3675204.202270508,408734.8515319824,3675412.660522461,,
C2088,R0826,0.2022860199213028,2,38SMB_00400_r2160_c5280,0,739.847412109375,848.4320068359375,627710.2246083319,452811.7932128906,3677311.5546417236,453551.640625,3678159.9866485596,,
C2089,R1447,0.2022321671247482,1,38SMB_00645_r3600_c3600,1,443.0741882324219,429.51080322265625,190305.1504749339,436516.2865447998,3662573.3268737793,436959.3607330322,3663002.837677002,,
C2090,R2663,0.2021532505750656,1,38SMB_01135_r6480_c240,1,249.89471435546875,612.2235107421875,152991.4193386212,402400.22453308105,3632371.3690185547,402650.1192474365,3632983.592529297,,
C2091,R0552,0.2020794302225113,1,38SMB_00278_r1440_c6240,1,362.37518310546875,757.2868347167969,274421.9553938601,465237.62481689453,3684386.2841796875,465600.0,3685143.5710144043,,
C2092,R4600,0.202033132314682,1,38SMB_01628_r9120_c7680,2,629.76806640625,613.226318359375,386190.3527826071,477680.3419494629,3606302.253112793,478310.11001586914,3606915.4794311523,,
C2093,R3078,0.2018262892961502,2,38SMB_01263_r7200_c720,0,625.9556579589844,264.462890625,165542.0427069068,407241.14181518555,3624800.1623535156,407867.09747314453,3625064.6252441406,,
C2094,R4707,0.2017316669225692,1,38SMB_01652_r9360_c3360,6,268.6412048339844,755.146484375,202863.46138864756,433600.35373687744,3603786.057434082,433868.9949417114,3604541.203918457,,
C2095,R0044,0.2016539573669433,1,38SMB_00004_r0_c960,10,933.56689453125,946.4019775390625,883529.5551493764,410288.4536743164,3696832.8759765625,411222.02056884766,3697779.2779541016,,
C2096,R0510,0.2016522884368896,2,38SMB_00259_r1440_c1680,3,514.7262573242188,548.4622001647949,282307.8955746314,418647.0251464844,3684850.853729248,419161.7514038086,3685399.315929413,,
C2097,R3725,0.2015977799892425,1,38SMB_01401_r7920_c3600,7,387.0880889892578,127.13661193847656,49213.06815583375,437095.04692077637,3620670.7293891907,437482.1350097656,3620797.866001129,,
C2098,R2935,0.2015740722417831,1,38SMB_01225_r6960_c1680,0,508.43505859375,686.7581176757812,349171.9038002193,419490.5407714844,3628708.4727478027,419998.9758300781,3629395.2308654785,,
C2099,R2664,0.2015528082847595,1,38SMB_01135_r6480_c240,2,687.7304077148438,1007.5555419921875,692926.5836896375,404912.26959228516,3632004.364929199,405600.0,3633011.9204711914,,
C2100,R3455,0.2014951854944229,1,38SMB_01347_r7680_c720,1,720.8074951171875,629.9114990234375,454044.9297565967,409119.94354248047,3621111.953430176,409840.75103759766,3621741.864929199,,
C2101,R4673,0.2013696432113647,2,38SMB_01649_r9360_c2640,4,416.510009765625,437.39471435546875,182179.27674762905,426692.2708129883,3603822.0776367188,427108.7808227539,3604259.472351074,,
C2102,R2320,0.2013084441423416,2,38SMB_01014_r5760_c1440,0,505.7867431640625,505.9808349609375,255918.3986183256,416927.75817871094,3641203.270111084,417433.544921875,3641709.250946045,,
C2103,R3265,0.2011679410934448,2,38SMB_01308_r7440_c1440,0,550.7952880859375,515.6842041015625,284036.4297594875,416205.9295654297,3622400.0,416756.7248535156,3622915.6842041016,,
C2104,R3251,0.2011402696371078,1,38SMB_01302_r7440_c0,1,613.8611221313477,631.4543151855469,387625.2544944815,400617.8718185425,3624387.4017333984,401231.7329406738,3625018.856048584,,
C2105,R0811,0.2007960081100464,1,38SMB_00392_r2160_c3360,1,492.3876953125,446.46240234375,219832.59333372116,435551.96838378906,3676489.1970825195,436044.35607910156,3676935.6594848633,,
C2106,R0868,0.2007381170988083,1,38SMB_00425_r2400_c1200,1,1159.0277099609375,1158.404312133789,1342622.6971013006,414040.97229003906,3674838.2455444336,415200.0,3675996.6498565674,,
C2107,R4562,0.2007295936346054,1,38SMB_01612_r9120_c3840,2,593.2635498046875,587.215576171875,348373.59722033143,440075.5780029297,3607114.1369628906,440668.8415527344,3607701.3525390625,,
C2108,R0143,0.2005557715892791,1,38SMB_00045_r240_c720,6,532.7850341796875,544.6399307250977,290176.0041069938,409297.2671508789,3696670.4273986816,409830.0521850586,3697215.0673294067,,
C2109,R0981,0.2004693150520324,2,38SMB_00463_r2640_c240,4,459.3101501464844,452.4212646484375,207801.67899513617,403396.61727905273,3670805.0018310547,403855.9274291992,3671257.423095703,,
C2110,R1552,0.2002400606870651,1,38SMB_00685_r3840_c3120,10,270.7596969604492,582.7310180664062,157780.07386111422,431201.2490081787,3659246.4294433594,431472.00870513916,3659829.160461426,,
C2111,R3814,0.2001223415136337,2,38SMB_01420_r7920_c8160,1,627.4874877929688,734.9267578125,461157.3449715972,483091.3264465332,3617600.776977539,483718.8139343262,3618335.7037353516,,
C2112,R1788,0.2001149207353592,4,38SMB_00768_r4320_c2880,6,563.5343933105469,576.8530082702637,325076.5100449469,429142.31788635254,3655984.9743652344,429705.8522796631,3656561.8273735046,,
C2113,R1421,0.1999871134757995,1,38SMB_00641_r3600_c2640,2,516.7340087890625,673.5693359375,348056.1831563711,429083.0871582031,3661268.303833008,429599.8211669922,3661941.8731689453,,
C2114,R4341,0.1998922228813171,1,38SMB_01565_r8880_c2640,3,539.73388671875,612.02392578125,330330.05222678185,428358.78631591797,3609168.6184692383,428898.5202026367,3609780.6423950195,,
C2115,R3886,0.1998332887887954,1,38SMB_01435_r8160_c1680,2,411.1031723022461,820.2294921875,337198.9462541416,416800.2886199951,3616051.7471313477,417211.39179229736,3616871.976623535,,
C2116,R3763,0.1997852325439453,1,38SMB_01408_r7920_c5280,1,181.788330078125,502.4951171875,91347.74822592735,455817.95684814453,3618614.1563415527,455999.74517822266,3619116.6514587402,,
C2117,R3553,0.1995543539524078,1,38SMB_01363_r7680_c4560,5,272.9111862182617,402.0001220703125,109710.330174095,445600.1467704773,3620724.5916748047,445873.05795669556,3621126.591796875,,
C2118,R4774,0.1993510574102401,2,38SMB_01680_r9600_c0,0,472.34130859375,416.959228515625,196947.06762731075,401557.1484375,3600800.7165527344,402029.48974609375,3601217.67578125,,
C2119,R3447,0.1991544812917709,2,38SMB_01344_r7680_c0,1,530.8724975585938,367.9774475097656,195349.1066047456,401195.9927368164,3622831.2940216064,401726.865234375,3623199.271469116,,
C2120,R2748,0.1989989280700683,2,38SMB_01155_r6480_c5040,5,681.5390014648438,558.4096145629883,380577.9311176273,450777.3764038086,3634640.169067383,451458.91540527344,3635198.578681946,,
C2121,R3425,0.1989805251359939,1,38SMB_01340_r7440_c9120,0,647.63427734375,237.87479400634766,154055.87031459436,491521.4023590088,3625362.1252059937,492169.03663635254,3625600.0,,
C2122,R0968,0.1988799273967743,2,38SMB_00460_r2400_c9600,1,572.6116943359375,600.814208984375,344033.242187649,497077.1731567383,3673915.3002929688,497649.7848510742,3674516.114501953,,
C2123,R3258,0.1986912786960601,1,38SMB_01305_r7440_c720,1,964.1046142578125,946.9742202758789,912982.215351169,408829.75006103516,3624396.4332580566,409793.85467529297,3625343.4074783325,,
C2124,R3677,0.1986644715070724,1,38SMB_01393_r7920_c1680,4,778.8970947265625,787.955322265625,613736.1112870276,418544.36309814453,3618024.8681640625,419323.2601928711,3618812.823486328,,
C2125,R0153,0.1985838562250137,2,38SMB_00046_r240_c960,6,517.6263427734375,513.7408447265625,265925.794589147,411241.23748779297,3697042.813987732,411758.8638305664,3697556.5548324585,,
C2126,R0162,0.198392167687416,1,38SMB_00047_r240_c1200,7,558.040771484375,674.06494140625,376155.7199329138,413236.5899658203,3695577.924346924,413794.6307373047,3696251.98928833,,
C2127,R0028,0.1983561515808105,1,38SMB_00003_r0_c720,6,522.9681396484375,483.78307342529297,253003.1339026289,408866.8765258789,3699516.2169265747,409389.84466552734,3700000.0,,
C2128,R0634,0.1982046365737915,2,38SMB_00322_r1680_c6720,0,408.5026550292969,412.36572265625,168452.4925481528,468206.3734436035,3680174.6899414062,468614.8760986328,3680587.0556640625,,
C2129,R1063,0.1981758326292038,1,38SMB_00479_r2640_c4080,2,461.84112548828125,455.15228271484375,210208.04251758382,441715.5404663086,3671242.329559326,442177.3815917969,3671697.481842041,,
C2130,R2283,0.1981387138366699,1,38SMB_00984_r5520_c4320,6,192.401123046875,479.39300537109375,92235.75261421502,446207.43896484375,3642963.6294555664,446399.8400878906,3643443.0224609375,,
C2131,R4643,0.1980889439582824,1,38SMB_01646_r9360_c1920,4,1118.8958740234375,1014.6472930908203,1135284.6698283684,420746.72943115234,3605352.350921631,421865.6253051758,3606366.9982147217,,
C2132,R3478,0.1979103237390518,1,38SMB_01354_r7680_c2400,1,1732.703857421875,1370.4800415039062,2374636.0544335097,424581.2759399414,3620993.6306762695,426313.9797973633,3622364.1107177734,,
C2133,R2210,0.1979037374258041,1,38SMB_00941_r5280_c4080,6,266.5798568725586,461.240234375,122957.35566355288,440800.81592559814,3645047.8366088867,441067.3957824707,3645509.0768432617,,
C2134,R1607,0.1978849619626999,1,38SMB_00695_r3840_c5520,3,381.04522705078125,131.11092567443848,49959.192442454514,456366.66259765625,3661468.8890743256,456747.70782470703,3661600.0,,
C2135,R1972,0.1978733837604522,1,38SMB_00823_r4560_c6000,0,346.3035583496094,512.6904296875,177546.52013257146,460000.3984069824,3651200.0,460346.70196533203,3651712.6904296875,,
C2136,R2162,0.1977291703224182,1,38SMB_00905_r5040_c5520,2,407.6513671875,436.9797134399414,178135.37761699408,456871.8835449219,3648559.3980407715,457279.5349121094,3648996.3777542114,,
C2137,R2428,0.1976769864559173,1,38SMB_01046_r5760_c9120,2,264.81231689453125,292.0159912109375,77329.43120282143,492773.07235717773,3640396.7443847656,493037.88467407227,3640688.7603759766,,
C2138,R4644,0.1976238936185836,1,38SMB_01646_r9360_c1920,5,789.5281982421875,875.5278015136719,691253.8876400329,420791.1526489258,3605450.552444458,421580.68084716797,3606326.0802459717,,
C2139,R0975,0.1975600272417068,1,38SMB_00462_r2640_c0,2,503.42723846435547,179.810791015625,90521.64996708743,400001.962890625,3670400.580444336,400505.39012908936,3670580.3912353516,,
C2140,R4875,0.1973959505558014,1,38SMB_01701_r9600_c5040,3,445.4477310180664,668.1571960449219,297629.1069416038,450400.0,3600800.0,450845.44773101807,3601468.157196045,,
C2141,R2408,0.1972952634096145,1,38SMB_01040_r5760_c7680,2,928.3554077148438,829.9169921875,770457.9276517034,477172.1353149414,3640195.4287719727,478100.49072265625,3641025.34576416,,
C2142,R3293,0.1972492784261703,1,38SMB_01315_r7440_c3120,3,504.0118408203125,179.351806640625,90395.43421939015,432529.1387939453,3622400.3146362305,433033.1506347656,3622579.666442871,,
C2143,R3184,0.1972310841083526,2,38SMB_01285_r7200_c6000,2,1121.9180297851562,947.48291015625,1062998.1598176062,461497.40936279297,3624805.067138672,462619.3273925781,3625752.550048828,,
C2144,R4246,0.1971997618675232,1,38SMB_01528_r8640_c3840,1,645.2223205566406,953.765869140625,615391.0273546353,440943.16818237305,3611482.0835876465,441588.3905029297,3612435.849456787,,
C2145,R2665,0.1970435529947281,2,38SMB_01135_r6480_c240,3,661.17919921875,655.6297302246094,433488.7400139123,404265.2835083008,3632075.1739501953,404926.46270751953,3632730.80368042,,
C2146,R2273,0.197035551071167,1,38SMB_00983_r5520_c4080,3,957.1808624267578,1046.3858032226562,1001580.4655597778,441699.2879486084,3642381.61819458,442656.46881103516,3643428.0039978027,,
C2147,R3892,0.1970020532608032,1,38SMB_01437_r8160_c2160,0,1524.873046875,1518.9415740966797,2316193.0661179125,422706.4196777344,3616112.319946289,424231.2927246094,3617631.2615203857,,
C2148,R3054,0.1969842463731765,1,38SMB_01254_r6960_c8640,6,576.1643981933594,201.37115478515625,116022.89021029137,487000.7620239258,3630198.628845215,487576.92642211914,3630400.0,,
C2149,R2464,0.1969024986028671,1,38SMB_01067_r6000_c4080,3,123.87822151184082,399.317626953125,49466.75744528184,440800.0,3637440.5294799805,440923.87822151184,3637839.8471069336,,
C2150,R1666,0.1969017535448074,1,38SMB_00725_r4080_c2640,2,365.272216796875,959.1439819335938,350348.6485082656,429234.7277832031,3656298.6782836914,429600.0,3657257.822265625,,
C2151,R1485,0.1968758106231689,1,38SMB_00653_r3600_c5520,5,356.168212890625,727.2271728515625,259015.20252004266,458043.7060546875,3661912.816619873,458399.8742675781,3662640.0437927246,,
C2152,R1326,0.1968696117401123,1,38SMB_00599_r3360_c2640,7,591.3740539550781,163.9093017578125,96931.70826146379,427238.21380615234,3663200.61920166,427829.5878601074,3663364.528503418,,
C2153,R4413,0.1968090832233429,1,38SMB_01572_r8880_c4320,8,1177.3188781738281,1230.3692626953125,1448536.9600960054,443200.0,3608253.7252807617,444377.3188781738,3609484.094543457,,
C2154,R0595,0.1967755556106567,1,38SMB_00302_r1680_c1920,11,1060.242919921875,1079.5944213867188,1144632.3416624218,419889.3670654297,3681036.758117676,420949.60998535156,3682116.3525390625,,
C2155,R2966,0.1967717856168747,1,38SMB_01234_r6960_c3840,1,334.3170166015625,329.2108154296875,110060.77764742076,440438.056640625,3628163.8067626953,440772.37365722656,3628493.017578125,,
C2156,R4656,0.1967580020427703,1,38SMB_01647_r9360_c2160,6,504.57244873046875,855.2699279785156,431545.6418856513,421600.0,3603395.858154297,422104.57244873047,3604251.1280822754,,
C2157,R3878,0.196723535656929,1,38SMB_01433_r8160_c1200,5,181.40289306640625,474.1107177734375,86005.055837892,412000.97412109375,3616544.498901367,412182.37701416016,3617018.6096191406,,
C2158,R0972,0.1966128051280975,2,38SMB_00461_r2400_c9680,2,489.59999084472656,486.3775634765625,238130.4506252054,497109.26246643066,3673980.630493164,497598.8624572754,3674467.0080566406,,
C2159,R4559,0.1965500116348266,1,38SMB_01611_r9120_c3600,8,980.7177352905273,1021.9517517089844,1002246.2075122225,436358.46576690674,3607130.022277832,437339.18350219727,3608151.974029541,,
C2160,R0045,0.196434199810028,1,38SMB_00004_r0_c960,11,453.47412109375,791.197509765625,358787.5953525305,412346.52587890625,3699152.144470215,412800.0,3699943.3419799805,,
C2161,R3318,0.1961198598146438,1,38SMB_01317_r7440_c3600,8,679.6871566772461,188.033447265625,127803.91913219355,436418.4044265747,3622400.454711914,437098.09158325195,3622588.4881591797,,
C2162,R0220,0.1958522349596023,1,38SMB_00085_r480_c240,1,779.6288299560547,798.9552307128906,622888.5317079606,403675.832901001,3693802.960510254,404455.46173095703,3694601.915740967,,
C2163,R0310,0.1957647502422332,1,38SMB_00134_r720_c1920,2,248.35205078125,506.7913818359375,125862.67899721861,422151.5270996094,3690663.7084960938,422399.8791503906,3691170.4998779297,,
C2164,R0233,0.1955540925264358,1,38SMB_00088_r480_c960,3,439.7174072265625,122.89794921875,54040.36758393049,411362.92251586914,3692000.086669922,411802.6399230957,3692122.9846191406,,
C2165,R4072,0.1955388784408569,1,38SMB_01483_r8400_c3120,8,324.77294921875,117.330322265625,38105.7147949934,432912.64587402344,3612800.4119873047,433237.4188232422,3612917.7423095703,,
C2166,R2502,0.1954208314418792,2,38SMB_01072_r6000_c5280,1,470.4498291015625,235.0,110555.70983886719,452814.355506897,3636800.7348632812,453284.80533599854,3637035.7348632812,,
C2167,R0746,0.1953562200069427,2,38SMB_00379_r2160_c240,1,546.4582824707031,583.5739135742188,318898.7985064741,402401.4649963379,3677330.9859466553,402947.9232788086,3677914.5598602295,,
C2168,R4811,0.1952726542949676,2,38SMB_01689_r9600_c2160,6,704.4735717773438,611.89453125,431063.525980711,422950.88592529297,3601132.1157836914,423655.3594970703,3601744.0103149414,,
C2169,R0046,0.1951752454042434,1,38SMB_00004_r0_c960,12,761.2197875976562,815.6378173828125,620879.6461047605,411474.43634033203,3697971.104736328,412235.6561279297,3698786.742553711,,
C2170,R4674,0.1950447410345077,1,38SMB_01649_r9360_c2640,5,1321.7608642578125,1445.7070922851562,1910879.0557624772,427828.9193725586,3604564.718017578,429150.6802368164,3606010.4251098633,,
C2171,R0711,0.1949713081121444,1,38SMB_00349_r1920_c3120,0,192.451171875,761.8112182617188,146611.46170198917,434207.01721191406,3677883.435974121,434399.46838378906,3678645.247192383,,
C2172,R4948,0.1948316991329193,1,38SMB_01731_r9680_c2160,9,413.597412109375,806.519775390625,333574.4919165969,424386.181640625,3600165.636291504,424799.7790527344,3600972.1560668945,,
C2173,R0792,0.1947949826717376,1,38SMB_00387_r2160_c2160,4,801.6751480102539,380.95855712890625,305405.0076720887,422004.59423065186,3675200.0,422806.2693786621,3675580.958557129,,
C2174,R1155,0.1947616189718246,1,38SMB_00521_r2880_c4080,3,616.5679931640625,647.10693359375,398985.4234084487,442628.5502624512,3668287.616882324,443245.11825561523,3668934.723815918,,
C2175,R1458,0.1946678608655929,1,38SMB_00647_r3600_c4080,3,1273.8225555419922,1179.7242736816406,1502759.389136068,441458.9542388916,3662553.4912109375,442732.7767944336,3663733.215484619,,
C2176,R2771,0.1945765912532806,1,38SMB_01169_r6480_c8400,1,444.04296875,736.0223388671875,326825.54441690445,486754.56298828125,3632641.3417053223,487198.60595703125,3633377.3640441895,,
C2177,R4430,0.1945104748010635,1,38SMB_01577_r8880_c5520,2,581.2814331054688,152.64892578125,88731.98634013534,456410.6492614746,3608000.0958251953,456991.9306945801,3608152.7447509766,,
C2178,R1008,0.1940924227237701,2,38SMB_00467_r2640_c1200,1,270.5718994140625,704.7477722167969,190684.9433365278,414929.42810058594,3672697.6403045654,415200.0,3673402.388076782,,
C2179,R4582,0.1940706521272659,1,38SMB_01617_r9120_c5040,0,1134.2025756835938,579.1873168945312,656915.7466250472,451240.57022094727,3605600.0,452374.77279663086,3606179.1873168945,,
C2180,R2304,0.194005936384201,1,38SMB_01001_r5520_c8400,1,326.6461181640625,382.48321533203125,124936.65755111724,485918.84689331055,3642198.6184692383,486245.4930114746,3642581.1016845703,,
C2181,R0192,0.1939304023981094,1,38SMB_00056_r240_c3360,4,265.1318359375,744.2314147949219,197319.44136694074,436534.8681640625,3696574.713897705,436800.0,3697318.9453125,,
C2182,R3378,0.1938970983028412,1,38SMB_01326_r7440_c5760,4,472.5299072265625,447.0391845703125,211239.38441164792,458405.040435791,3623509.5294189453,458877.5703430176,3623956.5686035156,,
C2183,R2116,0.1938443332910537,1,38SMB_00898_r5040_c3840,8,723.4235000610352,843.017578125,609858.7269801646,438745.0782394409,3648304.0538024902,439468.50173950195,3649147.0713806152,,
C2184,R0319,0.19377101957798,2,38SMB_00138_r720_c2880,0,407.74505615234375,460.5801200866699,187799.26692739245,430456.0266113281,3692129.7035980225,430863.77166748047,3692590.283718109,,
C2185,R2673,0.1937501728534698,2,38SMB_01138_r6480_c960,0,577.1845245361328,589.4459533691406,340219.08233511494,410873.9205169678,3632121.080932617,411451.1050415039,3632710.5268859863,,
C2186,R2641,0.1937394440174102,1,38SMB_01124_r6240_c7680,1,247.75665283203125,570.8206176757812,141424.60560286418,476800.00116348267,3635961.3430786133,477047.7578163147,3636532.163696289,,
C2187,R0597,0.1936628669500351,1,38SMB_00302_r1680_c1920,13,466.56494140625,298.32366943359375,139187.36534938216,421042.9962158203,3680000.0,421509.56115722656,3680298.3236694336,,
C2188,R4331,0.1935793608427047,1,38SMB_01564_r8880_c2400,6,997.9647827148438,1323.7849426269531,1321090.7526298892,424000.0,3609524.7338867188,424997.96478271484,3610848.5188293457,,
C2189,R2610,0.1935430169105529,2,38SMB_01112_r6240_c4800,5,364.4676208496094,389.62432861328125,142005.452074809,448463.04763793945,3636519.5234680176,448827.51525878906,3636909.147796631,,
C2190,R3266,0.1934367567300796,1,38SMB_01308_r7440_c1440,1,1218.6178588867188,610.4913330078125,743955.6410988793,414507.3161315918,3622400.0,415725.9339904785,3623010.491333008,,
C2191,R3131,0.1934331208467483,1,38SMB_01277_r7200_c4080,2,563.9593505859375,590.3619384765625,332940.1354338974,442362.3239135742,3625661.043701172,442926.28326416016,3626251.4056396484,,
C2192,R3889,0.1933057159185409,1,38SMB_01436_r8160_c1920,1,1125.9829330444336,1131.072998046875,1273568.8918281812,419744.50046539307,3615201.594543457,420870.4833984375,3616332.667541504,,
C2193,R3685,0.1930326670408249,1,38SMB_01394_r7920_c1920,4,537.31201171875,528.7213134765625,284088.31258267164,420440.6523132324,3619235.370788574,420977.9643249512,3619764.092102051,,
C2194,R1608,0.1930120140314102,1,38SMB_00695_r3840_c5520,4,926.4561462402344,989.42138671875,916655.5249471217,455218.7942504883,3658841.7419433594,456145.2503967285,3659831.163330078,,
C2195,R3611,0.1927429288625717,1,38SMB_01374_r7680_c7200,4,198.369140625,581.4556884765625,115342.86523461342,475001.630859375,3621095.788116455,475200.0,3621677.2438049316,,
C2196,R1855,0.1927353739738464,4,38SMB_00773_r4320_c4080,8,444.72633361816406,457.7685546875,203581.7309718579,440803.0982208252,3653822.5311279297,441247.82455444336,3654280.299682617,,
C2197,R1609,0.1926967054605484,1,38SMB_00695_r3840_c5520,5,440.95211029052734,450.682373046875,198729.3434657622,455682.8644180298,3659015.6692504883,456123.8165283203,3659466.351623535,,
C2198,R4083,0.1925611346960067,2,38SMB_01486_r8400_c3840,2,289.835205078125,443.084716796875,128421.5497598052,441307.9113769531,3613104.6075439453,441597.74658203125,3613547.692260742,,
C2199,R1067,0.1925362348556518,1,38SMB_00480_r2640_c4320,2,677.3013305664062,1112.9638671875,753811.9081184268,443200.0,3670404.8638916016,443877.3013305664,3671517.827758789,,
C2200,R3331,0.1921701431274414,2,38SMB_01319_r7440_c4080,6,119.47453498840332,403.690185546875,48230.697197595146,440800.0136089325,3622606.6455078125,440919.4881439209,3623010.3356933594,,
C2201,R0207,0.192143052816391,2,38SMB_00061_r240_c4560,0,191.10387802124023,607.8184509277344,116156.46310515294,445600.0,3694615.3479003906,445791.10387802124,3695223.1663513184,,
C2202,R0058,0.1920823603868484,1,38SMB_00005_r0_c1200,7,351.40289306640625,324.85595703125,114155.32313063741,413760.958404541,3697986.5872192383,414112.3612976074,3698311.4431762695,,
C2203,R0846,0.1919885575771331,1,38SMB_00422_r2400_c480,2,1158.6895751953125,932.740478515625,1080756.668818742,406819.94049072266,3673732.0776367188,407978.63006591797,3674664.8181152344,,
C2204,R2074,0.1918766647577285,1,38SMB_00871_r4800_c7440,2,188.76434326171875,216.2396240234375,40818.33061594516,475764.32708740234,3649959.902648926,475953.09143066406,3650176.142272949,,
C2205,R1908,0.1918110996484756,1,38SMB_00811_r4560_c3120,3,95.77966690063477,484.31793212890625,46387.81021331088,431200.0,3652879.879760742,431295.77966690063,3653364.197692871,,
C2206,R2420,0.191712349653244,1,38SMB_01045_r5760_c8880,3,631.0845947265625,486.74625396728516,307178.0624196166,491035.26611328125,3641913.2537460327,491666.3507080078,3642400.0,,
C2207,R2117,0.1916415840387344,2,38SMB_00898_r5040_c3840,9,631.0719299316406,136.6143798828125,86213.50036906078,440819.0953063965,3646400.0,441450.1672363281,3646536.614379883,,
C2208,R2830,0.1916088461875915,1,38SMB_01192_r6720_c3840,5,560.7672119140625,177.78564453125,99696.36020213366,440966.2634277344,3629600.5517578125,441527.03063964844,3629778.3374023438,,
C2209,R4980,0.1915588527917862,2,38SMB_01735_r9680_c3120,1,1321.2249755859375,1154.0753173828125,1524793.1330334395,432304.5471191406,3601717.88482666,433625.77209472656,3602871.960144043,,
C2210,R3384,0.1915486603975296,2,38SMB_01327_r7440_c6000,1,779.8638916015625,585.3942489624023,456527.83711699303,461781.88720703125,3625014.51423645,462561.7510986328,3625599.9084854126,,
C2211,R0710,0.1915139555931091,2,38SMB_00348_r1920_c2880,1,432.994384765625,442.93121337890625,191786.72823049128,428909.1124725342,3679312.610168457,429342.1068572998,3679755.541381836,,
C2212,R3385,0.1912500709295272,1,38SMB_01327_r7440_c6000,2,1015.7659912109375,905.7893371582031,920070.0038868003,460000.0,3624612.1071624756,461015.76599121094,3625517.896499634,,
C2213,R3743,0.1912423223257064,1,38SMB_01403_r7920_c4080,2,579.7396469116211,556.1697387695312,322433.6479771766,441272.03983306885,3618845.2507019043,441851.77947998047,3619401.420440674,,
C2214,R2789,0.1911260485649109,1,38SMB_01181_r6720_c1200,1,936.248779296875,944.43359375,884224.7992753983,412687.84255981445,3631065.8555603027,413624.0913391113,3632010.2891540527,,
C2215,R2411,0.1905422210693359,1,38SMB_01041_r5760_c7920,0,1045.721435546875,560.1455307006836,585756.188479485,480561.3284301758,3641839.8544692993,481607.04986572266,3642400.0,,
C2216,R2313,0.1903335899114608,1,38SMB_01003_r5520_c8880,3,517.9644775390625,467.723388671875,242264.1006462276,489948.49502563477,3642441.6749572754,490466.4595031738,3642909.3983459473,,
C2217,R0892,0.1902287602424621,2,38SMB_00428_r2400_c1920,5,136.63734436035156,520.067138671875,71060.5927172117,419200.0,3673022.796020508,419336.63734436035,3673542.8631591797,,
C2218,R0287,0.1900539994239807,1,38SMB_00130_r720_c960,3,1066.7437744140625,1021.3540649414062,1089523.0902487412,411709.48486328125,3690851.209259033,412776.2286376953,3691872.5633239746,,
C2219,R4112,0.1900350600481033,1,38SMB_01491_r8400_c5040,1,903.0865478515625,1184.7891235351562,1069967.1195054427,452689.00451660156,3613291.1950683594,453592.0910644531,3614475.9841918945,,
C2220,R4192,0.1900305151939392,1,38SMB_01523_r8640_c2640,2,749.6908569335938,805.831298828125,604124.3569623679,426774.7621154785,3610861.9583129883,427524.4529724121,3611667.7896118164,,
C2221,R0900,0.1899434924125671,2,38SMB_00429_r2400_c2160,3,417.0208740234375,445.533447265625,185796.74758538604,423011.2145996094,3672833.112182617,423428.2354736328,3673278.645629883,,
C2222,R2700,0.189873069524765,2,38SMB_01150_r6480_c3840,6,568.3954620361328,646.881103515625,367684.28371520713,438710.120010376,3633435.161743164,439278.5154724121,3634082.0428466797,,
C2223,R4449,0.1897487044334411,1,38SMB_01586_r8880_c7680,5,492.137451171875,740.9603881835938,364654.3568599969,476800.6396102905,3609622.322998047,477292.7770614624,3610363.2833862305,,
C2224,R4630,0.1894584745168686,1,38SMB_01645_r9360_c1680,2,1361.5274047851562,1028.7786865234375,1400710.3751605377,418247.2003173828,3603203.9053344727,419608.72772216797,3604232.684020996,,
C2225,R1971,0.1894135177135467,1,38SMB_00822_r4560_c5760,0,866.3671875,473.2666015625,410022.65453338623,459463.87145996094,3651201.3653564453,460330.23864746094,3651674.631958008,,
C2226,R0466,0.1893474161624908,1,38SMB_00226_r1200_c3840,1,938.3221435546875,905.8010864257812,849933.2170492038,440024.8648071289,3686745.4975128174,440963.1869506836,3687651.298599243,,
C2227,R0411,0.1891813278198242,2,38SMB_00188_r960_c4800,4,818.5447692871094,924.571533203125,756803.1923351809,448000.0,3689079.2196655273,448818.5447692871,3690003.7911987305,,
C2228,R4314,0.1889052093029022,1,38SMB_01562_r8880_c1920,2,582.0993041992188,541.5191650390625,315217.9291797802,420735.8232116699,3608539.598388672,421317.92251586914,3609081.117553711,,
C2229,R4973,0.1887622028589248,1,38SMB_01734_r9680_c2880,3,1009.876708984375,925.0244140625,934160.6110036373,428803.4492492676,3600000.0,429813.32595825195,3600925.0244140625,,
C2230,R5045,0.1887109577655792,1,38SMB_01749_r9680_c6480,2,447.9193115234375,426.715087890625,191133.92838463187,466863.72497558594,3600225.962524414,467311.6442871094,3600652.6776123047,,
C2231,R3319,0.1887025535106659,1,38SMB_01317_r7440_c3600,9,243.2786750793457,607.23876953125,147728.24330837466,436000.0,3622834.124145508,436243.27867507935,3623441.362915039,,
C2232,R2630,0.1886987686157226,4,38SMB_01116_r6240_c5760,0,368.5150146484375,368.4527587890625,135780.37380240858,460249.2822265625,3636753.2472991943,460617.79724121094,3637121.7000579834,,
C2233,R4124,0.1886843144893646,1,38SMB_01494_r8400_c5760,1,883.6068725585938,767.449951171875,678124.051200226,458524.73907470703,3613798.8244628906,459408.3459472656,3614566.2744140625,,
C2234,R1933,0.1886818259954452,1,38SMB_00814_r4560_c3840,4,444.34356689453125,136.27758026123047,60554.06610103091,439060.9307861328,3654262.911119461,439505.27435302734,3654399.1886997223,,
C2235,R3386,0.1886523365974426,2,38SMB_01327_r7440_c6000,3,509.08111572265625,497.25975036621094,253145.5485204002,460743.4455871582,3625055.256729126,461252.52670288086,3625552.516479492,,
C2236,R2341,0.1886270195245742,2,38SMB_01019_r5760_c2640,0,734.8069763183594,947.6519775390625,696341.2842175923,426400.0,3639319.144592285,427134.80697631836,3640266.796569824,,
C2237,R1831,0.1885522305965423,1,38SMB_00771_r4320_c3600,9,526.3162231445312,548.2916259765625,288574.77776575834,436552.4353027344,3654690.051574707,437078.7515258789,3655238.3432006836,,
C2238,R2952,0.1883669793605804,1,38SMB_01231_r6960_c3120,2,1339.8614501953125,1474.9063110351562,1976170.108805783,432588.73138427734,3628328.8858032227,433928.59283447266,3629803.792114258,,
C2239,R1877,0.1883357018232345,1,38SMB_00778_r4320_c5280,2,376.7486572265625,900.081787109375,339104.6046875417,455623.25134277344,3653871.9345092773,456000.0,3654772.0162963867,,
C2240,R0487,0.1883248537778854,1,38SMB_00235_r1200_c6000,0,699.1806030273438,460.694580078125,322108.71431045234,460846.9886779785,3684802.9736328125,461546.16928100586,3685263.6682128906,,
C2241,R3955,0.1883155256509781,1,38SMB_01449_r8160_c5040,0,848.9901733398438,944.3048858642578,801705.5687355576,452489.78240966797,3616387.520751953,453338.7725830078,3617331.8256378174,,
C2242,R0893,0.188008576631546,1,38SMB_00428_r2400_c1920,6,256.3995361328125,261.1376953125,66955.58394491673,420058.8008117676,3674406.342163086,420315.2003479004,3674667.4798583984,,
C2243,R1044,0.1878410577774047,1,38SMB_00472_r2640_c2400,4,504.444580078125,491.54052734375,247954.9549072981,425833.0307006836,3670845.876159668,426337.4752807617,3671337.4166870117,,
C2244,R4789,0.1878238320350647,2,38SMB_01687_r9600_c1680,2,1285.518798828125,1275.3939819335938,1639542.9396878928,418714.4812011719,3601222.487487793,420000.0,3602497.8814697266,,
C2245,R2166,0.1876118779182434,1,38SMB_00909_r5040_c6480,0,609.9969482421875,569.2547607421875,347243.666825071,467009.0350341797,3647531.6787719727,467619.0319824219,3648100.933532715,,
C2246,R0988,0.1874168813228607,2,38SMB_00464_r2640_c480,3,1351.3166046142578,919.7402954101562,1242860.3331205668,405986.5343475342,3672680.25970459,407337.85095214844,3673600.0,,
C2247,R3429,0.1873825341463089,2,38SMB_01341_r7440_c9360,2,476.849365234375,230.670166015625,109994.92224305868,496086.0952758789,3622400.4779052734,496562.9446411133,3622631.148071289,,
C2248,R1667,0.1871676445007324,1,38SMB_00725_r4080_c2640,3,295.037841796875,822.5628662109375,242687.17278912663,429304.8107910156,3656360.355834961,429599.8486328125,3657182.918701172,,
C2249,R1553,0.1871329694986343,1,38SMB_00685_r3840_c3120,11,287.6262092590332,785.8587646484375,226033.5774888168,431200.0,3659202.6251220703,431487.62620925903,3659988.4838867188,,
C2250,R3076,0.1870149224996566,1,38SMB_01262_r7200_c480,1,787.2222900390625,320.2099609375,252076.4187425375,407099.7686767578,3624800.2947998047,407886.9909667969,3625120.504760742,,
C2251,R4176,0.1869177967309951,1,38SMB_01521_r8640_c2160,2,1267.0962524414062,1365.74951171875,1730536.0880725086,422417.83630371094,3610896.7959594727,423684.93255615234,3612262.5454711914,,
C2252,R3055,0.1867534816265106,2,38SMB_01254_r6960_c8640,7,586.6023254394531,510.118408203125,299236.6445014253,486765.06896972656,3627300.692138672,487351.671295166,3627810.810546875,,
C2253,R2652,0.1866649985313415,1,38SMB_01132_r6240_c9600,2,832.6953125,1050.3448486328125,874617.231965065,498365.72509765625,3634524.454650879,499198.42041015625,3635574.7994995117,,
C2254,R2711,0.1866361945867538,1,38SMB_01151_r6480_c4080,8,323.0938720703125,256.0534858703613,82729.31220695609,443674.52423095703,3634943.79447937,443997.61810302734,3635199.8479652405,,
C2255,R3897,0.1866293847560882,2,38SMB_01440_r8160_c2880,1,745.5039978027344,819.43359375,610891.0200744867,431179.3751525879,3616970.983581543,431924.8791503906,3617790.417175293,,
C2256,R1092,0.186409130692482,2,38SMB_00485_r2640_c5520,1,556.0757446289062,499.06982421875,277520.62412425876,456719.4906616211,3670422.0108032227,457275.56640625,3670921.0806274414,,
C2257,R4747,0.1863622069358825,1,38SMB_01658_r9360_c4800,5,466.7352294921875,494.80010986328125,230940.64282979816,449569.3490600586,3604172.709350586,450036.0842895508,3604667.509460449,,
C2258,R3423,0.1856032311916351,2,38SMB_01337_r7440_c8400,0,456.402587890625,458.5685729980469,209291.88344161958,484216.4692687988,3624690.3437805176,484672.87185668945,3625148.9123535156,,
C2259,R4315,0.1854208558797836,1,38SMB_01562_r8880_c1920,3,401.1843490600586,255.79442977905273,102620.72180409814,419202.20989227295,3610944.058113098,419603.394241333,3611199.852542877,,
C2260,R2524,0.1853618025779724,1,38SMB_01082_r6000_c7680,0,469.37164306640625,482.6609802246094,226547.37733206712,478843.71673583984,3638554.1787719727,479313.08837890625,3639036.8397521973,,
C2261,R4708,0.1852715462446212,1,38SMB_01652_r9360_c3360,7,1131.8243408203125,958.9593505859375,1085373.5348504037,433756.6207885742,3603434.867248535,434888.44512939453,3604393.826599121,,
C2262,R2565,0.1852639019489288,1,38SMB_01103_r6240_c2640,0,570.9161376953125,613.3377075195312,350164.395079948,427438.6901855469,3635495.18951416,428009.6063232422,3636108.5272216797,,
C2263,R1068,0.1851957589387893,1,38SMB_00480_r2640_c4320,3,969.31640625,834.8794555664062,809262.3535215855,445427.1823120117,3672763.442001343,446396.4987182617,3673598.321456909,,
C2264,R4218,0.1851761937141418,1,38SMB_01525_r8640_c3120,7,667.2100830078125,655.9983825683594,437688.7352864258,431891.1441040039,3610700.0299072266,432558.3541870117,3611356.028289795,,
C2265,R0185,0.1851371228694915,1,38SMB_00050_r240_c1920,4,590.0872802734375,602.7444458007812,355671.83072250336,420830.361328125,3695035.09185791,421420.44860839844,3695637.836303711,,
C2266,R3279,0.1851087808609008,2,38SMB_01312_r7440_c2400,3,507.7880859375,520.9236145019531,264518.8051275909,426610.9948730469,3624504.4094848633,427118.7829589844,3625025.3330993652,,
C2267,R0265,0.1850896477699279,2,38SMB_00096_r480_c2880,2,479.1986083984375,366.5789794921875,175664.1368407756,429487.4478149414,3692000.0,429966.64642333984,3692366.578979492,,
C2268,R4790,0.1850894391536712,1,38SMB_01687_r9600_c1680,3,1426.1398315429688,730.3073883056641,1041520.4557328252,417759.61013793945,3603265.0047302246,419185.7499694824,3603995.3121185303,,
C2269,R0802,0.1849677711725235,4,38SMB_00389_r2160_c2640,2,467.4139404296875,448.785400390625,209768.55240389705,426486.08699798584,3675273.05267334,426953.5009384155,3675721.8380737305,,
C2270,R1397,0.1849518120288849,2,38SMB_00629_r3360_c9680,0,451.1279296875,478.71978759765625,215963.8666793704,498876.728515625,3665226.22467041,499327.8564453125,3665704.944458008,,
C2271,R1737,0.1848762184381485,1,38SMB_00737_r4080_c5520,3,1470.7201385498047,1081.4434814453125,1590500.7068650331,456365.1880645752,3656000.0,457835.908203125,3657081.4434814453,,
C2272,R2327,0.1848519146442413,1,38SMB_01016_r5760_c1920,1,595.5192565917969,578.7310791015625,344645.5019931309,420015.4898071289,3641065.6034851074,420611.0090637207,3641644.334564209,,
C2273,R3508,0.1847473978996276,1,38SMB_01358_r7680_c3360,11,1665.589599609375,1568.8751220703125,2613102.086406201,435134.4104003906,3621387.1435546875,436800.0,3622956.018676758,,
C2274,R3853,0.1846461594104766,1,38SMB_01431_r8160_c720,6,455.733642578125,984.8373413085938,448823.50890152156,409944.2663574219,3617211.8019104004,410400.0,3618196.639251709,,
C2275,R0856,0.184538796544075,1,38SMB_00423_r2400_c720,5,402.239990234375,668.3025741577148,268818.0209028069,409997.7600097656,3674963.5583496094,410400.0,3675631.860923767,,
C2276,R2063,0.1845139563083648,1,38SMB_00866_r4800_c6240,0,612.6470184326172,656.6128540039062,402271.90727002453,463524.53620910645,3649136.579284668,464137.18322753906,3649793.192138672,,
C2277,R3430,0.1844981163740158,2,38SMB_01341_r7440_c9360,3,694.013671875,252.73193359375,175399.4172334671,496025.80139160156,3622400.3607177734,496719.81506347656,3622653.092651367,,
C2278,R1361,0.1843715757131576,1,38SMB_00605_r3360_c4080,2,298.641357421875,875.6853485107422,261515.86115369573,443701.3586425781,3664618.4423828125,444000.0,3665494.1277313232,,
C2279,R0659,0.1842522174119949,1,38SMB_00340_r1920_c960,4,487.1318054199219,501.0459899902344,244075.43770235498,410595.6916809082,3679501.176300049,411082.8234863281,3680002.222290039,,
C2280,R4949,0.1842464804649353,1,38SMB_01731_r9680_c2160,10,498.6743927001953,497.0037841796875,247843.0602455046,422824.35569763184,3600559.8751831055,423323.03009033203,3601056.878967285,,
C2281,R0163,0.1841441690921783,1,38SMB_00047_r240_c1200,8,439.22821044921875,458.6279296875,201442.32481867075,413522.11151123047,3695521.2548828125,413961.3397216797,3695979.8828125,,
C2282,R1009,0.1841342747211456,1,38SMB_00467_r2640_c1200,2,565.0357055664062,493.0523681640625,278592.19272676855,414634.9642944336,3670400.0,415200.0,3670893.052368164,,
C2283,R1475,0.1840907931327819,1,38SMB_00652_r3600_c5280,2,921.4768981933594,1355.72509765625,1249269.3577911705,455069.2085266113,3661548.118133545,455990.6854248047,3662903.843231201,,
C2284,R2127,0.1840842813253402,2,38SMB_00899_r5040_c4080,6,385.0985336303711,115.89111328125,44629.4977854006,440891.7719268799,3646400.440979004,441276.87046051025,3646516.332092285,,
C2285,R3578,0.1838004142045974,1,38SMB_01370_r7680_c6240,2,710.7829284667969,1208.8898468017578,859258.2655035309,464889.2170715332,3621991.1101531982,465600.0,3623200.0,,
C2286,R1258,0.1836351454257965,2,38SMB_00563_r3120_c4080,2,641.9121551513672,854.8088836669922,548712.2127572133,440800.0,3667088.798522949,441441.91215515137,3667943.607406616,,
C2287,R2503,0.1834143698215484,1,38SMB_01072_r6000_c5280,2,521.768798828125,333.55712890625,174039.70248997211,454447.7377319336,3636801.9830322266,454969.5065307617,3637135.540161133,,
C2288,R4342,0.1832749247550964,1,38SMB_01565_r8880_c2640,4,1199.9981689453125,832.4395751953125,998925.9659919888,428068.86962890625,3608003.5610961914,429268.86779785156,3608836.0006713867,,
C2289,R3448,0.1829915344715118,1,38SMB_01344_r7680_c0,2,904.4111633300781,949.3411254882812,858594.7116999421,400000.3451538086,3620614.856567383,400904.7563171387,3621564.197692871,,
C2290,R4837,0.1829834729433059,2,38SMB_01692_r9600_c2880,5,1338.896484375,1307.88330078125,1751120.3533887863,430661.103515625,3601572.602081299,432000.0,3602880.48538208,,
C2291,R1939,0.182975485920906,1,38SMB_00815_r4560_c4080,2,616.9355773925781,552.0095825195312,340554.350517923,441237.6417541504,3653051.501312256,441854.57733154297,3653603.5108947754,,
C2292,R2559,0.1828694343566894,1,38SMB_01102_r6240_c2400,4,212.47949600219727,529.6636962890625,112542.67523816088,424000.2691078186,3635297.777862549,424212.7486038208,3635827.441558838,,
C2293,R3264,0.1828494220972061,1,38SMB_01307_r7440_c1200,1,660.2336120605469,519.4326782226562,342946.9133652281,414539.76638793945,3622400.0,415200.0,3622919.4326782227,,
C2294,R3419,0.1827889233827591,1,38SMB_01335_r7440_c7920,3,441.41937255859375,206.05224609375,90955.45318499207,480484.61502075195,3622400.0213623047,480926.03439331055,3622606.0736083984,,
C2295,R4278,0.1826013177633285,1,38SMB_01534_r8640_c5280,0,1026.1892700195312,1102.6476287841797,1131525.1652708044,453621.0827636719,3611736.4224243164,454647.2720336914,3612839.0700531006,,
C2296,R2069,0.1825339198112487,1,38SMB_00870_r4800_c7200,2,1163.9030456542969,1517.4639129638672,1766180.869969132,474036.0969543457,3649592.1899414062,475200.0,3651109.65385437,,
C2297,R0786,0.1825124472379684,1,38SMB_00386_r2160_c1920,1,381.624755859375,335.870361328125,128176.44464224577,422017.0593261719,3675200.6079101562,422398.68408203125,3675536.4782714844,,
C2298,R2219,0.1824599504470825,1,38SMB_00942_r5280_c4320,2,1198.7163925170898,1009.757080078125,1210412.3643498402,443324.5466995239,3646169.362182617,444523.263092041,3647179.1192626953,,
C2299,R1123,0.1824128627777099,1,38SMB_00511_r2880_c1680,2,622.283935546875,615.1187515258789,382778.51752820425,418689.6795654297,3669976.3848876953,419311.96350097656,3670591.503639221,,
C2300,R4576,0.1823626011610031,1,38SMB_01616_r9120_c4800,2,1138.4202575683594,921.8734741210938,1049479.4378543738,448006.93717956543,3607878.126525879,449145.3574371338,3608800.0,,
C2301,R0301,0.1823227107524871,1,38SMB_00132_r720_c1440,3,1176.2931823730469,1303.765869140625,1533610.9032807872,414664.79766845703,3689771.142578125,415841.0908508301,3691074.9084472656,,
C2302,R0581,0.1822767257690429,1,38SMB_00301_r1680_c1680,7,623.5498046875,140.55235862731934,87641.39577043243,417484.62295532227,3683059.0639305115,418108.17276000977,3683199.616289139,,
C2303,R2809,0.1822401136159896,2,38SMB_01189_r6720_c3120,2,428.311767578125,415.30487060546875,177879.9632128328,432648.2748413086,3629600.0,433076.5866088867,3630015.3048706055,,
C2304,R2496,0.1821744590997696,1,38SMB_01070_r6000_c4800,6,394.58251953125,648.4515380859375,255867.64169186354,450805.41748046875,3636800.0,451200.0,3637448.451538086,,
C2305,R4116,0.1820564270019531,2,38SMB_01492_r8400_c5280,2,571.6998291015625,651.7767333984375,372620.6470962614,455428.30017089844,3613194.6087646484,456000.0,3613846.385498047,,
C2306,R4348,0.1819547563791275,4,38SMB_01566_r8880_c2880,4,418.0535888671875,427.7603340148926,178826.7428099527,431240.11016845703,3610485.065460205,431658.1637573242,3610912.82579422,,
C2307,R1252,0.1818393021821975,1,38SMB_00561_r3120_c3600,5,489.8406982421875,706.9046020507812,346270.6438591704,438710.1593017578,3667684.765625,439200.0,3668391.670227051,,
C2308,R0248,0.1817444115877151,1,38SMB_00092_r480_c1920,2,593.365478515625,629.6051025390625,373585.93294396996,421352.1453857422,3693425.1873779297,421945.5108642578,3694054.7924804688,,
C2309,R1020,0.1815756261348724,1,38SMB_00469_r2640_c1680,3,1034.8934936523438,919.2512512207031,951327.1389200818,417910.302734375,3672680.7487487793,418945.19622802734,3673600.0,,
C2310,R1270,0.1814716309309005,1,38SMB_00565_r3120_c4560,2,871.1959838867188,896.685791015625,781189.0599410981,446871.02966308594,3666036.3317871094,447742.22564697266,3666933.017578125,,
C2311,R1755,0.1814623475074768,2,38SMB_00764_r4320_c1920,0,478.9996337890625,336.0792541503906,160981.83966213837,421673.7893676758,3656463.9207458496,422152.78900146484,3656800.0,,
C2312,R4611,0.1810961216688156,1,38SMB_01642_r9360_c960,0,1766.8456268310547,1198.3132934570312,2117234.602118074,410871.59339904785,3605201.686706543,412638.4390258789,3606400.0,,
C2313,R4657,0.1808681041002273,1,38SMB_01647_r9360_c2160,7,1448.9617919921875,1278.4790802001953,1852467.3390713986,421600.0,3605121.5209198,423048.9617919922,3606400.0,,
C2314,R3842,0.1807510107755661,1,38SMB_01430_r8160_c480,3,802.0843505859375,974.77294921875,781850.1279428601,406599.55993652344,3616903.052520752,407401.6442871094,3617877.8254699707,,
C2315,R2144,0.1806685477495193,1,38SMB_00902_r5040_c4800,1,610.2578735351562,602.2262573242188,367513.31518171355,450170.38635253906,3647739.1061401367,450780.6442260742,3648341.332397461,,
C2316,R1441,0.1806574016809463,1,38SMB_00644_r3600_c3360,4,1292.7432250976562,1214.9075317382812,1570563.4807747789,434033.212890625,3661874.891357422,435325.95611572266,3663089.79888916,,
C2317,R2726,0.1805160641670227,1,38SMB_01153_r6480_c4560,5,571.6210174560547,588.1103515625,336176.2375365943,446831.1399078369,3633146.6119384766,447402.76092529297,3633734.722290039,,
C2318,R0470,0.1804797351360321,1,38SMB_00227_r1200_c4080,3,401.79290771484375,390.997314453125,157099.9478828162,441545.1011657715,3685846.8922424316,441946.8940734863,3686237.8895568848,,
C2319,R4398,0.1804638057947158,1,38SMB_01571_r8880_c4080,3,445.4180908203125,281.0525321960449,125185.88231097674,441911.93572998047,3610918.947467804,442357.3538208008,3611200.0,,
C2320,R2343,0.1804233342409134,1,38SMB_01022_r5760_c3360,0,606.2338256835938,573.316650390625,347563.946294412,434296.8002319336,3639580.171508789,434903.0340576172,3640153.4881591797,,
C2321,R3479,0.1803240627050399,2,38SMB_01354_r7680_c2400,2,516.0614013671875,613.5491943359375,316629.05703671277,426682.4285888672,3620007.028503418,427198.4899902344,3620620.577697754,,
C2322,R4364,0.1802809238433838,1,38SMB_01567_r8880_c3120,9,341.6872787475586,669.329833984375,228701.48955867626,431200.0,3608961.879425049,431541.68727874756,3609631.209259033,,
C2323,R4959,0.1802743077278137,1,38SMB_01732_r9680_c2400,3,567.7233123779297,905.4360961914062,514037.1796763269,424000.0,3600000.0,424567.72331237793,3600905.4360961914,,
C2324,R3435,0.1802603602409362,2,38SMB_01342_r7440_c9600,2,379.169921875,393.1521987915039,149071.488500759,498231.95037841797,3624626.812438965,498611.12030029297,3625019.9646377563,,
C2325,R3758,0.1800589263439178,2,38SMB_01405_r7920_c4560,6,94.80329513549805,446.175537109375,42298.91112681944,445600.0,3617695.778198242,445694.8032951355,3618141.9537353516,,
C2326,R2820,0.1799477934837341,1,38SMB_01190_r6720_c3360,8,789.244384765625,1046.3174438476562,825800.1672390848,433610.9390258789,3630572.9206848145,434400.18341064453,3631619.238128662,,
C2327,R1073,0.1799312531948089,1,38SMB_00481_r2640_c4560,3,192.529296875,512.496337890625,98670.55958509445,448607.12463378906,3671008.4594726562,448799.65393066406,3671520.955810547,,
C2328,R0925,0.1797828525304794,1,38SMB_00432_r2400_c2880,6,453.720703125,207.0025634765625,93921.34864926338,430849.65881347656,3672800.226135254,431303.37951660156,3673007.2286987305,,
C2329,R3192,0.1796495765447616,1,38SMB_01286_r7200_c6240,4,817.5591659545898,721.14013671875,589574.7287121601,462704.74964141846,3625129.27154541,463522.30880737305,3625850.411682129,,
C2330,R0702,0.1795668751001358,2,38SMB_00346_r1920_c2400,4,525.9896850585938,480.8462905883789,252920.18894817447,424376.9401550293,3680319.1537094116,424902.9298400879,3680800.0,,
C2331,R3114,0.1794141381978988,1,38SMB_01274_r7200_c3360,5,514.9624633789062,198.668212890625,102306.67230524123,435072.0617675781,3624800.1776123047,435587.02423095703,3624998.8458251953,,
C2332,R1442,0.1793625354766845,1,38SMB_00644_r3600_c3360,5,774.5089721679688,917.9498672485352,710960.4081843863,434689.267578125,3662881.4170837402,435463.77655029297,3663799.366950989,,
C2333,R4719,0.179356575012207,1,38SMB_01653_r9360_c3600,5,393.5107421875,862.2079467773438,339288.08905631304,438805.24963378906,3603924.832763672,439198.76037597656,3604787.040710449,,
C2334,R0787,0.1793327033519745,1,38SMB_00386_r2160_c1920,2,524.8480224609375,552.9318237304688,290205.1742406562,419857.85064697266,3677100.654296875,420382.6986694336,3677653.5861206055,,
C2335,R4675,0.1792791038751602,1,38SMB_01649_r9360_c2640,6,546.2677001953125,919.4827270507812,502283.7146753445,429053.00231933594,3605217.936782837,429599.27001953125,3606137.4195098877,,
C2336,R3461,0.1791269034147262,2,38SMB_01350_r7680_c1440,3,849.222412109375,866.9375610351562,736222.8067304939,416742.9049682617,3620639.8559570312,417592.1273803711,3621506.7935180664,,
C2337,R0940,0.1789092272520065,1,38SMB_00438_r2400_c4320,5,1076.2904357910156,1348.985595703125,1451900.2946751192,445322.8160095215,3672800.0,446399.1064453125,3674148.985595703,,
C2338,R2003,0.17879319190979,1,38SMB_00853_r4800_c3120,3,611.6421508789062,638.8143539428711,390725.7854579366,432057.928314209,3650760.3575134277,432669.5704650879,3651399.1718673706,,
C2339,R3806,0.1787651181221008,1,38SMB_01418_r7920_c7680,2,474.6934509277344,158.7169647216797,75341.9037045096,477273.31161499023,3620641.2830352783,477748.00506591797,3620800.0,,
C2340,R0721,0.178529754281044,1,38SMB_00354_r1920_c4320,0,305.12977600097656,450.8164978027344,137557.53699209308,443200.0,3679713.020553589,443505.129776001,3680163.8370513916,,
C2341,R4658,0.1784938722848892,1,38SMB_01647_r9360_c2160,8,1350.4080200195312,1159.80712890625,1566212.8485508263,422977.4026489258,3605073.7141418457,424327.8106689453,3606233.521270752,,
C2342,R1584,0.1783779710531234,1,38SMB_00689_r3840_c4080,4,559.5489501953125,164.2477035522461,91904.6300946502,442319.42596435547,3661435.238723755,442878.9749145508,3661599.486427307,,
C2343,R0642,0.1783292740583419,1,38SMB_00337_r1920_c240,3,511.1067199707031,310.36865234375,158631.50388114154,403120.5355834961,3677600.902709961,403631.6423034668,3677911.2713623047,,
C2344,R3618,0.1782735288143158,1,38SMB_01377_r7680_c7920,2,396.22314453125,402.5279235839844,159490.879644081,480497.69317626953,3622165.8068084717,480893.9163208008,3622568.3347320557,,
C2345,R4616,0.1782609522342682,1,38SMB_01643_r9360_c1200,1,738.7375640869141,1266.4039611816406,935540.1774333441,412001.5814971924,3605040.0413513184,412740.3190612793,3606306.4453125,,
C2346,R3008,0.1781027317047119,1,38SMB_01240_r6960_c5280,5,209.63443756103516,599.2822265625,125630.19250575453,452800.1543045044,3628198.676147461,453009.78874206543,3628797.9583740234,,
C2347,R1398,0.1780587583780288,1,38SMB_00632_r3600_c480,0,804.3536376953125,1016.705322265625,817790.6244285405,407195.6463623047,3660804.3432617188,408000.0,3661821.0485839844,,
C2348,R0982,0.1779755800962448,2,38SMB_00463_r2640_c240,5,495.3582763671875,490.0720977783203,242761.26965112053,403128.1935119629,3672873.7085723877,403623.5517883301,3673363.780670166,,
C2349,R5010,0.1779223531484604,1,38SMB_01744_r9680_c5280,2,771.7097473144531,749.2333984375,578190.7165877521,453384.7653198242,3600311.2380981445,454156.4750671387,3601060.471496582,,
C2350,R1555,0.1778801679611206,1,38SMB_00685_r3840_c3120,13,648.1366729736328,571.9973754882812,370732.4758986244,432250.0447845459,3660441.3751220703,432898.18145751953,3661013.3724975586,,
C2351,R0793,0.1778179705142974,1,38SMB_00387_r2160_c2160,5,607.1221923828125,317.4626350402832,192738.6109852814,423578.36181640625,3678081.9052886963,424185.48400878906,3678399.3679237366,,
C2352,R1637,0.1777044385671615,1,38SMB_00722_r4080_c1920,6,512.9043579101562,247.27163314819336,126826.69822926982,421027.5712585449,3658951.999568939,421540.4756164551,3659199.2712020874,,
C2353,R3669,0.1775281578302383,1,38SMB_01390_r7920_c960,1,1078.7762832641602,688.8734436035156,743140.3331299836,409965.44048309326,3617603.1213378906,411044.2167663574,3618291.994781494,,
C2354,R2352,0.1773656457662582,1,38SMB_01025_r5760_c4080,7,1210.9457397460938,1206.0980224609375,1460519.2620152608,442491.59729003906,3639207.2454833984,443702.54302978516,3640413.3435058594,,
C2355,R1663,0.1772408634424209,1,38SMB_00724_r4080_c2400,7,407.064208984375,401.01226806640625,163237.7416934818,426008.4161376953,3657877.695465088,426415.4803466797,3658278.7077331543,,
C2356,R3564,0.1770645976066589,1,38SMB_01366_r7680_c5280,1,624.3966674804688,231.79046630859375,144729.1947168298,454474.705657959,3622968.109741211,455099.10232543945,3623199.9002075195,,
C2357,R2393,0.1769249141216278,2,38SMB_01032_r5760_c5760,2,386.1920928955078,374.98046875,144814.49202150106,458754.3337249756,3639630.7037353516,459140.5258178711,3640005.6842041016,,
C2358,R0955,0.1769051998853683,1,38SMB_00441_r2400_c5040,1,1425.4078674316406,1408.03955078125,2007030.6533385068,450802.9609680176,3673010.8129882812,452228.3688354492,3674418.8525390625,,
C2359,R1756,0.176778644323349,1,38SMB_00764_r4320_c1920,1,922.3056411743164,837.9766082763672,772870.5529854138,419755.12462615967,3654684.2559814453,420677.430267334,3655522.2325897217,,
C2360,R4390,0.1767704486846923,1,38SMB_01569_r8880_c3600,9,483.1048583984375,480.1318359375,231954.02261316776,437339.12109375,3609436.1975097656,437822.22595214844,3609916.329345703,,
C2361,R0111,0.1767598539590835,2,38SMB_00016_r0_c3840,5,397.81982421875,363.4686279296875,144595.02567201853,441048.5772705078,3698825.4321289062,441446.39709472656,3699188.900756836,,
C2362,R4267,0.1764532178640365,1,38SMB_01530_r8640_c4320,8,926.4837646484375,895.2911376953125,829472.7037083358,444673.03161621094,3611339.4778442383,445599.5153808594,3612234.7689819336,,
C2363,R0352,0.1763678789138794,1,38SMB_00173_r960_c1200,4,418.7548828125,952.14599609375,398715.78501462936,414781.2451171875,3688109.246520996,415200.0,3689061.39251709,,
C2364,R3140,0.1763343513011932,1,38SMB_01278_r7200_c4320,6,269.90478515625,599.0248107910156,161679.66285981238,446130.09521484375,3626629.6034240723,446400.0,3627228.6282348633,,
C2365,R0274,0.1761703342199325,1,38SMB_00100_r480_c3840,0,1384.9139404296875,1041.2043762207031,1441978.4554644488,438405.43548583984,3694158.7956237793,439790.34942626953,3695200.0,,
C2366,R4758,0.1761209219694137,1,38SMB_01668_r9360_c7200,1,269.459228515625,425.3546142578125,114615.72620347142,474928.2666015625,3604216.8353271484,475197.7258300781,3604642.1899414062,,
C2367,R1401,0.1759526580572128,1,38SMB_00635_r3600_c1200,0,320.42755126953125,395.13336181640625,126611.61555172876,414344.39239501953,3662482.1394348145,414664.81994628906,3662877.272796631,,
C2368,R4784,0.1758355647325515,2,38SMB_01686_r9600_c1440,3,629.37255859375,571.2457656860352,359526.40913566574,416417.57080078125,3603428.754234314,417046.943359375,3604000.0,,
C2369,R3356,0.1756815314292907,1,38SMB_01323_r7440_c5040,3,292.7215576171875,304.24072265625,89057.81822651625,452718.5220336914,3623213.2244873047,453011.2435913086,3623517.465209961,,
C2370,R2174,0.1756715923547744,1,38SMB_00913_r5040_c7440,1,837.7229309082031,632.6052093505859,529947.8900849703,474412.36137390137,3648966.3219833374,475250.08430480957,3649598.927192688,,
C2371,R0829,0.1756157875061035,1,38SMB_00403_r2160_c6000,0,423.994140625,619.676513671875,262739.2108798027,462773.7365722656,3676091.8118286133,463197.7307128906,3676711.488342285,,
C2372,R1940,0.1752036213874817,1,38SMB_00815_r4560_c4080,3,618.8035583496094,614.04541015625,379973.48479293287,441113.8794708252,3651865.2221679688,441732.6830291748,3652479.267578125,,
C2373,R3714,0.1751469820737838,1,38SMB_01400_r7920_c3360,8,657.3306274414062,678.4002685546875,445933.27418547124,434813.6570739746,3619222.644805908,435470.987701416,3619901.045074463,,
C2374,R1789,0.1750748753547668,1,38SMB_00768_r4320_c2880,7,336.14925384521484,1012.047119140625,340198.88395532034,428800.22090911865,3653899.0325927734,429136.37016296387,3654911.079711914,,
C2375,R2978,0.1750124245882034,1,38SMB_01236_r6960_c4320,4,208.472900390625,405.18798828125,84470.71512043476,446191.0186767578,3627749.2559814453,446399.49157714844,3628154.4439697266,,
C2376,R1974,0.1750036031007766,1,38SMB_00825_r4560_c6480,1,1318.0364990234375,1357.7296447753906,1789537.2276200913,466497.36328125,3652678.726196289,467815.39978027344,3654036.4558410645,,
C2377,R0029,0.1747755110263824,1,38SMB_00003_r0_c720,7,470.008544921875,507.1051025390625,238343.73136684299,407637.69889831543,3697598.8778686523,408107.7074432373,3698105.9829711914,,
C2378,R1181,0.1747367978096008,4,38SMB_00526_r2880_c5280,1,710.0323486328125,644.266357421875,457449.95490536094,455262.5848388672,3668000.0,455972.6171875,3668644.266357422,,
C2379,R0926,0.1745400130748748,2,38SMB_00432_r2400_c2880,7,665.7353973388672,936.6268920898438,623545.6761637004,428800.9558868408,3673110.3927612305,429466.6912841797,3674047.0196533203,,
C2380,R2301,0.1744215488433838,1,38SMB_00998_r5520_c7680,0,731.900634765625,675.4058837890625,494329.9950696528,478490.5758666992,3642048.76373291,479222.47650146484,3642724.169616699,,
C2381,R0535,0.1744170784950256,1,38SMB_00264_r1440_c2880,1,923.5208129882812,894.9978256225586,826549.1195416893,429666.28997802734,3684158.256072998,430589.8107910156,3685053.2538986206,,
C2382,R2849,0.1742171496152877,1,38SMB_01194_r6720_c4320,6,138.01813125610352,557.9931259155273,77013.16849261275,443200.0199699402,3631755.342102051,443338.0381011963,3632313.3352279663,,
C2383,R3320,0.1741615980863571,1,38SMB_01317_r7440_c3600,10,155.7172679901123,696.5048217773438,108457.82798910805,436000.2499771118,3624276.3665771484,436155.9672451019,3624972.871398926,,
C2384,R4791,0.1740818470716476,1,38SMB_01687_r9600_c1680,4,1620.379638671875,1330.9657287597656,2156669.766652398,418238.9874267578,3602669.0342712402,419859.3670654297,3604000.0,,
C2385,R1292,0.1739367544651031,1,38SMB_00579_r3120_c7920,2,620.8792114257812,586.026611328125,363851.74031592906,480769.25689697266,3666383.8076782227,481390.13610839844,3666969.834289551,,
C2386,R4631,0.1738985925912857,2,38SMB_01645_r9360_c1680,3,282.45906829833984,584.1004943847656,164984.48143652058,416800.0,3605499.4564056396,417082.45906829834,3606083.5569000244,,
C2387,R4538,0.173729121685028,1,38SMB_01609_r9120_c3120,5,1108.4986877441406,1059.2343139648438,1174159.8470435943,433261.55990600586,3606470.019683838,434370.05859375,3607529.2539978027,,
C2388,R2536,0.1736609488725662,1,38SMB_01090_r6000_c9600,3,125.858154296875,410.238037109375,51631.80217295885,499073.44970703125,3637339.9264526367,499199.3078613281,3637750.164489746,,
C2389,R1443,0.1735985577106475,1,38SMB_00644_r3600_c3360,6,776.39892578125,468.22303771972656,363527.8635116294,435706.2158203125,3663531.3340759277,436482.61474609375,3663999.5571136475,,
C2390,R4273,0.1735626608133316,1,38SMB_01532_r8640_c4800,0,435.0635528564453,410.4020309448242,178550.96568235604,448000.0,3613189.150352478,448435.06355285645,3613599.552383423,,
C2391,R1738,0.1735325008630752,1,38SMB_00737_r4080_c5520,4,476.6253662109375,179.99645233154297,85790.87500919122,455649.63455200195,3659019.1497612,456126.2599182129,3659199.1462135315,,
C2392,R5021,0.1734693050384521,2,38SMB_01745_r9680_c5520,3,1303.118896484375,1192.6095581054688,1554112.0512951165,457053.58337402344,3600898.444519043,458356.7022705078,3602091.0540771484,,
C2393,R1866,0.1734572649002075,2,38SMB_00774_r4320_c4320,5,433.114013671875,428.4264373779297,185557.49385589734,443501.1723327637,3655184.7842407227,443934.28634643555,3655613.2106781006,,
C2394,R2432,0.1733404844999313,1,38SMB_01053_r6000_c720,0,934.5897674560547,1110.087890625,1037476.783555001,408141.7099761963,3638439.7633361816,409076.29974365234,3639549.8512268066,,
C2395,R3090,0.1731545627117157,3,38SMB_01269_r7200_c2160,2,624.114875793457,631.0032653808594,393818.52459844085,421605.49518585205,3624833.994140625,422229.6100616455,3625464.997406006,,
C2396,R2200,0.1731157153844833,1,38SMB_00940_r5280_c3840,8,455.4498291015625,447.44873046875,203790.4478237033,440615.30029296875,3645031.8411254883,441070.7501220703,3645479.289855957,,
C2397,R2998,0.1730787903070449,1,38SMB_01239_r6960_c5040,5,729.857177734375,740.3445434570312,540345.7790385932,452826.6079711914,3627799.468383789,453556.4651489258,3628539.812927246,,
C2398,R4523,0.1730206459760666,1,38SMB_01608_r9120_c2880,8,185.3924560546875,646.787109375,119909.45075154305,431813.9685058594,3605601.2817382812,431999.36096191406,3606248.0688476562,,
C2399,R3267,0.1730190217494964,1,38SMB_01309_r7440_c1680,0,781.712646484375,821.35009765625,642059.758529067,417611.8682861328,3623727.8967285156,418393.5809326172,3624549.246826172,,
C2400,R1989,0.1728779077529907,1,38SMB_00832_r4560_c8160,0,853.5773468017578,844.1506958007812,720547.9112224886,481608.16024780273,3652497.20993042,482461.7375946045,3653341.3606262207,,
C2401,R2850,0.1728130728006363,1,38SMB_01194_r6720_c4320,7,208.6279296875,540.6634521484375,112797.49667942524,446191.3720703125,3631479.137878418,446400.0,3632019.8013305664,,
C2402,R4053,0.1728037148714065,1,38SMB_01480_r8400_c2400,1,667.838134765625,326.66290283203125,218157.94372446835,425883.11584472656,3612800.0,426550.9539794922,3613126.662902832,,
C2403,R1749,0.1727275401353836,1,38SMB_00750_r4080_c8640,0,565.2915573120117,944.9671173095703,534181.9333525695,486400.0,3657202.695007324,486965.291557312,3658147.662124634,,
C2404,R3509,0.1726564168930053,1,38SMB_01358_r7680_c3360,12,1096.8739318847656,1236.0531616210938,1355794.4914059248,435699.9101257324,3621452.372894287,436796.7840576172,3622688.426055908,,
C2405,R1886,0.1724225580692291,2,38SMB_00780_r4320_c5760,0,405.904541015625,385.6216049194336,156525.56055053137,459003.23303222656,3656359.75151062,459409.1375732422,3656745.3731155396,,
C2406,R2412,0.1722029745578766,1,38SMB_01042_r5760_c8160,0,555.8230590820312,553.3622741699219,307571.51200971566,482478.8879394531,3641200.2506256104,483034.71099853516,3641753.6128997803,,
C2407,R4524,0.1721736788749694,1,38SMB_01608_r9120_c2880,9,812.7972412109375,833.7800598144531,677694.132393878,429485.6149291992,3607552.3359680176,430298.41217041016,3608386.116027832,,
C2408,R1337,0.1721494048833847,1,38SMB_00601_r3360_c3120,4,394.55108642578125,420.93780517578125,166081.46834978834,432184.0873718262,3664299.348297119,432578.63845825195,3664720.286102295,,
C2409,R0623,0.1721288412809372,1,38SMB_00311_r1680_c4080,2,1089.9070739746094,1324.3173217773438,1443382.817192236,442910.0929260254,3681267.645263672,444000.0,3682591.962585449,,
C2410,R0720,0.1721284836530685,1,38SMB_00353_r1920_c4080,0,465.60516357421875,455.997314453125,212314.70418535173,443016.24420166016,3679715.9519958496,443481.8493652344,3680171.9493103027,,
C2411,R2413,0.1720259040594101,1,38SMB_01043_r5760_c8400,0,452.451171875,230.24890899658203,104176.38869844377,485843.5369873047,3642169.7510910034,486295.9881591797,3642400.0,,
C2412,R1898,0.1719452440738678,1,38SMB_00807_r4560_c2160,0,566.3519287109375,160.34954071044922,90814.2716492759,423334.63485717773,3654239.5372772217,423900.9867858887,3654399.886817932,,
C2413,R0443,0.1718967705965042,2,38SMB_00216_r1200_c1440,8,715.8314514160156,730.4680633544922,522892.0140040922,416724.78927612305,3686167.4560546875,417440.62072753906,3686897.924118042,,
C2414,R3294,0.1718821078538894,1,38SMB_01315_r7440_c3120,4,258.0303955078125,506.9525146484375,130809.15785841644,434140.6707763672,3623127.964477539,434398.701171875,3623634.9169921875,,
C2415,R1004,0.1718793958425521,1,38SMB_00466_r2640_c960,2,470.03662109375,330.85498809814453,155513.96067766473,411088.1610107422,3673268.6826705933,411558.19763183594,3673599.5376586914,,
C2416,R0210,0.1717732697725296,1,38SMB_00067_r240_c6000,0,756.25244140625,892.2622680664062,674775.5185998976,461281.1624145508,3694753.201599121,462037.41485595703,3695645.4638671875,,
C2417,R4183,0.1716377735137939,1,38SMB_01522_r8640_c2400,6,441.2738037109375,515.2362060546875,227360.24045534432,425812.5424194336,3611417.1990966797,426253.81622314453,3611932.4353027344,,
C2418,R2716,0.1715957373380661,1,38SMB_01152_r6480_c4320,3,224.4331169128418,474.92584228515625,106589.08708651434,443200.0,3633361.661376953,443424.43311691284,3633836.5872192383,,
C2419,R1486,0.1715350151062011,1,38SMB_00653_r3600_c5520,6,1220.65673828125,899.9398803710938,1098517.6790229976,457167.9345703125,3663097.028579712,458388.59130859375,3663996.968460083,,
C2420,R4431,0.1715180873870849,1,38SMB_01577_r8880_c5520,3,992.8082275390625,878.3065795898438,871989.9985184893,455297.07778930664,3608253.497314453,456289.8860168457,3609131.803894043,,
C2421,R1010,0.1714300066232681,1,38SMB_00467_r2640_c1200,3,653.6614990234375,634.3634414672852,414658.95807517227,413708.486328125,3672356.135864258,414362.14782714844,3672990.499305725,,
C2422,R2409,0.1713455766439438,1,38SMB_01040_r5760_c7680,3,743.4042358398438,689.3710327148438,512481.34578550234,477139.8677062988,3640219.5336914062,477883.2719421387,3640908.904724121,,
C2423,R1448,0.1713215261697769,1,38SMB_00645_r3600_c3600,2,414.58587646484375,433.39866638183594,179680.96596060786,436000.6930541992,3663566.601333618,436415.27893066406,3664000.0,,
C2424,R4219,0.1713044792413711,1,38SMB_01525_r8640_c3120,8,524.89013671875,554.4129943847656,291005.9124212712,432800.67932128906,3612373.0477905273,433325.5694580078,3612927.460784912,,
C2425,R0379,0.1711112260818481,2,38SMB_00177_r960_c2160,2,668.8127136230469,616.3552856445312,412226.25114782713,422018.42697143555,3689776.4697265625,422687.2396850586,3690392.825012207,,
C2426,R3180,0.1710885167121887,1,38SMB_01284_r7200_c5760,3,419.6295166015625,367.2406005859375,154104.99570034444,459522.3617553711,3625922.933654785,459941.99127197266,3626290.174255371,,
C2427,R3554,0.171073630452156,1,38SMB_01363_r7680_c4560,6,374.41017150878906,547.0271301269531,204812.5216107932,445600.3953552246,3622140.9379577637,445974.8055267334,3622687.9650878906,,
C2428,R2089,0.1709514111280441,1,38SMB_00888_r5040_c1440,0,1008.6405944824219,635.17822265625,640666.5401022881,416591.3594055176,3646401.4025878906,417600.0,3647036.580810547,,
C2429,R0011,0.1709441095590591,1,38SMB_00001_r0_c240,5,1079.3832397460938,962.7619934082031,1039189.1595493536,403740.9815979004,3698739.4386291504,404820.3648376465,3699702.2006225586,,
C2430,R3244,0.170916274189949,1,38SMB_01301_r7200_c9680,0,566.1346435546875,556.3681030273438,314979.2576925829,498848.5403442383,3626267.689971924,499414.67498779297,3626824.058074951,,
C2431,R3995,0.1708455979824066,1,38SMB_01461_r8160_c7920,3,545.93994140625,229.47065353393555,125277.19514477067,480383.9001464844,3618170.4413986206,480929.8400878906,3618399.9120521545,,
C2432,R2573,0.1708023846149444,1,38SMB_01105_r6240_c3120,2,730.8526611328125,527.0952606201172,385228.973894706,431662.7049255371,3637072.268486023,432393.5575866699,3637599.363746643,,
C2433,R0396,0.1704616099596023,2,38SMB_00184_r960_c3840,2,187.30224609375,726.5052032470703,136076.05636697263,441411.81701660156,3689673.494796753,441599.1192626953,3690400.0,,
C2434,R1099,0.1704250574111938,1,38SMB_00500_r2640_c9120,0,435.0640869140625,580.9814453125,252764.16201889515,493964.90234375,3671222.6971435547,494399.96643066406,3671803.678588867,,
C2435,R2169,0.170315682888031,2,38SMB_00911_r5040_c6960,1,535.474853515625,491.69891357421875,263292.40371994674,472021.19720458984,3647258.331604004,472556.67205810547,3647750.030517578,,
C2436,R3588,0.1702580749988556,1,38SMB_01371_r7680_c6480,7,419.814453125,468.568115234375,196711.66704893112,466559.89532470703,3620698.0572509766,466979.70977783203,3621166.625366211,,
C2437,R4350,0.1702272891998291,1,38SMB_01566_r8880_c2880,6,309.3772888183594,371.09130859375,114807.22295679152,429328.26316833496,3608000.0,429637.6404571533,3608371.0913085938,,
C2438,R0337,0.1701304465532302,1,38SMB_00149_r720_c5520,1,1391.3201904296875,711.2495422363281,989575.8485472761,456167.0429992676,3689600.0,457558.36318969727,3690311.2495422363,,
C2439,R4279,0.1700924187898636,1,38SMB_01534_r8640_c5280,1,521.2777709960938,459.18670654296875,239363.82285775617,454674.44763183594,3611091.9506835938,455195.72540283203,3611551.1373901367,,
C2440,R1231,0.1700905412435531,1,38SMB_00555_r3120_c2160,3,712.6832580566406,540.6553649902344,385316.02700704243,422414.441986084,3668259.3446350098,423127.1252441406,3668800.0,,
C2441,R1051,0.1700540482997894,1,38SMB_00474_r2640_c2880,2,427.26806640625,421.8623352050781,180248.30425269902,430871.9985961914,3672579.9687194824,431299.26666259766,3673001.8310546875,,
C2442,R2070,0.1699066460132599,1,38SMB_00870_r4800_c7200,3,1873.046875,1812.6275634765625,3395136.3933086395,472188.68255615234,3648800.0,474061.72943115234,3650612.6275634766,,
C2443,R4377,0.1697088927030563,2,38SMB_01568_r8880_c3360,6,547.2491455078125,516.4566040039062,282630.4352330044,436125.18310546875,3609932.0834350586,436672.43225097656,3610448.5400390625,,
C2444,R3774,0.169541522860527,2,38SMB_01411_r7920_c6000,2,456.7950439453125,358.0614471435547,163560.69448306225,461307.3321533203,3620441.6396713257,461764.1271972656,3620799.7011184692,,
C2445,R4691,0.1695272326469421,1,38SMB_01650_r9360_c2880,12,1275.9724426269531,1607.314453125,2050888.9488235116,430724.02755737305,3604645.303955078,432000.0,3606252.618408203,,
C2446,R2336,0.1694970875978469,1,38SMB_01017_r5760_c2160,2,551.4508056640625,786.6680908203125,433808.7524730712,423449.31549072266,3639224.244995117,424000.7662963867,3640010.9130859375,,
C2447,R1259,0.1694711148738861,1,38SMB_00563_r3120_c4080,3,544.5245361328125,475.0703430175781,258687.45816210285,442670.9020996094,3668324.9296569824,443215.4266357422,3668800.0,,
C2448,R1524,0.1694063991308212,1,38SMB_00682_r3840_c2400,4,503.08685302734375,208.267822265625,104776.80329047143,425296.1358642578,3658400.1223754883,425799.22271728516,3658608.390197754,,
C2449,R1585,0.1694021224975586,1,38SMB_00689_r3840_c4080,5,438.1536865234375,144.64557647705078,63376.99257272761,442371.7590332031,3661455.004453659,442809.91271972656,3661599.650030136,,
C2450,R3964,0.1692551672458648,1,38SMB_01454_r8160_c6240,2,117.2735595703125,343.21014404296875,40249.47527255863,465482.7264404297,3616674.846343994,465600.0,3617018.056488037,,
C2451,R4332,0.169193834066391,1,38SMB_01564_r8880_c2400,7,1192.41455078125,828.294677734375,987670.626065135,424786.38885498047,3610369.9729156494,425978.8034057617,3611198.267593384,,
C2452,R1356,0.1691210567951202,1,38SMB_00603_r3360_c3600,3,388.9681625366211,844.478759765625,328475.3514872398,436000.5627822876,3663552.6293945312,436389.5309448242,3664397.108154297,,
C2453,R4138,0.1691126078367233,1,38SMB_01501_r8400_c7440,1,670.4662322998047,211.5595245361328,141843.51732287905,475353.4836578369,3615788.440475464,476023.9498901367,3616000.0,,
C2454,R5047,0.1689842045307159,1,38SMB_01752_r9680_c7200,0,586.9939422607422,248.98887634277344,146154.96210351703,473187.9578399658,3602950.8000946045,473774.95178222656,3603199.7889709473,,
C2455,R2940,0.1689715534448623,2,38SMB_01228_r6960_c2400,1,681.005859375,671.7507934570312,457466.2263840437,426501.56524658203,3629054.001159668,427182.57110595703,3629725.751953125,,
C2456,R2452,0.1689604371786117,1,38SMB_01061_r6000_c2640,3,1024.2556762695312,994.058837890625,1018170.4072553664,428123.6587524414,3637537.2897338867,429147.91442871094,3638531.3485717773,,
C2457,R4513,0.1688045710325241,2,38SMB_01607_r9120_c2640,3,381.57745361328125,377.052001953125,143874.5427850634,427672.46032714844,3605619.9224853516,428054.0377807617,3605996.9744873047,,
C2458,R0803,0.1686344146728515,2,38SMB_00389_r2160_c2640,3,501.2921905517578,166.2759017944336,83352.81104650057,426752.4337005615,3678233.666038513,427253.7258911133,3678399.9419403076,,
C2459,R2105,0.1684575378894806,1,38SMB_00897_r5040_c3600,7,352.14111328125,592.1063232421875,208504.97984737158,438847.85888671875,3647284.608154297,439200.0,3647876.714477539,,
C2460,R3843,0.1683669835329055,1,38SMB_01430_r8160_c480,4,404.77783203125,898.4121322631836,363657.3151680641,407595.22216796875,3617295.1921081543,408000.0,3618193.6042404175,,
C2461,R1967,0.1683592498302459,1,38SMB_00820_r4560_c5280,1,283.35693359375,514.2297744750977,145710.57205786929,455713.701171875,3653884.592323303,455997.05810546875,3654398.8220977783,,
C2462,R2529,0.1683194488286972,2,38SMB_01085_r6000_c8400,0,332.0803642272949,339.4854736328125,112736.4597338601,484214.2151069641,3637366.582336426,484546.2954711914,3637706.0678100586,,
C2463,R1790,0.1681998670101165,1,38SMB_00768_r4320_c2880,8,438.46435546875,839.2352294921875,367974.7339859605,431558.232421875,3654774.722290039,431996.69677734375,3655613.9575195312,,
C2464,R0164,0.1681523770093917,1,38SMB_00047_r240_c1200,9,501.5716552734375,504.77783203125,253182.25275725126,413289.3377685547,3695753.38470459,413790.9094238281,3696258.162536621,,
C2465,R1893,0.1681087613105774,1,38SMB_00784_r4320_c6720,1,329.9936294555664,774.090576171875,255444.95875830762,467200.16242980957,3653825.7388305664,467530.15605926514,3654599.8294067383,,
C2466,R1395,0.1680502295494079,1,38SMB_00627_r3360_c9360,0,295.9619140625,95.5438232421875,28277.332803606987,494982.5,3663200.156555176,495278.4619140625,3663295.700378418,,
C2467,R2058,0.167963296175003,1,38SMB_00863_r4800_c5520,4,433.211669921875,629.7070693969727,272796.45109507255,457966.56188964844,3651367.340736389,458399.7735595703,3651997.047805786,,
C2468,R3950,0.1679504364728927,1,38SMB_01448_r8160_c4800,3,291.3145065307617,827.4063110351562,241035.4611996445,448000.0,3617572.593688965,448291.31450653076,3618400.0,,
C2469,R3854,0.1679394394159317,1,38SMB_01431_r8160_c720,7,882.3333740234375,758.5784912109375,669319.119611755,409436.9366455078,3616637.5842285156,410319.27001953125,3617396.1627197266,,
C2470,R2084,0.1679263114929199,1,38SMB_00885_r5040_c720,0,760.7156372070312,737.8167724609375,561268.7562046573,408532.57232666016,3647252.5119018555,409293.2879638672,3647990.3286743164,,
C2471,R4333,0.1678641587495803,1,38SMB_01564_r8880_c2400,8,409.1864776611328,393.1300354003906,160863.4944482823,425243.4120941162,3610097.569503784,425652.59857177734,3610490.6995391846,,
C2472,R0084,0.1678379327058792,1,38SMB_00008_r0_c1920,6,1211.4176940917969,1397.3602294921875,1692786.9070270099,421188.5823059082,3698285.4219055176,422400.0,3699682.7821350098,,
C2473,R0344,0.1677391082048416,1,38SMB_00157_r720_c7440,0,1159.1970825195312,1204.1413879394531,1395837.1838404331,475480.5293273926,3691119.0533447266,476639.7264099121,3692323.194732666,,
C2474,R4606,0.1675351858139038,4,38SMB_01636_r9120_c9600,0,645.3369140625,503.63037109375,325011.2695097923,498216.1291503906,3605601.7150878906,498861.4660644531,3606105.3454589844,,
C2475,R0546,0.1672320067882537,1,38SMB_00270_r1440_c4320,2,1348.1109619140625,1244.5018005371094,1677726.5194258653,444570.244140625,3684355.498199463,445918.35510253906,3685600.0,,
C2476,R5053,0.1671163737773895,1,38SMB_01754_r9680_c7680,0,614.7116088867188,637.3895263671875,391810.74124071747,478750.03173828125,3600451.8716430664,479364.74334716797,3601089.2611694336,,
C2477,R1327,0.1671087443828582,1,38SMB_00599_r3360_c2640,8,574.0567016601562,579.229736328125,332510.7119400054,427396.1474609375,3664954.166870117,427970.20416259766,3665533.3966064453,,
C2478,R3245,0.1671026200056076,2,38SMB_01301_r7200_c9680,1,475.00335693359375,512.0327758789062,243217.28740250692,496907.4808883667,3626157.731628418,497382.4842453003,3626669.764404297,,
C2479,R4492,0.1670984625816345,1,38SMB_01605_r9120_c2160,9,921.6378784179688,1233.204345703125,1136567.8368296474,421600.0,3605667.2119140625,422521.63787841797,3606900.4162597656,,
C2480,R3836,0.1669582724571228,1,38SMB_01427_r7920_c9680,4,848.5824584960938,827.6383972167969,702319.4258559961,499151.4175415039,3619467.2537231445,500000.0,3620294.8921203613,,
C2481,R0096,0.1668781042098999,1,38SMB_00013_r0_c3120,1,1592.2219848632812,1656.8133544921875,2638014.647837542,432464.31640625,3697178.8067626953,434056.5383911133,3698835.6201171875,,
C2482,R0692,0.1667953729629516,1,38SMB_00345_r1920_c2160,8,131.29638671875,201.8353271484375,26500.24916678667,424668.5610961914,3677600.0,424799.85748291016,3677801.8353271484,,
C2483,R2549,0.1667547672986984,4,38SMB_01096_r6240_c960,0,474.2710876464844,465.5027961730957,220774.51744349382,409647.7281188965,3636974.0728759766,410121.99920654297,3637439.5756721497,,
C2484,R1115,0.1667458266019821,2,38SMB_00508_r2880_c960,3,526.7776489257812,517.0367431640625,272363.39997220784,411012.20474243164,3668062.608642578,411538.9823913574,3668579.645385742,,
C2485,R4729,0.1666832268238067,1,38SMB_01655_r9360_c4080,1,1027.9556274414062,987.7391052246094,1015351.9716595765,440804.6437072754,3605412.2608947754,441832.5993347168,3606400.0,,
C2486,R2453,0.1666253358125686,1,38SMB_01061_r6000_c2640,4,473.2586669921875,990.81787109375,468913.1449058652,426400.13469696045,3636842.573852539,426873.39336395264,3637833.391723633,,
C2487,R1081,0.1664780527353286,2,38SMB_00482_r2640_c4800,4,140.70158004760742,664.9639892578125,93561.48396333447,448000.25648117065,3670631.9018554688,448140.95806121826,3671296.8658447266,,
C2488,R2457,0.1664374321699142,1,38SMB_01063_r6000_c3120,0,598.5931777954102,809.5867919921875,484613.13051979523,431200.30155181885,3637446.1346435547,431798.89472961426,3638255.721435547,,
C2489,R3589,0.1663263291120529,2,38SMB_01371_r7680_c6480,8,596.7340087890625,581.2654113769531,346860.8391013928,466004.2318725586,3622293.1715393066,466600.96588134766,3622874.4369506836,,
C2490,R4852,0.1663221567869186,1,38SMB_01695_r9600_c3600,1,794.4293212890625,512.2955322265625,406982.5919661671,438218.017578125,3600800.5307006836,439012.44689941406,3601312.82623291,,
C2491,R1302,0.1663081496953964,1,38SMB_00593_r3360_c1200,2,509.530029296875,518.9488983154297,264420.0473622419,414069.18395996094,3664811.588745117,414578.7139892578,3665330.5376434326,,
C2492,R2914,0.1660818308591842,1,38SMB_01211_r6720_c8400,6,156.43157958984375,542.6446533203125,84886.76027487963,487043.56842041016,3630202.654724121,487200.0,3630745.2993774414,,
C2493,R2560,0.1659311205148697,1,38SMB_01102_r6240_c2400,5,529.1409301757812,549.70703125,290872.48983979225,425785.11169433594,3634870.304260254,426314.2526245117,3635420.011291504,,
C2494,R3628,0.1659218817949295,1,38SMB_01383_r7680_c9360,4,1060.6005859375,1242.2267150878906,1317506.3818894327,495672.6989746094,3621786.1291503906,496733.2995605469,3623028.3558654785,,
C2495,R4587,0.1658524572849273,4,38SMB_01619_r9120_c5520,1,587.5518798828125,581.0709953308105,341409.3556519947,457594.78118896484,3608000.0968933105,458182.33306884766,3608581.1678886414,,
C2496,R3687,0.1656906455755233,1,38SMB_01394_r7920_c1920,6,549.7763824462891,805.7208251953125,442966.28053751774,419200.67375183105,3617871.1080932617,419750.45013427734,3618676.828918457,,
C2497,R3726,0.1655910015106201,1,38SMB_01401_r7920_c3600,8,291.4514350891113,540.5952835083008,157557.27118089926,436000.4908180237,3620259.4047164917,436291.9422531128,3620800.0,,
C2498,R0818,0.165433719754219,1,38SMB_00395_r2160_c4080,0,1024.5820617675781,823.4649658203125,843707.432473544,441415.3039550781,3677576.5350341797,442439.8860168457,3678400.0,,
C2499,R3272,0.1652794033288955,1,38SMB_01311_r7440_c2160,2,472.2198486328125,445.07171630859375,210171.6985059902,423786.2545776367,3624478.14743042,424258.47442626953,3624923.2191467285,,
C2500,R3193,0.1652071326971054,1,38SMB_01286_r7200_c6240,5,783.9788818359375,537.5946044921875,421462.8169108182,463228.43658447266,3624801.0235595703,464012.4154663086,3625338.6181640625,,
C2501,R1916,0.1651461571455001,1,38SMB_00812_r4560_c3360,6,132.40478515625,455.499267578125,60310.28266251087,436666.9738769531,3651835.4705810547,436799.3786621094,3652290.969848633,,
C2502,R3837,0.1651190817356109,1,38SMB_01427_r7920_c9680,5,671.0589599609375,677.5091552734375,454648.5891018063,499166.44134521484,3618487.6623535156,499837.5003051758,3619165.171508789,,
C2503,R3308,0.1650557965040207,1,38SMB_01316_r7440_c3360,11,364.439697265625,145.1641845703125,52903.591478616,436426.7938232422,3622400.103149414,436791.2335205078,3622545.2673339844,,
C2504,R4645,0.165003553032875,1,38SMB_01646_r9360_c1920,6,903.4642028808594,821.7832946777344,742451.7892668257,421496.53579711914,3605578.2167053223,422400.0,3606400.0,,
C2505,R3321,0.1649589538574218,1,38SMB_01317_r7440_c3600,11,397.03887939453125,133.86082649230957,53147.95254533237,437535.7125854492,3625465.648536682,437932.75146484375,3625599.5093631744,,
C2506,R3738,0.1648985296487808,1,38SMB_01402_r7920_c3840,6,333.4197998046875,588.9492797851562,196367.35096108168,441266.5802001953,3618808.6921691895,441600.0,3619397.6414489746,,
C2507,R4073,0.1647254973649978,1,38SMB_01483_r8400_c3120,9,997.8998184204102,994.5513916015625,992462.6530889655,431714.1622543335,3613257.5665283203,432712.0620727539,3614252.117919922,,
C2508,R4960,0.1646916568279266,1,38SMB_01732_r9680_c2400,4,715.1484680175781,692.5970458984375,495309.7163277678,424468.73962402344,3600158.2287597656,425183.888092041,3600850.825805664,,
C2509,R3476,0.1646167784929275,1,38SMB_01353_r7680_c2160,4,785.61279296875,883.24951171875,693892.1157896519,423312.9736328125,3621091.5786743164,424098.58642578125,3621974.828186035,,
C2510,R0261,0.1645563244819641,1,38SMB_00094_r480_c2400,4,312.301025390625,318.84521484375,99575.68753659725,425086.8473815918,3692670.1947021484,425399.1484069824,3692989.039916992,,
C2511,R2925,0.1645328551530838,1,38SMB_01215_r6720_c9360,2,175.384521484375,684.1030883789062,119981.09280131757,496623.59619140625,3630939.897003174,496798.9807128906,3631624.0000915527,,
C2512,R2019,0.1645215153694152,2,38SMB_00855_r4800_c3600,10,486.522216796875,257.20550537109375,125136.19264550507,438446.7810058594,3648800.0,438933.30322265625,3649057.205505371,,
C2513,R4256,0.1645133197307586,2,38SMB_01529_r8640_c4080,5,182.62451171875,488.349609375,89184.60896015167,443817.15240478516,3610414.4665527344,443999.7769165039,3610902.8161621094,,
C2514,R0475,0.16449536383152,1,38SMB_00228_r1200_c4320,2,696.5272521972656,786.2896728515625,547672.1852623858,443948.8311767578,3686151.3940429688,444645.3584289551,3686937.6837158203,,
C2515,R1222,0.1644654124975204,1,38SMB_00553_r3120_c1680,4,1078.4814453125,510.4088592529297,550466.484227404,418112.3681640625,3668289.0075683594,419190.849609375,3668799.4164276123,,
C2516,R4426,0.1644289195537567,1,38SMB_01576_r8880_c5280,2,224.796142578125,198.0340576171875,44517.2922514379,454666.37115478516,3609049.472961426,454891.1672973633,3609247.507019043,,
C2517,R2653,0.1643325090408325,2,38SMB_01132_r6240_c9600,3,647.5592041015625,660.1763916015625,427503.29871214926,497126.9485473633,3635566.757507324,497774.50775146484,3636226.933898926,,
C2518,R3699,0.1643221527338028,1,38SMB_01398_r7920_c2880,0,403.0328369140625,478.0271911621094,192660.6549761258,428805.8271789551,3620320.2434158325,429208.86001586914,3620798.2706069946,,
C2519,R4613,0.1642269790172577,2,38SMB_01642_r9360_c960,2,324.67559814453125,315.714111328125,102504.66793812811,410285.7160949707,3603200.3674316406,410610.39169311523,3603516.0815429688,,
C2520,R3643,0.1641823500394821,2,38SMB_01384_r7680_c9600,8,712.2215270996094,785.8071899414062,559668.7968259212,496000.0,3621827.1409606934,496712.2215270996,3622612.9481506348,,
C2521,R3990,0.1641104519367218,1,38SMB_01460_r8160_c7680,2,571.4422607421875,580.8213806152344,331905.8828261681,478783.3679199219,3617488.21685791,479354.81018066406,3618069.0382385254,,
C2522,R4525,0.1640589088201522,1,38SMB_01608_r9120_c2880,10,455.43121337890625,159.6270751953125,72699.15254432708,430378.0827331543,3605600.5099487305,430833.5139465332,3605760.137023926,,
C2523,R0277,0.1639320701360702,1,38SMB_00102_r480_c4320,0,611.8264770507812,610.0726318359375,373258.58908127993,444061.7167663574,3693225.4037475586,444673.5432434082,3693835.4763793945,,
C2524,R3228,0.1638403385877609,1,38SMB_01297_r7200_c8880,4,831.0446166992188,790.3240966796875,656794.5859933272,490867.5866699219,3625372.010498047,491698.6312866211,3626162.3345947266,,
C2525,R1433,0.1638043522834777,1,38SMB_00643_r3600_c3120,5,838.3627319335938,782.6641845703125,656156.4839629456,432471.5327453613,3661238.5607910156,433309.8954772949,3662021.224975586,,
C2526,R4184,0.1637474745512008,1,38SMB_01522_r8640_c2400,7,1082.7696228027344,354.205322265625,383522.76318427175,426060.6898498535,3610400.0,427143.45947265625,3610754.2053222656,,
C2527,R4720,0.1637397557497024,1,38SMB_01653_r9360_c3600,6,664.0170288085938,577.2015380859375,383271.6503435746,436903.2650756836,3604496.842956543,437567.2821044922,3605074.044494629,,
C2528,R1518,0.1636313498020172,2,38SMB_00681_r3840_c2160,4,520.1946258544922,533.092041015625,277311.61482213065,421868.55003356934,3658899.4750976562,422388.7446594238,3659432.567138672,,
C2529,R4366,0.1636282205581665,1,38SMB_01567_r8880_c3120,11,625.8914184570312,742.8089904785156,464917.77269323356,433774.10858154297,3608000.0,434400.0,3608742.8089904785,,
C2530,R2353,0.1635732799768448,1,38SMB_01025_r5760_c4080,8,246.75445556640625,521.99951171875,128805.70532009006,443753.2455444336,3639775.0744628906,444000.0,3640297.0739746094,,
C2531,R0956,0.163474902510643,1,38SMB_00441_r2400_c5040,2,346.4051818847656,579.044189453125,200583.90776682645,450400.00915527344,3672805.9490966797,450746.4143371582,3673384.993286133,,
C2532,R1844,0.1634232699871063,2,38SMB_00772_r4320_c3840,8,539.9560546875,358.3978271484375,193519.0767556429,440671.2579345703,3653600.836791992,441211.2139892578,3653959.2346191406,,
C2533,R0541,0.1633497476577758,1,38SMB_00269_r1440_c4080,4,448.30413818359375,145.087890625,65043.501767516136,442350.51040649414,3682400.4064941406,442798.81454467773,3682545.4943847656,,
C2534,R2942,0.1633371710777282,1,38SMB_01229_r6960_c2640,1,220.162353515625,759.254150390625,167159.1806665063,429379.8376464844,3627694.411315918,429600.0,3628453.6654663086,,
C2535,R0353,0.1631741970777511,1,38SMB_00173_r960_c1200,5,597.9656982421875,563.7890625,337126.5204191208,413725.9326171875,3688538.098449707,414323.8983154297,3689101.887512207,,
C2536,R0808,0.1631371527910232,1,38SMB_00390_r2160_c2880,3,751.8673706054688,679.6685791015625,511020.62745224684,430126.91513061523,3676894.9571228027,430878.7825012207,3677574.6257019043,,
C2537,R0275,0.163018450140953,1,38SMB_00100_r480_c3840,1,851.048583984375,1573.3416748046875,1338990.2044661343,438403.5202026367,3692893.0740356445,439254.5687866211,3694466.415710449,,
C2538,R0415,0.1629735678434372,1,38SMB_00190_r960_c5280,1,822.4685668945312,859.166259765625,706637.2423935682,453046.1959838867,3688940.3730773926,453868.66455078125,3689799.539337158,,
C2539,R1379,0.1629629731178283,1,38SMB_00607_r3360_c4560,3,759.5797729492188,915.5303955078125,695418.3699479327,447537.8286743164,3664344.6006774902,448297.4084472656,3665260.131072998,,
C2540,R4479,0.1629171073436737,2,38SMB_01604_r9120_c1920,5,713.44970703125,917.9488372802734,654910.3290272877,421686.55029296875,3607882.0511627197,422400.0,3608800.0,,
C2541,R2542,0.1626704186201095,1,38SMB_01092_r6240_c0,0,1218.2009887695312,1101.3101196289062,1341617.0766738243,400283.9929199219,3636054.5639038086,401502.1939086914,3637155.8740234375,,
C2542,R1959,0.1626249551773071,2,38SMB_00818_r4560_c4800,10,165.4842758178711,465.684814453125,77063.51427915506,448000.0,3651208.8842773438,448165.4842758179,3651674.569091797,,
C2543,R2671,0.1625284105539322,1,38SMB_01137_r6480_c720,0,966.5325927734375,1069.6624755859375,1033863.64592053,408274.7378540039,3633895.806274414,409241.27044677734,3634965.46875,,
C2544,R3125,0.1624391227960586,1,38SMB_01275_r7200_c3600,8,997.6763916015625,1204.688720703125,1201889.4958741963,438199.1799926758,3626306.8997192383,439196.85638427734,3627511.5884399414,,
C2545,R0857,0.1623597294092178,1,38SMB_00423_r2400_c720,6,597.2723388671875,487.845458984375,291376.59829333425,407200.0,3672800.0073242188,407797.2723388672,3673287.852783203,,
C2546,R0598,0.1622742116451263,1,38SMB_00302_r1680_c1920,14,995.1324462890625,1408.37646484375,1401521.1167559028,419212.0170593262,3681791.6235351562,420207.14950561523,3683200.0,,
C2547,R2900,0.1619609147310257,1,38SMB_01209_r6720_c7920,1,958.3905029296875,940.4328918457031,901301.9521876238,480566.5362548828,3631741.329498291,481524.9267578125,3632681.7623901367,,
C2548,R0961,0.1618371456861496,1,38SMB_00445_r2400_c6000,0,424.7369384765625,442.1498107910156,187797.35698336735,461816.14807128906,3674725.497894287,462240.8850097656,3675167.647705078,,
C2549,R4399,0.1617780327796936,1,38SMB_01571_r8880_c4080,4,1144.5343017578125,1494.716796875,1710754.6454370022,442855.19805908203,3608005.161743164,443999.73236083984,3609499.878540039,,
C2550,R4436,0.1617497205734253,2,38SMB_01583_r8880_c6960,1,424.881591796875,417.9023742675781,177559.025994502,471799.9075317383,3610636.7918395996,472224.78912353516,3611054.694213867,,
C2551,R4161,0.1614962518215179,1,38SMB_01515_r8640_c720,2,422.2167205810547,436.6645050048828,184367.05529731116,408354.92317199707,3611995.6033325195,408777.1398925781,3612432.2678375244,,
C2552,R2422,0.1614627391099929,1,38SMB_01045_r5760_c8880,5,648.0578231811523,280.92626571655273,182056.46423467915,489284.55768585205,3642119.0737342834,489932.6155090332,3642400.0,,
C2553,R1763,0.1612977981567382,1,38SMB_00765_r4320_c2160,3,533.2608032226562,586.1180877685547,312553.8022667868,422619.45693969727,3655057.2470092773,423152.7177429199,3655643.365097046,,
C2554,R2481,0.1612552851438522,1,38SMB_01069_r6000_c4560,9,416.187744140625,84.332275390625,35098.059453070164,446970.1139831543,3636801.0180664062,447386.3017272949,3636885.350341797,,
C2555,R0718,0.1612263321876526,1,38SMB_00351_r1920_c3600,2,887.4232482910156,945.5054092407227,839063.4815451282,436520.1306152344,3679369.825744629,437407.5538635254,3680315.3311538696,,
C2556,R0048,0.1611528247594833,2,38SMB_00004_r0_c960,14,460.5975341796875,553.3419799804688,254867.9515371099,412339.28955078125,3697236.5509033203,412799.88708496094,3697789.892883301,,
C2557,R2683,0.1610595285892486,1,38SMB_01144_r6480_c2400,5,752.4679946899414,835.1899719238281,628453.7233586714,424416.32625579834,3633695.608215332,425168.7942504883,3634530.798187256,,
C2558,R1592,0.1609697043895721,1,38SMB_00690_r3840_c4320,3,955.2394104003906,903.5511779785156,863107.6945187757,443644.1273498535,3660219.8834228516,444599.3667602539,3661123.43460083,,
C2559,R4166,0.1609310805797577,1,38SMB_01518_r8640_c1440,1,1608.814697265625,1696.7156982421875,2729701.1524133384,415991.1853027344,3610540.232849121,417600.0,3612236.9485473633,,
C2560,R4506,0.1608266681432724,1,38SMB_01606_r9120_c2400,7,1643.6430358886719,1580.0952911376953,2597112.6213189564,424000.0,3606648.607788086,425643.6430358887,3608228.7030792236,,
C2561,R2251,0.1608181148767471,1,38SMB_00972_r5520_c1440,0,363.75,654.8382568359375,238197.41592407227,417236.0610961914,3643613.6321258545,417599.8110961914,3644268.4703826904,,
C2562,R2964,0.1608165800571441,2,38SMB_01233_r6960_c3600,1,514.2150497436523,848.0191040039062,436064.18574893614,436000.0,3629544.7339630127,436514.21504974365,3630392.7530670166,,
C2563,R1005,0.1607854813337326,2,38SMB_00466_r2640_c960,3,523.9977264404297,519.56787109375,272252.38318461925,409970.22651672363,3671420.7746887207,410494.22424316406,3671940.3425598145,,
C2564,R3996,0.1607673466205597,1,38SMB_01461_r8160_c7920,4,195.947265625,596.6228485107422,116906.61577507854,482203.5705566406,3616539.365234375,482399.5178222656,3617135.9880828857,,
C2565,R3696,0.1607238501310348,1,38SMB_01396_r7920_c2400,1,265.888729095459,509.12567138671875,135370.77771488694,424000.2157020569,3619534.162902832,424266.10443115234,3620043.2885742188,,
C2566,R2087,0.1606735587120056,1,38SMB_00887_r5040_c1200,0,778.7210083007812,762.518310546875,593789.0276368707,412696.15173339844,3646678.2696533203,413474.8727416992,3647440.787963867,,
C2567,R2275,0.1606398671865463,1,38SMB_00983_r5520_c4080,5,326.62879943847656,708.7057495117188,231483.7081181584,440800.2791976929,3642375.722351074,441126.90799713135,3643084.428100586,,
C2568,R1708,0.1606374233961105,1,38SMB_00729_r4080_c3600,4,372.49752044677734,207.94193267822266,77457.85431954864,436611.6731643677,3658990.2149772644,436984.17068481445,3659198.1569099426,,
C2569,R0097,0.1605777740478515,2,38SMB_00013_r0_c3120,2,268.153076171875,638.1402587890625,171119.2734234035,434131.58264160156,3697104.962463379,434399.73571777344,3697743.102722168,,
C2570,R4812,0.1604903936386108,1,38SMB_01689_r9600_c2160,7,784.7979736328125,446.7762756347656,350629.11578537896,423200.78552246094,3603552.290916443,423985.58349609375,3603999.0671920776,,
C2571,R3238,0.1603452414274215,1,38SMB_01300_r7200_c9600,0,388.194580078125,623.7319946289062,242129.37973625958,498811.4483642578,3626231.0180664062,499199.64294433594,3626854.750061035,,
C2572,R3483,0.1603117287158966,1,38SMB_01355_r7680_c2640,3,460.3826904296875,131.2297821044922,60415.92014976777,428149.35821533203,3623068.7702178955,428609.7409057617,3623200.0,,
C2573,R4135,0.1602472960948944,2,38SMB_01500_r8400_c7200,2,457.646484375,230.25829315185547,105376.8983591348,474517.5588989258,3615769.741706848,474975.2053833008,3616000.0,,
C2574,R4142,0.1601008027791977,1,38SMB_01502_r8400_c7680,2,565.6961059570312,216.602783203125,122531.35099746287,478423.73809814453,3612800.3881835938,478989.43420410156,3613016.990966797,,
C2575,R4813,0.1599738150835037,1,38SMB_01689_r9600_c2160,8,510.1325988769531,552.8001022338867,282001.352812018,421600.0,3603447.199897766,422110.13259887695,3604000.0,,
C2576,R4106,0.1599469631910324,1,38SMB_01489_r8400_c4560,5,479.39937591552734,826.1785888671875,396069.49989770073,445600.0,3614194.9926757812,446079.3993759155,3615021.1712646484,,
C2577,R3194,0.1597917228937149,1,38SMB_01286_r7200_c6240,6,1097.8953552246094,880.64453125,966855.5404633284,462426.11709594727,3624995.6063842773,463524.0124511719,3625876.2509155273,,
C2578,R4829,0.1597460061311721,2,38SMB_01691_r9600_c2640,4,666.2416076660156,1184.1594696044922,788936.3087622332,428930.7292175293,3601726.600036621,429596.9708251953,3602910.7595062256,,
C2579,R3546,0.1596879065036773,2,38SMB_01362_r7680_c4320,7,178.4283447265625,175.42205810546875,31300.267456285655,445747.1536254883,3620653.537750244,445925.58197021484,3620828.9598083496,,
C2580,R2158,0.1595514118671417,1,38SMB_00904_r5040_c5280,6,527.6466369628906,254.4652557373047,134267.73641369073,453327.00859069824,3649345.5347442627,453854.65522766113,3649600.0,,
C2581,R1601,0.1595351696014404,1,38SMB_00694_r3840_c5280,0,316.18011474609375,472.547607421875,149410.1567376405,455683.8198852539,3658999.9200439453,456000.0,3659472.467651367,,
C2582,R1163,0.1595305055379867,1,38SMB_00522_r2880_c4320,6,672.3080444335938,963.4904479980469,647762.378924014,443201.26457214355,3670231.7274475098,443873.57261657715,3671195.217895508,,
C2583,R4877,0.1595159918069839,1,38SMB_01701_r9600_c5040,5,505.65467834472656,617.4465560913086,312214.7397154098,450400.0,3603037.554168701,450905.6546783447,3603655.0007247925,,
C2584,R4910,0.159506469964981,1,38SMB_01712_r9600_c7680,1,478.0865478515625,263.5186767578125,125984.73446555436,478791.98669433594,3600800.838317871,479270.0732421875,3601064.356994629,,
C2585,R2967,0.159264326095581,1,38SMB_01234_r6960_c3840,2,390.90354919433594,746.768798828125,291914.5738895051,438400.6205749512,3627369.7174072266,438791.5241241455,3628116.4862060547,,
C2586,R1487,0.1591521799564361,1,38SMB_00653_r3600_c5520,7,1809.83642578125,1683.0352020263672,3046018.4144994244,455200.0,3661292.5115966797,457009.83642578125,3662975.546798706,,
C2587,R1502,0.1591025441884994,1,38SMB_00662_r3600_c7680,0,558.1048583984375,523.1063842773438,291948.21452442557,478096.3635253906,3662706.6677856445,478654.46838378906,3663229.774169922,,
C2588,R2623,0.1590709686279297,1,38SMB_01114_r6240_c5280,3,433.9984130859375,435.4920959472656,189002.87855258211,454873.9863586426,3636663.950653076,455307.9847717285,3637099.4427490234,,
C2589,R3855,0.1590576320886612,1,38SMB_01431_r8160_c720,8,688.641357421875,501.6907501220703,345484.9991700612,409465.6463623047,3616734.479370117,410154.28771972656,3617236.1701202393,,
C2590,R1750,0.1588878482580185,1,38SMB_00750_r4080_c8640,1,519.5277786254883,691.0857391357422,359038.2388929458,486400.697517395,3657232.7517700195,486920.2252960205,3657923.8375091553,,
C2591,R4394,0.1588752418756485,1,38SMB_01570_r8880_c3840,0,545.1730346679688,516.060791015625,281342.4275111407,439740.4382324219,3608801.5380859375,440285.61126708984,3609317.598876953,,
C2592,R4588,0.1588464379310608,1,38SMB_01619_r9120_c5520,2,1018.4039306640625,510.0379943847656,519424.69826946035,455281.70501708984,3608288.8455963135,456300.1089477539,3608798.8835906982,,
C2593,R0563,0.1588089168071746,1,38SMB_00294_r1680_c0,5,465.27862548828125,519.661865234375,241787.55837492645,400000.0,3680557.8244018555,400465.2786254883,3681077.48626709,,
C2594,R1411,0.1587571948766708,2,38SMB_00639_r3600_c2160,2,959.9896240234375,995.6282043457031,955792.7455569617,423800.5697631836,3662711.899871826,424760.55938720703,3663707.528076172,,
C2595,R2147,0.1587065309286117,1,38SMB_00903_r5040_c5040,0,118.45367431640625,222.96112060546875,26410.56396542117,453481.5463256836,3649375.051422119,453600.0,3649598.0125427246,,
C2596,R0291,0.1586788296699524,1,38SMB_00131_r720_c1200,3,609.0843963623047,1023.0803680419922,623142.2883989813,412000.0,3690830.7849121094,412609.0843963623,3691853.8652801514,,
C2597,R1064,0.1585520505905151,1,38SMB_00479_r2640_c4080,3,546.1706161499023,571.151123046875,311945.9607892204,441310.1262283325,3670923.5961914062,441856.2968444824,3671494.747314453,,
C2598,R1776,0.1583656966686248,1,38SMB_00767_r4320_c2640,5,274.0301513671875,450.9559631347656,123575.53083775565,429323.3529663086,3656348.0836868286,429597.3831176758,3656799.0396499634,,
C2599,R2851,0.1581522524356842,1,38SMB_01194_r6720_c4320,8,844.4894409179688,862.2061157226562,728123.9606226794,443910.0491333008,3631174.397125244,444754.53857421875,3632036.603240967,,
C2600,R1817,0.1580073833465576,1,38SMB_00770_r4320_c3360,11,235.711669921875,494.71832275390625,116610.88199727237,436563.7139892578,3654698.5424804688,436799.4256591797,3655193.2608032227,,
C2601,R0768,0.1580067425966262,2,38SMB_00382_r2160_c960,4,466.36627197265625,464.27703857421875,216523.15164236352,411315.04974365234,3677746.2700653076,411781.416015625,3678210.547103882,,
C2602,R4092,0.1579666584730148,1,38SMB_01487_r8400_c4080,7,1295.6130981445312,626.05224609375,811121.490161866,440873.9733886719,3612800.0,442169.5864868164,3613426.0522460938,,
C2603,R3890,0.1576632708311081,1,38SMB_01436_r8160_c1920,2,718.5362243652344,1269.9891662597656,912533.2205090439,421677.3146057129,3616966.6619873047,422395.8508300781,3618236.6511535645,,
C2604,R4677,0.1576615571975708,1,38SMB_01649_r9360_c2640,8,225.78622817993164,492.32879638671875,111161.06196052278,426400.0,3604483.980102539,426625.78622817993,3604976.308898926,,
C2605,R1089,0.1576380580663681,2,38SMB_00484_r2640_c5280,0,742.4192047119141,291.12579345703125,216137.3800494941,452800.0,3670400.0,453542.4192047119,3670691.125793457,,
C2606,R4596,0.1576214730739593,1,38SMB_01627_r9120_c7440,2,608.218994140625,753.0126953125,457996.6241180897,476178.0340576172,3605920.1217651367,476786.2530517578,3606673.134460449,,
C2607,R2889,0.1574999541044235,1,38SMB_01199_r6720_c5520,2,113.66694450378418,684.4842529296875,77803.23359147296,455200.0874423981,3630073.299560547,455313.75438690186,3630757.7838134766,,
C2608,R4130,0.1574710309505462,1,38SMB_01499_r8400_c6960,2,747.40966796875,959.9737548828125,717493.6653956771,472043.2046508789,3615034.715499878,472790.61431884766,3615994.6892547607,,
C2609,R4277,0.157432273030281,1,38SMB_01533_r8640_c5040,1,1348.4197998046875,1492.8784942626953,2013026.920366427,452244.87213134766,3610956.1587524414,453593.29193115234,3612449.037246704,,
C2610,R5011,0.1574081629514694,2,38SMB_01744_r9680_c5280,3,748.3306884765625,888.741455078125,665072.5049562752,453523.31314086914,3600810.3579711914,454271.6438293457,3601699.0994262695,,
C2611,R3148,0.1573474109172821,1,38SMB_01279_r7200_c4560,5,1155.570068359375,1485.611572265625,1716728.2661184669,446437.7864074707,3625090.753173828,447593.3564758301,3626576.3647460938,,
C2612,R4950,0.1572721749544143,2,38SMB_01731_r9680_c2160,11,298.01513671875,292.46177673339844,87158.03637821227,423416.57806396484,3602481.826324463,423714.5932006836,3602774.2881011963,,
C2613,R3173,0.1572578996419906,1,38SMB_01283_r7200_c5520,5,683.0764770507812,834.9142456054688,570310.2815276943,456173.8163757324,3625298.200378418,456856.8928527832,3626133.1146240234,,
C2614,R2795,0.1572078466415405,1,38SMB_01183_r6720_c1680,1,1232.5807189941406,801.49169921875,987903.2148908824,417330.1156616211,3629608.865661621,418562.69638061523,3630410.35736084,,
C2615,R3406,0.1571701318025589,1,38SMB_01330_r7440_c6720,3,436.502685546875,426.1474609375,186014.51113820076,469101.89025878906,3623441.573791504,469538.39294433594,3623867.7212524414,,
C2616,R0254,0.157163381576538,1,38SMB_00093_r480_c2160,4,399.6642303466797,805.2084350585938,321813.0094663473,421600.08712768555,3693369.7450256348,421999.7513580322,3694174.9534606934,,
C2617,R4400,0.1571436673402786,1,38SMB_01571_r8880_c4080,5,227.0831298828125,511.41876220703125,116134.57320276648,443772.9168701172,3609114.2907714844,444000.0,3609625.7095336914,,
C2618,R3511,0.1571420282125473,1,38SMB_01358_r7680_c3360,14,586.995849609375,177.6571273803711,104283.99642580189,434153.1771850586,3623022.2152900696,434740.17303466797,3623199.87241745,,
C2619,R2212,0.1571373492479324,1,38SMB_00941_r5280_c4080,8,594.0398788452148,131.4105224609375,78063.0908416817,441201.6243362427,3644000.0,441795.6642150879,3644131.410522461,,
C2620,R2042,0.1570929586887359,1,38SMB_00860_r4800_c4800,1,389.84405517578125,398.9996337890625,155547.6352499798,448730.11947631836,3650332.3405456543,449119.96353149414,3650731.3401794434,,
C2621,R2654,0.1569780260324478,1,38SMB_01132_r6240_c9600,4,128.0780029296875,257.29541778564453,32953.88327294495,499071.9219970703,3637339.4499206543,499200.0,3637596.74533844,,
C2622,R3280,0.156690239906311,1,38SMB_01312_r7440_c2400,4,824.4468688964844,669.249267578125,551760.4631660506,426301.02920532227,3624461.648788452,427125.47607421875,3625130.8980560303,,
C2623,R3032,0.1565442979335785,1,38SMB_01251_r6960_c7920,4,243.13629150390625,284.8841857910156,69265.68444133736,480683.7696838379,3629106.736755371,480926.9059753418,3629391.620941162,,
C2624,R3081,0.1565355509519577,1,38SMB_01265_r7200_c1200,0,303.39874267578125,324.6319580078125,98492.92789194733,412641.08963012695,3626001.8087768555,412944.48837280273,3626326.4407348633,,
C2625,R1690,0.1564673036336898,1,38SMB_00727_r4080_c3120,10,162.4856948852539,434.1215515136719,70538.54196236352,431200.0174713135,3657897.498321533,431362.50316619873,3658331.619873047,,
C2626,R1651,0.1562214493751526,1,38SMB_00723_r4080_c2160,8,463.30413818359375,472.6666259765625,218988.40379621834,422601.09268188477,3656761.7532348633,423064.39682006836,3657234.41986084,,
C2627,R3715,0.156144917011261,1,38SMB_01400_r7920_c3360,9,589.4000244140625,347.1656036376953,204619.41525978036,434263.9115905762,3620452.7199935913,434853.31161499023,3620799.885597229,,
C2628,R4815,0.1561364233493805,2,38SMB_01689_r9600_c2160,10,362.7186965942383,922.034912109375,334439.30153469555,421600.0,3601582.2943115234,421962.71869659424,3602504.329223633,,
C2629,R4472,0.1560620665550232,1,38SMB_01603_r9120_c1680,2,327.1916198730469,622.7630615234375,203762.85489695147,416800.0532531738,3607295.7138061523,417127.2448730469,3607918.476867676,,
C2630,R0116,0.1560289710760116,1,38SMB_00017_r0_c4080,3,448.0523681640625,450.709228515625,201941.3371898234,441694.9801635742,3697679.7186279297,442143.0325317383,3698130.4278564453,,
C2631,R3671,0.155912384390831,1,38SMB_01391_r7920_c1200,1,735.8358764648438,945.3941345214844,695654.9215803389,412000.0,3617601.309814453,412735.83587646484,3618546.7039489746,,
C2632,R1400,0.1558475196361541,1,38SMB_00633_r3600_c720,0,1113.3837127685547,859.1352844238281,956547.23274227,407208.4248352051,3660800.0,408321.80854797363,3661659.135284424,,
C2633,R0340,0.1558130234479904,1,38SMB_00150_r720_c5760,2,763.8922119140625,794.014892578125,606541.7925842106,458360.49102783203,3690389.231414795,459124.3832397461,3691183.246307373,,
C2634,R2780,0.1558003574609756,1,38SMB_01178_r6720_c480,0,638.5186767578125,998.2580947875977,637406.4377465518,406386.02478027344,3631516.092224121,407024.54345703125,3632514.3503189087,,
C2635,R0133,0.1557768881320953,3,38SMB_00044_r240_c480,3,111.7578125,440.5419921875,49234.00936126709,407888.2421875,3694425.4974365234,408000.0,3694866.039428711,,
C2636,R1241,0.1557147055864334,1,38SMB_00558_r3120_c2880,2,609.0634155273438,504.405517578125,307214.94734697044,429680.811920166,3665600.0,430289.87533569336,3666104.405517578,,
C2637,R4632,0.1556612998247146,2,38SMB_01645_r9360_c1680,4,765.3958129882812,810.63720703125,620458.3241142333,417740.546875,3603392.826538086,418505.9426879883,3604203.463745117,,
C2638,R1074,0.1556572914123535,1,38SMB_00481_r2640_c4560,4,291.7425537109375,740.01708984375,215894.4755807519,448507.5207519531,3670850.78704834,448799.26330566406,3671590.8041381836,,
C2639,R4480,0.1555347442626953,1,38SMB_01604_r9120_c1920,6,733.7847900390625,311.5826416015625,228634.603247419,421351.82067871094,3605600.0,422085.60546875,3605911.5826416016,,
C2640,R2999,0.1555264145135879,3,38SMB_01239_r6960_c5040,6,446.0406494140625,476.728515625,212640.29670357704,453149.0393066406,3627210.8837890625,453595.0799560547,3627687.6123046875,,
C2641,R1599,0.1554057598114013,4,38SMB_00692_r3840_c4800,2,483.9407730102539,477.3939514160156,231030.3978786862,448050.8423614502,3658792.65625,448534.78313446045,3659270.050201416,,
C2642,R4952,0.1553457528352737,2,38SMB_01731_r9680_c2160,13,1335.772705078125,1002.2856140136719,1338825.765891932,422038.2664489746,3602197.7143859863,423374.03915405273,3603200.0,,
C2643,R2624,0.1553168594837188,2,38SMB_01114_r6240_c5280,4,215.953369140625,403.778076171875,87197.23593443632,455783.2928466797,3634770.107421875,455999.2462158203,3635173.885498047,,
C2644,R2337,0.155287891626358,1,38SMB_01017_r5760_c2160,3,1411.25,1553.0171203613281,2191695.4111099243,422060.33752441406,3640454.90234375,423471.58752441406,3642007.9194641113,,
C2645,R1351,0.1552765071392059,1,38SMB_00602_r3360_c3360,8,379.0545654296875,190.4412841796875,72187.63821460307,435266.96197509766,3663200.0,435646.01654052734,3663390.4412841797,,
C2646,R0165,0.1552434861660003,1,38SMB_00047_r240_c1200,10,342.72125244140625,369.9786376953125,126799.54208750278,413281.9464111328,3695483.847961426,413624.6676635742,3695853.826599121,,
C2647,R1752,0.1551590412855148,2,38SMB_00756_r4320_c0,1,248.70553970336914,486.3439750671387,120956.44080055463,400000.0,3656121.4659118652,400248.70553970337,3656607.8098869324,,
C2648,R3060,0.1551520824432373,1,38SMB_01255_r6960_c8880,3,654.6868896484375,657.8857421875,430709.1702967882,491042.9119873047,3627585.7849121094,491697.5988769531,3628243.670654297,,
C2649,R1184,0.1549673527479171,1,38SMB_00527_r2880_c5520,0,446.9573974609375,200.33185958862305,89539.80659024091,457406.39892578125,3670999.6681404114,457853.3563232422,3671200.0,,
C2650,R4678,0.1549597382545471,1,38SMB_01649_r9360_c2640,9,185.65032958984375,200.1861572265625,37164.62606843561,428243.58993530273,3604617.9125976562,428429.2402648926,3604818.098754883,,
C2651,R2576,0.1549197137355804,1,38SMB_01107_r6240_c3600,2,418.4136962890625,433.68896484375,181461.40282005072,437625.4916381836,3635973.409423828,438043.90533447266,3636407.098388672,,
C2652,R3045,0.1548955589532852,2,38SMB_01253_r6960_c8400,6,750.313720703125,713.2640075683594,535171.7713622376,484776.6018676758,3627204.4384765625,485526.9155883789,3627917.702484131,,
C2653,R0281,0.1548665314912796,1,38SMB_00105_r480_c5040,1,674.93896484375,395.626220703125,267023.55186641216,452432.4740600586,3692003.440551758,453107.41302490234,3692399.066772461,,
C2654,R0173,0.1546003520488739,2,38SMB_00048_r240_c1440,5,868.9178466796875,501.890869140625,436101.9332818687,416592.48138427734,3694402.3223876953,417461.39923095703,3694904.213256836,,
C2655,R4764,0.1545300632715225,1,38SMB_01671_r9360_c7920,1,170.0648307800293,523.4783935546875,89025.26441687951,479200.0,3604648.499145508,479370.06483078003,3605171.9775390625,,
C2656,R0989,0.1544766277074813,2,38SMB_00464_r2640_c480,4,520.5575180053711,849.7774505615234,442358.0405212386,404800.0,3672658.550567627,405320.5575180054,3673508.3280181885,,
C2657,R2798,0.1543898284435272,1,38SMB_01186_r6720_c2400,1,565.9158325195312,695.5325317382812,393612.8717430867,424569.3258666992,3631022.7169799805,425135.24169921875,3631718.2495117188,,
C2658,R2184,0.1542519330978393,1,38SMB_00932_r5280_c1920,0,279.437255859375,600.3988647460938,167773.81118573248,422120.5041503906,3645195.5685424805,422399.94140625,3645795.9674072266,,
C2659,R0361,0.154241532087326,1,38SMB_00174_r960_c1440,6,278.62884521484375,1034.3841552734375,288209.2626923695,417321.37115478516,3687733.6938476562,417600.0,3688768.0780029297,,
C2660,R4418,0.1542127430438995,1,38SMB_01573_r8880_c4560,3,480.4285430908203,209.80712890625,100797.33327049762,445605.83766937256,3608000.2990722656,446086.2662124634,3608210.106201172,,
C2661,R1380,0.1541739404201507,1,38SMB_00607_r3360_c4560,4,776.507568359375,1012.43408203125,786162.7271622419,448018.29498291016,3664693.91204834,448794.80255126953,3665706.346130371,,
C2662,R3951,0.15415920317173,1,38SMB_01448_r8160_c4800,4,819.6226501464844,1099.7317504882812,901365.0517854374,448008.8360595703,3615425.7885742188,448828.4587097168,3616525.520324707,,
C2663,R1075,0.1540970355272293,1,38SMB_00481_r2640_c4560,5,1423.7393188476562,846.3539123535156,1204987.3426782433,447045.2722167969,3670408.755493164,448469.01153564453,3671255.1094055176,,
C2664,R0761,0.1540542691946029,1,38SMB_00381_r2160_c720,9,277.10784912109375,274.8797607421875,76171.33926618844,409524.57580566406,3676646.748352051,409801.68365478516,3676921.628112793,,
C2665,R2915,0.153989091515541,1,38SMB_01211_r6720_c8400,7,556.7196655273438,566.9644165039062,315640.2403219603,484851.19842529297,3630451.530151367,485407.9180908203,3631018.494567871,,
C2666,R0990,0.1539855003356933,2,38SMB_00464_r2640_c480,5,986.4039611816406,1169.6013641357422,1153699.4185869466,404800.0,3671294.5584106445,405786.40396118164,3672464.1597747803,,
C2667,R3056,0.1537649780511856,1,38SMB_01254_r6960_c8640,8,629.302978515625,602.783203125,379333.2651257515,487239.1799926758,3629169.926300049,487868.4829711914,3629772.709503174,,
C2668,R0085,0.1536114066839218,1,38SMB_00008_r0_c1920,7,385.986328125,428.3026123046875,165318.95264983177,421026.63330078125,3698706.8418884277,421412.61962890625,3699135.1445007324,,
C2669,R4869,0.1534481793642044,4,38SMB_01700_r9600_c4800,2,653.4623718261719,571.0470581054688,373157.7650139574,448109.9708557129,3601688.0737304688,448763.43322753906,3602259.120788574,,
C2670,R2647,0.1533419787883758,2,38SMB_01126_r6240_c8160,1,328.314208984375,232.79335021972656,76429.3646342121,484217.54638671875,3637366.3471984863,484545.8605957031,3637599.140548706,,
C2671,R1629,0.1533059030771255,1,38SMB_00721_r4080_c1680,2,1516.5863800048828,1450.3366088867188,2199560.7474600663,417876.49772644043,3656686.3179016113,419393.0841064453,3658136.654510498,,
C2672,R4334,0.1532900333404541,1,38SMB_01564_r8880_c2400,9,903.1198120117188,1175.9197998046875,1061996.4685404673,424006.3636779785,3609708.421020508,424909.48348999023,3610884.3408203125,,
C2673,R0599,0.1532696187496185,1,38SMB_00302_r1680_c1920,15,181.9366455078125,271.888427734375,49466.46849438548,422217.39807128906,3680000.9155273438,422399.3347167969,3680272.803955078,,
C2674,R1426,0.1532694399356842,1,38SMB_00642_r3600_c2880,2,546.88232421875,542.5460815429688,296708.8620699942,430667.53692626953,3661843.409729004,431214.4192504883,3662385.955810547,,
C2675,R4563,0.1531717479228973,1,38SMB_01612_r9120_c3840,3,638.4384155273438,664.0261840820312,423939.8248340003,439705.00244140625,3607426.797180176,440343.4408569336,3608090.823364258,,
C2676,R3929,0.1531019955873489,1,38SMB_01446_r8160_c4320,6,751.8316650390625,761.7987060546875,572744.389597699,444038.62716674805,3616446.2890625,444790.4588317871,3617208.0877685547,,
C2677,R4257,0.1528904139995575,1,38SMB_01529_r8640_c4080,6,483.1611633300781,461.527099609375,222991.97035562247,441518.0178833008,3610867.643737793,442001.17904663086,3611329.1708374023,,
C2678,R2437,0.1528431326150894,1,38SMB_01058_r6000_c1920,0,355.478515625,746.1788940429688,265250.5656450987,422044.521484375,3638422.783508301,422400.0,3639168.9624023438,,
C2679,R0144,0.1528183072805404,1,38SMB_00045_r240_c720,7,511.10107421875,227.880859375,116470.1520204544,409161.4715576172,3694400.1348876953,409672.57263183594,3694628.0157470703,,
C2680,R0567,0.1527599692344665,2,38SMB_00296_r1680_c480,0,440.89080810546875,458.5047912597656,202150.54793874733,405736.6375732422,3680295.7110595703,406177.52838134766,3680754.21585083,,
C2681,R1286,0.1526843309402465,1,38SMB_00570_r3120_c5760,2,872.0736694335938,705.1622009277344,614953.3881089184,458027.1008300781,3665619.397583008,458899.1744995117,3666324.5597839355,,
C2682,R4573,0.1526789516210556,2,38SMB_01615_r9120_c4560,2,465.0022888183594,231.12030029296875,107471.468628617,448109.1181945801,3605600.0,448574.12048339844,3605831.120300293,,
C2683,R0384,0.1526640355587005,1,38SMB_00179_r960_c2640,1,1047.58056640625,665.3248596191406,696981.3932839781,426400.0,3689734.675140381,427447.58056640625,3690400.0,,
C2684,R4526,0.1526581794023513,1,38SMB_01608_r9120_c2880,11,830.0553894042969,510.4083251953125,423667.1811251901,429108.4152984619,3605600.0,429938.4706878662,3606110.4083251953,,
C2685,R3822,0.1526087075471878,1,38SMB_01425_r7920_c9360,3,594.6541595458984,676.4630126953125,402261.5442782175,493600.0,3617694.8626708984,494194.6541595459,3618371.3256835938,,
C2686,R4527,0.1523670852184295,1,38SMB_01608_r9120_c2880,12,1179.6191787719727,535.867919921875,632120.0756284874,429042.685508728,3605603.1469726562,430222.3046875,3606139.014892578,,
C2687,R3437,0.1523171961307525,2,38SMB_01342_r7440_c9600,4,577.723388671875,587.7444458007812,339553.7129011005,498236.6760253906,3624120.122680664,498814.3994140625,3624707.867126465,,
C2688,R0869,0.1521097123622894,1,38SMB_00425_r2400_c1200,2,484.3499755859375,468.26934814453125,226806.24734144658,413761.84509277344,3674358.2637023926,414246.1950683594,3674826.533050537,,
C2689,R3656,0.1520574539899826,1,38SMB_01388_r7920_c480,3,860.621337890625,832.2076416015625,716215.6539179385,405817.4087524414,3617842.3834228516,406678.03009033203,3618674.591064453,,
C2690,R0203,0.1520321816205978,1,38SMB_00058_r240_c3840,3,421.439208984375,410.3369140625,172932.06447958946,439395.1742553711,3695998.8537597656,439816.61346435547,3696409.190673828,,
C2691,R2129,0.1518211364746093,1,38SMB_00899_r5040_c4080,8,698.7504577636719,648.3599853515625,453041.8365600519,441651.63513183594,3647416.414794922,442350.3855895996,3648064.7747802734,,
C2692,R4801,0.151724025607109,2,38SMB_01688_r9600_c1920,4,574.5880126953125,546.9390869140625,314264.64301533997,420750.7077026367,3601301.3748168945,421325.29571533203,3601848.3139038086,,
C2693,R4730,0.1516150683164596,1,38SMB_01655_r9360_c4080,2,860.71044921875,913.4335327148438,786201.7862744629,442191.22955322266,3604750.82611084,443051.9400024414,3605664.2596435547,,
C2694,R3000,0.1515634357929229,1,38SMB_01239_r6960_c5040,7,666.3983154296875,675.2499008178711,449985.39639909286,450704.56283569336,3629398.1060791016,451370.96115112305,3630073.3559799194,,
C2695,R4633,0.1514526605606079,2,38SMB_01645_r9360_c1680,5,218.71334075927734,796.9129943847656,174295.50329637132,416800.0,3603347.8967285156,417018.7133407593,3604144.8097229004,,
C2696,R1638,0.1514169424772262,2,38SMB_00722_r4080_c1920,7,521.1585998535156,493.0462646484375,256955.3009471856,421652.2789001465,3656447.6959228516,422173.4375,3656940.7421875,,
C2697,R4860,0.1513248085975647,1,38SMB_01697_r9600_c4080,4,779.1454696655273,422.8859329223633,329489.65882173943,441321.2385940552,3603577.1140670776,442100.3840637207,3604000.0,,
C2698,R2130,0.1512892991304397,1,38SMB_00899_r5040_c4080,9,502.6983642578125,230.29891967773438,115770.89021233842,441758.55392456055,3649369.7010803223,442261.25228881836,3649600.0,,
C2699,R3991,0.1512769311666488,1,38SMB_01460_r8160_c7680,3,609.4293212890625,334.097900390625,203609.0566791594,477641.1608886719,3615200.372314453,478250.59020996094,3615534.4702148438,,
C2700,R3164,0.1512767523527145,2,38SMB_01282_r7200_c5280,5,457.00103759765625,450.31585693359375,205794.81386533007,454064.3232727051,3627175.4330444336,454521.32431030273,3627625.748901367,,
C2701,R1757,0.1511315256357193,1,38SMB_00764_r4320_c1920,2,432.16033935546875,432.9283142089844,187094.4471851457,419720.25985717773,3655425.940246582,420152.4201965332,3655858.868560791,,
C2702,R3606,0.1510966569185257,1,38SMB_01373_r7680_c6960,4,476.52740478515625,236.90673828125,112892.55316928029,471091.4840698242,3620000.6002807617,471568.0114746094,3620237.507019043,,
C2703,R1639,0.1510938555002212,2,38SMB_00722_r4080_c1920,8,501.0955810546875,313.59270095825195,157139.91670118412,421862.2839355469,3658886.4072990417,422363.37951660156,3659200.0,,
C2704,R2929,0.1510548889636993,2,38SMB_01216_r6720_c9600,2,607.1115112304688,662.1380615234375,401991.63917470723,497754.81552124023,3629798.7103271484,498361.9270324707,3630460.848388672,,
C2705,R2852,0.1509966850280761,2,38SMB_01194_r6720_c4320,9,890.816650390625,810.6268310546875,722119.8783569038,444416.8199157715,3629663.8208007812,445307.6365661621,3630474.447631836,,
C2706,R3781,0.1509179025888443,2,38SMB_01413_r7920_c6480,2,312.98614501953125,299.29365158081055,93674.76623709663,466433.52310180664,3620246.3705444336,466746.5092468262,3620545.6641960144,,
C2707,R1147,0.1508592516183853,1,38SMB_00518_r2880_c3360,2,475.662841796875,130.936279296875,62281.52270466089,435003.5516357422,3668000.0,435479.21447753906,3668130.936279297,,
C2708,R4507,0.15072962641716,1,38SMB_01606_r9120_c2400,8,443.8871765136719,433.89312744140625,192599.59524865262,424919.6333312988,3607969.8046875,425363.5205078125,3608403.6978149414,,
C2709,R4738,0.1507144272327423,1,38SMB_01657_r9360_c4560,3,941.1648559570312,1021.5606689453125,961456.9998392835,447219.9383544922,3605210.718154907,448161.1032104492,3606232.2788238525,,
C2710,R0367,0.1506776809692382,2,38SMB_00175_r960_c1680,3,541.5090942382812,557.2919464111328,301778.6571273813,418210.0062561035,3689638.112335205,418751.5153503418,3690195.404281616,,
C2711,R3727,0.1506096571683883,1,38SMB_01401_r7920_c3600,9,280.6086730957031,103.57015609741211,29062.68407480966,437112.099609375,3620696.4298439026,437392.7082824707,3620800.0,,
C2712,R3350,0.1505802571773529,1,38SMB_01322_r7440_c4800,2,939.9306488037109,746.3937377929688,701558.350226772,448033.4185028076,3622929.3475341797,448973.3491516113,3623675.7412719727,,
C2713,R3512,0.1505642086267471,1,38SMB_01358_r7680_c3360,15,289.23126220703125,443.7127685546875,128335.60410644859,433600.2167892456,3620000.0,433889.44805145264,3620443.7127685547,,
C2714,R0249,0.1504909247159958,1,38SMB_00092_r480_c1920,3,672.2315216064453,358.35033416748047,240894.39040558354,420204.1725921631,3694841.256790161,420876.40411376953,3695199.6071243286,,
C2715,R1977,0.1504285186529159,1,38SMB_00826_r4560_c6720,2,1045.660400390625,1200.9939575195312,1255831.8224865943,469354.3395996094,3651680.6170654297,470400.0,3652881.611022949,,
C2716,R4074,0.1504037827253341,1,38SMB_01483_r8400_c3120,10,380.9576416015625,144.0185546875,54864.968940615654,432902.90130615234,3612801.432495117,433283.8589477539,3612945.4510498047,,
C2717,R4401,0.1503716707229614,1,38SMB_01571_r8880_c4080,6,302.29644775390625,297.855224609375,90040.57634435594,442993.7796020508,3608938.444519043,443296.0760498047,3609236.2997436523,,
C2718,R1818,0.1503477394580841,1,38SMB_00770_r4320_c3360,12,677.6666259765625,729.7429656982422,494522.45339485817,434403.73123168945,3654998.8302612305,435081.397857666,3655728.5732269287,,
C2719,R0471,0.1503372490406036,1,38SMB_00227_r1200_c4080,4,764.6109008789062,780.4574584960938,596746.2804383598,442864.7229003906,3685767.015686035,443629.33380126953,3686547.4731445312,,
C2720,R3807,0.1502688080072403,1,38SMB_01418_r7920_c7680,3,714.93896484375,482.310791015625,344822.7776616812,478656.0809326172,3617600.0,479371.01989746094,3618082.3107910156,,
C2721,R1119,0.1501979380846023,1,38SMB_00510_r2880_c1440,1,1070.6146240234375,1005.1699447631836,1076149.6424922952,416443.8543701172,3669701.6288757324,417514.4689941406,3670706.7988204956,,
C2722,R4322,0.1501874774694442,1,38SMB_01563_r8880_c2160,4,1303.0795288085938,1482.1798706054688,1931398.2473981567,422485.7418823242,3608222.8942871094,423788.8214111328,3609705.074157715,,
C2723,R0479,0.1501776129007339,1,38SMB_00229_r1200_c4560,0,224.700927734375,686.96044921875,154360.65025627613,448574.8840332031,3685358.5864257812,448799.5849609375,3686045.546875,,
C2724,R0380,0.1501290053129196,1,38SMB_00177_r960_c2160,3,161.1725616455078,416.0919189453125,67062.60045641102,421600.0,3688895.054626465,421761.1725616455,3689311.14654541,,
C2725,R2213,0.1501215100288391,1,38SMB_00941_r5280_c4080,9,864.063720703125,704.8907470703125,609070.5216027796,441615.74157714844,3644348.048400879,442479.80529785156,3645052.939147949,,
C2726,R1499,0.1500676125288009,1,38SMB_00660_r3600_c7200,0,509.8126220703125,498.87969970703125,254335.1678052917,473676.3513183594,3661615.1498413086,474186.1639404297,3662114.0295410156,,
C2727,R2953,0.1499570310115814,1,38SMB_01231_r6960_c3120,3,961.505126953125,1162.049560546875,1117316.6102394462,431458.8014984131,3627818.341369629,432420.3066253662,3628980.390930176,,
C2728,R3920,0.1498951017856598,2,38SMB_01444_r8160_c3840,2,441.8475341796875,524.9835205078125,231962.67402134836,441158.1524658203,3615200.0,441600.0,3615724.983520508,,
C2729,R0726,0.14986252784729,2,38SMB_00355_r1920_c4560,2,584.1653442382812,618.14453125,361098.61288666725,447254.2753601074,3677780.786743164,447838.4407043457,3678398.931274414,,
C2730,R1985,0.1498550027608871,1,38SMB_00829_r4560_c7440,2,263.7343215942383,82.442626953125,21742.950289929286,474417.98849105835,3651200.0592041016,474681.7228126526,3651282.5018310547,,
C2731,R2840,0.1498382240533828,1,38SMB_01193_r6720_c4080,9,1062.9852676391602,1159.9417114257812,1233000.9505657596,441393.3585739136,3631640.058288574,442456.34384155273,3632800.0,,
C2732,R2090,0.149779200553894,1,38SMB_00889_r5040_c1680,0,640.9954071044922,557.8466796875,357577.1595481783,416800.0,3646400.0,417440.9954071045,3646957.8466796875,,
C2733,R4391,0.1497617661952972,1,38SMB_01569_r8880_c3600,10,802.5729370117188,780.0726318359375,626065.1832150295,436654.09286499023,3608684.5616149902,437456.66580200195,3609464.634246826,,
C2734,R3792,0.1496947556734085,1,38SMB_01415_r7920_c6960,4,481.6705322265625,496.387939453125,239095.4429872334,471789.1760253906,3618623.8299560547,472270.8465576172,3619120.217895508,,
C2735,R2447,0.1496289074420929,2,38SMB_01060_r6000_c2400,3,300.5609130859375,286.6265869140625,86148.74867759645,426064.6954345703,3636804.284362793,426365.25634765625,3637090.910949707,,
C2736,R3619,0.1496217548847198,1,38SMB_01377_r7680_c7920,3,465.23651123046875,505.3242492675781,235095.2907694038,480459.22912597656,3622114.05670166,480924.46563720703,3622619.3809509277,,
C2737,R0941,0.1496045291423797,1,38SMB_00438_r2400_c4320,6,147.88169860839844,553.6309814453125,81871.88993836753,443200.2415943146,3673423.166809082,443348.123292923,3673976.7977905273,,
C2738,R3281,0.1495683640241623,1,38SMB_01312_r7440_c2400,5,429.40765380859375,424.2796325683594,182188.92157995142,426309.5315551758,3624634.947280884,426738.9392089844,3625059.226913452,,
C2739,R1943,0.1495509594678878,2,38SMB_00815_r4560_c4080,6,487.2512435913086,765.4437255859375,372963.4071909124,440800.15827178955,3653519.5558166504,441287.40951538086,3654284.9995422363,,
C2740,R2214,0.149498626589775,1,38SMB_00941_r5280_c4080,10,635.3576278686523,177.5323486328125,112796.53189729434,441217.7370071411,3644000.0,441853.09463500977,3644177.532348633,,
C2741,R2433,0.1494975388050079,1,38SMB_01053_r6000_c720,1,921.0285949707031,1005.3964233398438,925998.8551772665,407462.6593017578,3637024.7424316406,408383.6878967285,3638030.1388549805,,
C2742,R4335,0.1494713574647903,2,38SMB_01564_r8880_c2400,10,518.8701629638672,328.2201385498047,170303.63677736023,424308.1148529053,3610871.77986145,424826.98501586914,3611200.0,,
C2743,R0501,0.1493846923112869,1,38SMB_00257_r1440_c1200,5,914.4169616699219,958.7078857421875,876658.7520093657,412733.0438232422,3684633.6990356445,413647.4607849121,3685592.4069213867,,
C2744,R2987,0.14928038418293,2,38SMB_01237_r6960_c4560,3,408.3753967285156,497.3541259765625,203107.18851024285,445600.0,3629119.094848633,446008.3753967285,3629616.4489746094,,
C2745,R2904,0.1492195278406143,2,38SMB_01210_r6720_c8160,2,411.0076904296875,555.545654296875,228333.5363008082,481601.0958099365,3630789.894256592,482012.1035003662,3631345.4399108887,,
C2746,R2148,0.149135336279869,2,38SMB_00903_r5040_c5040,1,495.074462890625,77.14553356170654,38192.78359247255,453087.6007080078,3649522.8544664383,453582.67517089844,3649600.0,,
C2747,R1556,0.1491215974092483,1,38SMB_00685_r3840_c3120,14,567.0940399169922,316.74217224121094,179622.5980683521,432435.36933898926,3661283.257827759,433002.46337890625,3661600.0,,
C2748,R4870,0.1490603238344192,1,38SMB_01700_r9600_c4800,3,848.0828857421875,486.96258544921875,412984.63471625,449373.80584716797,3600800.0,450221.88873291016,3601286.962585449,,
C2749,R3767,0.1490086913108825,1,38SMB_01409_r7920_c5520,3,551.1701965332031,669.34814453125,368924.7483704239,455960.3225708008,3618631.911468506,456511.492767334,3619301.259613037,,
C2750,R3155,0.1489635109901428,2,38SMB_01281_r7200_c5040,3,522.0046997070312,533.5406494140625,278510.72647888213,450659.09255981445,3626455.939025879,451181.0972595215,3626989.479675293,,
C2751,R0816,0.1488969624042511,1,38SMB_00393_r2160_c3600,1,658.3294677734375,720.2835083007812,474183.8586656377,436361.53411865234,3675682.057495117,437019.8635864258,3676402.341003418,,
C2752,R2769,0.1488734185695648,1,38SMB_01168_r6480_c8160,1,733.856201171875,672.3155212402344,493382.91440624744,483083.68743896484,3632291.7291259766,483817.5436401367,3632964.044647217,,
C2753,R3811,0.1484395861625671,1,38SMB_01419_r7920_c7920,3,913.5063934326172,906.8661499023438,828428.0259234132,480274.74586486816,3618027.536315918,481188.2522583008,3618934.4024658203,,
C2754,R0804,0.1484133005142212,1,38SMB_00389_r2160_c2640,4,409.86473083496094,910.0390625,372992.9154008627,426400.0,3675929.118347168,426809.86473083496,3676839.157409668,,
C2755,R2344,0.1483280956745147,1,38SMB_01022_r5760_c3360,1,672.4539184570312,337.0721435546875,226665.48373606056,435556.0824584961,3639200.0,436228.5363769531,3639537.0721435547,,
C2756,R3149,0.148285761475563,1,38SMB_01279_r7200_c4560,6,398.53363037109375,396.09588623046875,157857.53151448444,447268.7959289551,3626763.1427001953,447667.3295593262,3627159.238586426,,
C2757,R4816,0.1482806354761123,1,38SMB_01689_r9600_c2160,11,337.9893112182617,419.58251953125,141814.40677559003,421600.05626678467,3600801.2829589844,421938.04557800293,3601220.8654785156,,
C2758,R2095,0.1482352316379547,1,38SMB_00896_r5040_c3360,1,585.4701232910156,742.3056030273438,434597.75292403065,435965.1908874512,3648071.4694213867,436550.6610107422,3648813.775024414,,
C2759,R0166,0.14822818338871,1,38SMB_00047_r240_c1200,11,270.6223487854004,548.6473083496094,148476.2232403591,412000.0,3696173.696746826,412270.6223487854,3696722.344055176,,
C2760,R3156,0.1480990946292877,2,38SMB_01281_r7200_c5040,4,519.2294311523438,537.5035095214844,279087.6414912287,451732.7996826172,3625105.6341552734,452252.02911376953,3625643.137664795,,
C2761,R4493,0.1480856239795684,1,38SMB_01605_r9120_c2160,10,1475.9149169921875,1480.8892822265625,2185666.582052037,421600.0,3606690.064086914,423075.9149169922,3608170.9533691406,,
C2762,R0712,0.1480268537998199,1,38SMB_00349_r1920_c3120,1,140.2398681640625,651.2957763671875,91337.63381354511,434259.76013183594,3677978.5610961914,434400.0,3678629.8568725586,,
C2763,R3274,0.1478745341300964,1,38SMB_01311_r7440_c2160,4,941.3922119140625,920.3033447265625,866366.4013240486,423858.60778808594,3622401.1349487305,424800.0,3623321.438293457,,
C2764,R3768,0.1478333920240402,1,38SMB_01409_r7920_c5520,4,486.302490234375,530.8587646484375,258157.93921127915,456023.22967529297,3618770.8584594727,456509.53216552734,3619301.717224121,,
C2765,R0074,0.1478237807750702,2,38SMB_00007_r0_c1680,6,561.61865234375,121.7486572265625,68376.31679624319,419366.0971069336,3696800.0,419927.71575927734,3696921.7486572266,,
C2766,R0964,0.1476954519748687,2,38SMB_00449_r2400_c6960,1,278.525390625,279.3290710449219,77800.23862570524,470201.4727783203,3675377.409133911,470479.9981689453,3675656.738204956,,
C2767,R0459,0.1476503312587738,1,38SMB_00220_r1200_c2400,0,591.24755859375,624.6798706054688,369340.44839814305,425879.5510864258,3685932.8384399414,426470.79864501953,3686557.518310547,,
C2768,R3093,0.1476154029369354,1,38SMB_01270_r7200_c2400,2,542.2442626953125,289.219970703125,156827.8697706759,426298.45489501953,3624800.551147461,426840.69915771484,3625089.771118164,,
C2769,R2740,0.1475864946842193,1,38SMB_01154_r6480_c4800,10,172.70416259765625,164.6868896484375,28442.111367546022,449581.8962097168,3633310.372619629,449754.60037231445,3633475.0595092773,,
C2770,R5007,0.1475574672222137,1,38SMB_01743_r9680_c5040,5,214.4866943359375,494.55322265625,106075.08590072393,453385.51330566406,3600402.900390625,453600.0,3600897.4536132812,,
C2771,R4002,0.147515058517456,1,38SMB_01462_r8160_c8160,4,824.5928955078125,846.2689208984375,697827.3398619145,483001.92474365234,3617504.161605835,483826.51763916016,3618350.4305267334,,
C2772,R0927,0.1474708765745163,1,38SMB_00432_r2400_c2880,8,340.07293701171875,187.032470703125,63604.68162856996,430873.60748291016,3672814.1040039062,431213.6804199219,3673001.1364746094,,
C2773,R4170,0.1474201530218124,1,38SMB_01519_r8640_c1680,1,749.541015625,782.5656127929688,586565.0242060423,418886.51611328125,3611047.8521728516,419636.05712890625,3611830.4177856445,,
C2774,R3856,0.1474024206399917,1,38SMB_01431_r8160_c720,9,484.66217041015625,426.07940673828125,206504.57003684714,409465.5270385742,3616759.1703796387,409950.1892089844,3617185.249786377,,
C2775,R4419,0.1474008560180664,1,38SMB_01573_r8880_c4560,4,595.7367706298828,205.216064453125,122254.75551867858,446744.4802093506,3608000.288696289,447340.21697998047,3608205.504760742,,
C2776,R0302,0.1473657488822937,1,38SMB_00132_r720_c1440,4,1341.4450073242188,1490.665283203125,1999645.5017443746,414856.9189453125,3690494.788208008,416198.3639526367,3691985.453491211,,
C2777,R2583,0.1473483741283416,2,38SMB_01108_r6240_c3840,6,177.89306640625,181.8670654296875,32352.889947593212,440736.3381958008,3634958.460083008,440914.23126220703,3635140.3271484375,,
C2778,R1107,0.1472721844911575,1,38SMB_00506_r2880_c480,1,1303.3401489257812,1215.6898498535156,1584457.3899556417,404800.0,3669981.4453125,406103.3401489258,3671197.1351623535,,
C2779,R0600,0.1472538709640503,1,38SMB_00302_r1680_c1920,16,497.1942901611328,802.9579162597656,399226.0912040365,419200.66791534424,3680060.415649414,419697.8622055054,3680863.373565674,,
C2780,R4888,0.1471311599016189,2,38SMB_01703_r9600_c5520,3,407.921142578125,398.7530517578125,162659.8004795611,456490.11016845703,3601564.594116211,456898.03131103516,3601963.3471679688,,
C2781,R2497,0.1470559686422348,1,38SMB_01070_r6000_c4800,7,1009.5550537109375,912.4394226074219,921157.8302984126,449233.1945800781,3639033.5386657715,450242.74963378906,3639945.978088379,,
C2782,R1602,0.1470398753881454,1,38SMB_00694_r3840_c5280,1,627.9034423828125,598.5275268554688,375817.4944734201,455372.0965576172,3658400.0,456000.0,3658998.5275268555,,
C2783,R3246,0.1469362676143646,2,38SMB_01301_r7200_c9680,2,366.98974609375,215.2056884765625,78978.28097194433,498249.8663330078,3624800.0,498616.85607910156,3625015.2056884766,,
C2784,R1006,0.1468332558870315,4,38SMB_00466_r2640_c960,4,352.6233673095703,335.0286865234375,118138.94358719699,409990.89141845703,3672916.577606201,410343.5147857666,3673251.6062927246,,
C2785,R1195,0.1468273401260376,1,38SMB_00531_r2880_c6480,1,764.8120880126953,744.0345001220703,569046.5795918426,465906.4897918701,3669181.6455078125,466671.3018798828,3669925.6800079346,,
C2786,R4367,0.1467065960168838,1,38SMB_01567_r8880_c3120,12,385.504150390625,228.486328125,88082.42779970169,433352.1194458008,3609103.299560547,433737.6235961914,3609331.785888672,,
C2787,R4427,0.1466730535030365,2,38SMB_01576_r8880_c5280,3,654.2765808105469,280.19153594970703,183322.76011322974,452808.75061035156,3610919.710636139,453463.0271911621,3611199.9021720886,,
C2788,R1434,0.1466187536716461,2,38SMB_00643_r3600_c3120,6,507.7508544921875,267.68199920654297,135915.76382929925,433721.3912963867,3663732.3180007935,434229.1421508789,3664000.0,,
C2789,R3493,0.1466022878885269,1,38SMB_01357_r7680_c3120,2,288.9263916015625,309.21356201171875,89339.95870631188,433422.4182128906,3621808.8206481934,433711.3446044922,3622118.034210205,,
C2790,R2459,0.1464839726686477,1,38SMB_01065_r6000_c3600,1,690.0604248046875,645.7048797607422,445575.3836261574,436863.10134887695,3638119.3685913086,437553.16177368164,3638765.0734710693,,
C2791,R3083,0.1464807540178299,1,38SMB_01266_r7200_c1440,0,1099.7942352294922,773.4445190429688,850629.8233133042,415262.27851867676,3627223.4634399414,416362.07275390625,3627996.9079589844,,
C2792,R1399,0.1464019566774368,1,38SMB_00632_r3600_c480,1,1092.9351806640625,861.7076110839844,941790.5635996722,406907.06481933594,3660811.4642333984,408000.0,3661673.1718444824,,
C2793,R1691,0.1463920623064041,1,38SMB_00727_r4080_c3120,11,548.0364990234375,535.4715347290039,293457.9452195903,431951.0038757324,3658202.5314331055,432499.04037475586,3658738.0029678345,,
C2794,R0262,0.1463054418563842,1,38SMB_00094_r480_c2400,5,582.8228759765625,315.155029296875,183679.5605532825,425489.85443115234,3692000.5700683594,426072.6773071289,3692315.7250976562,,
C2795,R4222,0.1461046189069748,1,38SMB_01525_r8640_c3120,11,113.70377540588379,480.091552734375,54588.22208637139,431200.0,3611105.9243774414,431313.7037754059,3611586.015930176,,
C2796,R2905,0.1460993736982345,1,38SMB_01210_r6720_c8160,3,890.9585571289062,890.0286865234375,792978.6743482575,482009.5462036133,3629801.5463256836,482900.5047607422,3630691.575012207,,
C2797,R4466,0.1458186954259872,2,38SMB_01601_r9120_c1200,2,431.0748291015625,420.72021484375,181361.8947133422,412850.59799194336,3605608.923034668,413281.6728210449,3606029.6432495117,,
C2798,R4117,0.1458149701356887,1,38SMB_01492_r8400_c5280,3,1476.3951110839844,1335.5197143554688,1971754.7770306934,452898.84841918945,3613340.3356933594,454375.24353027344,3614675.855407715,,
C2799,R5055,0.1457463800907135,1,38SMB_01760_r9680_c9120,0,606.5365600585938,447.6025390625,271487.3043164611,492922.22869873047,3600002.4731445312,493528.76525878906,3600450.0756835938,,
C2800,R0908,0.1457123011350631,2,38SMB_00430_r2400_c2400,5,460.2166748046875,394.21512603759766,181424.37446273398,426737.5311279297,3675605.7111358643,427197.7478027344,3675999.926261902,,
C2801,R2186,0.1456485092639923,2,38SMB_00934_r5280_c2400,0,236.18408203125,523.167724609375,123563.88878524303,426963.81591796875,3644214.6264648438,427200.0,3644737.794189453,,
C2802,R2727,0.1456005126237869,2,38SMB_01153_r6480_c4560,6,99.1455078125,322.6727294921875,31991.551622748375,448700.8544921875,3632395.6497192383,448800.0,3632718.3224487305,,
C2803,R1532,0.1455753594636917,1,38SMB_00683_r3840_c2640,6,547.2137451171875,359.49974060058594,196723.19942270406,429052.7862548828,3661240.115737915,429600.0,3661599.6154785156,,
C2804,R0825,0.1455232948064804,1,38SMB_00399_r2160_c5040,1,901.0800170898438,387.9888916015625,349609.0370750055,451711.2432861328,3675201.1349487305,452612.32330322266,3675589.123840332,,
C2805,R0325,0.1454699486494064,1,38SMB_00140_r720_c3360,1,217.98297882080078,455.39703369140625,99268.80195020931,433600.3850746155,3690831.6317749023,433818.3680534363,3691287.0288085938,,
C2806,R0858,0.145463541150093,1,38SMB_00423_r2400_c720,7,838.3939361572266,788.658447265625,661206.4598866738,407202.5254058838,3673787.2381591797,408040.919342041,3674575.8966064453,,
C2807,R0255,0.145449548959732,1,38SMB_00093_r480_c2160,5,84.8095703125,514.4610595703125,43631.22140467167,424715.0927734375,3692412.265930176,424799.90234375,3692926.726989746,,
C2808,R3574,0.1454316526651382,1,38SMB_01369_r7680_c6000,3,385.76080322265625,391.6546630859375,151085.01741793007,462172.4475097656,3622152.29095459,462558.2083129883,3622543.945617676,,
C2809,R3295,0.1453631669282913,1,38SMB_01315_r7440_c3120,5,437.71759033203125,475.26885986328125,208033.5400992073,432755.64544677734,3624336.297454834,433193.3630371094,3624811.5663146973,,
C2810,R1329,0.1453480422496795,1,38SMB_00600_r3360_c2880,1,538.30078125,475.6302261352539,256032.12231472135,430656.22650146484,3665323.1607055664,431194.52728271484,3665798.7909317017,,
C2811,R4761,0.1452492177486419,2,38SMB_01670_r9360_c7680,1,507.75146484375,743.8629150390625,377697.48475402594,479448.31115722656,3604146.075744629,479956.0626220703,3604889.938659668,,
C2812,R4709,0.1449814140796661,1,38SMB_01652_r9360_c3360,8,278.90323638916016,485.6695556640625,135454.8108903924,433600.0,3603917.241821289,433878.90323638916,3604402.911376953,,
C2813,R0030,0.1448991596698761,1,38SMB_00003_r0_c720,8,822.4039459228516,991.4508056640625,815373.0547665153,407206.813583374,3697285.2310180664,408029.2175292969,3698276.6818237305,,
C2814,R2642,0.1448956131935119,1,38SMB_01124_r6240_c7680,2,611.439208984375,318.951416015625,195019.40151304007,478877.236328125,3634402.738647461,479488.6755371094,3634721.6900634766,,
C2815,R0453,0.1448021233081817,1,38SMB_00218_r1200_c1920,2,705.1715087890625,457.342529296875,322504.92141768336,420809.6221923828,3684801.8908691406,421514.7937011719,3685259.2333984375,,
C2816,R4136,0.1448012888431549,2,38SMB_01500_r8400_c7200,3,468.9385986328125,446.62776947021484,209441.0003258614,474110.3219604492,3615553.37223053,474579.26055908203,3616000.0,,
C2817,R1069,0.1446526646614074,1,38SMB_00480_r2640_c4320,4,817.1620178222656,861.5608215332031,704034.7794006811,443200.0,3672112.056121826,444017.16201782227,3672973.6169433594,,
C2818,R4514,0.14462411403656,1,38SMB_01607_r9120_c2640,4,1199.3051147460938,1121.2870788574219,1344765.3287724126,428083.66638183594,3607678.7129211426,429282.97149658203,3608800.0,,
C2819,R2423,0.1445296555757522,1,38SMB_01045_r5760_c8880,6,643.7951278686523,630.6027984619141,405979.00927011797,489205.097694397,3641769.397201538,489848.8928222656,3642400.0,,
C2820,R3728,0.1444415897130966,1,38SMB_01401_r7920_c3600,10,874.2672729492188,774.1098022460938,676778.8657729514,437400.3909301758,3617854.7354125977,438274.658203125,3618628.8452148438,,
C2821,R1293,0.1444322168827057,1,38SMB_00579_r3120_c7920,3,510.2435302734375,488.760986328125,249387.13112398982,480794.03259277344,3666430.933227539,481304.2761230469,3666919.694213867,,
C2822,R4274,0.1444088220596313,1,38SMB_01532_r8640_c4800,1,198.0319595336914,381.8096923828125,75610.52155152429,448000.0,3611963.9895629883,448198.0319595337,3612345.799255371,,
C2823,R1384,0.1443728953599929,1,38SMB_00610_r3360_c5280,1,557.7978515625,565.65673828125,315522.1133351326,454328.3996582031,3664412.165222168,454886.1975097656,3664977.821960449,,
C2824,R2561,0.1442273408174514,2,38SMB_01102_r6240_c2400,6,424.8302459716797,469.27490234375,199362.17219103128,424290.7873535156,3634606.35345459,424715.6175994873,3635075.6283569336,,
C2825,R0809,0.1441459059715271,1,38SMB_00391_r2160_c3120,0,159.85107421875,457.2533416748047,73092.43785683066,434239.5733642578,3677941.5895843506,434399.42443847656,3678398.8429260254,,
C2826,R4248,0.1440706253051757,1,38SMB_01528_r8640_c3840,3,420.6597900390625,524.810791015625,220766.79715886712,440157.3881530762,3611407.98538208,440578.04794311523,3611932.7961730957,,
C2827,R0075,0.1439361423254013,1,38SMB_00007_r0_c1680,7,382.486572265625,129.39697265625,49492.60453283787,418855.5030822754,3696800.467529297,419237.989654541,3696929.864501953,,
C2828,R4667,0.1439224481582641,1,38SMB_01648_r9360_c2400,4,341.03416442871094,829.774169921875,282981.34070383385,424000.37757873535,3605354.502258301,424341.41174316406,3606184.2764282227,,
C2829,R4046,0.1436947137117386,1,38SMB_01476_r8400_c1440,2,524.2584228515625,682.9568481445312,358045.880083926,414400.1820755005,3614539.179992676,414924.44049835205,3615222.1368408203,,
C2830,R0638,0.1436887234449386,1,38SMB_00336_r1920_c0,3,723.5986328125,679.3943786621094,491608.84354040027,401380.3860473633,3679394.0550231934,402103.9846801758,3680073.4494018555,,
C2831,R2085,0.1435767114162445,1,38SMB_00885_r5040_c720,1,906.2496948242188,904.7979736328125,819972.8874823079,408528.4571838379,3647162.0001220703,409434.7068786621,3648066.798095703,,
C2832,R3202,0.1435164362192154,2,38SMB_01287_r7200_c6480,5,423.848876953125,420.6976318359375,178312.21879050136,467320.1385498047,3625764.967956543,467743.9874267578,3626185.665588379,,
C2833,R3771,0.1434754133224487,1,38SMB_01410_r7920_c5760,0,624.8797607421875,624.6122741699219,390307.5684399344,459030.5889892578,3619231.513671875,459655.46875,3619856.125946045,,
C2834,R0601,0.1434701383113861,1,38SMB_00302_r1680_c1920,17,792.9112243652344,1046.9947814941406,830173.9140985301,419204.207611084,3681554.4329833984,419997.1188354492,3682601.4277648926,,
C2835,R0186,0.143417939543724,1,38SMB_00050_r240_c1920,5,354.5184326171875,345.545654296875,122502.30375900865,420088.3772277832,3695402.0779418945,420442.8956604004,3695747.6235961914,,
C2836,R3739,0.1434086710214615,1,38SMB_01402_r7920_c3840,7,1648.7954711914062,1220.8592224121094,2012947.1568753477,438785.4360961914,3619579.140777588,440434.2315673828,3620800.0,,
C2837,R0374,0.1433946192264557,2,38SMB_00176_r960_c1920,5,219.50439453125,438.563232421875,96266.55679643154,422180.05096435547,3687240.512084961,422399.5553588867,3687679.075317383,,
C2838,R0555,0.1433044523000717,1,38SMB_00283_r1440_c7440,0,765.682373046875,683.5974884033203,523418.5471295379,476226.74224853516,3683707.691040039,476992.42462158203,3684391.2885284424,,
C2839,R4693,0.1432005167007446,1,38SMB_01650_r9360_c2880,14,358.2951354980469,338.5737609863281,121309.33156867977,429766.6909790039,3605530.0703430176,430124.98611450195,3605868.644104004,,
C2840,R1141,0.1431672275066375,1,38SMB_00514_r2880_c2400,1,513.81591796875,348.58997344970703,179111.0772027634,425829.4909667969,3670850.7413482666,426343.3068847656,3671199.3313217163,,
C2841,R1917,0.143145352602005,1,38SMB_00812_r4560_c3360,7,530.711669921875,177.11841583251953,93998.8102403935,436267.5225830078,3654222.3133277893,436798.2342529297,3654399.431743622,,
C2842,R4975,0.1431307345628738,2,38SMB_01734_r9680_c2880,5,747.0081329345703,451.09352111816406,336970.5289893609,428804.54818725586,3602748.906478882,429551.55632019043,3603200.0,,
C2843,R2545,0.1430807113647461,1,38SMB_01095_r6240_c720,0,953.8410949707031,1220.4348754882812,1164100.937976176,407204.725189209,3634483.6822509766,408158.5662841797,3635704.117126465,,
C2844,R0730,0.1430550664663314,1,38SMB_00357_r1920_c5040,1,658.7216186523438,314.8284912109375,207384.33332834393,452284.7299194336,3677600.0,452943.45153808594,3677914.828491211,,
C2845,R2920,0.1430494040250778,1,38SMB_01212_r6720_c8640,4,1172.3660278320312,313.10577392578125,367074.57246864215,487005.0849914551,3629600.0,488177.4510192871,3629913.105773926,,
C2846,R2841,0.1430474817752838,1,38SMB_01193_r6720_c4080,10,593.4951782226562,350.325927734375,207916.74891673028,442397.2839355469,3629601.202392578,442990.77911376953,3629951.5283203125,,
C2847,R2949,0.1429927200078964,1,38SMB_01230_r6960_c2880,3,583.2452392578125,1173.9141845703125,684679.8594478518,431415.6674194336,3627846.455383301,431998.9126586914,3629020.369567871,,
C2848,R1610,0.1429287940263748,2,38SMB_00695_r3840_c5520,6,763.5153198242188,745.3347778320312,569074.5212725364,455248.2497406006,3660485.248413086,456011.7650604248,3661230.583190918,,
C2849,R0885,0.1428887844085693,1,38SMB_00427_r2400_c1680,8,443.8446044921875,125.56594848632812,55731.768743600696,418728.2339477539,3675874.4340515137,419172.0785522461,3676000.0,,
C2850,R2979,0.142865315079689,1,38SMB_01236_r6960_c4320,5,406.71142578125,186.754150390625,75955.04677593708,444668.46115112305,3627200.0659179688,445075.1725769043,3627386.8200683594,,
C2851,R4012,0.1428472697734832,2,38SMB_01469_r8160_c9680,1,466.0374450683594,492.04833984375,229312.95115090907,497615.42892456055,3616374.1093444824,498081.4663696289,3616866.157684326,,
C2852,R2187,0.1428266167640686,1,38SMB_00934_r5280_c2400,1,999.89990234375,926.7156982421875,926622.9361727834,426132.80334472656,3644146.2197875977,427132.7032470703,3645072.93548584,,
C2853,R0727,0.1428110748529434,1,38SMB_00355_r1920_c4560,3,441.61083221435547,1033.2935333251953,456313.61717345135,445600.0,3678523.9602661133,446041.61083221436,3679557.2537994385,,
C2854,R2777,0.1426660865545272,1,38SMB_01175_r6480_c9680,1,796.2770080566406,473.6847686767578,377184.29036393063,499203.72299194336,3634726.3152313232,500000.0,3635200.0,,
C2855,R1557,0.1426135897636413,1,38SMB_00685_r3840_c3120,15,733.253173828125,751.2826538085938,550880.3903471678,432580.5986022949,3659418.4634399414,433313.85177612305,3660169.74609375,,
C2856,R0476,0.1424842625856399,1,38SMB_00228_r1200_c4320,3,168.6008071899414,256.9553756713867,43322.88374999043,443200.0,3687740.5554389954,443368.60080718994,3687997.5108146667,,
C2857,R0399,0.142411008477211,1,38SMB_00186_r960_c4320,1,1404.727783203125,1263.7715148925781,1775254.9585903063,443784.89318847656,3688566.104736328,445189.6209716797,3689829.8762512207,,
C2858,R1137,0.1423647105693817,1,38SMB_00513_r2880_c2160,6,78.04934978485107,207.78955459594727,16217.839628297497,421600.0,3670985.715904236,421678.04934978485,3671193.505458832,,
C2859,R4494,0.1423278599977493,1,38SMB_01605_r9120_c2160,11,528.1008911132812,505.9515380859375,267193.45812331885,422341.84799194336,3605975.817565918,422869.94888305664,3606481.769104004,,
C2860,R1408,0.1422488838434219,2,38SMB_00638_r3600_c1920,0,485.71685791015625,461.01806640625,223924.2466546595,420694.8457336426,3661178.375854492,421180.56259155273,3661639.3939208984,,
C2861,R1278,0.1422204226255417,1,38SMB_00568_r3120_c5280,1,578.2891845703125,596.7362976074219,345086.1469469033,453223.4094238281,3667822.7716064453,453801.69860839844,3668419.5079040527,,
C2862,R3269,0.1420582085847854,1,38SMB_01310_r7440_c1920,0,807.1826171875,708.7137603759766,572061.4279370755,421422.2283935547,3624759.9168395996,422229.4110107422,3625468.6305999756,,
C2863,R3195,0.142006903886795,1,38SMB_01286_r7200_c6240,7,1121.9674682617188,1133.4591674804688,1271704.312516097,462400.0,3624800.0,463521.9674682617,3625933.4591674805,,
C2864,R1778,0.1420004516839981,1,38SMB_00767_r4320_c2640,7,665.0692749023438,700.0570678710938,465586.44651928917,428205.2363586426,3654370.178833008,428870.3056335449,3655070.235900879,,
C2865,R1167,0.1419710218906402,1,38SMB_00523_r2880_c4560,3,1298.7066650390625,1216.8086242675781,1580277.470413316,447313.87939453125,3669983.1913757324,448612.5860595703,3671200.0,,
C2866,R2668,0.1418585777282714,1,38SMB_01136_r6480_c480,1,689.9647521972656,664.8870468139648,458748.626494169,405651.46896362305,3634055.8042907715,406341.4337158203,3634720.6913375854,,
C2867,R3838,0.1416981518268585,1,38SMB_01427_r7920_c9680,6,748.5113525390625,593.5650634765625,444290.1884827763,499166.6571044922,3619520.561904907,499915.16845703125,3620114.126968384,,
C2868,R0178,0.1416833698749542,1,38SMB_00049_r240_c1680,4,669.1270446777344,851.8415832519531,569990.2411349816,419173.7648010254,3696102.643890381,419842.8918457031,3696954.485473633,,
C2869,R0445,0.1416525840759277,1,38SMB_00216_r1200_c1440,10,151.56578063964844,510.0025939941406,77298.9412869676,414400.0,3686703.436279297,414551.56578063965,3687213.438873291,,
C2870,R3181,0.1414851695299148,1,38SMB_01284_r7200_c5760,4,937.657470703125,489.2291259765625,458729.3448574841,459232.78564453125,3624801.593017578,460170.4431152344,3625290.8221435547,,
C2871,R4785,0.1413669884204864,2,38SMB_01686_r9600_c1440,4,610.8843994140625,1040.3710174560547,635546.4241664391,416986.7950439453,3601978.3764648438,417597.6794433594,3603018.7474823,,
C2872,R4539,0.1412961035966873,1,38SMB_01609_r9120_c3120,6,117.45248794555664,501.75750732421875,58932.66758059035,431200.0,3607851.3537597656,431317.45248794556,3608353.11126709,,
C2873,R0628,0.1412707716226577,1,38SMB_00313_r1680_c4560,1,583.8848876953125,604.4160461425781,352909.39522320405,447222.99072265625,3681915.4052734375,447806.87561035156,3682519.82131958,,
C2874,R1935,0.1411869674921035,1,38SMB_00814_r4560_c3840,6,534.7689819335938,513.7696838378906,274748.0907743331,440690.2941894531,3653443.369293213,441225.0631713867,3653957.138977051,,
C2875,R4646,0.1410544365644455,1,38SMB_01646_r9360_c1920,7,280.6231689453125,503.01055908203125,141156.41710255295,422118.68865966797,3604365.5487060547,422399.3118286133,3604868.5592651367,,
C2876,R2482,0.1409773826599121,1,38SMB_01069_r6000_c4560,10,595.0765991210938,142.9036521911621,85038.61934790039,447555.3266906738,3639857.096347809,448150.4032897949,3640000.0,,
C2877,R3597,0.1409679353237152,1,38SMB_01372_r7680_c6720,5,610.9085083007812,570.0433349609375,348244.3234277889,469353.8900756836,3621557.0204162598,469964.7985839844,3622127.0637512207,,
C2878,R3187,0.1409017592668533,1,38SMB_01285_r7200_c6000,5,201.4990234375,484.193115234375,97564.43987488747,462998.10791015625,3626210.930480957,463199.60693359375,3626695.1235961914,,
C2879,R4578,0.1408602148294448,1,38SMB_01616_r9120_c4800,4,778.2061767578125,910.2423095703125,708356.1876539141,449666.2646484375,3606507.7687072754,450444.4708251953,3607418.0110168457,,
C2880,R3097,0.140833780169487,1,38SMB_01271_r7200_c2640,1,461.62628173828125,1059.287986755371,488995.1746159117,429138.3737182617,3626757.244873047,429600.0,3627816.5328598022,,
C2881,R3579,0.1408190131187439,1,38SMB_01370_r7680_c6240,3,672.7154541015625,780.263671875,524895.4303443432,464927.28454589844,3622123.373413086,465600.0,3622903.637084961,,
C2882,R3829,0.1406905204057693,1,38SMB_01426_r7920_c9600,5,162.4822998046875,180.52978515625,29332.894675433636,498957.7490234375,3619628.0166625977,499120.2313232422,3619808.546447754,,
C2883,R0122,0.140678197145462,1,38SMB_00042_r240_c0,2,620.880126953125,213.15595626831055,132344.2971886834,401777.2863769531,3697386.064682007,402398.16650390625,3697599.220638275,,
C2884,R1087,0.1406527012586593,1,38SMB_00483_r2640_c5040,2,1331.5603637695312,1144.033203125,1523349.268117547,450764.3585205078,3670402.4948120117,452095.91888427734,3671546.5280151367,,
C2885,R3891,0.1405038982629776,1,38SMB_01436_r8160_c1920,3,560.5322265625,332.254638671875,186239.432400465,420937.32147216797,3615200.0,421497.85369873047,3615532.254638672,,
C2886,R0049,0.1404729187488556,1,38SMB_00004_r0_c960,15,752.6214599609375,804.5989990234375,605558.4733281285,410448.67126464844,3696958.101501465,411201.2927246094,3697762.7005004883,,
C2887,R1267,0.1404482871294021,1,38SMB_00564_r3120_c4320,4,629.094352722168,1017.2857666015625,639968.7308736844,443200.0,3665600.0,443829.09435272217,3666617.2857666016,,
C2888,R4659,0.1404183655977249,1,38SMB_01647_r9360_c2160,9,1147.1475219726562,1168.319435119629,1340234.7448699758,422013.00018310547,3604881.790008545,423160.1477050781,3606050.1094436646,,
C2889,R3262,0.1402068585157394,1,38SMB_01306_r7440_c960,1,623.1109619140625,254.1627311706543,158371.58390245168,411637.0797729492,3625345.589122772,412260.1907348633,3625599.751853943,,
C2890,R4602,0.1401295661926269,1,38SMB_01630_r9120_c8160,0,710.1239013671875,640.594482421875,454901.4530517161,482906.58905029297,3606461.156616211,483616.71295166016,3607101.751098633,,
C2891,R0400,0.1401007175445556,1,38SMB_00186_r960_c4320,2,1387.830810546875,1879.8318481445312,2608888.557502255,443200.0,3687867.568054199,444587.8308105469,3689747.3999023438,,
C2892,R2871,0.1400994062423706,1,38SMB_01196_r6720_c4800,7,429.9267578125,428.5691833496094,184253.35949584842,450013.7741088867,3631719.225463867,450443.7008666992,3632147.794647217,,
C2893,R3470,0.1399591863155365,1,38SMB_01352_r7680_c1920,1,520.9275817871094,522.0018005371094,271925.1356423134,420072.6206970215,3621795.807952881,420593.5482788086,3622317.809753418,,
C2894,R2717,0.1399568766355514,1,38SMB_01152_r6480_c4320,4,462.8858947753906,475.33050537109375,220023.78629273735,443641.06536865234,3632805.049133301,444103.95126342773,3633280.379638672,,
C2895,R4059,0.1399541497230529,1,38SMB_01481_r8400_c2640,2,1488.831787109375,1304.2037963867188,1941740.06892927,427392.79083251953,3613918.8598632812,428881.6226196289,3615223.063659668,,
C2896,R3526,0.1399316042661667,1,38SMB_01359_r7680_c3600,11,1136.2396240234375,1157.1444702148438,1314793.3977777138,437440.0280761719,3620127.4185180664,438576.2677001953,3621284.5629882812,,
C2897,R2799,0.1399200856685638,1,38SMB_01186_r6720_c2400,2,971.8867492675781,992.8868865966797,964973.6086048535,424552.29385375977,3630750.4165649414,425524.18060302734,3631743.303451538,,
C2898,R4186,0.1398702263832092,1,38SMB_01522_r8640_c2400,9,1163.9755249023438,685.1211547851562,797464.2557627521,424943.8865661621,3612911.459197998,426107.86209106445,3613596.580352783,,
C2899,R3630,0.1398475170135498,1,38SMB_01383_r7680_c9360,6,553.26904296875,632.8981781005859,350162.9692943767,495700.15197753906,3622346.49810791,496253.4210205078,3622979.3962860107,,
C2900,R3085,0.1398186981678009,1,38SMB_01268_r7200_c1920,0,1207.07275390625,1137.62451171875,1373195.5522716045,419847.56744384766,3625262.494506836,421054.6401977539,3626400.1190185547,,
C2901,R0425,0.1397701650857925,1,38SMB_00214_r1200_c960,0,383.6248779296875,388.83544921875,149166.95174127817,411354.8873901367,3686242.2317504883,411738.5122680664,3686631.067199707,,
C2902,R4614,0.1395056694746017,2,38SMB_01642_r9360_c960,3,688.177490234375,707.30712890625,486752.8447955847,411961.18713378906,3603711.0134887695,412649.36462402344,3604418.320617676,,
C2903,R0783,0.1394012421369552,1,38SMB_00385_r2160_c1680,1,199.06339645385742,826.2091064453125,164467.99091011053,416800.0,3677295.022354126,416999.06339645386,3678121.2314605713,,
C2904,R0145,0.1393302083015442,1,38SMB_00045_r240_c720,8,678.7152099609375,323.612060546875,219640.42761996388,408589.73419189453,3694401.411743164,409268.44940185547,3694725.023803711,,
C2905,R4303,0.1392702907323837,1,38SMB_01558_r8880_c960,0,184.5556640625,503.057861328125,92842.17765927315,412614.9645996094,3608872.9653930664,412799.5202636719,3609376.0232543945,,
C2906,R2038,0.1392425745725631,1,38SMB_00858_r4800_c4320,4,556.8112182617188,613.260498046875,341470.32502926886,444713.0856323242,3649775.9295654297,445269.89685058594,3650389.1900634766,,
C2907,R4634,0.1392341405153274,1,38SMB_01645_r9360_c1680,6,1201.2615585327148,1222.6150512695312,1468680.4619735922,417257.06775665283,3603878.2794189453,418458.32931518555,3605100.894470215,,
C2908,R3393,0.1391534954309463,1,38SMB_01328_r7440_c6240,2,1146.5798950195312,972.5273132324219,1115080.264709657,462400.0,3624626.8771362305,463546.57989501953,3625599.404449463,,
C2909,R3247,0.1391465812921524,2,38SMB_01301_r7200_c9680,3,508.6976623535156,512.2222900390625,260566.28154823557,497451.79473876953,3626433.0584716797,497960.49240112305,3626945.2807617188,,
C2910,R2362,0.1391231715679168,1,38SMB_01026_r5760_c4320,7,542.0938110351562,529.0383911132812,286788.4376225062,444239.34661865234,3640659.1011047363,444781.4404296875,3641188.1394958496,,
C2911,R4647,0.139086902141571,1,38SMB_01646_r9360_c1920,8,623.9620971679688,629.6503448486328,392877.94965428766,420302.65625,3605518.2319641113,420926.61834716797,3606147.88230896,,
C2912,R3830,0.1390764713287353,1,38SMB_01426_r7920_c9600,6,138.3648681640625,145.11444091796875,20078.740486316383,498950.4739379883,3619649.7805786133,499088.83880615234,3619794.8950195312,,
C2913,R0934,0.1390699595212936,2,38SMB_00437_r2400_c4080,2,451.458740234375,98.6395263671875,44531.676311045885,443405.2249145508,3672801.5072631836,443856.68365478516,3672900.146789551,,
C2914,R3132,0.1390218883752823,1,38SMB_01277_r7200_c4080,3,849.1558837890625,965.9765625,820264.6816492081,441602.958984375,3625244.914855957,442452.11486816406,3626210.891418457,,
C2915,R1232,0.1388164162635803,2,38SMB_00555_r3120_c2160,4,378.02452087402344,174.80138778686523,66079.2108662441,421934.29496765137,3668625.198612213,422312.3194885254,3668800.0,,
C2916,R2971,0.1387604624032974,1,38SMB_01235_r6960_c4080,3,837.4598693847656,922.6605224609375,772691.1606266163,440800.0,3627221.4401245117,441637.45986938477,3628144.1006469727,,
C2917,R0346,0.1386988013982772,1,38SMB_00171_r960_c720,0,216.17889404296875,512.9844665527344,110896.41464059241,410183.82110595703,3688988.155975342,410400.0,3689501.1404418945,,
C2918,R2220,0.1385068446397781,2,38SMB_00942_r5280_c4320,3,285.43994903564453,534.3115234375,152513.8540191576,443200.340423584,3644180.09765625,443485.7803726196,3644714.4091796875,,
C2919,R3286,0.1384975165128708,1,38SMB_01313_r7440_c2640,4,654.8678588867188,362.9443359375,237680.5801704526,427201.46423339844,3622402.152709961,427856.33209228516,3622765.0970458984,,
C2920,R0997,0.138495922088623,1,38SMB_00465_r2640_c720,5,654.8558807373047,970.3445434570312,635435.830624192,407204.9976348877,3672458.494491577,407859.853515625,3673428.839035034,,
C2921,R2215,0.1384380161762237,1,38SMB_00941_r5280_c4080,11,675.921630859375,617.2342300415039,417201.96739188395,441701.9984436035,3646069.450531006,442377.9200744629,3646686.6847610474,,
C2922,R1979,0.1383626163005828,1,38SMB_00827_r4560_c6960,1,878.2861328125,577.3736572265625,507099.2765933275,470541.5576171875,3651200.0,471419.84375,3651777.3736572266,,
C2923,R1310,0.138258159160614,1,38SMB_00595_r3360_c1680,5,635.997314453125,405.1715087890625,257687.99148276448,417913.7094116211,3663200.0,418549.7067260742,3663605.171508789,,
C2924,R4054,0.1382341384887695,1,38SMB_01480_r8400_c2400,2,131.9818115234375,428.070068359375,56497.46308103204,427068.01818847656,3613810.2951049805,427200.0,3614238.36517334,,
C2925,R1640,0.1382289081811905,1,38SMB_00722_r4080_c1920,9,452.880859375,487.9180145263672,220968.7297232449,420786.5808105469,3657597.758178711,421239.4616699219,3658085.6761932373,,
C2926,R1156,0.1380497962236404,1,38SMB_00521_r2880_c4080,4,594.7654724121094,655.711669921875,389994.6611272171,443073.86489868164,3669184.0252685547,443668.63037109375,3669839.7369384766,,
C2927,R0864,0.1380455940961837,2,38SMB_00424_r2400_c960,2,319.737548828125,336.8995666503906,107719.44164205343,411233.6508178711,3675270.3522491455,411553.3883666992,3675607.251815796,,
C2928,R2792,0.1379962414503097,2,38SMB_01182_r6720_c1440,1,565.7186889648438,574.154052734375,324809.6779767424,415686.4823913574,3629822.399291992,416252.20108032227,3630396.5533447266,,
C2929,R3380,0.1379307508468628,1,38SMB_01326_r7440_c5760,6,1156.4036560058594,1099.2599487304688,1271188.2236127276,459629.640045166,3624500.7400512695,460786.0437011719,3625600.0,,
C2930,R2252,0.1378953158855438,1,38SMB_00972_r5520_c1440,1,560.85693359375,571.1288452148438,320321.57281413674,416575.7717895508,3643495.6845092773,417136.62872314453,3644066.813354492,,
C2931,R2800,0.1378223747014999,1,38SMB_01186_r6720_c2400,3,804.4378662109375,911.9412231445312,733600.0516561791,426389.6694946289,3630250.319519043,427194.10736083984,3631162.2607421875,,
C2932,R3631,0.137814000248909,1,38SMB_01383_r7680_c9360,7,1049.65576171875,496.9038391113281,521577.9777433723,494895.3530883789,3622701.301612854,495945.00885009766,3623198.2054519653,,
C2933,R4028,0.1377924084663391,1,38SMB_01473_r8400_c720,6,1064.9634552001953,992.85888671875,1057358.4305262193,407981.53831481934,3613522.4813842773,409046.50177001953,3614515.340270996,,
C2934,R0488,0.1377882063388824,1,38SMB_00236_r1200_c6240,0,485.74798583984375,457.55126953125,222254.60759326816,464144.22775268555,3685517.023162842,464629.9757385254,3685974.574432373,,
C2935,R1177,0.1377792358398437,1,38SMB_00525_r2880_c5040,2,1143.233642578125,1110.5468368530273,1269614.5055491012,452450.42694091797,3669680.526123047,453593.6605834961,3670791.0729599,,
C2936,R1317,0.1375894397497177,1,38SMB_00598_r3360_c2400,2,1093.927001953125,967.7587890625,1058657.4707329273,425791.56341552734,3663225.9356689453,426885.49041748047,3664193.694458008,,
C2937,R4060,0.137571319937706,1,38SMB_01481_r8400_c2640,3,511.7803955078125,179.4524383544922,91840.23987590335,427920.5676269531,3615820.5475616455,428432.34802246094,3616000.0,,
C2938,R0693,0.1374743282794952,1,38SMB_00345_r1920_c2160,9,842.9000854492188,417.3451232910156,351780.2400838118,423073.91510009766,3680382.2562408447,423916.8151855469,3680799.6013641357,,
C2939,R3001,0.137468546628952,1,38SMB_01239_r6960_c5040,8,913.233642578125,988.3544921875,902598.5730588436,452164.50408935547,3628113.905029297,453077.7377319336,3629102.2595214844,,
C2940,R0388,0.1374356597661972,1,38SMB_00181_r960_c3120,1,624.345703125,671.3592529296875,419160.26481986046,433022.3356628418,3688004.766845703,433646.6813659668,3688676.126098633,,
C2941,R2483,0.1373772174119949,1,38SMB_01069_r6000_c4560,11,489.7601318359375,105.064697265625,51456.49998411536,446926.4978027344,3636800.436401367,447416.2579345703,3636905.501098633,,
C2942,R0329,0.1373557299375534,1,38SMB_00143_r720_c4080,0,1048.7734985351562,1410.4071044921875,1479197.5933371112,440805.3680419922,3690270.8236694336,441854.14154052734,3691681.230773926,,
C2943,R4603,0.1373140513896942,2,38SMB_01630_r9120_c8160,1,481.1463165283203,455.9161376953125,219362.3702979181,482779.23851013184,3606032.688293457,483260.38482666016,3606488.6044311523,,
C2944,R3240,0.1372460722923278,1,38SMB_01300_r7200_c9600,2,377.00809478759766,648.2665252685547,244401.72760607384,496000.19428253174,3626376.9274902344,496377.20237731934,3627025.194015503,,
C2945,R4792,0.1371030509471893,1,38SMB_01687_r9600_c1680,5,1128.1824493408203,676.9026947021484,763669.7400744713,417702.6699066162,3603322.576599121,418830.85235595703,3603999.4792938232,,
C2946,R1963,0.137100338935852,1,38SMB_00819_r4560_c5040,3,637.3993301391602,519.10888671875,330879.6566638164,450732.114982605,3652684.7369384766,451369.51431274414,3653203.8458251953,,
C2947,R4207,0.137011632323265,1,38SMB_01524_r8640_c2880,8,142.2314453125,719.078369140625,102275.55573582649,431857.0867919922,3610926.4053344727,431999.3182373047,3611645.4837036133,,
C2948,R2096,0.1369274705648422,2,38SMB_00896_r5040_c3360,2,480.6951904296875,488.1732177734375,234662.51788027585,436245.5368041992,3647664.5455932617,436726.2319946289,3648152.718811035,,
C2949,R3438,0.136891633272171,1,38SMB_01342_r7440_c9600,5,346.90074920654297,875.1571655273438,303592.6763949101,496000.0,3622400.0,496346.90074920654,3623275.1571655273,,
C2950,R1993,0.1368896067142486,1,38SMB_00841_r4800_c240,1,197.61072158813477,516.1508178710938,101996.93556781276,402400.0678062439,3650372.3292541504,402597.67852783203,3650888.4800720215,,
C2951,R0020,0.1367453932762146,1,38SMB_00002_r0_c480,7,668.0301284790039,602.3204040527344,402368.1769048737,405222.16777801514,3698530.195465088,405890.19790649414,3699132.5158691406,,
C2952,R3449,0.1366560310125351,1,38SMB_01344_r7680_c0,3,510.7000732421875,386.737060546875,197506.64514675736,401578.7774658203,3622813.262939453,402089.4775390625,3623200.0,,
C2953,R4739,0.13658107817173,1,38SMB_01657_r9360_c4560,4,968.4378051757812,708.2972717285156,685941.8552447576,447831.5621948242,3605690.1831817627,448800.0,3606398.480453491,,
C2954,R2131,0.136554017663002,1,38SMB_00899_r5040_c4080,10,296.2977981567383,593.380126953125,175817.22508617677,440800.0,3647578.214111328,441096.29779815674,3648171.5942382812,,
C2955,R3332,0.1365307420492172,1,38SMB_01319_r7440_c4080,7,512.003173828125,88.3837890625,45252.78051495552,441540.8282470703,3622401.0455322266,442052.83142089844,3622489.429321289,,
C2956,R2276,0.1365028023719787,1,38SMB_00983_r5520_c4080,6,885.9823608398438,469.83997344970703,416269.92889390094,441592.4850463867,3644330.1600265503,442478.46740722656,3644800.0,,
C2957,R2933,0.1363846361637115,1,38SMB_01224_r6960_c1440,0,1162.4722290039062,1059.3743896484375,1231493.3080842718,415213.69873046875,3627203.733215332,416376.17095947266,3628263.1076049805,,
C2958,R1449,0.1362230777740478,1,38SMB_00645_r3600_c3600,3,896.0957336425781,680.1913452148438,609516.5625076275,436661.2205505371,3661858.5081481934,437557.3162841797,3662538.699493408,,
C2959,R0582,0.1361744552850723,1,38SMB_00301_r1680_c1680,8,232.24157333374023,436.79779052734375,101442.60610077181,416800.0,3680999.945373535,417032.24157333374,3681436.7431640625,,
C2960,R3107,0.1361742317676544,2,38SMB_01272_r7200_c2880,6,426.2623405456543,441.83319091796875,188336.8500914483,428993.33475112915,3626621.8075561523,429419.5970916748,3627063.6407470703,,
C2961,R2245,0.136112168431282,1,38SMB_00960_r5280_c8640,0,1460.8895874023438,673.0653381347656,983274.1441225167,487906.29791259766,3644001.6357421875,489367.1875,3644674.7010803223,,
C2962,R4899,0.1361037343740463,1,38SMB_01705_r9600_c6000,5,559.227294921875,259.4610595703125,145097.70648106933,461002.86682128906,3600800.061645508,461562.09411621094,3601059.522705078,,
C2963,R3128,0.1360767632722854,1,38SMB_01276_r7200_c3840,1,102.9150390625,321.13372802734375,33049.49016422033,441497.0849609375,3626908.666229248,441600.0,3627229.7999572754,,
C2964,R2980,0.1360595077276229,1,38SMB_01236_r6960_c4320,6,747.821044921875,570.8575439453125,426899.2850147188,444814.0365600586,3628049.296569824,445561.85760498047,3628620.1541137695,,
C2965,R2284,0.1360417306423187,1,38SMB_00984_r5520_c4320,7,736.2792587280273,262.5592041015625,193316.89616811927,443698.97144317627,3641600.0,444435.2507019043,3641862.5592041016,,
C2966,R3944,0.1360177993774414,1,38SMB_01447_r8160_c4560,13,643.1137084960938,236.0028076171875,151776.64082217962,447286.883392334,3615200.0,447929.9971008301,3615436.002807617,,
C2967,R2684,0.1359951645135879,1,38SMB_01144_r6480_c2400,6,97.0037841796875,409.06494140625,39680.84729164839,427102.6724243164,3632004.1967773438,427199.6762084961,3632413.26171875,,
C2968,R4233,0.1359684467315673,1,38SMB_01526_r8640_c3360,7,187.978515625,207.91702270507812,39083.93330127001,435927.5573730469,3612666.7100524902,436115.5358886719,3612874.6270751953,,
C2969,R3002,0.1359504163265228,2,38SMB_01239_r6960_c5040,9,207.5555419921875,200.625,41640.83061218262,452840.9509277344,3628596.918029785,453048.50646972656,3628797.543029785,,
C2970,R1108,0.1359094679355621,2,38SMB_00506_r2880_c480,2,1034.3146514892578,747.9806518554688,773647.347244597,405800.98625183105,3668000.0,406835.3009033203,3668747.9806518555,,
C2971,R3812,0.1358807981014251,1,38SMB_01419_r7920_c7920,4,423.1901550292969,515.408935546875,218115.9873375669,479200.59494018555,3619830.9732055664,479623.78509521484,3620346.3821411133,,
C2972,R3333,0.1357661187648773,1,38SMB_01319_r7440_c4080,8,292.0123291015625,298.9361572265625,87293.0435243994,442921.27838134766,3623238.2104492188,443213.2907104492,3623537.1466064453,,
C2973,R3803,0.1357139348983764,1,38SMB_01417_r7920_c7440,2,284.9957275390625,155.4798984527588,44311.10677724355,477312.45513916016,3620642.9687404633,477597.4508666992,3620798.448638916,,
C2974,R1444,0.135659247636795,1,38SMB_00644_r3600_c3360,7,443.8423156738281,190.26927947998047,84449.55760598532,434192.0388031006,3663809.73072052,434635.8811187744,3664000.0,,
C2975,R4710,0.1356149613857269,1,38SMB_01652_r9360_c3360,9,546.4834594726562,752.9022216796875,411448.61074816436,436253.51654052734,3603232.693786621,436800.0,3603985.596008301,,
C2976,R1909,0.1355870813131332,1,38SMB_00811_r4560_c3120,4,140.16087532043457,565.83740234375,79308.26560154092,431200.0,3652828.99810791,431340.16087532043,3653394.835510254,,
C2977,R3632,0.1354094892740249,1,38SMB_01383_r7680_c9360,8,826.7514038085938,927.3873901367188,766718.8266699202,495580.5123901367,3622124.895629883,496407.2637939453,3623052.2830200195,,
C2978,R4568,0.1354055851697921,1,38SMB_01613_r9120_c4080,4,853.4545516967773,853.5533142089844,728468.9611275273,441306.01917266846,3607605.734024048,442159.47372436523,3608459.287338257,,
C2979,R3309,0.1353639364242553,1,38SMB_01316_r7440_c3360,12,1311.9065856933594,1348.2134246826172,1768730.0707613234,434005.65002441406,3623645.118408203,435317.5566101074,3624993.3318328857,,
C2980,R3401,0.1352705657482147,1,38SMB_01329_r7440_c6480,5,527.7911758422852,441.043701171875,232778.97363933735,465416.3331222534,3622400.0,465944.1242980957,3622841.043701172,,
C2981,R4243,0.1351920515298843,2,38SMB_01527_r8640_c3600,6,176.76753997802734,392.178955078125,69324.50912031345,436000.8646774292,3610560.3399658203,436177.6322174072,3610952.5189208984,,
C2982,R3952,0.135025754570961,1,38SMB_01448_r8160_c4800,5,1287.9963684082031,968.4156799316406,1247315.878861514,448098.30825805664,3617431.5843200684,449386.30462646484,3618400.0,,
C2983,R1739,0.1350090205669403,1,38SMB_00737_r4080_c5520,5,1253.3420181274414,1267.735595703125,1588906.2899705488,455250.43087005615,3656258.0209350586,456503.7728881836,3657525.7565307617,,
C2984,R0654,0.1348986178636551,1,38SMB_00339_r1920_c720,6,429.3048095703125,632.1322631835938,271377.4208692834,409970.6951904297,3679317.2959899902,410400.0,3679949.428253174,,
C2985,R3388,0.134722426533699,1,38SMB_01327_r7440_c6000,5,124.56496238708496,464.13055419921875,57814.40502652258,460000.0,3624331.989593506,460124.5649623871,3624796.120147705,,
C2986,R1804,0.1347149759531021,1,38SMB_00769_r4320_c3120,11,645.1622772216797,789.2064666748047,509166.24123799265,432180.19660949707,3655077.6669311523,432825.35888671875,3655866.873397827,,
C2987,R2328,0.1347110867500305,1,38SMB_01016_r5760_c1920,2,168.297119140625,743.2264709472656,125082.87392947823,422231.6906738281,3639317.8125,422399.98779296875,3640061.0389709473,,
C2988,R1779,0.1346829682588577,1,38SMB_00767_r4320_c2640,8,171.5794563293457,607.044677734375,104156.39577328693,426400.23889541626,3654750.778503418,426571.8183517456,3655357.8231811523,,
C2989,R4881,0.1346395760774612,2,38SMB_01702_r9600_c5280,3,588.5321044921875,708.233642578125,416818.23613867164,453637.5341796875,3600812.819213867,454226.0662841797,3601521.0528564453,,
C2990,R3334,0.1346242874860763,1,38SMB_01319_r7440_c4080,9,657.1963500976562,153.563232421875,100921.19585685432,441453.06060791016,3622400.5322265625,442110.2569580078,3622554.0954589844,,
C2991,R4258,0.1345865279436111,1,38SMB_01529_r8640_c4080,7,514.9736022949219,407.86075592041016,210037.5227110635,440800.0,3613191.7694473267,441314.9736022949,3613599.630203247,,
C2992,R2550,0.1345633119344711,1,38SMB_01096_r6240_c960,1,487.1689987182617,963.6714172363281,469470.8394284302,409600.0,3636403.6155700684,410087.16899871826,3637367.2869873047,,
C2993,R4902,0.1345604360103607,2,38SMB_01706_r9600_c6240,1,480.3851318359375,570.3659057617188,273995.30083406717,464248.4582519531,3601399.172668457,464728.84338378906,3601969.5385742188,,
C2994,R2386,0.1345408260822296,2,38SMB_01029_r5760_c5040,4,868.7347412109375,769.486083984375,668479.2940355837,451902.5485229492,3641572.1395111084,452771.28326416016,3642341.625595093,,
C2995,R1120,0.1345110088586807,1,38SMB_00510_r2880_c1440,2,1089.9024200439453,1067.3667907714844,1163325.6483363803,415458.98948669434,3668079.3994140625,416548.8919067383,3669146.766204834,,
C2996,R0327,0.1343251913785934,1,38SMB_00142_r720_c3840,1,1738.9067840576172,1487.9934692382812,2587481.9382918766,439258.0966949463,3691125.1776123047,440997.0034790039,3692613.171081543,,
C2997,R1874,0.13426373898983,2,38SMB_00777_r4320_c5040,1,816.9166564941406,453.575439453125,370533.3314659074,452781.3212585449,3653600.5096435547,453598.23791503906,3654054.085083008,,
C2998,R1076,0.1341848820447921,1,38SMB_00481_r2640_c4560,6,1461.9610595703125,912.7000427246094,1334331.9215315394,447256.953125,3670400.0,448718.9141845703,3671312.7000427246,,
C2999,R1435,0.134178340435028,1,38SMB_00643_r3600_c3120,7,555.6201171875,157.4365234375,87474.89960193634,432292.89611816406,3660800.4248046875,432848.51623535156,3660957.861328125,,
C3000,R1904,0.134109228849411,2,38SMB_00810_r4560_c2880,3,394.085693359375,394.0911674499512,155305.69097131956,430270.5993652344,3653759.356613159,430664.68505859375,3654153.447780609,,
C3001,R2853,0.1340521425008773,2,38SMB_01194_r6720_c4320,10,325.7781982421875,321.9371032714844,104880.08945109323,445410.2233886719,3632360.5841827393,445736.00158691406,3632682.5212860107,,
C3002,R0957,0.1340017765760421,1,38SMB_00441_r2400_c5040,3,1720.9951782226562,1737.7041625976562,2990580.485008005,450585.9489440918,3672800.0,452306.94412231445,3674537.7041625977,,
C3003,R1314,0.1339938640594482,1,38SMB_00596_r3360_c1920,2,202.25101470947266,518.28369140625,104823.40249428526,419200.0,3665217.868347168,419402.2510147095,3665736.152038574,,
C3004,R4291,0.1339226216077804,1,38SMB_01542_r8640_c7200,2,316.3351821899414,462.261962890625,146229.7222504858,472000.79277038574,3612712.955932617,472317.1279525757,3613175.217895508,,
C3005,R0234,0.1338966190814972,1,38SMB_00088_r480_c960,4,500.78582763671875,154.395751953125,77319.20442543924,411324.2205810547,3692000.0,411825.0064086914,3692154.395751953,,
C3006,R3898,0.1338794231414795,1,38SMB_01440_r8160_c2880,2,108.48048210144043,402.415771484375,43654.256895848084,428800.0,3616667.2106933594,428908.48048210144,3617069.6264648438,,
C3007,R4118,0.1338693648576736,1,38SMB_01492_r8400_c5280,4,258.792724609375,253.21502685546875,65530.20671196282,455029.0563964844,3614995.8352661133,455287.84912109375,3615249.0502929688,,
C3008,R4953,0.1338597536087036,1,38SMB_01731_r9680_c2160,14,252.24559783935547,435.0048828125,109728.06672807783,421600.0,3600617.4014282227,421852.24559783936,3601052.406311035,,
C3009,R2712,0.1338229775428772,1,38SMB_01151_r6480_c4080,9,1139.9183654785156,1081.0772705078125,1232339.8351532407,441071.6389465332,3632797.843475342,442211.5573120117,3633878.9207458496,,
C3010,R0694,0.1337792128324508,1,38SMB_00345_r1920_c2160,10,699.6994018554688,231.4227294921875,161926.34540144354,423429.23751831055,3677600.0,424128.936920166,3677831.422729492,,
C3011,R2781,0.1337365359067917,1,38SMB_01178_r6720_c480,1,1213.6781311035156,1131.9144439697266,1373779.8069262528,404890.73959350586,3631668.0855560303,406104.4177246094,3632800.0,,
C3012,R1743,0.1337229162454605,1,38SMB_00740_r4080_c6240,1,495.9308624267578,167.479248046875,83058.12792247161,463448.6513519287,3659032.1515083313,463944.58221435547,3659199.630756378,,
C3013,R2801,0.1337209194898605,1,38SMB_01186_r6720_c2400,4,779.6087646484375,793.2854461669922,618452.2866998333,424558.03619384766,3630935.6997680664,425337.6449584961,3631728.9852142334,,
C3014,R2119,0.1336917728185653,1,38SMB_00898_r5040_c3840,11,524.1897583007812,564.59228515625,295953.49349454045,438787.91694641113,3648537.2832489014,439312.1067047119,3649101.8755340576,,
C3015,R4149,0.1336536109447479,1,38SMB_01505_r8400_c8400,2,630.7162475585938,698.4481811523438,440522.6159305312,485016.98974609375,3614379.264831543,485647.70599365234,3615077.7130126953,,
C3016,R4838,0.1336525231599807,2,38SMB_01692_r9600_c2880,6,1465.6455993652344,1499.1073608398438,2197160.1063909475,428845.0665283203,3601628.1561279297,430310.71212768555,3603127.2634887695,,
C3017,R1728,0.1335485726594925,1,38SMB_00735_r4080_c5040,0,851.9970703125,526.4079284667969,448498.012842983,452599.90814208984,3658673.2695007324,453451.90521240234,3659199.677429199,,
C3018,R1731,0.1335199326276779,1,38SMB_00736_r4080_c5280,2,650.723876953125,864.9061584472656,562815.0886254385,455348.02154541016,3658153.6337280273,455998.7454223633,3659018.5398864746,,
C3019,R3357,0.133470132946968,1,38SMB_01323_r7440_c5040,4,568.9120483398438,568.9842987060547,323702.0228500711,451853.87924194336,3623938.0932617188,452422.7912902832,3624507.077560425,,
C3020,R1925,0.1334509402513504,2,38SMB_00813_r4560_c3600,6,605.4525756835938,677.1432495117188,409978.1245236285,436002.6643753052,3653678.048553467,436608.11695098877,3654355.1918029785,,
C3021,R2145,0.1333959698677063,1,38SMB_00902_r5040_c4800,2,546.1337280273438,555.1634216308594,303193.4691196773,449623.79669189453,3648673.819885254,450169.9304199219,3649228.9833068848,,
C3022,R5034,0.1332870870828628,1,38SMB_01747_r9680_c6000,6,323.4283447265625,365.386962890625,118176.50059238076,461844.8484802246,3600526.004333496,462168.2768249512,3600891.3912963867,,
C3023,R1011,0.1332823485136032,1,38SMB_00467_r2640_c1200,4,390.0611114501953,420.86639404296875,164163.61343243625,413242.53776550293,3671957.7966308594,413632.5988769531,3672378.6630249023,,
C3024,R1587,0.1332762241363525,1,38SMB_00689_r3840_c4080,7,376.427001953125,878.3793640136719,330645.71057315916,443623.1561279297,3660323.9707946777,443999.5831298828,3661202.3501586914,,
C3025,R1330,0.1332045346498489,2,38SMB_00600_r3360_c2880,2,256.783447265625,420.0726318359375,107867.69850477576,431742.4139404297,3663217.882080078,431999.1973876953,3663637.954711914,,
C3026,R3598,0.1331709623336792,1,38SMB_01372_r7680_c6720,6,415.7977294921875,132.3749828338623,55041.21730388724,469224.69818115234,3623067.573633194,469640.49591064453,3623199.948616028,,
C3027,R3126,0.1331671625375747,1,38SMB_01275_r7200_c3600,9,1131.6043090820312,1518.7091064453125,1718577.769095637,438068.39569091797,3626300.308227539,439200.0,3627819.0173339844,,
C3028,R4740,0.1331246197223663,1,38SMB_01657_r9360_c4560,5,727.5799560546875,923.6318969726562,672016.0550100729,447307.11151123047,3605265.7791137695,448034.69146728516,3606189.411010742,,
C3029,R1641,0.1331103146076202,2,38SMB_00722_r4080_c1920,10,179.2706298828125,453.7339782714844,81341.17608396336,422220.03326416016,3658319.3144226074,422399.30389404297,3658773.048400879,,
C3030,R2120,0.1331061869859695,1,38SMB_00898_r5040_c3840,12,617.5152587890625,177.41241455078125,109554.87308371812,440870.0,3646400.0,441487.51525878906,3646577.412414551,,
C3031,R4113,0.1329464316368103,1,38SMB_01491_r8400_c5040,2,453.406982421875,468.165283203125,212269.40833181143,452346.3641357422,3614368.0570983887,452799.77111816406,3614836.222381592,,
C3032,R2066,0.1328967213630676,1,38SMB_00869_r4800_c6960,1,755.3375244140625,1262.8317260742188,953864.1897244379,472038.73474121094,3648827.3544311523,472794.072265625,3650090.1861572266,,
C3033,R1493,0.1328340619802475,1,38SMB_00654_r3600_c5760,4,408.7603569030762,434.02191162109375,177410.95149799366,457727.32385635376,3662301.0607910156,458136.08421325684,3662735.0827026367,,
C3034,R3857,0.1328223645687103,1,38SMB_01431_r8160_c720,10,353.88580322265625,326.9348907470703,115697.61641353834,409475.4049682617,3616836.9674682617,409829.2907714844,3617163.902359009,,
C3035,R1144,0.1328027546405792,1,38SMB_00516_r2880_c2880,2,441.2986755371094,464.72320556640625,205081.7351078149,429231.3781738281,3669228.260498047,429672.67684936523,3669692.9837036133,,
C3036,R2779,0.1327590495347976,1,38SMB_01177_r6720_c240,1,270.14257431030273,434.27417755126953,117315.94428018943,402400.44708251953,3632365.7258224487,402670.58965682983,3632800.0,,
C3037,R3484,0.1327207386493683,1,38SMB_01355_r7680_c2640,4,846.3414001464844,718.2958984375,607923.5564030707,428753.6585998535,3620000.0,429600.0,3620718.2958984375,,
C3038,R0100,0.132641926407814,1,38SMB_00014_r0_c3360,2,385.76507568359375,167.3063087463379,64540.93085587374,434687.93395996094,3699832.672843933,435073.69903564453,3699999.9791526794,,
C3039,R2171,0.1326376497745514,1,38SMB_00912_r5040_c7200,1,1541.1927795410156,1377.4127197265625,2122858.538090531,472334.2182922363,3646400.0,473875.41107177734,3647777.4127197266,,
C3040,R1630,0.1325955837965011,1,38SMB_00721_r4080_c1680,3,1013.0105590820312,872.9902648925781,884348.3563120011,418356.91345214844,3657896.664276123,419369.92401123047,3658769.6545410156,,
C3041,R0397,0.132594496011734,1,38SMB_00185_r960_c4080,0,1195.3643798828125,1718.0227661132812,2053663.2184395567,442801.8453979492,3687983.588256836,443997.20977783203,3689701.611022949,,
C3042,R3882,0.1325345784425735,1,38SMB_01434_r8160_c1440,2,686.4907073974609,990.7757568359375,680158.3501825575,414400.2756500244,3615200.0,415086.7663574219,3616190.775756836,,
C3043,R1260,0.1322732865810394,1,38SMB_00563_r3120_c4080,4,703.1439208984375,524.841423034668,369039.05604251195,442589.560546875,3668274.8237609863,443292.70446777344,3668799.665184021,,
C3044,R4802,0.1321656554937362,2,38SMB_01688_r9600_c1920,5,960.8392333984375,1238.5299682617188,1190028.185245581,420996.4373779297,3601612.669067383,421957.2766113281,3602851.1990356445,,
C3045,R1859,0.1321617215871811,1,38SMB_00773_r4320_c4080,12,990.7746887207031,1101.7337036132812,1091569.8672505561,440818.0407714844,3654162.2009277344,441808.8154602051,3655263.9346313477,,
C3046,R3930,0.1321042031049728,1,38SMB_01446_r8160_c4320,7,808.29345703125,893.0242919921875,721825.6921872497,445590.0930786133,3615545.4791259766,446398.38653564453,3616438.5034179688,,
C3047,R1832,0.1320882886648178,2,38SMB_00771_r4320_c3600,10,361.65992736816406,344.88555908203125,124731.28624793608,436290.0478363037,3654877.829437256,436651.7077636719,3655222.714996338,,
C3048,R2416,0.1320729851722717,1,38SMB_01044_r5760_c8640,2,323.79150390625,339.37381744384766,109886.35873654857,489275.3125,3642060.626182556,489599.10400390625,3642400.0,,
C3049,R2567,0.1320412307977676,1,38SMB_01103_r6240_c2640,2,440.8543395996094,742.3583984375,327271.92148938775,426400.0,3636857.6416015625,426840.8543395996,3637600.0,,
C3050,R1998,0.1320080161094665,1,38SMB_00849_r4800_c2160,1,702.6486206054688,172.76622772216797,121393.95159619162,422622.9722595215,3651826.8099212646,423325.62088012695,3651999.576148987,,
C3051,R2661,0.1320047229528427,1,38SMB_01134_r6480_c0,0,432.25555419921875,178.157958984375,77009.7672957927,401534.06326293945,3632000.7763671875,401966.3188171387,3632178.934326172,,
C3052,R4540,0.1319915056228637,2,38SMB_01609_r9120_c3120,7,750.2072906494141,469.949951171875,352559.8796094768,431200.45768737793,3605600.054626465,431950.66497802734,3606070.0045776367,,
C3053,R4150,0.131891667842865,1,38SMB_01505_r8400_c8400,3,1084.5054626464844,973.2477188110352,1055492.4675587972,484255.3108215332,3614651.1251831055,485339.8162841797,3615624.3729019165,,
C3054,R2759,0.131883755326271,2,38SMB_01158_r6480_c5760,1,421.9366455078125,412.89085388183594,174213.78184775822,459200.2374267578,3634432.5075531006,459622.1740722656,3634845.3984069824,,
C3055,R1791,0.1317190825939178,1,38SMB_00768_r4320_c2880,9,1094.8558044433594,671.0623168945312,734716.4727951866,429184.3504333496,3656128.9376831055,430279.20623779297,3656800.0,,
C3056,R1754,0.1317080110311508,1,38SMB_00763_r4320_c1680,0,259.7991943359375,501.1260986328125,130192.15668551624,419740.20080566406,3654773.5606384277,420000.0,3655274.6867370605,,
C3057,R4051,0.1316646188497543,1,38SMB_01479_r8400_c2160,0,974.3875122070312,859.4685363769531,837455.4089805577,422350.9831237793,3615140.531463623,423325.3706359863,3616000.0,,
C3058,R3527,0.1315965354442596,1,38SMB_01359_r7680_c3600,12,855.894775390625,973.3755493164062,833107.0471528918,437480.8981323242,3620382.0986938477,438336.79290771484,3621355.474243164,,
C3059,R3248,0.1315869390964508,2,38SMB_01301_r7200_c9680,4,454.3865966796875,462.47802734375,210143.81688386202,498270.341796875,3625561.8183898926,498724.7283935547,3626024.2964172363,,
C3060,R0206,0.1315827518701553,1,38SMB_00059_r240_c4080,2,183.04555892944336,409.5355224609375,74963.65861032391,440800.8306312561,3694400.0,440983.87619018555,3694809.535522461,,
C3061,R0542,0.1314270049333572,1,38SMB_00269_r1440_c4080,5,338.71105194091797,331.766357421875,112372.93192096986,440801.0414505005,3682400.0,441139.7525024414,3682731.766357422,,
C3062,R3014,0.1313261091709137,1,38SMB_01241_r6960_c5520,1,113.77182006835938,570.3195190429688,64886.2897020299,455200.0,3628142.120819092,455313.77182006836,3628712.4403381348,,
C3063,R0707,0.1313163191080093,2,38SMB_00347_r1920_c2640,2,699.224853515625,513.2923126220703,358906.7421038635,428381.86279296875,3680286.707687378,429081.0876464844,3680800.0,,
C3064,R0645,0.1312675327062606,1,38SMB_00338_r1920_c480,2,929.4554138183594,487.860107421875,453444.2180292681,405245.3398132324,3677600.979614258,406174.7952270508,3678088.8397216797,,
C3065,R1926,0.1312070339918136,1,38SMB_00813_r4560_c3600,7,1204.8062133789062,800.7150268554688,964706.4395013265,436000.0,3653598.710861206,437204.8062133789,3654399.4258880615,,
C3066,R0194,0.1310432702302932,1,38SMB_00056_r240_c3360,6,909.256591796875,675.0282287597656,613773.8666487858,435845.7278442383,3694611.419067383,436754.98443603516,3695286.4472961426,,
C3067,R0550,0.1309416741132736,1,38SMB_00277_r1440_c6000,2,735.1821899414062,706.3227844238281,519275.93145822175,460828.7663269043,3684574.849395752,461563.9485168457,3685281.172180176,,
C3068,R0313,0.1308715939521789,1,38SMB_00135_r720_c2160,2,135.1885986328125,418.01158905029297,56510.40093598422,424663.46893310547,3692380.1584243774,424798.6575317383,3692798.1700134277,,
C3069,R4146,0.1308257579803466,1,38SMB_01504_r8400_c8160,2,835.2703857421875,750.8332824707031,627148.805477377,483003.5791015625,3614491.650695801,483838.8494873047,3615242.4839782715,,
C3070,R1720,0.1308114975690841,4,38SMB_00731_r4080_c4080,4,488.79467010498047,594.1265678405762,290405.8997282387,440800.0,3658479.6199798584,441288.794670105,3659073.746547699,,
C3071,R5052,0.1307430863380432,1,38SMB_01753_r9680_c7440,1,543.1912231445312,134.6647071838379,73148.68700958905,476164.6691894531,3603064.789981842,476707.86041259766,3603199.454689026,,
C3072,R3953,0.1307239681482315,1,38SMB_01448_r8160_c4800,6,574.803466796875,615.455322265625,353765.8528968692,449304.63439941406,3616104.5376586914,449879.43786621094,3616719.992980957,,
C3073,R0123,0.1307009309530258,2,38SMB_00042_r240_c0,3,454.857177734375,425.540771484375,193560.27432829142,401960.57403564453,3697102.8132247925,402415.4312133789,3697528.353996277,,
C3074,R1261,0.1306589543819427,1,38SMB_00563_r3120_c4080,5,850.498046875,717.5723266601562,610293.8623160124,442243.4036254883,3666579.2639160156,443093.9016723633,3667296.836242676,,
C3075,R1362,0.1306468248367309,1,38SMB_00605_r3360_c4080,3,386.0589599609375,976.4635467529297,376972.5012992043,443613.94104003906,3664546.9122314453,444000.0,3665523.3757781982,,
C3076,R4749,0.1306270658969879,1,38SMB_01658_r9360_c4800,7,547.9742431640625,284.51276779174805,155905.6686011958,450161.4782714844,3606115.4872322083,450709.45251464844,3606400.0,,
C3077,R3580,0.1305620968341827,2,38SMB_01370_r7680_c6240,4,91.43352508544922,507.5048828125,46402.960433624685,462400.0,3620123.4411621094,462491.43352508545,3620630.946044922,,
C3078,R1331,0.1305549442768097,1,38SMB_00600_r3360_c2880,3,902.5692749023438,445.184326171875,401809.6944708377,428896.7289733887,3663201.7248535156,429799.298248291,3663646.9091796875,,
C3079,R2568,0.130470260977745,1,38SMB_01103_r6240_c2640,3,1169.19921875,1172.3483276367188,1370708.7487757206,426400.0,3634861.1630249023,427569.19921875,3636033.511352539,,
C3080,R2484,0.1304223984479904,1,38SMB_01069_r6000_c4560,12,131.4542579650879,605.9912109375,79660.12496715412,445600.0,3638333.719177246,445731.4542579651,3638939.7103881836,,
C3081,R2921,0.1303711384534835,1,38SMB_01212_r6720_c8640,5,643.9070129394531,169.605712890625,109210.30796486884,487209.9922180176,3629600.748901367,487853.89923095703,3629770.354614258,,
C3082,R4302,0.1303103864192962,1,38SMB_01557_r8880_c720,1,1330.888671875,1144.783058166504,1523578.8038682193,407452.6078796387,3609498.0154418945,408783.4965515137,3610642.798500061,,
C3083,R3402,0.1302841156721115,1,38SMB_01329_r7440_c6480,6,1168.5723876953125,619.228515625,723613.3450329304,464920.1806640625,3622406.566772461,466088.7530517578,3623025.795288086,,
C3084,R3775,0.1301904618740081,1,38SMB_01411_r7920_c6000,3,435.8656311035156,223.25172424316406,97307.75368219474,460428.6555480957,3620576.748275757,460864.5211791992,3620800.0,,
C3085,R4194,0.1301169395446777,1,38SMB_01523_r8640_c2640,4,122.81014442443848,319.3121337890625,39214.76926711039,426400.0,3612473.5356140137,426522.81014442444,3612792.8477478027,,
C3086,R1338,0.1300841271877288,1,38SMB_00601_r3360_c3120,5,117.3004150390625,413.22399139404297,48471.34569461923,434282.6370239258,3665985.170211792,434399.93743896484,3666398.394203186,,
C3087,R4473,0.1300050318241119,1,38SMB_01603_r9120_c1680,3,841.7919921875,563.5315704345703,474376.3633366674,418754.9645996094,3608228.11794281,419596.7565917969,3608791.6495132446,,
C3088,R2666,0.1299850195646286,1,38SMB_01135_r6480_c240,4,202.57965087890625,520.7489013671875,105493.13063453883,402400.11323928833,3632422.5018310547,402602.69289016724,3632943.250732422,,
C3089,R4830,0.1299836784601211,2,38SMB_01691_r9600_c2640,5,316.1491394042969,165.22602081298828,52236.06428722269,426735.4862213135,3603833.5907554626,427051.6353607178,3603998.8167762756,,
C3090,R1038,0.1299075037240982,1,38SMB_00471_r2640_c2160,7,220.53743362426758,620.5075073242188,136845.13320987462,421600.15996932983,3671370.6985473633,421820.6974029541,3671991.2060546875,,
C3091,R3969,0.1298960894346237,2,38SMB_01455_r8160_c6480,3,416.19415283203125,414.58518981933594,172547.9318535654,466123.67599487305,3617665.5044555664,466539.8701477051,3618080.0896453857,,
C3092,R3426,0.129833310842514,1,38SMB_01340_r7440_c9120,1,569.6508407592773,189.14440155029297,107746.26736803475,491578.14960479736,3625410.8555984497,492147.80044555664,3625600.0,,
C3093,R0090,0.1297755688428878,1,38SMB_00009_r0_c2160,3,612.6077270507812,1066.7997741699219,653529.7848725226,421601.7102432251,3698382.5917053223,422214.3179702759,3699449.391479492,,
C3094,R4954,0.1297504156827926,1,38SMB_01731_r9680_c2160,15,379.18792724609375,432.8826141357422,164143.86119500268,421601.3159942627,3602767.1173858643,421980.5039215088,3603200.0,,
C3095,R0743,0.1297390609979629,1,38SMB_00378_r2160_c0,4,627.8103637695312,161.5185546875,101403.0225738883,400211.81312561035,3675200.7110595703,400839.6234893799,3675362.229614258,,
C3096,R3275,0.1296818852424621,1,38SMB_01311_r7440_c2160,5,506.1004638671875,506.43768310546875,256308.34633950144,422524.35272216797,3624249.4065856934,423030.45318603516,3624755.844268799,,
C3097,R0434,0.1296613365411758,2,38SMB_00215_r1200_c1200,8,657.94921875,570.2838134765625,375217.789542675,413756.82708740234,3684808.2080078125,414414.77630615234,3685378.491821289,,
C3098,R3694,0.1296018362045288,2,38SMB_01395_r7920_c2160,3,273.3819389343262,482.647705078125,131947.16543646064,421600.03547668457,3617785.877380371,421873.4174156189,3618268.525085449,,
C3099,R1476,0.1295988261699676,1,38SMB_00652_r3600_c5280,3,717.63427734375,649.7590637207031,466289.3761407584,454670.21270751953,3662655.7260131836,455387.8469848633,3663305.4850769043,,
C3100,R4469,0.129544511437416,2,38SMB_01602_r9120_c1440,2,528.8168334960938,474.859619140625,251113.76014910638,416536.61407470703,3605600.0,417065.4309082031,3606074.8596191406,,
C3101,R3965,0.1295300424098968,1,38SMB_01454_r8160_c6240,3,597.041015625,575.780029296875,343764.2934679985,464509.4104003906,3616059.170227051,465106.4514160156,3616634.9502563477,,
C3102,R1692,0.1295130103826522,2,38SMB_00727_r4080_c3120,12,167.81991958618164,632.4615478515625,106139.64610180119,431200.1090812683,3656078.184814453,431367.9290008545,3656710.6463623047,,
C3103,R4871,0.1293901652097702,2,38SMB_01700_r9600_c4800,4,395.3851318359375,404.2340087890625,159828.116857633,450247.49908447266,3602017.328186035,450642.8842163086,3602421.562194824,,
C3104,R3528,0.1293891817331314,1,38SMB_01359_r7680_c3600,13,535.4788208007812,569.4647216796875,304936.29765268415,437020.85845947266,3620956.322631836,437556.33728027344,3621525.7873535156,,
C3105,R0976,0.1292887330055236,1,38SMB_00462_r2640_c0,3,390.1092529296875,1124.7540283203125,438776.9537176937,402809.8907470703,3671006.4141845703,403200.0,3672131.1682128906,,
C3106,R5023,0.1292855739593505,1,38SMB_01745_r9680_c5520,5,1470.8840942382812,1268.69140625,1866098.0099499226,455200.0,3600534.045715332,456670.8840942383,3601802.737121582,,
C3107,R4352,0.1292401552200317,1,38SMB_01566_r8880_c2880,8,720.203857421875,668.2766723632812,481295.4372610897,429841.4712524414,3609411.9746398926,430561.6751098633,3610080.251312256,,
C3108,R4164,0.1291887015104293,1,38SMB_01516_r8640_c960,0,1120.2882385253906,502.34195709228516,562767.7862483135,410212.06466674805,3613095.76171875,411332.35290527344,3613598.1036758423,,
C3109,R4403,0.1290838569402694,1,38SMB_01571_r8880_c4080,8,689.4891357421875,451.38427734375,311224.55527335405,441461.69509887695,3608000.135192871,442151.18423461914,3608451.519470215,,
C3110,R1128,0.129075288772583,1,38SMB_00512_r2880_c1920,4,119.31238174438477,415.30826568603516,49551.4183371306,419200.0,3670170.0059509277,419319.3123817444,3670585.314216614,,
C3111,R1402,0.1290720254182815,1,38SMB_00635_r3600_c1200,1,530.8333587646484,502.2920608520508,266633.3817429113,412000.0,3663497.707939148,412530.83335876465,3664000.0,,
C3112,R4752,0.129056766629219,1,38SMB_01659_r9360_c5040,1,972.3690795898438,910.9637832641602,885793.0154722533,451242.63885498047,3605256.96975708,452215.0079345703,3606167.9335403442,,
C3113,R4283,0.1290412992238998,1,38SMB_01540_r8640_c6720,1,612.5323486328125,774.971923828125,474695.3726269305,468404.9038696289,3611486.734313965,469017.4362182617,3612261.706237793,,
C3114,R1271,0.1289931833744049,1,38SMB_00565_r3120_c4560,3,643.5455322265625,591.5690422058105,380701.61411509616,447788.1750488281,3668119.131164551,448431.7205810547,3668710.7002067566,,
C3115,R4766,0.128903329372406,1,38SMB_01671_r9360_c7920,3,128.4403419494629,473.8306427001953,60858.96977454686,479200.0,3604672.1298217773,479328.44034194946,3605145.9604644775,,
C3116,R3513,0.1288196593523025,1,38SMB_01358_r7680_c3360,16,344.8992919921875,152.07321166992188,52449.94303593412,435283.52600097656,3623046.6804885864,435628.42529296875,3623198.7537002563,,
C3117,R1867,0.1288090050220489,1,38SMB_00774_r4320_c4320,6,212.17544555664062,230.7952880859375,48969.09308200702,443995.6332397461,3654752.0693969727,444207.80868530273,3654982.8646850586,,
C3118,R0463,0.1287805438041687,1,38SMB_00222_r1200_c2880,1,484.185791015625,475.04119873046875,230008.19857232273,429627.1374511719,3686830.3379821777,430111.3232421875,3687305.379180908,,
C3119,R1488,0.128650277853012,1,38SMB_00653_r3600_c5520,8,776.9113159179688,388.232421875,301622.16176092625,455236.20613098145,3660801.746826172,456013.1174468994,3661189.979248047,,
C3120,R2254,0.1286467462778091,1,38SMB_00973_r5520_c1680,1,366.0750961303711,708.4648132324219,259351.32460904424,416800.0,3643425.0088500977,417166.0750961304,3644133.47366333,,
C3121,R3575,0.1286217719316482,2,38SMB_01369_r7680_c6000,4,471.90185546875,485.9326171875,229312.50368356705,462030.31494140625,3620074.1845703125,462502.216796875,3620560.1171875,,
C3122,R1769,0.1286088973283767,1,38SMB_00766_r4320_c2400,5,136.5354061126709,377.99346923828125,51609.491830386105,424000.0,3655774.1136169434,424136.5354061127,3656152.1070861816,,
C3123,R2517,0.1284372508525848,1,38SMB_01078_r6000_c6720,2,542.7523803710938,570.2175903320312,309486.95448217914,468943.30001831055,3638380.6161499023,469486.05239868164,3638950.8337402344,,
C3124,R2048,0.1284074634313583,1,38SMB_00861_r4800_c5040,2,125.3045654296875,374.2279052734375,46892.465041950345,453474.6954345703,3649349.93560791,453600.0,3649724.1635131836,,
C3125,R4107,0.1283946633338928,1,38SMB_01489_r8400_c4560,6,349.425048828125,704.37744140625,246127.12185680866,448449.98596191406,3613572.2534179688,448799.4110107422,3614276.630859375,,
C3126,R3471,0.1283855885267257,1,38SMB_01352_r7680_c1920,2,622.454833984375,637.3103332519531,396696.8976808712,420010.3140258789,3621760.3132629395,420632.7688598633,3622397.6235961914,,
C3127,R0021,0.1283613741397857,1,38SMB_00002_r0_c480,8,1169.9005889892578,1391.5682983398438,1627996.5718465624,405841.3027191162,3698608.43170166,407011.20330810547,3700000.0,,
C3128,R1178,0.1283274739980697,1,38SMB_00525_r2880_c5040,3,1753.8507080078125,1591.4227294921875,2791117.8808595985,450671.92489624023,3669608.577270508,452425.77560424805,3671200.0,,
C3129,R0455,0.1281976699829101,1,38SMB_00218_r1200_c1920,4,508.1341552734375,564.0057373046875,286590.5788946897,421873.3380126953,3685201.7126464844,422381.47216796875,3685765.718383789,,
C3130,R0375,0.1281659603118896,1,38SMB_00176_r960_c1920,6,508.974609375,217.13134765625,110514.34285640717,419927.6257324219,3687200.0,420436.6003417969,3687417.1313476562,,
C3131,R2718,0.1281054019927978,1,38SMB_01152_r6480_c4320,5,323.182373046875,330.1611328125,106702.25839018822,444975.6378173828,3633635.4971313477,445298.8201904297,3633965.65826416,,
C3132,R3555,0.128069669008255,1,38SMB_01363_r7680_c4560,7,422.7703857421875,434.8711395263672,183850.6394057069,446540.88790893555,3621523.656311035,446963.65829467773,3621958.5274505615,,
C3133,R4817,0.127997800707817,1,38SMB_01689_r9600_c2160,12,522.9248046875,241.923828125,126507.97057151794,422831.7039489746,3600800.2728271484,423354.6287536621,3601042.1966552734,,
C3134,R0211,0.12789186835289,1,38SMB_00067_r240_c6000,1,721.3760375976562,434.82421875,313671.7719733715,461792.6028442383,3694400.5505371094,462513.97888183594,3694835.3747558594,,
C3135,R4234,0.1278645396232605,2,38SMB_01526_r8640_c3360,8,397.54316329956055,397.8497314453125,158162.44075665018,433801.0454750061,3611736.65435791,434198.58863830566,3612134.5040893555,,
C3136,R0762,0.1278257817029953,1,38SMB_00381_r2160_c720,10,605.5374145507812,578.8507080078125,350515.76113794,409385.0961303711,3675547.6705932617,409990.6335449219,3676126.5213012695,,
C3137,R1029,0.1276662647724151,1,38SMB_00470_r2640_c1920,7,132.298583984375,341.9443130493164,45238.7484179344,422267.6739501953,3673258.0556869507,422399.9725341797,3673600.0,,
C3138,R2672,0.1276193857192993,1,38SMB_01137_r6480_c720,1,742.9681396484375,754.3358612060547,560447.5114703644,408885.21240234375,3633176.289367676,409628.1805419922,3633930.625228882,,
C3139,R1578,0.1276020854711532,1,38SMB_00688_r3840_c3840,5,601.6564178466797,551.5059089660645,331817.06960979936,438626.9320678711,3660766.5213775635,439228.5884857178,3661318.0272865295,,
C3140,R2140,0.1275618523359298,1,38SMB_00901_r5040_c4560,3,409.33135986328125,249.59108352661133,102165.45762969763,447886.3098144531,3649350.4089164734,448295.6411743164,3649600.0,,
C3141,R2537,0.1275370270013809,1,38SMB_01090_r6000_c9600,4,139.08203125,570.191650390625,79303.41293811798,499060.64880371094,3637328.174133301,499199.73083496094,3637898.3657836914,,
C3142,R0673,0.1274938285350799,1,38SMB_00343_r1920_c1680,5,215.96878051757812,451.01654052734375,97405.49225094728,416800.8052444458,3677600.0,417016.7740249634,3678051.0165405273,,
C3143,R3870,0.1274876892566681,1,38SMB_01432_r8160_c960,10,612.3793029785156,139.510498046875,85433.34155213088,410236.4154815674,3615200.0,410848.7947845459,3615339.510498047,,
C3144,R2890,0.1274117976427078,2,38SMB_01199_r6720_c5520,3,541.9905090332031,568.0563735961914,307881.1630849552,455618.21212768555,3631840.925140381,456160.20263671875,3632408.981513977,,
C3145,R4803,0.1273583173751831,2,38SMB_01688_r9600_c1920,6,1046.1972045898438,976.33056640625,1021434.3093298376,419200.0,3601252.2103881836,420246.19720458984,3602228.54095459,,
C3146,R3514,0.1273517459630966,1,38SMB_01358_r7680_c3360,17,586.864013671875,298.59384536743164,175233.98255005013,435647.8158569336,3622901.1199378967,436234.67987060547,3623199.713783264,,
C3147,R3688,0.1273289620876312,1,38SMB_01394_r7920_c1920,7,439.1766357421875,455.7305908203125,200146.22768126428,420554.7067260742,3618733.2260131836,420993.8833618164,3619188.956604004,,
C3148,R2302,0.1273132860660553,1,38SMB_01000_r5520_c8160,0,1109.4744873046875,1056.572265625,1172239.972704649,482249.8162841797,3643495.5725097656,483359.2907714844,3644552.1447753906,,
C3149,R0722,0.1271711736917495,1,38SMB_00354_r1920_c4320,1,1062.7037048339844,893.5887145996094,949620.0376028428,443615.0114440918,3679906.4112854004,444677.7151489258,3680800.0,,
C3150,R2602,0.1270494610071182,1,38SMB_01111_r6240_c4560,5,807.6443481445312,335.71807861328125,271140.80876195803,447992.35565185547,3634400.0,448800.0,3634735.7180786133,,
C3151,R0958,0.1270229518413543,1,38SMB_00441_r2400_c5040,4,1044.452247619629,1124.4647216796875,1174449.70592733,450577.352104187,3672845.0775146484,451621.80435180664,3673969.542236328,,
C3152,R2485,0.1270160377025604,1,38SMB_01069_r6000_c4560,13,217.008056640625,364.1761016845703,79029.14810152724,448582.9919433594,3639631.0775375366,448800.0,3639995.253639221,,
C3153,R1927,0.1270067393779754,1,38SMB_00813_r4560_c3600,8,652.2956085205078,186.00078582763672,121327.49577673094,436313.7358856201,3654213.9992141724,436966.0314941406,3654400.0,,
C3154,R0928,0.1269529908895492,1,38SMB_00432_r2400_c2880,9,432.8676986694336,632.950439453125,273983.8000978809,428800.2492904663,3674673.5064697266,429233.11698913574,3675306.4569091797,,
C3155,R3027,0.1269404143095016,1,38SMB_01246_r6960_c6720,2,760.22216796875,234.71282958984375,178433.8961608708,468244.64294433594,3627200.0,469004.8651123047,3627434.71282959,,
C3156,R1138,0.1269287317991256,1,38SMB_00513_r2880_c2160,7,160.14511108398438,149.0301513671875,23866.450145561248,422508.42987060547,3668757.942199707,422668.57498168945,3668906.972351074,,
C3157,R1059,0.126823604106903,1,38SMB_00478_r2640_c3840,2,293.966064453125,692.7459716796875,203643.80696043372,441306.005859375,3670824.1818237305,441599.9719238281,3671516.92779541,,
C3158,R0715,0.1267536133527755,2,38SMB_00350_r1920_c3360,1,607.2308349609375,517.001953125,313939.5276725292,434535.595703125,3677600.726928711,435142.82653808594,3678117.728881836,,
C3159,R1275,0.1267414689064026,2,38SMB_00566_r3120_c4800,1,447.70843505859375,770.9366607666016,345154.84592111316,448000.2205276489,3667984.461746216,448447.9289627075,3668755.3984069824,,
C3160,R3591,0.1266995668411255,1,38SMB_01371_r7680_c6480,10,1116.5542602539062,1297.1746063232422,1448365.8329833997,465795.9761047363,3620989.3969726562,466912.53036499023,3622286.5715789795,,
C3161,R3214,0.1266100108623504,1,38SMB_01294_r7200_c8160,4,198.1756591796875,200.03814697265625,39642.69163738936,483295.59173583984,3626071.340637207,483493.76739501953,3626271.3787841797,,
C3162,R4156,0.126606211066246,1,38SMB_01511_r8400_c9680,2,820.2037048339844,186.680908203125,153116.37252997607,499114.3128967285,3612800.7623291016,499934.5166015625,3612987.4432373047,,
C3163,R2424,0.1265074908733368,1,38SMB_01045_r5760_c8880,7,582.9310607910156,141.3772678375244,82413.20071226364,489309.1744995117,3642257.794713974,489892.10556030273,3642399.1719818115,,
C3164,R0154,0.1264996975660324,1,38SMB_00046_r240_c960,7,666.3986206054688,166.43089294433594,110909.31748424191,410283.37295532227,3697432.9701042175,410949.77157592773,3697599.400997162,,
C3165,R0511,0.1264679729938507,1,38SMB_00259_r1440_c1680,4,449.6337890625,408.370361328125,183617.11290478706,417598.1524658203,3683038.808288574,418047.7862548828,3683447.1786499023,,
C3166,R4593,0.1264601200819015,1,38SMB_01625_r9120_c6960,0,684.2376708984375,650.47607421875,445080.23399859667,470861.34826660156,3606690.986633301,471545.5859375,3607341.4627075195,,
C3167,R2643,0.1264333724975586,1,38SMB_01124_r6240_c7680,3,450.4888916015625,296.4453125,133545.32024860382,478941.5399169922,3634401.0327148438,479392.02880859375,3634697.4780273438,,
C3168,R3800,0.1263788193464279,2,38SMB_01416_r7920_c7200,5,381.91558837890625,384.0351104736328,146668.99517469574,472861.7395019531,3620050.3436279297,473243.65509033203,3620434.3787384033,,
C3169,R3235,0.1263525933027267,1,38SMB_01298_r7200_c9120,5,644.3515014648438,627.6925659179688,404454.6473075636,491557.0104980469,3625340.047607422,492201.3619995117,3625967.74017334,,
C3170,R0624,0.126303568482399,1,38SMB_00311_r1680_c4080,3,1197.0500183105469,802.9011535644531,961112.8405758878,440816.8444824219,3682397.0988464355,442013.8945007324,3683200.0,,
C3171,R3744,0.1262285262346267,1,38SMB_01403_r7920_c4080,3,580.8599853515625,624.8587036132812,362955.4174276069,441470.0659942627,3618285.0122070312,442050.92597961426,3618909.8709106445,,
C3172,R3389,0.1261977106332779,1,38SMB_01327_r7440_c6000,6,133.64829063415527,497.374267578125,66473.22066723136,460000.1818847656,3623784.0353393555,460133.8301753998,3624281.4096069336,,
C3173,R0050,0.1261005252599716,1,38SMB_00004_r0_c960,16,666.2832641601562,631.3095092773438,420630.96053665504,411526.24755859375,3698097.1058654785,412192.5308227539,3698728.415374756,,
C3174,R2044,0.126089334487915,1,38SMB_00860_r4800_c4800,3,457.68829345703125,412.42919921875,188764.01636227965,449646.46423339844,3648800.0,450104.15252685547,3649212.4291992188,,
C3175,R3644,0.1260706037282943,1,38SMB_01384_r7680_c9600,9,685.2928924560547,1097.481346130371,752096.1661062465,496008.53355407715,3621811.7958068848,496693.8264465332,3622909.277153015,,
C3176,R0031,0.1260619014501571,1,38SMB_00003_r0_c720,9,629.5513916015625,380.7537841796875,239704.07468788326,409265.5355834961,3696800.0,409895.08697509766,3697180.7537841797,,
C3177,R4353,0.1259252727031707,1,38SMB_01566_r8880_c2880,9,837.0095825195312,790.7830810546875,661893.0165370926,430112.6531982422,3608009.722595215,430949.6627807617,3608800.5056762695,,
C3178,R2080,0.1258855611085891,2,38SMB_00876_r4800_c8640,0,343.22235107421875,376.15478515625,129104.72972914577,487657.9246520996,3648862.8509521484,488001.1470031738,3649239.0057373047,,
C3179,R1201,0.1258679777383804,1,38SMB_00548_r3120_c480,1,1743.4770202636719,1801.175537109375,3140308.158411272,404800.0,3666998.8244628906,406543.4770202637,3668800.0,,
C3180,R4918,0.1258394420146942,1,38SMB_01722_r9680_c0,1,542.3834228515625,558.2977294921875,302811.4334922284,401501.4242553711,3600679.3572998047,402043.80767822266,3601237.655029297,,
C3181,R4481,0.1258030980825424,1,38SMB_01604_r9120_c1920,7,447.34344482421875,163.3172607421875,73058.9060196653,419855.36682128906,3605600.273742676,420302.7102661133,3605763.591003418,,
C3182,R1339,0.1257795542478561,2,38SMB_00601_r3360_c3120,6,421.7591857910156,424.288330078125,178947.50063437968,431733.3939361572,3663208.1103515625,432155.15312194824,3663632.3986816406,,
C3183,R3729,0.125728964805603,1,38SMB_01401_r7920_c3600,11,201.22909545898438,145.91062545776367,29361.46317872044,436950.3645324707,3620652.2903060913,437151.5936279297,3620798.200931549,,
C3184,R4450,0.1257110387086868,1,38SMB_01586_r8880_c7680,6,569.2117309570312,530.477294921875,301953.89927588403,477135.03158569336,3608753.0157470703,477704.2433166504,3609283.493041992,,
C3185,R0412,0.1257059574127197,1,38SMB_00188_r960_c4800,5,492.0452880859375,639.813232421875,314817.0862682164,448000.0,3687200.0,448492.04528808594,3687839.813232422,,
C3186,R4287,0.1256874054670334,2,38SMB_01541_r8640_c6960,1,483.4291076660156,503.26080322265625,243290.921025211,470112.779006958,3612726.711807251,470596.208114624,3613229.9726104736,,
C3187,R1519,0.1256050020456314,2,38SMB_00681_r3840_c2160,5,426.5155029296875,429.8248291015625,183326.9531559199,423090.85205078125,3658516.558532715,423517.36755371094,3658946.3833618164,,
C3188,R3033,0.1255325973033905,1,38SMB_01251_r6960_c7920,5,410.5535888671875,400.1312255859375,164275.31068213284,480503.1384277344,3629367.572555542,480913.69201660156,3629767.703781128,,
C3189,R2638,0.1255154311656952,1,38SMB_01122_r6240_c7200,0,579.6873664855957,599.1339111328125,347310.359116795,472298.91187667847,3635537.5149536133,472878.59924316406,3636136.648864746,,
C3190,R2486,0.1254981607198715,2,38SMB_01069_r6000_c4560,14,122.1234130859375,517.01904296875,63140.130157768726,448676.6241455078,3636823.228149414,448798.74755859375,3637340.247192383,,
C3191,R3445,0.1254866421222686,2,38SMB_01343_r7440_c9680,3,422.56866455078125,416.24725341796875,175893.04599976167,498289.31213378906,3624155.7585144043,498711.88079833984,3624572.0057678223,,
C3192,R1714,0.1253925859928131,1,38SMB_00730_r4080_c3840,4,483.170166015625,485.93048095703125,234787.1111560613,439421.73431396484,3657501.6120910645,439904.90447998047,3657987.5425720215,,
C3193,R2625,0.1253178268671035,1,38SMB_01114_r6240_c5280,5,826.5618896484375,880.7101440429688,727961.4408927038,454312.99072265625,3636577.6902770996,455139.5526123047,3637458.4004211426,,
C3194,R3115,0.1251945793628692,1,38SMB_01274_r7200_c3360,6,1270.3067016601562,1288.0924987792969,1636272.5335575175,434845.0212097168,3626140.5123901367,436115.32791137695,3627428.604888916,,
C3195,R2363,0.1251897662878036,1,38SMB_01026_r5760_c4320,8,409.01123046875,396.7926025390625,162292.6306053996,445388.6169433594,3640005.3240966797,445797.6281738281,3640402.1166992188,,
C3196,R2944,0.1250699758529663,2,38SMB_01229_r6960_c2640,3,543.2784652709961,539.2218017578125,292947.5928996457,426801.9153213501,3627467.579345703,427345.1937866211,3628006.801147461,,
C3197,R0460,0.1250564604997635,2,38SMB_00220_r1200_c2400,1,677.2650146484375,488.465576171875,330820.6456013024,425848.0570983887,3684800.641479492,426525.3221130371,3685289.107055664,,
C3198,R4167,0.1249700859189033,1,38SMB_01518_r8640_c1440,2,464.5343017578125,447.803955078125,208020.29759660363,415355.36514282227,3612158.314819336,415819.8994445801,3612606.118774414,,
C3199,R2504,0.124904915690422,1,38SMB_01072_r6000_c5280,3,366.3335418701172,207.156982421875,75888.55109373108,452849.23263549805,3636800.0103759766,453215.56617736816,3637007.1673583984,,
C3200,R0719,0.1248909905552864,1,38SMB_00352_r1920_c3840,0,698.3477783203125,641.5251159667969,448007.63947209343,440901.6522216797,3680158.474884033,441600.0,3680800.0,,
C3201,R0076,0.1248795390129089,1,38SMB_00007_r0_c1680,8,932.6571655273438,267.61474609375,249592.81054511666,418422.9299926758,3696800.0,419355.5871582031,3697067.6147460938,,
C3202,R0243,0.1248349323868751,1,38SMB_00091_r480_c1680,3,995.5279541015625,1052.9570770263672,1048248.2046488207,418464.47662353516,3692910.8380126953,419460.0045776367,3693963.7950897217,,
C3203,R5041,0.1248195692896843,1,38SMB_01748_r9680_c6240,3,1276.5630340576172,1203.3250427246094,1536120.2674980392,463103.9115142822,3600001.9134521484,464380.47454833984,3601205.238494873,,
C3204,R0674,0.1247945204377174,1,38SMB_00343_r1920_c1680,6,540.224609375,531.6614532470703,287216.6009001434,418086.8766784668,3679229.989013672,418627.1012878418,3679761.650466919,,
C3205,R0744,0.1247789934277534,1,38SMB_00378_r2160_c0,5,808.411865234375,183.3587646484375,148229.40093651414,400006.492767334,3675200.7989501953,400814.90463256836,3675384.1577148438,,
C3206,R0216,0.1246961131691932,1,38SMB_00084_r480_c0,1,347.40570068359375,217.2930145263672,75488.83196518291,400000.64445495605,3694982.7069854736,400348.05015563965,3695200.0,,
C3207,R2141,0.124627023935318,1,38SMB_00901_r5040_c4560,4,252.99068450927734,278.388671875,70429.74065728486,445602.837600708,3646401.731567383,445855.8282852173,3646680.120239258,,
C3208,R0212,0.124520719051361,1,38SMB_00075_r240_c7920,0,438.7872314453125,171.90216064453125,75428.47314868122,480572.5785827637,3694400.0,481011.365814209,3694571.9021606445,,
C3209,R4208,0.1244489103555679,1,38SMB_01524_r8640_c2880,9,760.1663208007812,219.93358612060547,167186.10498182243,430106.4434814453,3613380.0664138794,430866.6098022461,3613600.0,,
C3210,R0602,0.1244257390499115,1,38SMB_00302_r1680_c1920,18,211.19140625,451.7764663696289,95411.30724325776,422188.34716796875,3682126.7140197754,422399.53857421875,3682578.490486145,,
C3211,R2487,0.1244053617119789,1,38SMB_01069_r6000_c4560,15,304.7076416015625,95.83648681640625,29202.109877206385,448490.8920288086,3636800.0,448795.59967041016,3636895.8364868164,,
C3212,R3046,0.1243698522448539,1,38SMB_01253_r6960_c8400,7,144.412841796875,201.55498504638672,29107.12816887535,487054.3389892578,3630196.824245453,487198.7518310547,3630398.3792304993,,
C3213,R4016,0.1240445673465728,1,38SMB_01471_r8400_c240,2,800.1678466796875,755.9970092773438,604924.4990097359,404176.9708251953,3614467.266845703,404977.138671875,3615223.2638549805,,
C3214,R1459,0.1240099146962165,1,38SMB_00647_r3600_c4080,4,1209.4631958007812,1344.949951171875,1626667.4661364406,442682.42889404297,3661040.2111816406,443891.89208984375,3662385.1611328125,,
C3215,R3079,0.1239611804485321,2,38SMB_01263_r7200_c720,1,518.0576324462891,215.08575439453125,111426.81669455487,407326.3439178467,3624800.0,407844.40155029297,3625015.0857543945,,
C3216,R0343,0.1239023134112358,2,38SMB_00154_r720_c6720,0,455.0390625,440.4057312011719,200401.81104540825,467958.70849609375,3692311.262359619,468413.74755859375,3692751.6680908203,,
C3217,R2938,0.1238931342959404,1,38SMB_01227_r6960_c2160,0,862.9095458984375,897.266845703125,774260.126375407,422453.80935668945,3627536.0443115234,423316.7189025879,3628433.3111572266,,
C3218,R2263,0.1237820163369178,1,38SMB_00976_r5520_c2400,3,493.69232177734375,141.82398796081543,70017.41390009702,425060.29403686523,3644658.176012039,425553.9863586426,3644800.0,,
C3219,R2321,0.1237671822309494,2,38SMB_01014_r5760_c1440,1,642.0013427734375,618.28369140625,396938.96009773016,416878.4991455078,3641166.8296813965,417520.50048828125,3641785.1133728027,,
C3220,R3844,0.1237504258751869,1,38SMB_01430_r8160_c480,5,1354.093017578125,687.4435424804688,930862.5008519739,405351.2225341797,3617710.4572296143,406705.3155517578,3618397.9007720947,,
C3221,R0472,0.1236634775996208,1,38SMB_00227_r1200_c4080,5,571.2841796875,262.33707427978516,149869.02028154582,442804.25567626953,3687737.66292572,443375.53985595703,3688000.0,,
C3222,R4209,0.1236055195331573,1,38SMB_01524_r8640_c2880,10,186.3031005859375,825.7852172851562,153846.34639825672,431813.69689941406,3610856.000061035,432000.0,3611681.7852783203,,
C3223,R4323,0.1235878020524978,1,38SMB_01563_r8880_c2160,5,556.05712890625,206.356201171875,114745.83675563335,424241.92626953125,3608000.396118164,424797.9833984375,3608206.752319336,,
C3224,R0894,0.1235513985157013,1,38SMB_00428_r2400_c1920,7,427.2271728515625,830.3709411621094,354757.02961077914,421972.77282714844,3674831.199798584,422400.0,3675661.570739746,,
C3225,R4495,0.1235457211732864,1,38SMB_01605_r9120_c2160,12,888.2049560546875,1404.8091125488281,1247758.4160766564,423902.2573852539,3606940.944671631,424790.4623413086,3608345.7537841797,,
C3226,R1477,0.1235203072428703,1,38SMB_00652_r3600_c5280,4,662.7339172363281,707.4737548828125,468866.85291538015,453441.27685546875,3661690.7791137695,454104.0107727051,3662398.2528686523,,
C3227,R2669,0.1234005168080329,1,38SMB_01136_r6480_c480,2,741.3479614257812,877.8750610351562,650810.8868849464,405505.06240844727,3632913.5040283203,406246.41036987305,3633791.3790893555,,
C3228,R1021,0.123251274228096,1,38SMB_00469_r2640_c1680,4,430.7647705078125,427.38525390625,184102.51081734896,418986.20361328125,3670978.2696533203,419416.96838378906,3671405.6549072266,,
C3229,R1758,0.1232230588793754,1,38SMB_00764_r4320_c1920,3,333.0157470703125,336.17340087890625,111951.03623885661,419963.1587219238,3654332.777862549,420296.17446899414,3654668.9512634277,,
C3230,R4635,0.1232158467173576,1,38SMB_01645_r9360_c1680,7,1414.9962615966797,1186.1572265625,1678408.0412518233,417752.66120910645,3603200.02532959,419167.6574707031,3604386.1825561523,,
C3231,R1780,0.1231930628418922,1,38SMB_00767_r4320_c2640,9,179.1701316833496,436.3421630859375,78179.48281910503,426400.20824432373,3654829.8223876953,426579.3783760071,3655266.1645507812,,
C3232,R4121,0.1230614855885505,1,38SMB_01493_r8400_c5520,2,97.59523391723633,410.9480285644531,40106.56897557492,455200.0,3614915.598754883,455297.59523391724,3615326.5467834473,,
C3233,R4528,0.1230075657367706,1,38SMB_01608_r9120_c2880,13,667.039794921875,215.2783203125,143599.20663237572,430799.92279052734,3605600.0,431466.9625854492,3605815.2783203125,,
C3234,R1452,0.1229827776551246,1,38SMB_00646_r3600_c3840,2,540.0625610351562,214.94892120361328,116085.86487696739,440159.42291259766,3663785.0510787964,440699.4854736328,3664000.0,,
C3235,R0292,0.1229391619563102,1,38SMB_00131_r720_c1200,4,451.9476318359375,229.442138671875,103695.83121612668,413328.51837158203,3689600.4248046875,413780.46600341797,3689829.8669433594,,
C3236,R2216,0.1228792443871498,1,38SMB_00941_r5280_c4080,12,427.8736114501953,638.9825439453125,273403.768731514,440800.21102905273,3644001.2731933594,441228.08464050293,3644640.2557373047,,
C3237,R4636,0.1228732243180275,1,38SMB_01645_r9360_c1680,8,293.7343406677246,661.4617919921875,194294.0433477168,416800.0787162781,3604415.3588867188,417093.8130569458,3605076.820678711,,
C3238,R1995,0.122859388589859,1,38SMB_00842_r4800_c480,0,647.97119140625,681.4324951171875,441548.6257240176,407175.88439941406,3649151.1444091797,407823.8555908203,3649832.576904297,,
C3239,R2782,0.122754231095314,1,38SMB_01178_r6720_c480,2,995.1361083984375,1044.6722030639648,1039591.0307090962,406095.3372192383,3631469.8709106445,407090.4733276367,3632514.5431137085,,
C3240,R3679,0.1227400675415992,1,38SMB_01393_r7920_c1680,6,754.354248046875,823.4979248046875,621209.157834202,418985.5725097656,3617876.7822265625,419739.9267578125,3618700.280151367,,
C3241,R4935,0.1227135211229324,2,38SMB_01730_r9680_c1920,7,435.823974609375,426.812744140625,186015.22656530142,421781.10778808594,3600293.7240600586,422216.9317626953,3600720.536804199,,
C3242,R4187,0.1226802170276641,1,38SMB_01522_r8640_c2400,10,625.9579467773438,751.568603515625,470450.33991895616,426121.03424072266,3611259.3447875977,426746.9921875,3612010.9133911133,,
C3243,R1297,0.1226517856121063,1,38SMB_00585_r3120_c9360,0,721.0794067382812,748.3755493164062,539638.1971185096,495177.84088134766,3666790.104370117,495898.92028808594,3667538.4799194336,,
C3244,R0480,0.1226459890604019,1,38SMB_00229_r1200_c4560,1,379.5013427734375,1058.2257080078125,401598.07714633644,448420.32318115234,3685043.8763427734,448799.8245239258,3686102.1020507812,,
C3245,R2033,0.1226153969764709,1,38SMB_00857_r4800_c4080,4,407.96356201171875,92.7685546875,37846.19001299143,442261.7468261719,3648800.2221679688,442669.7103881836,3648892.9907226562,,
C3246,R3116,0.1225880235433578,1,38SMB_01274_r7200_c3360,7,1154.99755859375,1254.1616821289062,1448553.6809407175,434510.399017334,3624823.0200195312,435665.39657592773,3626077.18170166,,
C3247,R2644,0.1225542798638343,1,38SMB_01124_r6240_c7680,4,586.8944931030273,569.9811172485352,334518.77888587624,477402.59983062744,3636571.4920043945,477989.49432373047,3637141.473121643,,
C3248,R2728,0.1224984005093574,2,38SMB_01153_r6480_c4560,7,715.6585693359375,570.4400634765625,408240.3197195381,448074.8385620117,3634078.993988037,448790.49713134766,3634649.4340515137,,
C3249,R0734,0.122484304010868,1,38SMB_00361_r1920_c6000,1,409.307861328125,910.7147216796875,372762.6950107515,462788.49548339844,3678419.5233154297,463197.80334472656,3679330.2380371094,,
C3250,R4122,0.1224716454744339,1,38SMB_01493_r8400_c5520,3,83.08143615722656,298.88671875,24831.937842071056,455200.0,3614972.032623291,455283.0814361572,3615270.919342041,,
C3251,R1701,0.1224130243062973,1,38SMB_00728_r4080_c3360,6,189.949951171875,266.85577392578125,50689.24122713506,436606.5133666992,3658931.918811798,436796.4633178711,3659198.774585724,,
C3252,R1894,0.1223664209246635,1,38SMB_00787_r4320_c7440,0,242.24309921264648,408.011474609375,98837.96412369702,474400.0,3653604.4458007812,474642.24309921265,3654012.4572753906,,
C3253,R1211,0.1223657131195068,1,38SMB_00551_r3120_c1200,3,734.0499877929688,593.8763427734375,435934.9221633747,412952.38708496094,3667647.2785186768,413686.4370727539,3668241.15486145,,
C3254,R0376,0.1223411262035369,1,38SMB_00176_r960_c1920,7,176.26802444458008,601.86279296875,106089.16550329886,419200.0,3687739.976501465,419376.2680244446,3688341.8392944336,,
C3255,R4453,0.1222761273384094,1,38SMB_01588_r8880_c8160,1,445.89599609375,455.57769775390625,203140.2713380754,483490.8285522461,3609155.2612304688,483936.72454833984,3609610.8389282227,,
C3256,R3954,0.1221385151147842,2,38SMB_01448_r8160_c4800,7,304.9325752258301,147.63702392578125,45019.337904365966,448314.18073654175,3615200.0,448619.1133117676,3615347.637023926,,
C3257,R3769,0.1221063733100891,1,38SMB_01409_r7920_c5520,5,383.48907470703125,451.3848876953125,173101.1729190126,456049.5812988281,3618827.9568481445,456433.07037353516,3619279.34173584,,
C3258,R4589,0.1220375299453735,1,38SMB_01619_r9120_c5520,3,640.0990295410156,406.4265823364258,260153.26093321783,455622.1071624756,3608393.5734176636,456262.2061920166,3608800.0,,
C3259,R4188,0.1218501105904579,1,38SMB_01522_r8640_c2400,11,1374.00634765625,1286.6082763671875,1767807.9386755824,424771.32568359375,3610403.136291504,426145.33203125,3611689.744567871,,
C3260,R2246,0.1218339279294014,1,38SMB_00960_r5280_c8640,1,1554.2560577392578,624.886474609375,971233.58856095,487257.9903411865,3644003.702392578,488812.2463989258,3644628.5888671875,,
C3261,R3689,0.1218000650405883,1,38SMB_01394_r7920_c1920,8,678.7677764892578,665.0706481933594,451428.525082476,420368.3501434326,3619747.547607422,421047.1179199219,3620412.6182556152,,
C3262,R4839,0.1217913925647735,2,38SMB_01692_r9600_c2880,7,271.13014221191406,445.14739990234375,120692.87784078624,428800.27742385864,3602044.595184326,429071.40756607056,3602489.7425842285,,
C3263,R5035,0.1217280030250549,2,38SMB_01747_r9680_c6000,7,662.6092529296875,640.966796875,424710.5304300785,462502.1563720703,3600067.3919677734,463164.765625,3600708.3587646484,,
C3264,R3534,0.1217192485928535,1,38SMB_01360_r7680_c3840,3,1636.5402221679688,1138.2858276367188,1862850.541251246,438904.01916503906,3620000.0,440540.55938720703,3621138.2858276367,,
C3265,R3680,0.121671475470066,1,38SMB_01393_r7920_c1680,7,282.425537109375,511.337890625,144414.87840414047,419716.51428222656,3617601.4044189453,419998.93981933594,3618112.7423095703,,
C3266,R4195,0.1214507073163986,1,38SMB_01523_r8640_c2640,5,655.1284790039062,523.2334899902344,342785.16046120785,426757.9814147949,3612147.7224731445,427413.1098937988,3612670.9559631348,,
C3267,R2061,0.1214439272880554,1,38SMB_00865_r4800_c6000,0,355.0839614868164,886.1611938476562,314661.6272273124,460000.0,3650884.9142456055,460355.0839614868,3651771.075439453,,
C3268,R3351,0.1214416474103927,1,38SMB_01322_r7440_c4800,3,238.98799896240234,308.97430419921875,73841.15069137188,448001.3963508606,3625288.3784866333,448240.384349823,3625597.3527908325,,
C3269,R0012,0.1213554888963699,1,38SMB_00001_r0_c240,6,371.0906982421875,663.1784057617188,246099.33765325695,405228.9093017578,3698456.3275146484,405600.0,3699119.50592041,,
C3270,R1478,0.1213524267077446,1,38SMB_00652_r3600_c5280,5,425.1849365234375,398.1622314453125,169292.58310310543,454909.90997314453,3662434.4358825684,455335.09490966797,3662832.5981140137,,
C3271,R4013,0.1213520914316177,1,38SMB_01470_r8400_c0,0,817.626953125,843.6996459960938,689831.5709084272,401906.1016845703,3613879.389038086,402723.7286376953,3614723.088684082,,
C3272,R1363,0.1213429346680641,1,38SMB_00605_r3360_c4080,4,416.46728515625,482.1937561035156,200817.9245237261,443494.9005126953,3664938.388366699,443911.36779785156,3665420.5821228027,,
C3273,R1677,0.1213136538863182,1,38SMB_00726_r4080_c2880,7,908.6679077148438,1004.60205078125,912849.6435694396,430565.21484375,3657908.94241333,431473.88275146484,3658913.5444641113,,
C3274,R3599,0.1212047636508941,1,38SMB_01372_r7680_c6720,7,326.739501953125,114.35129165649414,37363.084083539434,469282.83447265625,3623085.6487083435,469609.5739746094,3623200.0,,
C3275,R0512,0.1211981698870658,1,38SMB_00259_r1440_c1680,5,903.4530639648438,1270.155029296875,1147525.4529286176,419096.54693603516,3683561.102294922,420000.0,3684831.2573242188,,
C3276,R4288,0.1211832389235496,1,38SMB_01541_r8640_c6960,2,481.470947265625,466.99405670166016,224844.0708475653,471840.4748535156,3612703.1239318848,472321.94580078125,3613170.1179885864,,
C3277,R1918,0.1211749985814094,1,38SMB_00812_r4560_c3360,8,782.4334716796875,293.4203910827637,229581.9352564984,436017.5665283203,3654106.5796089172,436800.0,3654400.0,,
C3278,R2185,0.1211629435420036,1,38SMB_00933_r5280_c2160,0,1156.7698669433594,1091.0479736328125,1262091.4192880504,423612.7803039551,3644751.095275879,424769.55017089844,3645842.1432495117,,
C3279,R3174,0.120926909148693,1,38SMB_01283_r7200_c5520,6,501.605224609375,448.67767333984375,225059.0651128441,456849.4125366211,3626705.7914733887,457351.01776123047,3627154.4691467285,,
C3280,R5048,0.1209263578057289,1,38SMB_01752_r9680_c7200,1,592.8582763671875,130.9617042541504,77641.73025422497,473766.4587402344,3603068.7148952484,474359.31701660156,3603199.6765995026,,
C3281,R2603,0.1209195628762245,1,38SMB_01111_r6240_c4560,6,414.0007019042969,417.39501953125,172801.8310572952,446020.34812927246,3635031.209716797,446434.34883117676,3635448.604736328,,
C3282,R0547,0.1209171116352081,1,38SMB_00270_r1440_c4320,3,1530.3140258789062,1435.2317810058594,2196355.3248604294,444318.3987426758,3684164.768218994,445848.7127685547,3685600.0,,
C3283,R3716,0.1209148466587066,1,38SMB_01400_r7920_c3360,10,524.0101623535156,336.9760513305664,176578.87536697672,434395.19638061523,3620463.0239486694,434919.20654296875,3620800.0,,
C3284,R3157,0.1207959502935409,1,38SMB_01281_r7200_c5040,5,302.271728515625,68.26061248779297,20633.253326220438,451822.87811279297,3627931.58039093,452125.1498413086,3627999.841003418,,
C3285,R3793,0.1207864731550216,1,38SMB_01415_r7920_c6960,5,897.7444458007812,1189.7178649902344,1068062.6053649466,469600.1370239258,3617614.127807617,470497.88146972656,3618803.8456726074,,
C3286,R0901,0.1207724064588546,1,38SMB_00429_r2400_c2160,4,1096.4289855957031,1090.745506286621,1195924.9890009116,421867.78213500977,3674732.292022705,422964.21112060547,3675823.0375289917,,
C3287,R4029,0.1207721829414367,2,38SMB_01473_r8400_c720,7,571.6780853271484,220.5507469177246,126084.02871539729,407200.0,3615779.1067504883,407771.67808532715,3615999.657497406,,
C3288,R4846,0.1207520440220832,2,38SMB_01693_r9600_c3120,5,139.803466796875,388.218994140625,54274.36125725508,434259.8162841797,3600996.258239746,434399.61975097656,3601384.4772338867,,
C3289,R2543,0.1207391023635864,1,38SMB_01092_r6240_c0,1,1210.7275390625,982.0806884765625,1189032.1351200342,400959.4059753418,3634402.1752929688,402170.1335144043,3635384.2559814453,,
C3290,R4732,0.1206940338015556,1,38SMB_01656_r9360_c4320,0,964.8214721679688,369.287109375,356296.1325198412,443982.64724731445,3603204.04296875,444947.4687194824,3603573.330078125,,
C3291,R4414,0.1206900849938392,1,38SMB_01572_r8880_c4320,9,602.8179931640625,605.9454345703125,365274.8108346015,444845.2932739258,3609357.4641418457,445448.11126708984,3609963.409576416,,
C3292,R0067,0.1206758245825767,1,38SMB_00006_r0_c1440,7,460.70873260498047,769.8602294921875,354681.3306123251,414400.18196105957,3697149.7857666016,414860.89069366455,3697919.6459960938,,
C3293,R3561,0.1206629648804664,1,38SMB_01364_r7680_c4800,3,633.4925842285156,195.35919189453125,123758.59932606108,448092.8589630127,3623004.6408081055,448726.3515472412,3623200.0,,
C3294,R3061,0.1205272823572158,1,38SMB_01255_r6960_c8880,4,126.17752075195312,577.5314331054688,72871.48438557051,488800.1131916046,3627639.7061157227,488926.29071235657,3628217.237548828,,
C3295,R3343,0.1204930171370506,1,38SMB_01320_r7440_c4320,6,509.98809814453125,254.47021484375,129776.78090259433,445484.39056396484,3622400.3125,445994.3786621094,3622654.7827148438,,
C3296,R2804,0.1204145029187202,1,38SMB_01187_r6720_c2640,1,1278.6142349243164,1143.3938598632812,1461959.6653462504,426448.2052230835,3630229.2153930664,427726.8194580078,3631372.6092529297,,
C3297,R3373,0.1204052790999412,1,38SMB_01325_r7440_c5520,6,484.173583984375,506.0520935058594,245017.055795528,455589.245223999,3624659.5736694336,456073.4188079834,3625165.6257629395,,
C3298,R1781,0.1203597262501716,1,38SMB_00767_r4320_c2640,10,1160.095558166504,919.708251953125,1066949.4578999002,426563.42739105225,3654214.8834228516,427723.52294921875,3655134.5916748047,,
C3299,R0208,0.120343193411827,1,38SMB_00065_r240_c5520,0,1251.1485290527344,1159.5657348632812,1450788.9635141473,457135.4072570801,3696440.4342651367,458386.5557861328,3697600.0,,
C3300,R3485,0.1202546134591102,1,38SMB_01355_r7680_c2640,5,551.3027954101562,158.78662109375,87539.50808271766,428102.42584228516,3623040.990934372,428653.7286376953,3623199.7775554657,,
C3301,R0626,0.120194986462593,1,38SMB_00312_r1680_c4320,1,1206.1215209960938,1713.1100463867188,2066218.894781638,443201.28730773926,3681104.690551758,444407.40882873535,3682817.8005981445,,
C3302,R3529,0.1201550960540771,1,38SMB_01359_r7680_c3600,14,1162.4472045898438,1071.728515625,1245827.817067504,436647.0031738281,3620583.6419677734,437809.45037841797,3621655.3704833984,,
C3303,R2316,0.1201546564698219,2,38SMB_01006_r5520_c9600,0,510.52581787109375,509.0031433105469,259859.24603757448,497058.8931274414,3643933.5662841797,497569.4189453125,3644442.5694274902,,
C3304,R0032,0.120144136250019,1,38SMB_00003_r0_c720,10,171.5045166015625,643.851318359375,110423.40911850333,410228.0032348633,3697376.865234375,410399.50775146484,3698020.7165527344,,
C3305,R4189,0.1201247721910476,1,38SMB_01522_r8640_c2400,12,944.2280578613281,560.4656982421875,529207.4377491139,424010.5767059326,3610400.0,424954.80476379395,3610960.465698242,,
C3306,R2810,0.1200954020023346,1,38SMB_01189_r6720_c3120,3,349.417724609375,351.39801025390625,122784.69317518175,433771.3299560547,3631266.7208862305,434120.74768066406,3631618.1188964844,,
C3307,R0124,0.1200484037399292,1,38SMB_00042_r240_c0,4,492.08091735839844,473.7176513671875,233107.4164536316,400168.82987976074,3694458.478088379,400660.91079711914,3694932.195739746,,
C3308,R4224,0.1199876591563224,1,38SMB_01525_r8640_c3120,13,709.6295166015625,264.132080078125,187435.92030480504,432984.90325927734,3610400.9576416016,433694.5327758789,3610665.0897216797,,
C3309,R4733,0.1199607253074646,1,38SMB_01656_r9360_c4320,1,529.0310668945312,605.9616088867188,320572.5164464675,444139.6487426758,3603797.315979004,444668.6798095703,3604403.2775878906,,
C3310,R4530,0.1199472770094871,1,38SMB_01608_r9120_c2880,15,774.7196960449219,770.909423828125,597238.7145062909,428800.0,3606337.5302124023,429574.7196960449,3607108.4396362305,,
C3311,R2429,0.1199051588773727,1,38SMB_01046_r5760_c9120,3,436.61563873291016,485.8464050292969,212128.13845795463,491204.6547317505,3641913.3101272583,491641.2703704834,3642399.1565322876,,
C3312,R0695,0.1198983713984489,2,38SMB_00345_r1920_c2160,11,124.72423553466797,477.91709899902344,59607.84482159943,421600.4385662079,3680201.453399658,421725.16280174255,3680679.370498657,,
C3313,R1819,0.1198309585452079,1,38SMB_00770_r4320_c3360,13,1041.9003295898438,944.4207763671875,983992.3181684688,435124.74365234375,3653614.275817871,436166.6439819336,3654558.6965942383,,
C3314,R1139,0.1197710186243057,2,38SMB_00513_r2880_c2160,8,376.70204162597656,362.581787109375,136585.29946049675,421929.00260925293,3668629.9557495117,422305.7046508789,3668992.537536621,,
C3315,R2088,0.119655080139637,1,38SMB_00887_r5040_c1200,1,1196.1029052734375,692.999267578125,828898.4373025596,414003.89709472656,3646404.2922973633,415200.0,3647097.2915649414,,
C3316,R2981,0.1195306330919265,2,38SMB_01236_r6960_c4320,7,459.4342041015625,425.924072265625,195684.0871490538,444964.5686340332,3627203.6010742188,445424.00283813477,3627629.5251464844,,
C3317,R2955,0.1195024326443672,2,38SMB_01231_r6960_c3120,5,472.786865234375,497.22930908203125,235083.4863435477,433860.73669433594,3628600.119934082,434333.5235595703,3629097.349243164,,
C3318,R3062,0.1194756925106048,1,38SMB_01255_r6960_c8880,5,495.072021484375,470.1043701171875,232735.52082255483,490233.96759033203,3627878.446044922,490729.0396118164,3628348.550415039,,
C3319,R0999,0.1194719299674034,1,38SMB_00465_r2640_c720,7,1048.8681030273438,660.1234436035156,692382.4240562972,407205.6996154785,3670402.0678710938,408254.56771850586,3671062.1913146973,,
C3320,R0860,0.1193805709481239,1,38SMB_00423_r2400_c720,9,785.8648681640625,679.34814453125,533875.8400395513,408694.90936279297,3673699.492034912,409480.77423095703,3674378.8401794434,,
C3321,R1990,0.1193543598055839,1,38SMB_00840_r4800_c0,0,457.825927734375,264.2431640625,120977.37173438072,401014.21142578125,3648800.265197754,401472.0373535156,3649064.5083618164,,
C3322,R0675,0.1193528473377227,1,38SMB_00343_r1920_c1680,7,273.16070556640625,527.445068359375,144077.26702056825,416800.0,3677600.0,417073.1607055664,3678127.4450683594,,
C3323,R0991,0.119345523416996,1,38SMB_00464_r2640_c480,6,1663.9550018310547,1047.6954650878906,1743318.1095287087,405910.57136535645,3672552.304534912,407574.5263671875,3673600.0,,
C3324,R2176,0.1193298548460006,2,38SMB_00914_r5040_c7680,1,194.593505859375,187.50185012817383,36486.64237156045,478250.6283569336,3649155.857849121,478445.22186279297,3649343.3596992493,,
C3325,R0323,0.1193035915493965,1,38SMB_00139_r720_c3120,2,588.7277221679688,333.8329315185547,196536.7013575742,433236.67755126953,3692466.1670684814,433825.4052734375,3692800.0,,
C3326,R5046,0.1193022355437278,1,38SMB_01751_r9680_c6960,0,369.36859130859375,199.515380859375,73694.71517242491,471067.37365722656,3600000.6396484375,471436.74224853516,3600200.155029297,,
C3327,R3394,0.1192845031619072,1,38SMB_01328_r7440_c6240,3,811.1776733398438,461.0433578491211,373988.07832883904,462712.0932006836,3625137.698173523,463523.27087402344,3625598.741531372,,
C3328,R2960,0.1192641630768776,1,38SMB_01232_r6960_c3360,4,777.8402709960938,840.93505859375,654113.1538666785,434087.2546386719,3627516.6549682617,434865.09490966797,3628357.5900268555,,
C3329,R2796,0.1192320361733436,1,38SMB_01184_r6720_c1920,0,1253.1350708007812,1121.4630126953125,1405344.6318143979,420329.1256713867,3629600.0,421582.2607421875,3630721.4630126953,,
C3330,R4249,0.1192195490002632,1,38SMB_01528_r8640_c3840,4,515.3559875488281,662.0001983642578,341165.7659855322,438400.0,3611828.7045288086,438915.3559875488,3612490.704727173,,
C3331,R0033,0.1191606670618057,1,38SMB_00003_r0_c720,11,381.8902587890625,265.909423828125,101548.21868017316,409337.54486083984,3696800.0,409719.4351196289,3697065.909423828,,
C3332,R1541,0.1191582605242729,1,38SMB_00684_r3840_c2880,8,811.4410400390625,599.0841293334961,486121.4489772683,430057.3306274414,3661000.4042053223,430868.77166748047,3661599.4883346558,,
C3333,R2898,0.1191486567258834,1,38SMB_01207_r6720_c7440,3,623.8292694091797,624.202880859375,389396.02712960914,475451.9669342041,3630635.1669311523,476075.7962036133,3631259.3698120117,,
C3334,R2754,0.1191156506538391,2,38SMB_01157_r6480_c5520,1,545.6261825561523,447.57843017578125,244210.5102512869,455778.4502029419,3634752.4155044556,456324.07638549805,3635199.9939346313,,
C3335,R2201,0.1190963312983512,2,38SMB_00940_r5280_c3840,9,448.23150634765625,544.74365234375,244171.26786336303,440649.0963745117,3644043.585205078,441097.3278808594,3644588.328857422,,
C3336,R3011,0.1189635917544364,1,38SMB_01240_r6960_c5280,8,926.8209075927734,1256.3140869140625,1164378.1622552779,452800.0,3627619.2623901367,453726.8209075928,3628875.576477051,,
C3337,R4849,0.1189120560884475,1,38SMB_01694_r9600_c3360,2,716.1077880859375,290.83614349365234,208270.0274126837,434757.6840209961,3603708.6225891113,435473.79180908203,3603999.458732605,,
C3338,R3494,0.1188975572586059,1,38SMB_01357_r7680_c3120,3,94.017333984375,428.3990478515625,40276.9363604486,434305.4022216797,3621474.9269104004,434399.41955566406,3621903.325958252,,
C3339,R2438,0.1188922598958015,2,38SMB_01058_r6000_c1920,1,451.0462951660156,445.3302001953125,200864.53692363575,421534.8490905762,3639402.3482894897,421985.8953857422,3639847.678489685,,
C3340,R2308,0.1188091188669204,1,38SMB_01002_r5520_c8640,2,1751.214599609375,1326.0792541503906,2322249.350107275,487132.1807861328,3643282.946472168,488883.3953857422,3644609.0257263184,,
C3341,R0091,0.1187761723995208,1,38SMB_00009_r0_c2160,4,1002.0747375488281,1377.7191162109375,1380577.5217930786,421604.8013305664,3698337.3318481445,422606.87606811523,3699715.0509643555,,
C3342,R1179,0.1187709420919418,1,38SMB_00525_r2880_c5040,4,1572.415771484375,1346.0321807861328,2116522.2299936228,451704.17724609375,3669075.59967041,453276.5930175781,3670421.6318511963,,
C3343,R0213,0.1186597421765327,1,38SMB_00075_r240_c7920,1,624.86572265625,235.80657958984375,147347.44876250625,480501.27670288086,3694400.0,481126.1424255371,3694635.80657959,,
C3344,R2082,0.1185988709330558,1,38SMB_00883_r5040_c240,0,481.34490966796875,311.1004638671875,149746.62467781454,403778.5302734375,3646401.25579834,404259.87518310547,3646712.356262207,,
C3345,R2354,0.118586353957653,1,38SMB_01025_r5760_c4080,9,519.444580078125,481.064453125,249886.32284402847,442086.2481689453,3639859.267578125,442605.69274902344,3640340.33203125,,
C3346,R4225,0.1185367107391357,1,38SMB_01525_r8640_c3120,14,267.0391845703125,256.484375,68491.37835502625,431713.00132751465,3611584.1345214844,431980.04051208496,3611840.6188964844,,
C3347,R4889,0.1184922382235527,1,38SMB_01703_r9600_c5520,4,1310.6854248046875,968.7628173828125,1269743.3048363775,455200.0,3600800.227661133,456510.6854248047,3601768.9904785156,,
C3348,R3911,0.1184524968266487,1,38SMB_01442_r8160_c3360,3,623.63037109375,758.06640625,472753.23424339294,435712.47467041016,3615555.2655029297,436336.1050415039,3616313.3319091797,,
C3349,R3206,0.1184374615550041,1,38SMB_01288_r7200_c6720,3,763.1756210327148,686.0275268554688,523559.4838534598,467569.17545318604,3626195.3259277344,468332.35107421875,3626881.35345459,,
C3350,R1999,0.118427000939846,1,38SMB_00849_r4800_c2160,2,741.8341064453125,478.10546875,354674.9431967735,422990.1739501953,3648800.0,423732.0080566406,3649278.10546875,,
C3351,R0209,0.1184160113334655,1,38SMB_00066_r240_c5760,0,991.7988586425781,1137.2569274902344,1127930.1226681797,457600.0,3696462.7430725098,458591.7988586426,3697600.0,,
C3352,R2299,0.118399977684021,1,38SMB_00991_r5520_c6000,2,644.7959899902344,519.415283203125,334916.89174901694,460363.18199157715,3642905.9036254883,461007.9779815674,3643425.3189086914,,
C3353,R4078,0.1183444932103157,1,38SMB_01484_r8400_c3360,3,795.1283264160156,628.1153869628906,499432.33643195126,435806.463470459,3614884.89654541,436601.591796875,3615513.011932373,,
C3354,R0423,0.1183270812034607,2,38SMB_00199_r960_c7440,0,484.13970947265625,503.9007568359375,243958.36601760238,475905.6164550781,3689838.826751709,476389.7561645508,3690342.727508545,,
C3355,R1288,0.118310660123825,1,38SMB_00571_r3120_c6000,0,188.1721305847168,530.8636474609375,99893.74359269859,460000.0,3667276.6900634766,460188.1721305847,3667807.5537109375,,
C3356,R0861,0.1182784959673881,1,38SMB_00423_r2400_c720,10,659.844970703125,608.4622192382812,401490.7352272421,408080.93170166016,3674819.923553467,408740.7766723633,3675428.385772705,,
C3357,R3158,0.1182461604475975,1,38SMB_01281_r7200_c5040,6,518.9703369140625,105.76847076416016,54890.698907361366,451657.01248168945,3627894.231529236,452175.9828186035,3628000.0,,
C3358,R1332,0.1181719675660133,1,38SMB_00600_r3360_c2880,4,401.3077926635742,712.43896484375,285907.30838896707,428800.63064575195,3664832.0361328125,429201.9384384155,3665544.4750976562,,
C3359,R2821,0.1181515380740165,1,38SMB_01190_r6720_c3360,9,426.7439270019531,419.6142578125,179067.83620491624,433755.0286102295,3631228.5580444336,434181.77253723145,3631648.172302246,,
C3360,R2518,0.1180926710367202,1,38SMB_01078_r6000_c6720,3,308.49143981933594,418.98681640625,129253.84625848383,467203.5570907593,3639024.0252685547,467512.0485305786,3639443.012084961,,
C3361,R4132,0.1180822998285293,1,38SMB_01499_r8400_c6960,4,692.9180908203125,790.1548767089844,547512.6086215489,470518.75732421875,3614475.134124756,471211.67541503906,3615265.289001465,,
C3362,R1887,0.1180058047175407,1,38SMB_00780_r4320_c5760,1,371.22955322265625,230.8421516418457,85695.42881895904,458490.7377624512,3656568.5101509094,458861.9673156738,3656799.3523025513,,
C3363,R1364,0.1179531067609787,1,38SMB_00605_r3360_c4080,5,478.563232421875,583.7744140625,279372.9705989361,443513.7158203125,3664829.1189575195,443992.2790527344,3665412.893371582,,
C3364,R3565,0.1179406121373176,1,38SMB_01366_r7680_c5280,2,520.88623046875,192.66902923583984,100358.64436673,454532.31842041016,3623006.59822464,455053.2046508789,3623199.2672538757,,
C3365,R3495,0.1179303303360939,1,38SMB_01357_r7680_c3120,4,430.45074462890625,474.2823028564453,204155.1704288693,432594.2985534668,3621561.11328125,433024.7492980957,3622035.3955841064,,
C3366,R1454,0.1179294437170028,1,38SMB_00646_r3600_c3840,4,452.6177978515625,420.2301025390625,190203.62360216677,438903.91326904297,3662535.0938415527,439356.53106689453,3662955.323944092,,
C3367,R4196,0.1179132089018821,1,38SMB_01523_r8640_c2640,6,1252.9970932006836,1106.6509246826172,1386630.3918151679,426581.1371231079,3611579.609069824,427834.1342163086,3612686.259994507,,
C3368,R2690,0.1178692877292633,1,38SMB_01147_r6480_c3120,0,552.6498413085938,441.25732421875,243860.7902057469,431997.5048828125,3632000.2380371094,432550.1547241211,3632441.495361328,,
C3369,R2329,0.1178574934601783,1,38SMB_01016_r5760_c1920,3,150.37353515625,262.44171142578125,39464.287919551134,422248.2971191406,3640935.2546691895,422398.6706542969,3641197.6963806152,,
C3370,R2400,0.1178360134363174,1,38SMB_01036_r5760_c6720,2,397.4659729003906,244.039306640625,96997.32043985277,467202.10624694824,3639202.8247070312,467599.57221984863,3639446.864013672,,
C3371,R0117,0.1177832931280136,1,38SMB_00017_r0_c4080,4,695.6212615966797,794.9795532226562,553004.6797563089,442044.8105621338,3698763.844680786,442740.43182373047,3699558.824234009,,
C3372,R2591,0.1177283450961113,1,38SMB_01109_r6240_c4080,6,182.4053955078125,623.9297485351562,113808.15255064517,443817.2351074219,3636248.9016723633,443999.6405029297,3636872.8314208984,,
C3373,R3175,0.1177140995860099,1,38SMB_01283_r7200_c5520,7,604.3063354492188,736.9406127929688,445337.8811606206,456305.4086303711,3625395.012817383,456909.7149658203,3626131.953430176,,
C3374,R3899,0.1176882833242416,1,38SMB_01440_r8160_c2880,3,457.53387451171875,554.5596313476562,253729.81677828357,430177.0440673828,3615793.8677978516,430634.57794189453,3616348.427429199,,
C3375,R0272,0.117669329047203,1,38SMB_00099_r480_c3600,1,1369.884033203125,1658.1231689453125,2271436.4542223513,437806.54388427734,3692851.705932617,439176.42791748047,3694509.8291015625,,
C3376,R4438,0.1176098361611366,2,38SMB_01584_r8880_c7200,1,218.0792236328125,470.00234603881836,102497.746729746,472000.0,3610614.7507476807,472218.0792236328,3611084.7530937195,,
C3377,R3256,0.1176013648509979,1,38SMB_01304_r7440_c480,1,831.8341064453125,712.9498672485352,593056.0157629894,407088.7319946289,3624415.0939941406,407920.5661010742,3625128.043861389,,
C3378,R3407,0.117579847574234,1,38SMB_01330_r7440_c6720,4,349.27734375,598.8250732421875,209156.03095293045,467200.6951904297,3623134.3502807617,467549.9725341797,3623733.175354004,,
C3379,R2264,0.1175761893391609,1,38SMB_00976_r5520_c2400,4,705.6585693359375,166.34902954101562,117385.61819633469,425041.0902404785,3644633.650970459,425746.74880981445,3644800.0,,
C3380,R2448,0.1175403669476509,1,38SMB_01060_r6000_c2400,4,349.6826171875,870.0468444824219,304240.2576543391,426850.3173828125,3638874.750366211,427200.0,3639744.7972106934,,
C3381,R5014,0.1175123900175094,1,38SMB_01744_r9680_c5280,6,871.4279174804688,845.22216796875,736550.1936413348,453629.18182373047,3600657.9147338867,454500.60974121094,3601503.1369018555,,
C3382,R4819,0.1174969598650932,1,38SMB_01689_r9600_c2160,14,400.13824462890625,424.8881530761719,170013.99973551743,423021.6491699219,3603556.4416122437,423421.7874145508,3603981.32976532,,
C3383,R3845,0.1174840033054351,1,38SMB_01430_r8160_c480,6,619.6613311767578,316.96041107177734,196408.1102550699,406044.05265808105,3618081.8504333496,406663.7139892578,3618398.8108444214,,
C3384,R1615,0.1174779757857322,1,38SMB_00697_r3840_c6000,1,329.2732238769531,333.6004829406738,109845.70650478418,460651.0284423828,3661044.7204589844,460980.30166625977,3661378.320941925,,
C3385,R3921,0.1173645108938217,1,38SMB_01444_r8160_c3840,3,184.7150421142578,688.9031219482422,127250.76918331324,438400.16815185547,3616530.637817383,438584.8831939697,3617219.540939331,,
C3386,R4583,0.1173561215400695,1,38SMB_01617_r9120_c5040,1,292.5967216491699,533.887939453125,156213.8608120149,450400.4194831848,3606115.8056640625,450693.016204834,3606649.6936035156,,
C3387,R1611,0.117353469133377,1,38SMB_00695_r3840_c5520,7,797.6650238037109,1117.9647064208984,891761.3441589347,455211.46186828613,3660451.8334960938,456009.12689208984,3661569.7982025146,,
C3388,R4580,0.1173504889011383,1,38SMB_01616_r9120_c4800,6,618.4333801269531,208.73077392578125,129086.07805543579,448494.1703796387,3605600.0,449112.6037597656,3605808.730773926,,
C3389,R4794,0.117317333817482,1,38SMB_01687_r9600_c1680,7,1938.0615997314453,1027.5846862792969,1991522.4209499895,417645.6749725342,3602972.4153137207,419583.7365722656,3604000.0,,
C3390,R3538,0.11723592877388,1,38SMB_01361_r7680_c4080,3,458.66943359375,79.19577598571777,36324.68171438668,442409.93927001953,3623120.8042240143,442868.6087036133,3623200.0,,
C3391,R1083,0.1172268614172935,2,38SMB_00482_r2640_c4800,6,496.524658203125,488.6488342285156,242626.1953966692,450254.7738647461,3672856.4277648926,450751.2985229492,3673345.076599121,,
C3392,R2767,0.1172207444906234,1,38SMB_01167_r6480_c7920,1,202.99938201904297,489.9565124511719,99460.86924379342,479200.41763305664,3634222.2103881836,479403.4170150757,3634712.1669006348,,
C3393,R1287,0.1171902045607566,1,38SMB_00570_r3120_c5760,3,1512.64892578125,1443.8015747070312,2183964.901021868,457948.7406921387,3666722.144012451,459461.3896179199,3668165.945587158,,
C3394,R3141,0.1171785071492195,1,38SMB_01278_r7200_c4320,7,299.6173095703125,300.96160888671875,90173.30753859133,445193.4248352051,3626907.5328063965,445493.0421447754,3627208.494415283,,
C3395,R4354,0.1171737313270568,1,38SMB_01566_r8880_c2880,10,1463.2235717773438,1304.4823455810547,1908749.317021598,429916.3772583008,3608878.0487060547,431379.6008300781,3610182.5310516357,,
C3396,R4316,0.11713857203722,1,38SMB_01562_r8880_c1920,4,367.6268005371094,141.70348167419434,52093.997592852975,419205.23414611816,3611058.0963516235,419572.8609466553,3611199.7998332977,,
C3397,R0532,0.1170585006475448,1,38SMB_00263_r1440_c2640,2,275.02269744873047,249.62371826171875,68652.18834351981,426501.3999557495,3684324.6604919434,426776.42265319824,3684574.284210205,,
C3398,R0876,0.1169981211423873,2,38SMB_00426_r2400_c1440,4,991.4721298217773,772.7435302734375,766153.6737662042,414935.5087661743,3672800.0,415926.9808959961,3673572.7435302734,,
C3399,R0751,0.1169814020395279,1,38SMB_00380_r2160_c480,2,634.7488403320312,732.0875549316406,464691.7265143711,404804.19303894043,3675448.471069336,405438.94187927246,3676180.5586242676,,
C3400,R1130,0.1169256493449211,1,38SMB_00512_r2880_c1920,6,198.1412696838379,168.06137084960938,33299.89340494794,419200.91299057007,3671031.3107299805,419399.0542602539,3671199.37210083,,
C3401,R0328,0.1168847382068634,1,38SMB_00142_r720_c3840,2,1779.3734741210938,1838.0937194824219,3270655.2073956,439104.5837402344,3690961.9062805176,440883.95721435547,3692800.0,,
C3402,R3700,0.1168321892619133,1,38SMB_01398_r7920_c2880,1,316.8904113769531,375.19775390625,118896.57058306038,429859.6447753906,3618469.519805908,430176.5351867676,3618844.7175598145,,
C3403,R2972,0.1168253943324089,1,38SMB_01235_r6960_c4080,4,181.2530517578125,167.29736328125,30323.157645761967,441736.46743774414,3628060.3515625,441917.72048950195,3628227.6489257812,,
C3404,R1030,0.1167600750923156,2,38SMB_00470_r2640_c1920,8,112.1841049194336,414.6873664855957,46521.33103058368,419200.0,3673072.554702759,419312.18410491943,3673487.2420692444,,
C3405,R3422,0.1167359501123428,1,38SMB_01336_r7440_c8160,2,854.7427368164062,1100.3530883789062,940518.8102253713,482651.1169433594,3624006.3677978516,483505.8596801758,3625106.7208862305,,
C3406,R1340,0.1166853010654449,1,38SMB_00601_r3360_c3120,7,80.5975341796875,399.80613708496094,32223.388798953965,434318.59924316406,3666000.193862915,434399.19677734375,3666400.0,,
C3407,R1182,0.1166635304689407,1,38SMB_00526_r2880_c5280,2,1429.3144226074219,1445.433349609375,2065978.7335144356,452805.6301879883,3669388.879699707,454234.9446105957,3670834.3130493164,,
C3408,R1747,0.1166185811161995,1,38SMB_00745_r4080_c7440,2,526.611328125,126.02116584777832,66364.17351895943,476009.52056884766,3659073.5370731354,476536.13189697266,3659199.558238983,,
C3409,R1885,0.1166096851229667,1,38SMB_00779_r4320_c5520,5,995.6422424316406,597.7493667602539,595144.5199332724,455536.95220947266,3656202.2506332397,456532.5944519043,3656800.0,,
C3410,R1226,0.1164794564247131,1,38SMB_00554_r3120_c1920,3,842.3667907714844,982.1597290039062,827338.7389460113,419204.5317840576,3667005.987854004,420046.8985748291,3667988.147583008,,
C3411,R3557,0.1164444535970687,2,38SMB_01363_r7680_c4560,9,284.28552627563477,239.22809600830078,68009.08517363787,445601.6283226013,3622959.8628616333,445885.91384887695,3623199.0909576416,,
C3412,R2551,0.116434596478939,1,38SMB_01096_r6240_c960,2,427.4672317504883,768.2065200805664,328383.1145515156,409600.24730682373,3636442.667236328,410027.7145385742,3637210.8737564087,,
C3413,R3074,0.1163907870650291,2,38SMB_01260_r7200_c0,1,625.0860595703125,618.8665771484375,386844.8701094836,401805.62927246094,3624888.4533691406,402430.71533203125,3625507.319946289,,
C3414,R2243,0.1163507401943206,2,38SMB_00959_r5280_c8400,1,688.7164306640625,724.6769714355469,499096.9371515326,484155.49186706543,3646475.3230285645,484844.2082977295,3647200.0,,
C3415,R3381,0.116240419447422,1,38SMB_01326_r7440_c5760,7,468.216552734375,462.6568603515625,216623.60025271773,459669.6879577637,3623825.696105957,460137.90451049805,3624288.3529663086,,
C3416,R2861,0.1162403151392936,1,38SMB_01195_r6720_c4560,5,298.82232666015625,753.8690185546875,225272.89412152022,448501.17767333984,3631555.22064209,448800.0,3632309.0896606445,,
C3417,R2028,0.1162142679095268,1,38SMB_00856_r4800_c3840,7,705.7168579101562,382.5020217895508,269938.1249616039,440149.64126586914,3651617.096633911,440855.3581237793,3651999.5986557007,,
C3418,R3858,0.1162090376019477,1,38SMB_01431_r8160_c720,11,1247.2602844238281,1107.7242279052734,1381620.4355602968,407439.1845703125,3617275.532836914,408686.4448547363,3618383.2570648193,,
C3419,R0832,0.1161682531237602,1,38SMB_00406_r2160_c6720,1,548.414306640625,1087.6654052734375,596491.2690900266,469846.30432128906,3676200.5184936523,470394.7186279297,3677288.183898926,,
C3420,R1375,0.1161640062928199,1,38SMB_00606_r3360_c4320,8,892.9966735839844,840.1476287841797,750249.0378237446,443579.688873291,3664685.312805176,444472.685546875,3665525.46043396,,
C3421,R2634,0.1161579564213752,1,38SMB_01117_r6240_c6000,2,379.2303466796875,377.7994155883789,143273.00334896427,462442.21466064453,3637214.8973083496,462821.4450073242,3637592.696723938,,
C3422,R0843,0.116128884255886,1,38SMB_00421_r2400_c240,3,801.0556030273438,775.2218627929688,620995.8167796023,404036.7102050781,3674689.373474121,404837.76580810547,3675464.595336914,,
C3423,R2659,0.1160701364278793,1,38SMB_01133_r6240_c9680,4,1197.7197265625,1206.8695068359375,1445491.4157241583,498331.7663574219,3634535.4669189453,499529.4860839844,3635742.3364257812,,
C3424,R5036,0.1160165593028068,1,38SMB_01747_r9680_c6000,8,268.60870361328125,304.7760009765625,81865.4865147546,461878.10653686523,3600543.0111694336,462146.7152404785,3600847.78717041,,
C3425,R4905,0.1159756779670715,1,38SMB_01707_r9600_c6480,1,380.0322723388672,571.8699645996094,217329.0421291371,464800.0,3602725.3270721436,465180.03227233887,3603297.197036743,,
C3426,R4306,0.1158982515335083,1,38SMB_01559_r8880_c1200,0,516.527099609375,474.6942138671875,245192.42549017072,412619.75158691406,3608901.6680908203,413136.27868652344,3609376.3623046875,,
C3427,R4711,0.1158822402358055,1,38SMB_01652_r9360_c3360,10,271.9673156738281,298.333740234375,81137.0265064761,433683.23413848877,3603933.0032348633,433955.2014541626,3604231.3369750977,,
C3428,R0728,0.1156947612762451,1,38SMB_00356_r1920_c4800,0,700.3778076171875,394.4293212890625,276249.54330436885,450473.19427490234,3677600.0,451173.57208251953,3677994.429321289,,
C3429,R0942,0.1156499907374382,1,38SMB_00438_r2400_c4320,7,831.673583984375,1322.9605102539062,1100271.3090326637,445564.1223144531,3672863.045654297,446395.7958984375,3674186.006164551,,
C3430,R0199,0.1156424880027771,1,38SMB_00057_r240_c3600,4,749.7267913818359,426.279296875,319593.00947859883,436067.08724975586,3694402.1014404297,436816.8140411377,3694828.3807373047,,
C3431,R4158,0.1155968457460403,1,38SMB_01514_r8640_c480,0,653.3275985717773,581.1444091796875,379677.6812727796,405351.09088897705,3611501.1151123047,406004.4184875488,3612082.2595214844,,
C3432,R0849,0.1155755668878555,1,38SMB_00422_r2400_c480,5,732.6025390625,941.5776062011719,689802.1450273693,404800.0,3675053.24508667,405532.6025390625,3675994.822692871,,
C3433,R4777,0.1155341565608978,1,38SMB_01684_r9600_c960,2,516.2413024902344,300.1259231567383,154937.39748151856,412095.4164123535,3603699.8658561707,412611.65771484375,3603999.9917793274,,
C3434,R2305,0.1154687404632568,1,38SMB_01001_r5520_c8400,2,159.425048828125,359.89261627197266,57375.897922040895,487039.8944091797,3643949.638824463,487199.3194580078,3644309.531440735,,
C3435,R3441,0.1154422983527183,1,38SMB_01342_r7440_c9600,8,509.6387481689453,567.7166748046875,289330.41546209715,496000.1459121704,3622400.0,496509.78466033936,3622967.7166748047,,
C3436,R1833,0.1154151782393455,1,38SMB_00771_r4320_c3600,11,442.47636795043945,444.6820068359375,196761.2792776781,436238.5754966736,3654824.5516967773,436681.051864624,3655269.2337036133,,
C3437,R0134,0.1153270453214645,1,38SMB_00044_r240_c480,4,725.8819580078125,163.25927734375,118506.96390122175,406625.4064941406,3694400.4486083984,407351.28845214844,3694563.707885742,,
C3438,R3730,0.1153261214494705,2,38SMB_01401_r7920_c3600,12,511.81928634643555,577.437744140625,295543.77411555033,436159.83781814575,3619280.6994628906,436671.6571044922,3619858.1372070312,,
C3439,R0943,0.1153137162327766,1,38SMB_00438_r2400_c4320,8,186.72176361083984,445.4217529296875,83169.93525766302,443200.0,3673456.946411133,443386.72176361084,3673902.3681640625,,
C3440,R4284,0.1153054535388946,1,38SMB_01540_r8640_c6720,2,477.21832275390625,535.631103515625,255612.9768345505,468510.1435852051,3611514.1592407227,468987.361907959,3612049.7903442383,,
C3441,R0506,0.1152716055512428,1,38SMB_00258_r1440_c1440,3,323.4513854980469,553.072509765625,178892.06956457347,414400.29850006104,3683734.7494506836,414723.7498855591,3684287.821960449,,
C3442,R2136,0.1152486503124237,1,38SMB_00900_r5040_c4320,4,475.12359619140625,455.0301933288574,216195.58183007757,444658.70391845703,3648826.767425537,445133.82751464844,3649281.797618866,,
C3443,R2854,0.115234263241291,1,38SMB_01194_r6720_c4320,11,498.8836669921875,571.6583251953125,285191.0015400499,444173.7724304199,3631358.016052246,444672.6560974121,3631929.6743774414,,
C3444,R4055,0.1152198761701583,1,38SMB_01480_r8400_c2400,3,1497.0809936523438,1451.455078125,2172945.810601115,425702.91900634766,3612800.0,427200.0,3614251.455078125,,
C3445,R2790,0.1152050420641899,2,38SMB_01181_r6720_c1200,2,582.5288391113281,272.65161514282227,158827.42885097687,412016.22413635254,3632527.348384857,412598.75297546387,3632800.0,,
C3446,R0615,0.1151493489742279,2,38SMB_00304_r1680_c2400,2,427.6406669616699,429.1242980957031,183511.00104710495,424275.2216529846,3681832.874145508,424702.8623199463,3682261.9984436035,,
C3447,R0256,0.1151362285017967,1,38SMB_00093_r480_c2160,6,116.05224609375,567.8729248046875,65902.92841941118,424683.50311279297,3692373.1829833984,424799.5553588867,3692941.055908203,,
C3448,R0564,0.1150892674922943,1,38SMB_00294_r1680_c0,6,1082.7466583251953,1129.609375,1223080.7759940624,400774.027633667,3680335.924682617,401856.7742919922,3681465.534057617,,
C3449,R4308,0.1150743141770362,1,38SMB_01560_r8880_c1440,1,1235.1152038574219,1355.8354949951172,1674613.0337980227,414400.0,3609175.930786133,415635.1152038574,3610531.766281128,,
C3450,R1991,0.1150676533579826,1,38SMB_00840_r4800_c0,1,427.19879150390625,428.7408447265625,183157.57073555142,401088.90533447266,3649656.7651367188,401516.10412597656,3650085.5059814453,,
C3451,R4762,0.1150045916438102,2,38SMB_01670_r9360_c7680,2,329.25445556640625,330.975341796875,108975.1059692353,477563.7545776367,3603446.644897461,477893.0090332031,3603777.620239258,,
C3452,R4903,0.1148902028799057,1,38SMB_01706_r9600_c6240,2,483.4326171875,486.6569519042969,235265.84393158555,464684.33990478516,3602785.862197876,465167.77252197266,3603272.5191497803,,
C3453,R1968,0.1148332059383392,1,38SMB_00820_r4560_c5280,2,211.48529052734375,466.2847137451172,98612.35815484542,455788.51470947266,3653933.715286255,456000.0,3654400.0,,
C3454,R1897,0.1147746071219444,1,38SMB_00806_r4560_c1920,0,752.9620361328125,1328.9535522460938,1000651.5726251528,421644.83825683594,3651736.8438720703,422397.80029296875,3653065.7974243164,,
C3455,R3900,0.1147729605436325,1,38SMB_01440_r8160_c2880,4,141.01505279541016,709.8395538330078,100098.06216003199,428800.3377914429,3616562.268371582,428941.3528442383,3617272.107925415,,
C3456,R2425,0.1146653145551681,1,38SMB_01045_r5760_c8880,8,1091.8296813964844,1150.1560974121094,1255774.5653936872,490899.5014953613,3641249.843902588,491991.3311767578,3642400.0,,
C3457,R1187,0.1146598979830741,1,38SMB_00527_r2880_c5520,3,859.7628784179688,880.7162475585938,757207.1360704489,457139.5950317383,3669262.949066162,457999.35791015625,3670143.6653137207,,
C3458,R2071,0.1145495697855949,1,38SMB_00870_r4800_c7200,4,335.24932861328125,368.8775634765625,123665.95549602062,473444.9562072754,3650769.1801452637,473780.2055358887,3651138.0577087402,,
C3459,R2309,0.1145331263542175,1,38SMB_01002_r5520_c8640,3,423.558349609375,451.978759765625,191439.3775448203,488998.3728027344,3642262.169494629,489421.93115234375,3642714.1482543945,,
C3460,R3620,0.1145198717713356,1,38SMB_01377_r7680_c7920,4,331.82525634765625,312.6518249511719,103745.77196198516,480519.35607910156,3622217.761001587,480851.1813354492,3622530.412826538,,
C3461,R2991,0.1144599393010139,1,38SMB_01238_r6960_c4800,3,528.4109497070312,822.4331665039062,434582.69058289006,450671.58905029297,3629275.728302002,451200.0,3630098.161468506,,
C3462,R1895,0.114445723593235,1,38SMB_00787_r4320_c7440,1,361.1191940307617,418.6187744140625,151171.2744225515,474400.80516815186,3653600.5541992188,474761.9243621826,3654019.172973633,,
C3463,R1039,0.114439733326435,1,38SMB_00471_r2640_c2160,8,189.06457901000977,413.5382080078125,78185.42720155092,421600.4645729065,3671437.8173828125,421789.5291519165,3671851.3555908203,,
C3464,R4454,0.1144138351082801,1,38SMB_01588_r8880_c8160,2,580.06103515625,595.3546142578125,345342.01383143663,483437.55798339844,3609069.426879883,484017.6190185547,3609664.7814941406,,
C3465,R4056,0.1143706515431404,1,38SMB_01480_r8400_c2400,4,790.4293823242188,814.2100524902344,643575.5488720257,426130.52642822266,3614331.392211914,426920.9558105469,3615145.6022644043,,
C3466,R4823,0.1143549531698226,1,38SMB_01690_r9600_c2400,2,719.0362548828125,313.3892822265625,225338.25581260026,424787.6219177246,3600800.0,425506.6581726074,3601113.3892822266,,
C3467,R3831,0.1142475381493568,1,38SMB_01426_r7920_c9600,7,83.5675048828125,522.5640869140625,43669.37688477337,499116.4324951172,3619441.3607788086,499200.0,3619963.9248657227,,
C3468,R3698,0.1141329482197761,1,38SMB_01397_r7920_c2640,0,620.9652709960938,491.6468048095703,305295.59138293844,428611.44958496094,3620308.3531951904,429232.41485595703,3620800.0,,
C3469,R1600,0.1141304448246955,1,38SMB_00692_r3840_c4800,3,552.1380615234375,546.3846206665039,301679.7453010222,449325.2053833008,3660602.9443359375,449877.3434448242,3661149.328956604,,
C3470,R3645,0.1141278371214866,1,38SMB_01384_r7680_c9600,10,315.37689208984375,969.68505859375,305816.2600852549,496000.0,3622140.5922698975,496315.37689208984,3623110.277328491,,
C3471,R2906,0.1141064316034317,1,38SMB_01210_r6720_c8160,4,803.397216796875,524.3249893188477,421241.2371158134,483043.22052001953,3632275.106124878,483846.6177368164,3632799.431114197,,
C3472,R4420,0.1141017079353332,1,38SMB_01573_r8880_c4560,5,98.21822166442871,529.2457580566406,51981.577179765736,445600.0,3609679.848022461,445698.2182216644,3610209.0937805176,,
C3473,R2062,0.114097811281681,1,38SMB_00865_r4800_c6000,1,391.7303466796875,181.21002197265625,70985.46472918242,461474.86572265625,3651818.7899780273,461866.59606933594,3652000.0,,
C3474,R1770,0.1140805557370185,1,38SMB_00766_r4320_c2400,6,547.584228515625,574.0005493164062,314313.6479649693,425421.10107421875,3655597.5273132324,425968.6853027344,3656171.527862549,,
C3475,R1204,0.1140657663345336,1,38SMB_00550_r3120_c960,2,602.9078674316406,101.9773006439209,61482.91685766162,412102.2233581543,3668698.022699356,412705.13122558594,3668800.0,,
C3476,R1412,0.1140255257487297,1,38SMB_00639_r3600_c2160,3,601.0980224609375,580.7915878295898,349112.67490631435,423150.0485229492,3662906.9345092773,423751.14654541016,3663487.726097107,,
C3477,R0953,0.1139724552631378,1,38SMB_00440_r2400_c4800,4,480.859375,649.9835205078125,312550.6694316864,448000.0,3673922.897796631,448480.859375,3674572.8813171387,,
C3478,R0519,0.1139555647969245,1,38SMB_00260_r1440_c1920,6,298.5498046875,221.5570068359375,66145.80111801624,422098.3901977539,3682400.609741211,422396.9400024414,3682622.166748047,,
C3479,R0723,0.1139453575015068,1,38SMB_00354_r1920_c4320,2,714.4564819335938,880.0192260742188,628735.4402949102,445292.90954589844,3678606.248474121,446007.36602783203,3679486.2677001953,,
C3480,R0646,0.113827921450138,1,38SMB_00338_r1920_c480,3,98.41634750366211,598.6785888671875,58919.76004495518,404800.0,3677604.9450683594,404898.41634750366,3678203.6236572266,,
C3481,R2410,0.1137886941432952,1,38SMB_01040_r5760_c7680,4,398.17962646484375,498.114013671875,198338.85190077126,476800.0,3640501.75201416,477198.17962646484,3640999.866027832,,
C3482,R1341,0.1137604191899299,1,38SMB_00601_r3360_c3120,8,160.6207275390625,449.0641784667969,72129.01505706832,434239.37927246094,3665950.115585327,434400.0,3666399.179763794,,
C3483,R3296,0.1135983541607856,1,38SMB_01315_r7440_c3120,6,509.32952880859375,546.3226318359375,278258.2486504689,432558.31146240234,3623653.9797973633,433067.64099121094,3624200.302429199,,
C3484,R4804,0.1135927438735961,2,38SMB_01688_r9600_c1920,7,712.9057312011719,670.7675170898438,478194.0072369296,419713.92028808594,3601851.6494750977,420426.8260192871,3602522.4169921875,,
C3485,R1365,0.1135880947113037,1,38SMB_00605_r3360_c4080,6,311.86832427978516,566.9119262695312,176801.87245990383,440800.0,3664497.0288085938,441111.8683242798,3665063.9407348633,,
C3486,R0392,0.113540418446064,1,38SMB_00183_r960_c3600,1,122.27294921875,469.000244140625,57346.04303538799,439077.6467895508,3688606.694946289,439199.91973876953,3689075.6951904297,,
C3487,R0813,0.1135010719299316,1,38SMB_00392_r2160_c3360,3,194.99530792236328,572.8234100341797,111697.87722475303,433600.0,3676555.086364746,433794.99530792236,3677127.9097747803,,
C3488,R3823,0.1133810952305793,1,38SMB_01425_r7920_c9360,4,834.7392272949219,1008.6541748046875,841963.2064842619,493601.0385131836,3617604.467163086,494435.7777404785,3618613.1213378906,,
C3489,R1465,0.1133476346731185,1,38SMB_00648_r3600_c4320,4,572.8121948242188,308.9215087890625,176954.00747787207,443617.419052124,3660800.6091308594,444190.23124694824,3661109.5306396484,,
C3490,R4250,0.1133436113595962,1,38SMB_01528_r8640_c3840,5,635.8331298828125,870.8858489990234,553738.0751396995,439238.30947875977,3612729.114151001,439874.1426086426,3613600.0,,
C3491,R1669,0.1133327856659889,1,38SMB_00725_r4080_c2640,5,160.0421142578125,767.8373718261719,122886.31639322266,429439.6029663086,3657544.0518188477,429599.6450805664,3658311.889190674,,
C3492,R3657,0.1132655292749404,1,38SMB_01388_r7920_c480,4,212.68646240234375,422.5244140625,89865.22290557623,407787.31353759766,3618296.9662475586,408000.0,3618719.490661621,,
C3493,R0493,0.11326365172863,1,38SMB_00243_r1200_c7920,1,515.0325012207031,612.4893188476562,315451.90585707314,479572.34130859375,3685958.4548950195,480087.37380981445,3686570.944213867,,
C3494,R0477,0.113247126340866,1,38SMB_00228_r1200_c4320,4,1005.56396484375,875.9194946289062,880793.0799029768,444669.35302734375,3684800.0,445674.9169921875,3685675.919494629,,
C3495,R3249,0.1131772845983505,1,38SMB_01301_r7200_c9680,5,421.7242240905762,412.1185302734375,173800.36741291406,496975.0950050354,3626565.9036254883,497396.819229126,3626978.0221557617,,
C3496,R3080,0.1131398230791091,1,38SMB_01264_r7200_c960,0,493.2391357421875,526.339111328125,259611.04837879539,411551.1592102051,3625008.700866699,412044.39834594727,3625535.0399780273,,
C3497,R1060,0.1130468845367431,1,38SMB_00478_r2640_c3840,3,640.3631591796875,631.7724609375,404563.8089686632,439735.37658691406,3670827.3446655273,440375.73974609375,3671459.117126465,,
C3498,R4882,0.1130101308226585,2,38SMB_01702_r9600_c5280,4,523.1231689453125,603.5626220703125,315737.5915143639,454072.04650878906,3600867.0489501953,454595.1696777344,3601470.6115722656,,
C3499,R4210,0.1128179803490638,1,38SMB_01524_r8640_c2880,11,475.41748046875,819.3473052978516,389532.0315135643,431524.58251953125,3612780.652694702,432000.0,3613600.0,,
C3500,R4244,0.1127904951572418,1,38SMB_01527_r8640_c3600,7,151.07763290405273,407.61199951171875,61581.05602951837,436000.0,3611637.882385254,436151.07763290405,3612045.4943847656,,
C3501,R1217,0.1127840057015419,1,38SMB_00552_r3120_c1440,3,462.989501953125,557.69287109375,258205.94463050365,417137.0104980469,3666541.9354248047,417600.0,3667099.6282958984,,
C3502,R3633,0.1127715483307838,1,38SMB_01383_r7680_c9360,9,478.88580322265625,492.81158447265625,236000.4714676179,494727.8172302246,3621766.757507324,495206.70303344727,3622259.569091797,,
C3503,R2701,0.1127594336867332,1,38SMB_01150_r6480_c3840,7,1001.8899536132812,1143.66455078125,1145826.0237313807,440598.1100463867,3633575.800476074,441600.0,3634719.4650268555,,
C3504,R1183,0.1127302423119545,1,38SMB_00526_r2880_c5280,3,601.7597961425781,397.2589111328125,239054.4413791038,453207.0845794678,3668001.925354004,453808.84437561035,3668399.1842651367,,
C3505,R4038,0.1126817986369133,1,38SMB_01474_r8400_c960,6,688.1802368164062,681.94580078125,469301.6226775944,409615.79864501953,3612847.060546875,410303.97888183594,3613529.0063476562,,
C3506,R4637,0.1126530095934867,1,38SMB_01645_r9360_c1680,9,1802.2048950195312,1314.4522094726562,2368912.2061808594,417666.85974121094,3603200.0,419469.06463623047,3604514.4522094727,,
C3507,R2611,0.1126465201377868,2,38SMB_01112_r6240_c4800,6,397.4871826171875,550.9149169921875,218981.61821700633,450802.5128173828,3634649.9041748047,451200.0,3635200.819091797,,
C3508,R2973,0.1125793233513832,1,38SMB_01235_r6960_c4080,5,435.9312438964844,413.35693359375,180195.20223475993,441425.0555419922,3627768.3670043945,441860.9867858887,3628181.7239379883,,
C3509,R2563,0.1125771254301071,1,38SMB_01102_r6240_c2400,8,528.5430908203125,898.525390625,474909.38714146614,426671.35986328125,3636311.308898926,427199.90295410156,3637209.834289551,,
C3510,R4336,0.11257304251194,1,38SMB_01564_r8880_c2400,11,398.59100341796875,404.1265869140625,161081.22178595513,425172.9438781738,3608283.02154541,425571.5348815918,3608687.148132324,,
C3511,R1678,0.1125074997544288,1,38SMB_00726_r4080_c2880,8,1176.5853881835938,1150.2301025390625,1353343.9316963777,429772.1340942383,3657609.7079467773,430948.7194824219,3658759.9380493164,,
C3512,R0682,0.1125074997544288,2,38SMB_00344_r1920_c1920,6,502.529296875,466.45263671875,234406.11555576324,421730.8923339844,3679555.2157592773,422233.4216308594,3680021.668395996,,
C3513,R2619,0.1124380156397819,1,38SMB_01113_r6240_c5040,6,204.36599731445312,558.7286376953125,114185.13527074829,450400.09103775024,3635651.668395996,450604.4570350647,3636210.3970336914,,
C3514,R0895,0.1124367266893386,1,38SMB_00428_r2400_c1920,8,174.4273567199707,623.6521911621094,108782.00321702461,419200.5686378479,3672994.9462890625,419374.9959945679,3673618.5984802246,,
C3515,R0422,0.1123997122049331,1,38SMB_00194_r960_c6240,1,560.584716796875,569.2671203613281,319122.4474495277,463102.5830078125,3688958.031311035,463663.1677246094,3689527.2984313965,,
C3516,R4638,0.1123521402478218,1,38SMB_01645_r9360_c1680,10,289.8581123352051,961.8878173828125,278810.9870248125,416801.1365699768,3603240.0131225586,417090.994682312,3604201.9009399414,,
C3517,R4741,0.1123519316315651,1,38SMB_01657_r9360_c4560,6,911.3320922851562,988.9834594726562,901292.3653566279,446323.37158203125,3603735.3005981445,447234.7036743164,3604724.284057617,,
C3518,R5016,0.1123482063412666,1,38SMB_01744_r9680_c5280,8,428.28369140625,294.615478515625,126179.00468409061,454637.99087524414,3600001.116333008,455066.2745666504,3600295.7318115234,,
C3519,R0664,0.112291619181633,1,38SMB_00341_r1920_c1200,3,437.44873046875,413.16436767578125,180738.22811469436,412840.75119018555,3678085.6729125977,413278.1999206543,3678498.8372802734,,
C3520,R0335,0.1122455075383186,1,38SMB_00147_r720_c5040,0,637.8027153015137,1238.116111755371,789673.817936128,450401.1089515686,3691347.1034240723,451038.9116668701,3692585.2195358276,,
C3521,R3486,0.1121867150068283,1,38SMB_01355_r7680_c2640,6,420.091552734375,405.030517578125,170149.8990342021,428258.69216918945,3620723.8748168945,428678.7837219238,3621128.9053344727,,
C3522,R4337,0.1121854409575462,1,38SMB_01564_r8880_c2400,12,879.8722839355469,706.8060302734375,621899.0361561067,424750.32638549805,3610396.8686676025,425630.1986694336,3611103.674697876,,
C3523,R3196,0.1121689528226852,1,38SMB_01286_r7200_c6240,8,139.48063850402832,395.10772705078125,55109.87804691831,462400.0,3625313.0291748047,462539.480638504,3625708.1369018555,,
C3524,R1390,0.1121263206005096,1,38SMB_00613_r3360_c6000,1,287.5920104980469,309.50103759765625,89010.02565394156,460011.0101699829,3665191.0313415527,460298.60218048096,3665500.5323791504,,
C3525,R4508,0.1120765879750251,1,38SMB_01606_r9120_c2400,9,357.08740234375,360.4566955566406,128714.54507373273,426085.31524658203,3608105.3006744385,426442.4026489258,3608465.757369995,,
C3526,R4531,0.1120280176401138,1,38SMB_01608_r9120_c2880,16,1106.7105102539062,1098.1082153320312,1215287.9033041187,429761.8682861328,3606669.497528076,430868.5787963867,3607767.605743408,,
C3527,R0536,0.1119993031024932,1,38SMB_00268_r1440_c3840,0,1116.0092163085938,1329.4921875,1483725.534260273,440483.9907836914,3682423.031311035,441600.0,3683752.523498535,,
C3528,R2259,0.1119970306754112,1,38SMB_00975_r5520_c2160,2,496.8315124511719,256.03538513183594,127206.44763606833,421999.6297454834,3644543.964614868,422496.46125793457,3644800.0,,
C3529,R3395,0.111996404826641,1,38SMB_01328_r7440_c6240,4,1132.5309753417969,647.2817993164062,733066.6875008028,462400.0,3624952.7182006836,463532.5309753418,3625600.0,,
C3530,R4591,0.1119787693023681,1,38SMB_01620_r9120_c5760,1,353.1950378417969,633.1194305419922,223614.64122865582,457601.20735168457,3607178.903503418,457954.40238952637,3607812.02293396,,
C3531,R2077,0.1119574233889579,1,38SMB_00874_r4800_c8160,0,960.8294677734375,937.305908203125,900591.1369197071,483834.5751953125,3648802.8469848633,484795.40466308594,3649740.1528930664,,
C3532,R4992,0.1119454354047775,2,38SMB_01739_r9680_c4080,6,185.48828125,846.9087219238281,157091.64320528507,443814.22912597656,3601800.7078552246,443999.71740722656,3602647.6165771484,,
C3533,R4272,0.1119450181722641,1,38SMB_01531_r8640_c4560,4,1331.6751098632812,1514.90478515625,2017360.9962053597,446163.4265136719,3611758.4410095215,447495.10162353516,3613273.3457946777,,
C3534,R1693,0.1118972450494766,1,38SMB_00727_r4080_c3120,13,687.0831298828125,686.4117431640625,471621.9288814813,433706.0577392578,3657432.1325683594,434393.1408691406,3658118.5443115234,,
C3535,R3487,0.111817367374897,1,38SMB_01355_r7680_c2640,7,614.783935546875,535.1626586914062,329009.40546803176,427952.80670166016,3621483.319091797,428567.59063720703,3622018.4817504883,,
C3536,R1994,0.1118170022964477,1,38SMB_00841_r4800_c240,2,1128.2501220703125,1268.0270385742188,1430651.6610598192,402620.3546142578,3649261.594848633,403748.6047363281,3650529.621887207,,
C3537,R4780,0.1117981895804405,1,38SMB_01685_r9600_c1200,1,894.6859741210938,903.8034057617188,808620.2304978855,412488.4716796875,3603071.460418701,413383.1576538086,3603975.263824463,,
C3538,R0146,0.111788772046566,1,38SMB_00045_r240_c720,9,426.19537353515625,405.7970428466797,172948.82225550245,409082.81173706055,3696982.647628784,409509.0071105957,3697388.444671631,,
C3539,R4368,0.1117443218827247,1,38SMB_01567_r8880_c3120,13,1065.5470275878906,1067.2052001953125,1137157.328894455,433241.4872741699,3609020.7035827637,434307.0343017578,3610087.908782959,,
C3540,R4831,0.1117230281233787,2,38SMB_01691_r9600_c2640,6,936.7969512939453,1531.2191772460938,1434441.457006964,426401.4889526367,3601470.089111328,427338.28590393066,3603001.308288574,,
C3541,R3287,0.1116808652877807,1,38SMB_01313_r7440_c2640,5,993.81591796875,1149.248046875,1142141.0026788712,428594.7604370117,3622812.2860717773,429588.57635498047,3623961.5341186523,,
C3542,R1272,0.1116135194897651,1,38SMB_00565_r3120_c4560,4,681.1502075195312,177.113037109375,120640.58198146522,447205.89950561523,3665600.333251953,447887.04971313477,3665777.4462890625,,
C3543,R1679,0.1115270256996154,1,38SMB_00726_r4080_c2880,9,158.11431884765625,161.226806640625,25492.266711965203,430563.50006103516,3657820.0804138184,430721.6143798828,3657981.307220459,,
C3544,R4404,0.1115184277296066,1,38SMB_01571_r8880_c4080,9,1458.88427734375,1220.3989028930664,1780420.7715182565,441732.05657958984,3609708.157043457,443190.9408569336,3610928.55594635,,
C3545,R2822,0.1114952713251113,1,38SMB_01190_r6720_c3360,10,339.98291015625,90.8624267578125,30891.672272980213,435123.68377685547,3629600.206298828,435463.6666870117,3629691.068725586,,
C3546,R3794,0.1114799752831459,1,38SMB_01415_r7920_c6960,6,789.4662475585938,616.1700439453125,486445.45245151967,470067.3710632324,3617601.908569336,470856.837310791,3618218.0786132812,,
C3547,R0077,0.1114566847681999,1,38SMB_00007_r0_c1680,9,625.3326416015625,175.5657958984375,109787.02292405069,419348.47412109375,3696800.178833008,419973.8067626953,3696975.7446289062,,
C3548,R0217,0.1114496439695358,1,38SMB_00084_r480_c0,2,604.5526123046875,635.7844543457031,384365.15273740515,401150.91857910156,3694185.881958008,401755.47119140625,3694821.6664123535,,
C3549,R0401,0.1114372089505195,1,38SMB_00186_r960_c4320,3,1806.4199829101562,1688.5108184814453,3050159.6838648664,443223.4428405762,3687536.312866211,445029.8628234863,3689224.8236846924,,
C3550,R3887,0.11141999065876,1,38SMB_01435_r8160_c1680,3,325.4046630859375,834.6264266967773,271591.33118188474,419673.8391113281,3617302.4990844727,419999.24377441406,3618137.1255111694,,
C3551,R3215,0.1113493889570236,1,38SMB_01294_r7200_c8160,5,914.3551635742188,911.7303466796875,833645.3502738848,482640.3079223633,3624806.9903564453,483554.6630859375,3625718.720703125,,
C3552,R2547,0.1112024560570716,1,38SMB_01095_r6240_c720,2,666.4535522460938,643.1698226928711,428642.8130311542,409352.9443359375,3636509.750518799,410019.3978881836,3637152.9203414917,,
C3553,R0850,0.1111597567796707,1,38SMB_00422_r2400_c480,6,730.3284454345703,732.4798583984375,534950.876296265,406065.29106140137,3672815.5935668945,406795.61950683594,3673548.073425293,,
C3554,R2626,0.1110769808292388,1,38SMB_01114_r6240_c5280,6,571.3703155517578,572.1912002563477,326933.0666464084,452817.8140640259,3636622.2772216797,453389.18437957764,3637194.468421936,,
C3555,R2564,0.1110660508275032,1,38SMB_01102_r6240_c2400,9,678.8822937011719,722.9217529296875,490778.7777953781,424718.23013305664,3636695.470428467,425397.1124267578,3637418.3921813965,,
C3556,R4850,0.1110462248325347,1,38SMB_01694_r9600_c3360,3,1128.2200622558594,544.6421813964844,614476.2358023087,433797.6983642578,3603454.172515869,434925.9184265137,3603998.8146972656,,
C3557,R2907,0.1110216081142425,1,38SMB_01210_r6720_c8160,5,126.82172775268555,211.89300537109375,26872.637039871188,481601.3129520416,3631137.362976074,481728.1346797943,3631349.2559814453,,
C3558,R3094,0.1110198199748992,1,38SMB_01270_r7200_c2400,3,297.83687591552734,110.8917236328125,33027.64453168493,424002.66160964966,3624801.651611328,424300.4984855652,3624912.543334961,,
C3559,R0362,0.1109613999724388,1,38SMB_00174_r960_c1440,7,452.33642578125,445.45654296875,201496.2204873562,415998.77227783203,3688373.6895751953,416451.1087036133,3688819.146118164,,
C3560,R1283,0.11094830930233,1,38SMB_00569_r3120_c5520,2,629.9545288085938,492.61329650878906,310323.9770870423,455322.758102417,3668056.342163086,455952.7126312256,3668548.9554595947,,
C3561,R2802,0.1109418720006942,1,38SMB_01186_r6720_c2400,5,399.4207763671875,593.7371826171875,237150.9664390236,426800.5792236328,3631152.4868774414,427200.0,3631746.2240600586,,
C3562,R0125,0.1108413562178611,1,38SMB_00042_r240_c0,5,631.4483642578125,492.90096282958984,311241.50671984535,401786.85623168945,3697107.0990371704,402418.30459594727,3697600.0,,
C3563,R0520,0.1108289882540702,1,38SMB_00260_r1440_c1920,7,1053.460693359375,1161.0613250732422,1223132.4685444124,419200.0,3683576.008605957,420253.4606933594,3684737.0699310303,,
C3564,R1196,0.1108261793851852,1,38SMB_00532_r2880_c6720,0,431.61376953125,427.2816467285156,184420.64219601452,469251.8408203125,3668392.3095703125,469683.45458984375,3668819.591217041,,
C3565,R2674,0.1107683405280113,1,38SMB_01138_r6480_c960,1,475.1336669921875,490.3387451171875,232976.44603587687,410942.82135009766,3632189.3142700195,411417.95501708984,3632679.6530151367,,
C3566,R4304,0.110751673579216,1,38SMB_01558_r8880_c960,1,1285.4443359375,1296.2728881835938,1666286.6419449449,410438.38287353516,3608007.179260254,411723.82720947266,3609303.4521484375,,
C3567,R2811,0.1107515320181846,1,38SMB_01189_r6720_c3120,4,473.7078857421875,221.3970947265625,104877.54965238273,432883.3020019531,3629600.0033569336,433357.0098876953,3629821.40045166,,
C3568,R2785,0.1107427924871444,1,38SMB_01180_r6720_c960,1,709.5663452148438,1216.5158081054688,863198.6758534797,409602.1594238281,3629988.4197998047,410311.72576904297,3631204.93560791,,
C3569,R3347,0.1107087805867195,1,38SMB_01321_r7440_c4560,3,1267.5299835205078,1013.5546875,1284710.9563440084,446811.79008483887,3622850.098876953,448079.3200683594,3623863.653564453,,
C3570,R4378,0.1106853261590004,1,38SMB_01568_r8880_c3360,7,94.232177734375,503.7554931640625,47469.97716650367,436705.7678222656,3608793.741760254,436800.0,3609297.497253418,,
C3571,R0763,0.1106598526239395,1,38SMB_00381_r2160_c720,11,610.7982635498047,243.50616455078125,148733.1424712902,408220.85792541504,3675200.0,408831.65618896484,3675443.506164551,,
C3572,R4162,0.1106449738144874,2,38SMB_01515_r8640_c720,3,255.67718505859375,602.364501953125,154010.8602385968,407200.0,3612864.5444488525,407455.6771850586,3613466.9089508057,,
C3573,R3087,0.1106242761015892,2,38SMB_01268_r7200_c1920,2,599.2699432373047,609.8234558105469,365448.8677483634,419464.61250305176,3626512.4240112305,420063.88244628906,3627122.247467041,,
C3574,R4369,0.1106128320097923,1,38SMB_01567_r8880_c3120,14,594.2572021484375,384.51107025146484,228498.4728027368,433197.7993774414,3610815.4889297485,433792.05657958984,3611200.0,,
C3575,R0828,0.1105168461799621,1,38SMB_00402_r2160_c5760,0,1010.3070068359375,940.4902648925781,950183.9044819586,459756.8621826172,3677450.644378662,460767.1691894531,3678391.1346435547,,
C3576,R1986,0.110466793179512,1,38SMB_00829_r4560_c7440,3,713.6114501953125,149.95849609375,107012.09986656904,474615.88203430176,3651200.2099609375,475329.49348449707,3651350.1684570312,,
C3577,R0481,0.1104371398687362,1,38SMB_00229_r1200_c4560,2,276.7205810546875,925.8639526367188,256205.61095122248,448522.24212646484,3685162.52532959,448798.96270751953,3686088.3892822266,,
C3578,R2544,0.1104136034846305,1,38SMB_01094_r6240_c480,0,1044.5831298828125,922.0745849609375,963183.5559438914,406704.42291259766,3635502.2523498535,407749.00604248047,3636424.3269348145,,
C3579,R1694,0.1104091256856918,1,38SMB_00727_r4080_c3120,14,315.8576202392578,701.5577697753906,221592.367621616,431200.0,3656004.1772460938,431515.85762023926,3656705.735015869,,
C3580,R0708,0.1103370040655136,1,38SMB_00347_r1920_c2640,3,581.316032409668,941.9931793212891,547595.7375600206,426400.0,3679721.7511749268,426981.31603240967,3680663.744354248,,
C3581,R2670,0.1101942434906959,1,38SMB_01136_r6480_c480,3,612.3779296875,533.59375,326761.03591918945,406330.5725097656,3632000.382080078,406942.9504394531,3632533.975830078,,
C3582,R1212,0.1100819930434227,2,38SMB_00551_r3120_c1200,4,456.94305419921875,84.29052352905273,38515.96926141647,412157.69638061523,3668715.538082123,412614.63943481445,3668799.828605652,,
C3583,R2331,0.1100262850522995,1,38SMB_01016_r5760_c1920,5,182.371826171875,463.5865020751953,84545.11697208509,422217.55310058594,3640857.0642089844,422399.9249267578,3641320.6507110596,,
C3584,R3165,0.1100005581974983,2,38SMB_01282_r7200_c5280,6,561.3758850097656,381.29150390625,214047.8554520756,455106.5104675293,3624800.180053711,455667.88635253906,3625181.471557617,,
C3585,R4108,0.109909102320671,1,38SMB_01489_r8400_c4560,7,818.9514923095703,815.8966064453125,668179.7434187029,445600.52894592285,3612803.451538086,446419.4804382324,3613619.3481445312,,
C3586,R3335,0.1098957508802414,1,38SMB_01319_r7440_c4080,10,610.7135009765625,112.5848388671875,68757.08110146224,441486.13845825195,3622400.667114258,442096.8519592285,3622513.251953125,,
C3587,R0917,0.1098801791667938,1,38SMB_00431_r2400_c2640,8,472.2137451171875,459.659423828125,217057.49800428748,427762.17346191406,3672837.9443359375,428234.38720703125,3673297.6037597656,,
C3588,R0647,0.1098495796322822,1,38SMB_00338_r1920_c480,4,399.6458435058594,419.3267822265625,167582.20558753237,405873.1098937988,3678968.9111328125,406272.7557373047,3679388.237915039,,
C3589,R0478,0.1098359227180481,1,38SMB_00228_r1200_c4320,5,408.9237976074219,906.1801147460938,370558.613838302,443200.10955810547,3685611.5057373047,443609.0333557129,3686517.685852051,,
C3590,R2937,0.1098000779747963,1,38SMB_01226_r6960_c1920,1,502.5098419189453,536.22314453125,269457.4075916782,420325.4976654053,3628016.9869995117,420828.0075073242,3628553.210144043,,
C3591,R4280,0.1097865551710128,1,38SMB_01535_r8640_c5520,0,778.6746597290039,623.131103515625,485216.399996588,455813.1121444702,3610400.0,456591.7868041992,3611023.1311035156,,
C3592,R0827,0.1097665205597877,1,38SMB_00400_r2160_c5280,1,573.963623046875,679.588623046875,390059.1482654214,454759.8223876953,3675834.389038086,455333.7860107422,3676513.977661133,,
C3593,R0293,0.1097257137298584,1,38SMB_00131_r720_c1200,5,395.01007080078125,375.843505859375,148461.96985952556,413121.98303222656,3690651.67388916,413516.99310302734,3691027.5173950195,,
C3594,R4820,0.10971499979496,1,38SMB_01689_r9600_c2160,15,407.8485107421875,879.8465347290039,358844.0988708986,421600.1079559326,3602786.064605713,422007.9564666748,3603665.911140442,,
C3595,R1879,0.1097103431820869,1,38SMB_00778_r4320_c5280,4,506.08612060546875,1077.3452758789062,545229.4912221842,455493.91387939453,3653785.7705688477,456000.0,3654863.1158447266,,
C3596,R2842,0.1096546500921249,1,38SMB_01193_r6720_c4080,11,821.0784912109375,382.701416015625,314227.9012463987,442194.5570373535,3629600.0,443015.63552856445,3629982.7014160156,,
C3597,R2332,0.1096281707286834,2,38SMB_01016_r5760_c1920,6,123.546142578125,684.820556640625,84606.93813115358,422276.4538574219,3639360.6640625,422400.0,3640045.4846191406,,
C3598,R2191,0.1095528379082679,1,38SMB_00939_r5280_c3600,1,805.0579833984375,513.5160064697266,413410.16061133705,437462.9653930664,3646685.7161331177,438268.02337646484,3647199.2321395874,,
C3599,R0167,0.1095473915338516,1,38SMB_00047_r240_c1200,12,903.9727783203125,923.7814331054688,835073.2686450705,413071.65924072266,3695394.2291259766,413975.63201904297,3696318.010559082,,
C3600,R1744,0.109536737203598,1,38SMB_00740_r4080_c6240,2,421.54754638671875,122.52693176269531,51650.927450857125,463494.98153686523,3659076.8561935425,463916.52908325195,3659199.383125305,,
C3601,R4961,0.1095330417156219,1,38SMB_01732_r9680_c2400,5,1056.3273620605469,1030.9130859375,1088981.7005820572,424342.6303100586,3600132.4157714844,425398.95767211914,3601163.328857422,,
C3602,R4305,0.109530784189701,1,38SMB_01558_r8880_c960,2,387.40108489990234,633.1227874755859,245272.4547428923,409601.17641448975,3610566.8772125244,409988.57749938965,3611200.0,,
C3603,R2525,0.1095286458730697,1,38SMB_01082_r6000_c7680,1,622.9570007324219,329.285888671875,205130.94959054142,477423.4231567383,3636800.1733398438,478046.3801574707,3637129.4592285156,,
C3604,R2075,0.1095188781619072,1,38SMB_00871_r4800_c7440,3,792.4789428710938,1716.707763671875,1360454.753773287,476807.5210571289,3649310.563354492,477600.0,3651027.271118164,,
C3605,R2855,0.1094821467995643,1,38SMB_01194_r6720_c4320,12,113.82217407226562,455.71956634521484,51870.99180868245,443200.0,3631817.0960998535,443313.82217407227,3632272.8156661987,,
C3606,R2203,0.1094812229275703,1,38SMB_00940_r5280_c3840,11,319.498291015625,120.12939453125,38381.13625347614,441277.6110839844,3644000.220336914,441597.109375,3644120.3497314453,,
C3607,R4627,0.1094781458377838,1,38SMB_01644_r9360_c1440,8,360.335693359375,411.0650634765625,148121.41466364264,416067.60345458984,3604555.164489746,416427.9391479492,3604966.2295532227,,
C3608,R3787,0.1094052717089653,1,38SMB_01414_r7920_c6720,3,337.288818359375,667.305908203125,225074.8212620616,470062.7111816406,3617602.354736328,470400.0,3618269.6606445312,,
C3609,R2172,0.109404057264328,1,38SMB_00912_r5040_c7200,2,235.05126953125,230.56854248046875,54195.428624004126,473430.84533691406,3648599.475402832,473665.8966064453,3648830.0439453125,,
C3610,R4648,0.1093147993087768,1,38SMB_01646_r9360_c1920,9,514.967041015625,651.3134765625,335404.97379899025,421877.2912597656,3603219.725036621,422392.25830078125,3603871.0385131836,,
C3611,R4003,0.1092533394694328,1,38SMB_01462_r8160_c8160,5,913.7579345703125,946.5153503417969,864885.911567416,483230.2737426758,3616903.199157715,484144.0316772461,3617849.7145080566,,
C3612,R2862,0.1092298328876495,2,38SMB_01195_r6720_c4560,6,434.84771728515625,454.6684265136719,197711.52739110403,447891.84020996094,3632246.7015838623,448326.6879272461,3632701.370010376,,
C3613,R4908,0.1092249006032943,2,38SMB_01710_r9600_c7200,2,533.4980773925781,530.8004760742188,283181.03346466087,472979.23828125,3601374.296875,473512.7363586426,3601905.097351074,,
C3614,R4509,0.1092237457633018,1,38SMB_01606_r9120_c2400,10,487.76458740234375,473.81141662597656,231108.43013708945,425094.62982177734,3608222.8967285156,425582.3944091797,3608696.7081451416,,
C3615,R1276,0.1092206835746765,1,38SMB_00567_r3120_c5040,0,406.4141845703125,688.3453750610352,279753.3243081765,453193.5858154297,3667780.0830078125,453600.0,3668468.4283828735,,
C3616,R0112,0.1092098727822303,1,38SMB_00016_r0_c3840,6,270.67291259765625,248.057861328125,67142.54381842911,440029.11041259766,3698216.7434692383,440299.7833251953,3698464.8013305664,,
C3617,R3846,0.1092038452625274,1,38SMB_01430_r8160_c480,7,920.4095458984375,535.0811004638672,492493.7526967842,405756.29455566406,3617862.8395080566,406676.7041015625,3618397.9206085205,,
C3618,R2962,0.1090796813368797,1,38SMB_01232_r6960_c3360,6,246.7354965209961,691.7314147949219,170674.69408859615,433600.8359146118,3628791.1401367188,433847.5714111328,3629482.8715515137,,
C3619,R2805,0.1090107932686805,1,38SMB_01188_r6720_c2880,0,511.871337890625,443.79150390625,227164.15084898472,430548.01177978516,3630475.958251953,431059.8831176758,3630919.7497558594,,
C3620,R1928,0.1089746281504631,2,38SMB_00813_r4560_c3600,9,498.868408203125,513.1634521484375,256001.03452131152,438050.0942993164,3653757.3094177246,438548.96270751953,3654270.472869873,,
C3621,R0393,0.1089441254734993,1,38SMB_00183_r960_c3600,2,157.880859375,532.4420166015625,84062.4031484127,439041.2219238281,3688570.6103515625,439199.1027832031,3689103.052368164,,
C3622,R0629,0.1088623031973838,1,38SMB_00313_r1680_c4560,2,520.4875183105469,507.46246337890625,264127.8781998437,445930.7858276367,3681344.231262207,446451.27334594727,3681851.693725586,,
C3623,R1571,0.108833447098732,1,38SMB_00687_r3840_c3600,5,578.880615234375,604.398193359375,349874.39801841974,436500.77209472656,3659003.4356689453,437079.65270996094,3659607.8338623047,,
C3624,R1820,0.1087774038314819,1,38SMB_00770_r4320_c3360,14,446.4105224609375,483.8615417480469,216000.88365050033,435879.85778808594,3655602.309112549,436326.2683105469,3656086.170654297,,
C3625,R0713,0.1087465286254882,1,38SMB_00349_r1920_c3120,2,271.0406494140625,903.3563232421875,244846.28450386226,434128.4680175781,3677828.338317871,434399.5086669922,3678731.6946411133,,
C3626,R4712,0.1087317466735839,1,38SMB_01652_r9360_c3360,11,562.3561096191406,588.8192749023438,331126.1167028453,434477.36099243164,3604493.038635254,435039.7171020508,3605081.8579101562,,
C3627,R2675,0.1086640134453773,1,38SMB_01138_r6480_c960,2,736.0626220703125,883.3737182617188,650218.3753317222,411292.45040893555,3633177.0907592773,412028.51303100586,3634060.464477539,,
C3628,R3336,0.1086572334170341,1,38SMB_01319_r7440_c4080,11,432.62359619140625,397.9730224609375,172172.52016421407,442367.0001220703,3623104.728088379,442799.6237182617,3623502.70111084,,
C3629,R4299,0.1085988208651542,2,38SMB_01554_r8880_c0,0,344.5306396484375,345.95947265625,119193.63840669394,402632.8869628906,3608740.6127929688,402977.41760253906,3609086.572265625,,
C3630,R4962,0.1084620803594589,1,38SMB_01732_r9680_c2400,6,530.1652526855469,494.79095458984375,262320.97146664746,424840.71548461914,3600600.8728027344,425370.8807373047,3601095.663757324,,
C3631,R3488,0.1084145978093147,1,38SMB_01355_r7680_c2640,8,958.6450958251953,1459.053955078125,1398714.9185799994,426400.0,3620988.931274414,427358.6450958252,3622447.985229492,,
C3632,R2443,0.1083946451544761,1,38SMB_01059_r6000_c2160,3,1067.879638671875,1189.53125,1270276.2014389038,422022.92724609375,3637943.5536193848,423090.8068847656,3639133.0848693848,,
C3633,R2592,0.1083945482969284,1,38SMB_01109_r6240_c4080,7,641.4617919921875,694.5016479492188,445496.2716350332,443011.1685180664,3635186.3998413086,443652.6303100586,3635880.901489258,,
C3634,R0135,0.1083179339766502,1,38SMB_00044_r240_c480,5,653.26171875,107.34375,70123.56262207031,406671.6052246094,3694401.0705566406,407324.8669433594,3694508.4143066406,,
C3635,R2097,0.1083086729049682,1,38SMB_00896_r5040_c3360,3,494.578857421875,542.9478454589844,268530.52504677325,436016.6247558594,3648100.484008789,436511.20361328125,3648643.431854248,,
C3636,R1733,0.1083063259720802,1,38SMB_00736_r4080_c5280,4,552.9632568359375,680.242919921875,376149.34043958783,455447.03674316406,3657743.4268188477,456000.0,3658423.6697387695,,
C3637,R4030,0.1082803979516029,1,38SMB_01473_r8400_c720,8,1292.9376983642578,1202.1566772460938,1554313.6873517884,407899.42039489746,3613433.981628418,409192.3580932617,3614636.138305664,,
C3638,R1987,0.1082750186324119,1,38SMB_00829_r4560_c7440,4,202.92266845703125,422.16796875,85667.45075583458,474400.61641693115,3651202.935180664,474603.5390853882,3651625.103149414,,
C3639,R4661,0.1082490980625152,1,38SMB_01647_r9360_c2160,11,610.3921508789062,180.797119140625,110357.14242495596,423710.0360107422,3603200.824584961,424320.4281616211,3603381.6217041016,,
C3640,R2872,0.1082479506731033,1,38SMB_01196_r6720_c4800,8,703.8028335571289,675.302734375,475279.97796200216,448449.83196258545,3631597.579650879,449153.6347961426,3632272.882385254,,
C3641,R1472,0.1082153618335723,1,38SMB_00651_r3600_c5040,2,208.19463729858398,462.1112060546875,96209.07493616687,450400.17726898193,3662189.623413086,450608.3719062805,3662651.7346191406,,
C3642,R3431,0.1081725358963012,1,38SMB_01341_r7440_c9360,4,1273.5757446289062,616.36474609375,784987.1904693544,494483.05908203125,3622400.0,495756.63482666016,3623016.3647460938,,
C3643,R4824,0.1081523299217224,2,38SMB_01690_r9600_c2400,3,249.55156326293945,518.038330078125,129277.27510111872,424000.0,3601776.9569396973,424249.55156326294,3602294.9952697754,,
C3644,R2317,0.1081490740180015,2,38SMB_01006_r5520_c9600,1,607.5634765625,623.4977722167969,378814.47411701083,497044.59197998047,3643830.7804870605,497652.15545654297,3644454.2782592773,,
C3645,R3268,0.1081169694662094,1,38SMB_01309_r7440_c1680,1,563.0752563476562,711.4309692382812,400589.17537750676,417738.3923339844,3623773.8076782227,418301.46759033203,3624485.238647461,,
C3646,R0136,0.1080416887998581,1,38SMB_00044_r240_c480,6,155.762939453125,521.650390625,81253.79821062088,407844.2370605469,3694400.9100341797,408000.0,3694922.5604248047,,
C3647,R4727,0.1080228835344314,1,38SMB_01654_r9360_c3840,6,390.7579040527344,389.468994140625,152188.0878439173,439032.77168273926,3604081.036682129,439423.529586792,3604470.5056762695,,
C3648,R4043,0.10794647783041,1,38SMB_01475_r8400_c1200,4,716.4213562011719,980.975341796875,702791.6847700253,412000.0,3614355.9716796875,412716.4213562012,3615336.9470214844,,
C3649,R1969,0.1079384759068489,1,38SMB_00820_r4560_c5280,3,317.7703857421875,342.47802734375,108829.37485724688,454489.85137939453,3652837.1423339844,454807.6217651367,3653179.620361328,,
C3650,R0283,0.1078990921378135,1,38SMB_00114_r480_c7200,0,857.7933120727539,900.4123306274414,772367.6753200605,472497.5262069702,3694040.4220581055,473355.31951904297,3694940.834388733,,
C3651,R3672,0.1078665032982826,1,38SMB_01391_r7920_c1200,2,523.90869140625,577.493896484375,302554.0716022253,413182.72857666016,3618301.6802978516,413706.6372680664,3618879.174194336,,
C3652,R1273,0.1078336462378501,1,38SMB_00565_r3120_c4560,5,179.3018341064453,492.4113464355469,88290.2575507178,445600.38276672363,3668286.78691864,445779.6846008301,3668779.1982650757,,
C3653,R3095,0.1076584532856941,1,38SMB_01270_r7200_c2400,4,383.29437255859375,154.775390625,59324.53623712063,424002.4789428711,3624801.7141723633,424385.7733154297,3624956.4895629883,,
C3654,R4285,0.1076272949576377,1,38SMB_01540_r8640_c6720,3,638.5934448242188,633.6627197265625,404652.859046869,468253.2745361328,3610711.0891723633,468891.86798095703,3611344.75189209,,
C3655,R4168,0.1076263114809989,1,38SMB_01518_r8640_c1440,3,1168.8632202148438,1077.1939086914062,1259092.3409088515,416358.4194946289,3612163.9375305176,417527.28271484375,3613241.131439209,,
C3656,R4047,0.1076117306947708,1,38SMB_01476_r8400_c1440,3,403.7518310546875,556.126708984375,224537.17705085874,417196.2481689453,3612807.2729492188,417600.0,3613363.399658203,,
C3657,R3166,0.107600599527359,1,38SMB_01282_r7200_c5280,7,645.3082275390625,705.4345703125,455222.73221313953,454605.9289550781,3626237.4014282227,455251.2371826172,3626942.835998535,,
C3658,R4883,0.1075111329555511,1,38SMB_01702_r9600_c5280,5,1063.7060546875,988.9717102050781,1051975.1960597932,452801.1658477783,3600800.0,453864.8719024658,3601788.971710205,,
C3659,R0244,0.1075080037117004,1,38SMB_00091_r480_c1680,4,1289.1778564453125,1438.8176727294922,1854891.88314504,418268.8757324219,3692496.163330078,419558.0535888672,3693934.9810028076,,
C3660,R2183,0.1074321717023849,1,38SMB_00931_r5280_c1680,1,671.3751983642578,204.36767578125,137207.38886687905,418011.1449432373,3644000.1525878906,418682.52014160156,3644204.520263672,,
C3661,R2146,0.1074144840240478,2,38SMB_00902_r5040_c4800,3,361.25732421875,366.2501525878906,132310.55011861026,448178.83613586426,3648333.965148926,448540.093460083,3648700.2153015137,,
C3662,R4769,0.1074111387133598,1,38SMB_01675_r9360_c8880,0,812.6950073242188,467.2586441040039,379738.767192408,489857.34588623047,3605931.9651794434,490670.0408935547,3606399.2238235474,,
C3663,R2455,0.1074109524488449,1,38SMB_01062_r6000_c2880,0,811.7088317871094,718.4063720703125,583136.7970216088,430976.4308166504,3637509.8623657227,431788.1396484375,3638228.268737793,,
C3664,R4753,0.1074072122573852,2,38SMB_01659_r9360_c5040,2,599.0365982055664,619.9372100830078,371365.07742917456,450807.38887786865,3605749.9128723145,451406.4254760742,3606369.8500823975,,
C3665,R2541,0.1073837131261825,2,38SMB_01091_r6000_c9680,3,172.99896240234375,164.36767578125,28435.437362641096,499221.46697998047,3637244.581298828,499394.4659423828,3637408.9489746094,,
C3666,R3133,0.1073671653866767,1,38SMB_01277_r7200_c4080,4,538.6871337890625,249.4439697265625,134372.25709296763,441922.2261047363,3624800.0,442460.9132385254,3625049.4439697266,,
C3667,R0005,0.1073482930660247,1,38SMB_00000_r0_c0,4,592.2787475585938,395.21095275878906,234075.04812141415,401600.284576416,3699604.789047241,402192.5633239746,3700000.0,,
C3668,R0794,0.1073414906859397,1,38SMB_00387_r2160_c2160,6,124.2535400390625,531.1265563964844,65994.35484101996,424675.74645996094,3677383.413772583,424800.0,3677914.5403289795,,
C3669,R0294,0.107318103313446,1,38SMB_00131_r720_c1200,6,602.822265625,1252.381591796875,754963.5085940361,414597.07611083984,3689666.539916992,415199.89837646484,3690918.921508789,,
C3670,R3289,0.1072537451982498,1,38SMB_01314_r7440_c2880,1,877.357177734375,722.9510498046875,634286.2926967442,429725.34561157227,3622763.639831543,430602.70278930664,3623486.5908813477,,
C3671,R4734,0.1072180941700935,1,38SMB_01656_r9360_c4320,2,352.6641845703125,355.8167266845703,125483.81577269174,445142.9898071289,3604932.1215820312,445495.6539916992,3605287.938308716,,
C3672,R4900,0.1071835905313491,2,38SMB_01705_r9600_c6000,6,761.71875,771.1737060546875,587417.471408844,461761.80068969727,3601175.4455566406,462523.51943969727,3601946.6192626953,,
C3673,R3047,0.1071716398000717,1,38SMB_01253_r6960_c8400,8,134.2730712890625,277.3746871948242,37243.951147492044,487065.4592895508,3630122.625312805,487199.73236083984,3630400.0,,
C3674,R2628,0.107156403362751,2,38SMB_01115_r6240_c5520,1,368.6671447753906,361.9630432128906,133443.88165550772,455967.7042388916,3634858.098754883,456336.371383667,3635220.0617980957,,
C3675,R1311,0.1071318015456199,1,38SMB_00595_r3360_c1680,6,430.9027099609375,389.7998046875,167965.7921820879,418030.82778930664,3663208.9166259766,418461.7304992676,3663598.716430664,,
C3676,R2364,0.1071013063192367,1,38SMB_01026_r5760_c4320,9,196.7270278930664,644.7512817382812,126840.00338661717,443200.83099365234,3640703.8150024414,443397.5580215454,3641348.5662841797,,
C3677,R1000,0.1070470511913299,1,38SMB_00465_r2640_c720,8,201.38946533203125,194.35302734375,39140.65226241946,408006.1421203613,3670497.01171875,408207.53158569336,3670691.3647460938,,
C3678,R2365,0.1070431768894195,1,38SMB_01026_r5760_c4320,10,497.0784378051758,230.85140228271484,114751.25441182608,443202.21393585205,3642169.1485977173,443699.2923736572,3642400.0,,
C3679,R4581,0.1069474592804908,1,38SMB_01616_r9120_c4800,7,453.1427001953125,257.3432159423828,116613.19974907674,449388.23669433594,3608542.6567840576,449841.37939453125,3608800.0,,
C3680,R4750,0.1069279611110687,1,38SMB_01658_r9360_c4800,8,1039.7549438476562,796.9107055664062,828591.8459177949,449031.0136413574,3604922.5549316406,450070.7685852051,3605719.465637207,,
C3681,R0817,0.1068844422698021,1,38SMB_00393_r2160_c3600,2,134.2816162109375,684.4830322265625,91913.48783634603,436000.0,3676205.0091552734,436134.28161621094,3676889.4921875,,
C3682,R4649,0.1068670451641082,1,38SMB_01646_r9360_c1920,10,1597.2793579101562,1414.326171875,2259073.9996880293,420334.1635131836,3603618.1204223633,421931.44287109375,3605032.4465942383,,
C3683,R3424,0.1068642735481262,1,38SMB_01339_r7440_c8880,0,461.7901611328125,232.07374572753906,107169.37243421562,491538.2098388672,3625367.9262542725,492000.0,3625600.0,,
C3684,R3108,0.1067893207073211,1,38SMB_01273_r7200_c3120,0,689.810791015625,1342.4392700195312,926029.094742611,433705.5032348633,3625364.5358276367,434395.3140258789,3626706.9750976562,,
C3685,R3658,0.1067779287695884,1,38SMB_01388_r7920_c480,5,675.0668334960938,690.1809692382812,465918.2814429514,405981.3642883301,3617958.0126953125,406656.4311218262,3618648.193664551,,
C3686,R4310,0.1067679449915885,1,38SMB_01561_r8880_c1680,1,1429.775390625,857.4188232421875,1225916.3329303265,417384.3685913086,3610338.681793213,418814.1439819336,3611196.100616455,,
C3687,R0886,0.1067614257335662,1,38SMB_00427_r2400_c1680,9,367.3924255371094,90.92620849609375,33405.600284272805,417713.1037902832,3672800.0,418080.4962158203,3672890.926208496,,
C3688,R1205,0.1066790521144867,1,38SMB_00550_r3120_c960,3,832.3361206054688,587.646598815918,489119.4903454394,411463.45642089844,3668211.1462020874,412295.7925415039,3668798.7928009033,,
C3689,R4235,0.1066103130578994,1,38SMB_01526_r8640_c3360,9,1010.50537109375,1001.0893249511719,1011606.1398077756,435741.27868652344,3612021.5394592285,436751.7840576172,3613022.6287841797,,
C3690,R1253,0.1066010892391204,1,38SMB_00561_r3120_c3600,6,410.1148986816406,231.5979766845703,94981.78074286552,436758.5838317871,3668568.4020233154,437168.69873046875,3668800.0,,
C3691,R3783,0.1065582782030105,1,38SMB_01413_r7920_c6480,4,846.1241149902344,1085.8086395263672,918728.8741679979,467153.87588500977,3619623.380126953,468000.0,3620709.1887664795,,
C3692,R0354,0.1065319925546646,1,38SMB_00173_r960_c1200,6,166.707763671875,780.0936889648438,130047.67434187233,415032.8143310547,3688241.9592285156,415199.52209472656,3689022.0529174805,,
C3693,R4770,0.1064483895897865,1,38SMB_01676_r9360_c9120,0,391.5818786621094,387.3902130126953,151694.98738682596,491200.88607788086,3606012.6097869873,491592.46795654297,3606400.0,,
C3694,R2149,0.106422945857048,1,38SMB_00903_r5040_c5040,2,566.832275390625,229.02334213256836,129817.82213856932,453030.49865722656,3649370.9766578674,453597.3309326172,3649600.0,,
C3695,R4884,0.1062576696276664,1,38SMB_01702_r9600_c5280,6,472.9679870605469,252.88330078125,119605.70573173463,453608.5418701172,3600800.789794922,454081.50985717773,3601053.673095703,,
C3696,R3015,0.1062176972627639,1,38SMB_01241_r6960_c5520,2,354.930419921875,364.8760986328125,129505.62690719962,455720.7426452637,3628724.3618774414,456075.67306518555,3629089.237976074,,
C3697,R0823,0.1061982065439224,1,38SMB_00398_r2160_c4800,0,1231.0324096679688,1202.0674133300781,1479783.9444150683,449033.9677429199,3676683.161010742,450265.0001525879,3677885.2284240723,,
C3698,R4197,0.1061583161354065,1,38SMB_01523_r8640_c2640,7,174.0496063232422,195.84747314453125,34087.17560020741,426804.5959854126,3612651.0188293457,426978.64559173584,3612846.8663024902,,
C3699,R2247,0.1061264276504516,1,38SMB_00960_r5280_c8640,2,408.2444763183594,293.31512451171875,119744.279402541,486972.87590026855,3644000.0,487381.1203765869,3644293.3151245117,,
C3700,R4796,0.1060465648770332,2,38SMB_01687_r9600_c1680,9,1040.8221435546875,1082.36083984375,1126545.1294258237,418948.58673095703,3601209.701538086,419989.4088745117,3602292.0623779297,,
C3701,R1759,0.1060262769460678,1,38SMB_00764_r4320_c1920,4,776.37451171875,374.05128479003906,290403.8835866377,421427.22106933594,3656425.94871521,422203.5955810547,3656800.0,,
C3702,R1626,0.1060075610876083,2,38SMB_00714_r4080_c0,2,194.46151733398438,401.0797119140625,77994.56935068592,400001.06842041016,3656169.224243164,400195.52993774414,3656570.303955078,,
C3703,R1207,0.1059433370828628,1,38SMB_00550_r3120_c960,5,1200.1275634765625,828.2538604736328,994010.2875102777,411394.35119628906,3667971.49848938,412594.4787597656,3668799.7523498535,,
C3704,R2020,0.1059387549757957,1,38SMB_00855_r4800_c3600,11,472.6948547363281,367.02789306640625,173492.19659720547,436865.69412231445,3648800.0,437338.3889770508,3649167.0278930664,,
C3705,R5050,0.1058954894542694,1,38SMB_01752_r9680_c7200,3,612.9681396484375,184.72126007080078,113228.24713911396,473768.8171386719,3603015.278739929,474381.7852783203,3603200.0,,
C3706,R0456,0.10579314827919,1,38SMB_00218_r1200_c1920,5,826.6461181640625,780.0345230102539,644812.5104803825,420790.1951599121,3686604.914703369,421616.8412780762,3687384.9492263794,,
C3707,R1352,0.1057930141687393,1,38SMB_00602_r3360_c3360,9,436.88385009765625,442.26470947265625,193218.30903673545,434155.37254333496,3663818.035583496,434592.2563934326,3664260.3002929688,,
C3708,R4236,0.1057924255728721,1,38SMB_01526_r8640_c3360,10,249.0576171875,331.3421630859375,82523.28961193562,436475.1770019531,3610876.481628418,436724.2346191406,3611207.823791504,,
C3709,R0402,0.1057192981243133,1,38SMB_00186_r960_c4320,4,1425.3070068359375,997.6237487792969,1421920.119321067,444589.6383666992,3687200.0,446014.94537353516,3688197.6237487793,,
C3710,R0748,0.1057057082653045,1,38SMB_00379_r2160_c240,3,583.7918090820312,577.9438781738281,337398.9021869842,404310.19271850586,3677564.5420837402,404893.9845275879,3678142.485961914,,
C3711,R1988,0.1056571677327156,1,38SMB_00829_r4560_c7440,5,363.5906219482422,850.0754165649414,309079.4494117581,474400.0,3653197.595977783,474763.59062194824,3654047.671394348,,
C3712,R2765,0.1056185215711593,1,38SMB_01166_r6480_c7680,1,527.88818359375,540.8723449707031,285520.1197426766,478901.49475097656,3634191.7819976807,479429.3829345703,3634732.6543426514,,
C3713,R2091,0.1055674776434898,1,38SMB_00889_r5040_c1680,1,993.7030029296875,600.426025390625,596645.1444678009,416807.163772583,3646400.0,417800.8667755127,3647000.4260253906,,
C3714,R3359,0.1054908856749534,1,38SMB_01323_r7440_c5040,6,279.32849884033203,666.8389892578125,186267.13383758906,450400.39709091187,3622774.1094970703,450679.7255897522,3623440.948486328,,
C3715,R4379,0.1054459884762764,1,38SMB_01568_r8880_c3360,8,419.15008544921875,406.44500732421875,170361.45955035463,435389.42108154297,3609957.1394348145,435808.5711669922,3610363.5844421387,,
C3716,R2676,0.1053121611475944,1,38SMB_01142_r6480_c1920,0,1228.7872314453125,1375.5960083007812,1690314.81062714,420615.19439697266,3632546.1657714844,421843.98162841797,3633921.761779785,,
C3717,R4143,0.1052981466054916,1,38SMB_01503_r8400_c7920,0,516.2844848632812,530.419921875,273847.57612645626,481171.3220214844,3614760.2993774414,481687.60650634766,3615290.7192993164,,
C3718,R1503,0.1052799522876739,1,38SMB_00673_r3840_c240,0,282.481689453125,274.45587158203125,77528.7582848221,402917.85705566406,3659381.2577819824,403200.3387451172,3659655.7136535645,,
C3719,R4163,0.1052740216255188,1,38SMB_01515_r8640_c720,4,439.6856689453125,408.7115478515625,179704.61032278836,408539.0689086914,3610400.5950927734,408978.7545776367,3610809.306640625,,
C3720,R2081,0.1052500456571579,1,38SMB_00882_r5040_c0,0,413.126220703125,379.814453125,156911.30958795547,401629.40994262695,3646547.221069336,402042.5361633301,3646927.035522461,,
C3721,R2787,0.1052330955862999,1,38SMB_01180_r6720_c960,3,1042.9296875,940.7820129394531,981169.4907605648,411475.41107177734,3631649.1918182373,412518.34075927734,3632589.9738311768,,
C3722,R2322,0.1051995828747749,1,38SMB_01014_r5760_c1440,2,750.001220703125,900.1811218261719,675136.9402235374,416849.9987792969,3641050.4348754883,417600.0,3641950.6159973145,,
C3723,R0871,0.1051657497882843,1,38SMB_00425_r2400_c1200,4,561.3616943359375,218.90625,122885.58340072632,413790.12756347656,3672800.048828125,414351.4892578125,3673018.955078125,,
C3724,R1725,0.105158507823944,1,38SMB_00733_r4080_c4560,4,582.9257202148438,108.8897705078125,63474.647897295654,446114.3273925781,3656000.8389282227,446697.25311279297,3656109.7286987305,,
C3725,R3871,0.1051436215639114,1,38SMB_01432_r8160_c960,11,213.538818359375,380.6884765625,81291.76744818687,409600.0,3616806.5174865723,409813.5388183594,3617187.2059631348,,
C3726,R2256,0.1051284074783325,1,38SMB_00974_r5520_c1920,1,196.826171875,643.9138793945312,126739.10389840603,422203.173828125,3643309.5570373535,422400.0,3643953.470916748,,
C3727,R1702,0.1050977259874343,1,38SMB_00728_r4080_c3360,7,256.36016845703125,564.8663330078125,144809.22828558832,436543.63983154297,3656962.283935547,436800.0,3657527.1502685547,,
C3728,R1116,0.1050462648272514,1,38SMB_00508_r2880_c960,4,756.1790466308594,1016.3861083984375,768569.8784575798,409600.95848083496,3668002.7056884766,410357.1375274658,3669019.091796875,,
C3729,R2107,0.1050440445542335,1,38SMB_00897_r5040_c3600,9,613.018798828125,961.439208984375,589380.3090378642,438578.39111328125,3648236.439971924,439191.4099121094,3649197.879180908,,
C3730,R4311,0.1050265878438949,1,38SMB_01561_r8880_c1680,2,803.7886047363281,591.9887924194336,475833.8454783603,416800.0,3610606.89994812,417603.7886047363,3611198.8887405396,,
C3731,R0129,0.1050226837396621,1,38SMB_00043_r240_c240,3,355.8832550048828,341.94488525390625,121692.45879643131,403576.0427093506,3696404.3383789062,403931.92596435547,3696746.28326416,,
C3732,R4662,0.1049636229872703,1,38SMB_01647_r9360_c2160,12,420.37200927734375,133.759765625,56228.861436247826,423862.4255371094,3603200.0,424282.7975463867,3603333.759765625,,
C3733,R1964,0.1049560084939003,1,38SMB_00819_r4560_c5040,4,741.0595703125,584.2048645019531,432930.60586228967,452850.22247314453,3653365.498123169,453591.28204345703,3653949.702987671,,
C3734,R2150,0.1049329936504364,1,38SMB_00903_r5040_c5040,3,156.651611328125,261.25118255615234,40925.41870879941,453442.07458496094,3649337.7241134644,453598.72619628906,3649598.9752960205,,
C3735,R0583,0.104902446269989,1,38SMB_00301_r1680_c1680,9,502.4992370605469,111.08461380004883,55819.93368369003,417568.1223297119,3683088.3738803864,418070.62156677246,3683199.4584941864,,
C3736,R1621,0.1048866957426071,1,38SMB_00703_r3840_c7440,3,472.8562927246094,479.422607421875,226697.9967938736,475082.81967163086,3659926.6954040527,475555.67596435547,3660406.1180114746,,
C3737,R2863,0.1048832833766937,1,38SMB_01195_r6720_c4560,7,413.905029296875,387.4856185913086,160382.24631515332,448373.4777832031,3631827.91015625,448787.3828125,3632215.3957748413,,
C3738,R2514,0.1048416197299957,1,38SMB_01077_r6000_c6480,0,426.1737060546875,448.4796142578125,191130.21929822862,467124.7424316406,3639011.91947937,467550.9161376953,3639460.399093628,,
C3739,R3382,0.104807436466217,1,38SMB_01326_r7440_c5760,8,1510.4721069335938,1193.764419555664,1803147.8579886025,459289.5278930664,3624406.2355804443,460800.0,3625600.0,,
C3740,R3634,0.1047623082995414,1,38SMB_01383_r7680_c9360,10,418.077392578125,411.9696044921875,172235.17806753516,494539.73358154297,3622042.109222412,494957.8109741211,3622454.0788269043,,
C3741,R1174,0.104744054377079,1,38SMB_00524_r2880_c4800,6,784.461669921875,259.6847152709961,203712.70539467223,450136.34033203125,3670940.1472091675,450920.8020019531,3671199.8319244385,,
C3742,R0363,0.1047076135873794,1,38SMB_00174_r960_c1440,8,238.271484375,816.0528564453125,194442.1254336834,417361.44592285156,3687782.4938964844,417599.71740722656,3688598.5467529297,,
C3743,R4585,0.1046343296766281,1,38SMB_01618_r9120_c5280,0,716.2249755859375,226.7984962463379,162438.7474369607,454470.9411621094,3608573.2015037537,455187.1661376953,3608800.0,,
C3744,R0218,0.1046254858374595,1,38SMB_00084_r480_c0,3,961.9896697998047,875.3912353515625,842117.3254414927,401139.6659088135,3693956.9129943848,402101.6555786133,3694832.3042297363,,
C3745,R4937,0.1046183928847312,1,38SMB_01730_r9680_c1920,9,1163.2723999023438,1145.445556640625,1332465.2016308159,420865.1574707031,3600427.496032715,422028.42987060547,3601572.9415893555,,
C3746,R0270,0.1045771241188049,1,38SMB_00098_r480_c3360,2,145.489501953125,624.5079040527344,90859.3439264223,436654.4860839844,3694575.4920959473,436799.9755859375,3695200.0,,
C3747,R1366,0.1044883802533149,1,38SMB_00605_r3360_c4080,7,325.565185546875,329.7578430175781,107357.6733475551,443524.76135253906,3665055.7467651367,443850.32653808594,3665385.5046081543,,
C3748,R3879,0.1044680923223495,1,38SMB_01433_r8160_c1200,6,404.44091796875,647.5255584716797,261885.83127651364,414795.55908203125,3616694.7619628906,415200.0,3617342.2875213623,,
C3749,R0866,0.1044563502073288,1,38SMB_00424_r2400_c960,4,491.1761474609375,475.8135986328125,233708.29028598964,412308.0871582031,3672800.4696655273,412799.26330566406,3673276.28326416,,
C3750,R0406,0.1044483333826065,1,38SMB_00187_r960_c4560,3,757.50244140625,653.4732055664062,495007.548610121,447739.3215942383,3687200.0,448496.82403564453,3687853.4732055664,,
C3751,R4713,0.1043340638279914,2,38SMB_01652_r9360_c3360,12,178.85910034179688,193.18603515625,34553.08044664562,433767.29347229004,3603991.946105957,433946.15257263184,3604185.1321411133,,
C3752,R0683,0.1043001562356948,1,38SMB_00344_r1920_c1920,7,179.696044921875,455.291748046875,81814.12640959024,422219.8226928711,3679843.33152771,422399.51873779297,3680298.623275757,,
C3753,R2456,0.1042916476726532,1,38SMB_01062_r6000_c2880,1,1280.9286499023438,1548.4402465820312,1983441.4745087735,428800.0,3636800.0,430080.92864990234,3638348.440246582,,
C3754,R4281,0.1042853668332099,1,38SMB_01535_r8640_c5520,1,727.1734619140625,385.58799743652344,280389.3589684274,455399.9285888672,3613213.831214905,456127.10205078125,3613599.4192123413,,
C3755,R0959,0.1042246297001838,1,38SMB_00443_r2400_c5520,0,519.6588134765625,286.94543838500977,149113.72604366625,457238.4860229492,3675712.600212097,457758.1448364258,3675999.545650482,,
C3756,R4497,0.1041702404618263,1,38SMB_01605_r9120_c2160,14,468.9650344848633,389.1107177734375,182479.32117905002,421601.35509490967,3605600.0,422070.32012939453,3605989.1107177734,,
C3757,R1191,0.1041517928242683,1,38SMB_00528_r2880_c5760,3,1123.36181640625,1065.0018310546875,1196382.391409576,458811.5693664551,3668368.782348633,459934.9311828613,3669433.7841796875,,
C3758,R1233,0.1040829718112945,1,38SMB_00555_r3120_c2160,5,759.0731811523438,346.3074493408203,262872.6972278906,422414.5896911621,3668453.0881500244,423173.66287231445,3668799.3955993652,,
C3759,R3859,0.103993184864521,1,38SMB_01431_r8160_c720,12,620.1438903808594,653.6477661132812,405355.6686162483,409650.35415649414,3616684.459991455,410270.498046875,3617338.1077575684,,
C3760,R1469,0.1039748862385749,1,38SMB_00650_r3600_c4800,2,598.1832885742188,606.424560546875,362753.0379001051,448903.07876586914,3662108.3056640625,449501.26205444336,3662714.7302246094,,
C3761,R4498,0.1039728447794914,1,38SMB_01605_r9120_c2160,15,196.0699462890625,217.33123779296875,42612.12412100285,422438.0960083008,3606256.2438964844,422634.16595458984,3606473.5751342773,,
C3762,R0697,0.1039559617638588,1,38SMB_00345_r1920_c2160,13,100.19922256469727,648.5531616210938,64984.52258631005,421600.70823669434,3680143.8189697266,421700.90745925903,3680792.3721313477,,
C3763,R4380,0.1039422303438186,1,38SMB_01568_r8880_c3360,9,342.9901123046875,373.1889343261719,128000.11449540034,435787.52197265625,3610000.2030944824,436130.51208496094,3610373.3920288086,,
C3764,R1213,0.1039394438266754,1,38SMB_00551_r3120_c1200,5,492.97000885009766,664.4534301757812,327555.6133542326,412000.0,3668130.7176971436,412492.9700088501,3668795.1711273193,,
C3765,R2436,0.1038710251450538,1,38SMB_01054_r6000_c960,1,409.1983413696289,447.313232421875,183039.83277971856,409600.35137176514,3636800.0,410009.54971313477,3637247.313232422,,
C3766,R0603,0.1038195937871933,1,38SMB_00302_r1680_c1920,19,511.5399169921875,158.39263916015625,81024.15748815984,420793.9645385742,3683041.247215271,421305.5044555664,3683199.639854431,,
C3767,R2488,0.1037951037287712,1,38SMB_01069_r6000_c4560,16,100.80406188964844,469.1429901123047,47291.51901037549,445600.0,3638360.0717163086,445700.80406188965,3638829.214706421,,
C3768,R1460,0.1037907525897026,1,38SMB_00647_r3600_c4080,5,467.806396484375,459.60693359375,215007.06340372562,442358.05114746094,3661432.346496582,442825.8575439453,3661891.953430176,,
C3769,R0543,0.103769913315773,1,38SMB_00269_r1440_c4080,6,657.8826904296875,196.61069869995117,129346.77542798454,442867.83111572266,3685403.3893013,443525.71380615234,3685600.0,,
C3770,R0416,0.1035975739359855,1,38SMB_00190_r960_c5280,2,259.10491943359375,553.5501098632812,143427.55661858246,455740.8950805664,3689130.51071167,456000.0,3689684.060821533,,
C3771,R1965,0.1035654321312904,1,38SMB_00819_r4560_c5040,5,313.90628814697266,614.4699096679688,192885.96852187766,450400.5165863037,3653094.4342041016,450714.4228744507,3653708.9041137695,,
C3772,R3946,0.1035558208823204,2,38SMB_01447_r8160_c4560,15,369.8175048828125,356.8714141845703,131977.29595773853,446940.8837890625,3617667.1240234375,447310.7012939453,3618023.995437622,,
C3773,R4317,0.1035326272249221,1,38SMB_01562_r8880_c1920,5,198.155517578125,647.8692626953125,128378.86907234788,422201.7825317383,3608884.2333984375,422399.9380493164,3609532.102661133,,
C3774,R2519,0.1034676805138588,1,38SMB_01078_r6000_c6720,4,281.2738800048828,274.89776611328125,77321.56127935741,467205.4243850708,3639027.1586608887,467486.6982650757,3639302.056427002,,
C3775,R2093,0.1034496277570724,1,38SMB_00891_r5040_c2160,1,525.0259399414062,450.7610321044922,236661.2345696194,422910.01373291016,3649143.3123016357,423435.03967285156,3649594.0733337402,,
C3776,R2151,0.1034448966383934,1,38SMB_00903_r5040_c5040,4,368.7749481201172,725.6366729736328,267596.6264299059,450400.5778121948,3647738.6978149414,450769.35276031494,3648464.334487915,,
C3777,R2720,0.1034212410449981,1,38SMB_01152_r6480_c4320,7,97.8903579711914,309.11224365234375,30259.108184406068,443200.2802848816,3632000.0,443298.1706428528,3632309.1122436523,,
C3778,R0704,0.103411965072155,1,38SMB_00346_r1920_c2400,6,830.079345703125,883.7777709960938,733605.6738954037,426158.1741333008,3679761.0066223145,426988.2534790039,3680644.7843933105,,
C3779,R2180,0.103346899151802,1,38SMB_00928_r5280_c960,0,440.59032440185547,361.5087890625,159277.27464716882,409600.7744216919,3644000.0,410041.36474609375,3644361.5087890625,,
C3780,R0732,0.1033160537481308,1,38SMB_00360_r1920_c5760,0,558.9480590820312,606.605224609375,339060.8129244298,458242.88192749023,3677797.977294922,458801.82998657227,3678404.5825195312,,
C3781,R1413,0.1033036857843399,1,38SMB_00639_r3600_c2160,4,681.4837646484375,662.1466064453125,451242.1621095389,422195.1612854004,3661542.8985595703,422876.6450500488,3662205.0451660156,,
C3782,R2489,0.1032990515232086,1,38SMB_01069_r6000_c4560,17,159.7723388671875,681.2838745117188,108850.31806323677,448640.2276611328,3636800.0,448800.0,3637481.2838745117,,
C3783,R3390,0.1032421290874481,1,38SMB_01327_r7440_c6000,7,549.2327880859375,496.7784118652344,272846.99220964685,461610.7684326172,3624740.199203491,462160.0012207031,3625236.9776153564,,
C3784,R3360,0.1031774282455444,1,38SMB_01323_r7440_c5040,7,416.8829345703125,371.8122863769531,155002.19705412164,452689.1845703125,3624183.773956299,453106.0675048828,3624555.586242676,,
C3785,R4460,0.1031660512089729,1,38SMB_01596_r9120_c0,0,581.5176391601562,281.3226318359375,163594.0727075562,401784.3098449707,3605600.802307129,402365.82748413086,3605882.124938965,,
C3786,R1001,0.1031296998262405,1,38SMB_00465_r2640_c720,9,422.20794677734375,417.97515869140625,176472.43355503306,408208.07708740234,3671890.592651367,408630.2850341797,3672308.5678100586,,
C3787,R4198,0.1030964031815528,1,38SMB_01523_r8640_c2640,8,703.7826538085938,706.7144012451172,497373.3367930399,427359.8937988281,3612885.3498077393,428063.6764526367,3613592.0642089844,,
C3788,R3770,0.1030508875846862,1,38SMB_01409_r7920_c5520,6,871.6276550292969,1360.6531524658203,1185982.9165920033,455200.69160461426,3618213.1393432617,456072.31925964355,3619573.7924957275,,
C3789,R4275,0.1030439063906669,1,38SMB_01532_r8640_c4800,2,426.9806671142578,292.0680618286133,124707.4158823496,448000.21591186523,3613307.9319381714,448427.1965789795,3613600.0,,
C3790,R1506,0.1029597148299217,1,38SMB_00678_r3840_c1440,1,441.7034912109375,449.1436767578125,198388.3300792426,416513.53454589844,3659469.497680664,416955.2380371094,3659918.641357422,,
C3791,R4370,0.1029386669397354,1,38SMB_01567_r8880_c3120,15,592.8826904296875,527.3468780517578,312654.8358490225,433226.81732177734,3610615.0260925293,433819.70001220703,3611142.372970581,,
C3792,R0347,0.1029297262430191,1,38SMB_00172_r960_c960,0,332.6355743408203,251.0791015625,83517.84115321934,410807.85789489746,3687200.0,411140.4934692383,3687451.0791015625,,
C3793,R3883,0.1029209271073341,1,38SMB_01434_r8160_c1440,3,463.43719482421875,194.117431640625,89961.2379860133,415816.6899108887,3615200.422973633,416280.1271057129,3615394.5404052734,,
C3794,R1982,0.1028797701001167,1,38SMB_00828_r4560_c7200,2,259.0061950683594,85.8819580078125,22243.959168624133,474465.0825500488,3651200.0,474724.0887451172,3651285.881958008,,
C3795,R1012,0.1028571501374244,1,38SMB_00467_r2640_c1200,5,819.3328857421875,740.3738784790039,606612.6663823379,413607.9541015625,3672303.701171875,414427.2869873047,3673044.075050354,,
C3796,R2397,0.1027935743331909,1,38SMB_01035_r5760_c6480,2,625.4542541503906,267.1624755859375,167097.90690457448,467057.8062438965,3639201.2017822266,467683.2604980469,3639468.3642578125,,
C3797,R3901,0.1027483791112899,1,38SMB_01440_r8160_c2880,5,799.7258758544922,1371.6238403320312,1096923.0770524358,428801.502532959,3617028.376159668,429601.2284088135,3618400.0,,
C3798,R4840,0.1027136594057083,1,38SMB_01692_r9600_c2880,8,286.9859313964844,145.92866897583008,41879.47498347785,429498.2417297363,3603853.1549263,429785.2276611328,3603999.083595276,,
C3799,R0296,0.1026508137583732,1,38SMB_00131_r720_c1200,8,816.7869567871094,944.4830322265625,771441.4216293953,412004.7472381592,3690871.2966918945,412821.5341949463,3691815.779724121,,
C3800,R2039,0.1026340126991272,1,38SMB_00858_r4800_c4320,5,637.24853515625,176.6556739807129,112573.56947124936,445318.75244140625,3651823.3443260193,445956.0009765625,3652000.0,,
C3801,R0297,0.1025960743427276,1,38SMB_00131_r720_c1200,9,532.327880859375,601.4599609375,320173.90642762184,413188.40270996094,3690384.426574707,413720.7305908203,3690985.8865356445,,
C3802,R2552,0.1025699526071548,1,38SMB_01096_r6240_c960,3,939.68505859375,854.07470703125,802561.2411201,410959.0673828125,3634811.922607422,411898.75244140625,3635665.997314453,,
C3803,R0381,0.1023145243525505,1,38SMB_00177_r960_c2160,4,138.61494064331055,674.1238403320312,93443.63611386507,421600.1288700104,3687845.6706237793,421738.7438106537,3688519.7944641113,,
C3804,R2783,0.1023138612508773,1,38SMB_01179_r6720_c720,0,355.1580810546875,355.8692169189453,126389.82818736695,409363.2377624512,3632309.075012207,409718.39584350586,3632664.944229126,,
C3805,R1090,0.1022993698716163,1,38SMB_00484_r2640_c5280,1,101.05180740356445,682.7996826171875,68998.14202304697,452800.1169872284,3670918.316345215,452901.16879463196,3671601.116027832,,
C3806,R3566,0.1022976115345954,1,38SMB_01366_r7680_c5280,3,453.5533142089844,480.9161376953125,218121.10810829327,453703.4602355957,3620650.335998535,454157.0135498047,3621131.2521362305,,
C3807,R3254,0.102247878909111,2,38SMB_01302_r7440_c0,4,470.52555084228516,552.576904296875,260001.5522770118,400000.0,3622610.1052856445,400470.5255508423,3623162.6821899414,,
C3808,R3745,0.1021806672215461,1,38SMB_01403_r7920_c4080,4,606.5911865234375,331.2605285644531,200939.71707029268,443393.40881347656,3620468.7394714355,444000.0,3620800.0,,
C3809,R1642,0.1021719872951507,1,38SMB_00722_r4080_c1920,11,1238.0938720703125,1133.4323120117188,1403295.5999081954,419200.0,3656612.1588134766,420438.0938720703,3657745.5911254883,,
C3810,R3894,0.1021350100636482,1,38SMB_01437_r8160_c2160,2,1226.5853881835938,1292.0193481445312,1584772.0536845736,422924.1488647461,3616327.356109619,424150.7342529297,3617619.3754577637,,
C3811,R3259,0.1020928174257278,1,38SMB_01305_r7440_c720,2,870.740966796875,718.4026718139648,625542.6370047498,408839.8908996582,3624549.4996643066,409710.6318664551,3625267.9023361206,,
C3812,R0342,0.1020832434296608,1,38SMB_00150_r720_c5760,4,307.87628173828125,328.9453125,101274.45970773697,458493.6129760742,3689956.575012207,458801.4892578125,3690285.520324707,,
C3813,R4778,0.1020331159234047,1,38SMB_01684_r9600_c960,3,428.526611328125,441.08402252197266,189016.2414823193,410233.9765930176,3603097.1002197266,410662.5032043457,3603538.1842422485,,
C3814,R4938,0.1020324826240539,1,38SMB_01730_r9680_c1920,10,1186.9329833984375,936.62109375,1111706.4691185951,420725.5285644531,3602261.691970825,421912.46154785156,3603198.313064575,,
C3815,R3690,0.1020302399992942,1,38SMB_01394_r7920_c1920,9,626.9094848632812,552.2430419921875,346206.40097465366,421209.1534423828,3617773.628845215,421836.0629272461,3618325.871887207,,
C3816,R2221,0.1020295843482017,1,38SMB_00942_r5280_c4320,4,131.86781883239746,580.9243774414062,76605.23055976664,443200.0,3645095.299987793,443331.8678188324,3645676.2243652344,,
C3817,R2045,0.1019850373268127,1,38SMB_00860_r4800_c4800,4,270.301456451416,448.6871337890625,121280.78575419495,448000.5529785156,3649336.6680908203,448270.85443496704,3649785.3552246094,,
C3818,R3352,0.1019714996218681,1,38SMB_01322_r7440_c4800,4,736.2606811523438,551.2310791015625,405849.7697716579,449815.9100341797,3622869.6939086914,450552.17071533203,3623420.924987793,,
C3819,R1318,0.1019619852304458,1,38SMB_00598_r3360_c2400,3,415.709228515625,408.4881591796875,169812.2975103557,426761.279296875,3663544.8391723633,427176.9885253906,3663953.327331543,,
C3820,R3740,0.1019468232989311,1,38SMB_01402_r7920_c3840,8,193.07640075683594,380.4986572265625,73465.31123011373,438400.0,3618942.6165771484,438593.07640075684,3619323.115234375,,
C3821,R2086,0.1019391417503357,1,38SMB_00885_r5040_c720,2,990.6935119628906,907.2109985351562,898768.0502301548,409375.78231811523,3647380.2407836914,410366.4758300781,3648287.4517822266,,
C3822,R2548,0.1019037067890167,1,38SMB_01095_r6240_c720,3,633.30322265625,655.0363159179688,414836.6098277271,408454.3214416504,3635296.4039611816,409087.62466430664,3635951.4402770996,,
C3823,R3082,0.1018870323896408,1,38SMB_01265_r7200_c1200,1,196.56166076660156,452.3016357421875,88905.16068893485,412000.7152366638,3625374.2907714844,412197.2768974304,3625826.5924072266,,
C3824,R0533,0.1018451899290084,1,38SMB_00263_r1440_c2640,3,360.78399658203125,385.63995361328125,139132.72370630875,426455.36922454834,3684217.6432800293,426816.1532211304,3684603.2832336426,,
C3825,R1709,0.1018431037664413,1,38SMB_00729_r4080_c3600,5,199.17587280273438,530.6103515625,105684.77989062667,436000.43182373047,3658332.0989990234,436199.6076965332,3658862.709350586,,
C3826,R3659,0.1018255725502967,1,38SMB_01388_r7920_c480,6,1185.2954864501953,988.58642578125,1171767.0284444466,405498.81828308105,3617693.3700561523,406684.11376953125,3618681.9564819336,,
C3827,R2688,0.1018025875091552,1,38SMB_01146_r6480_c2880,0,392.15179443359375,407.315673828125,159729.5723926276,430582.2232055664,3632000.1458740234,430974.375,3632407.4615478516,,
C3828,R5017,0.1017570719122886,1,38SMB_01744_r9680_c5280,9,1244.3169403076172,1419.4802856445312,1766283.3658601856,452800.0,3600735.9510803223,454044.3169403076,3602155.431365967,,
C3829,R2757,0.1017071008682251,1,38SMB_01157_r6480_c5520,4,397.74227142333984,410.79227447509766,163389.4523328854,455786.2965774536,3634768.0711364746,456184.03884887695,3635178.8634109497,,
C3830,R1479,0.1016940325498581,1,38SMB_00652_r3600_c5280,6,212.08574295043945,545.355224609375,115662.06798318308,452800.0,3660802.4530029297,453012.08574295044,3661347.808227539,,
C3831,R0332,0.1016549989581108,1,38SMB_00145_r720_c4560,1,1265.6622314453125,1137.5396728515625,1439741.0006988794,447317.7536010742,3691662.4603271484,448583.41583251953,3692800.0,,
C3832,R3872,0.1016530096530914,1,38SMB_01432_r8160_c960,12,282.989501953125,811.934814453125,229769.0287604928,412517.00927734375,3616736.695251465,412799.9987792969,3617548.630065918,,
C3833,R2584,0.1015381440520286,1,38SMB_01108_r6240_c3840,7,516.5512084960938,528.404541015625,272948.00423644483,440441.95098876953,3635983.657836914,440958.5021972656,3636512.0623779297,,
C3834,R2338,0.1015319228172302,1,38SMB_01017_r5760_c2160,4,422.9189682006836,681.9810485839844,288422.72139955894,421600.20721435547,3639329.652709961,422023.12618255615,3640011.633758545,,
C3835,R3260,0.1014398410916328,1,38SMB_01305_r7440_c720,3,416.9464111328125,380.0628662109375,158465.84807150066,409284.1567993164,3624429.157104492,409701.1032104492,3624809.219970703,,
C3836,R1304,0.1014091521501541,1,38SMB_00594_r3360_c1440,1,153.34511756896973,519.5285034179688,79667.15943705931,414400.0,3664753.9530944824,414553.34511756897,3665273.4815979004,,
C3837,R3731,0.101374827325344,1,38SMB_01401_r7920_c3600,13,782.1466064453125,856.849365234375,670181.8232528865,438237.44384765625,3619458.151702881,439019.59045410156,3620315.0010681152,,
C3838,R2248,0.1013669297099113,1,38SMB_00960_r5280_c8640,3,493.5555648803711,404.8077392578125,199795.11241733562,486929.24991607666,3644000.0,487422.80548095703,3644404.807739258,,
C3839,R0738,0.1013392657041549,1,38SMB_00372_r1920_c8640,1,314.716796875,309.83917236328125,97511.5918725729,487845.67123413086,3678717.238006592,488160.38803100586,3679027.077178955,,
C3840,R1418,0.1012605801224708,1,38SMB_00640_r3600_c2400,4,885.3536987304688,923.5516357421875,817669.8566729203,425015.09826660156,3661584.4271850586,425900.45196533203,3662507.978820801,,
C3841,R3997,0.1012281477451324,1,38SMB_01461_r8160_c7920,5,884.3862915039062,322.6390838623047,285337.58287120145,480201.14196777344,3618076.6553497314,481085.52825927734,3618399.2944335938,,
C3842,R2689,0.1012234166264534,2,38SMB_01146_r6480_c2880,1,165.49209594726562,428.2086181640625,70865.14172265306,428800.0463104248,3634459.800720215,428965.53840637207,3634888.009338379,,
C3843,R3432,0.1011877655982971,1,38SMB_01341_r7440_c9360,5,527.4017333984375,508.199462890625,268025.27764067054,495123.2228088379,3622844.782409668,495650.6245422363,3623352.9818725586,,
C3844,R1342,0.1011097654700279,1,38SMB_00601_r3360_c3120,9,275.9002685546875,520.8737182617188,143709.19875148684,434124.0997314453,3663816.936340332,434400.0,3664337.8100585938,,
C3845,R4767,0.1011079996824264,1,38SMB_01671_r9360_c7920,4,474.3788146972656,513.7603759765625,243717.03819418326,479554.8918914795,3605469.368286133,480029.27070617676,3605983.1286621094,,
C3846,R2401,0.1011065170168876,1,38SMB_01036_r5760_c6720,3,394.7431182861328,432.5238037109375,170735.7950098347,467270.4404449463,3640222.660217285,467665.1835632324,3640655.184020996,,
C3847,R0273,0.1010721325874328,1,38SMB_00099_r480_c3600,2,1628.717041015625,1260.1671600341797,2052455.7280759327,437571.2829589844,3693939.832839966,439200.0,3695200.0,,
C3848,R1084,0.1010248959064483,1,38SMB_00482_r2640_c4800,7,146.85821533203125,480.4052734375,70551.46109312773,448000.0725841522,3670556.0369873047,448146.93079948425,3671036.442260742,,
C3849,R4295,0.1009806916117668,1,38SMB_01544_r8640_c7680,1,749.8175048828125,175.5029296875,131595.16883790493,479167.7590942383,3610400.5017089844,479917.5765991211,3610576.004638672,,
C3850,R4093,0.1009693965315818,1,38SMB_01487_r8400_c4080,8,278.9493656158447,261.29180908203125,72887.18438404903,440917.4378108978,3613506.8200683594,441196.3871765137,3613768.1118774414,,
C3851,R0902,0.1009156554937362,1,38SMB_00429_r2400_c2160,5,1036.6842651367188,714.3150329589844,740519.1550191958,423008.7582397461,3672800.0286865234,424045.4425048828,3673514.3437194824,,
C3852,R3902,0.1008906438946724,1,38SMB_01440_r8160_c2880,6,460.030517578125,539.317626953125,248102.56706625223,431539.9694824219,3616304.9981689453,432000.0,3616844.3157958984,,
C3853,R4109,0.100858986377716,1,38SMB_01489_r8400_c4560,8,336.51123046875,244.80291366577148,82378.92970000394,447630.2764892578,3615740.4614067078,447966.78771972656,3615985.2643203735,,
C3854,R2629,0.1007908955216407,1,38SMB_01115_r6240_c5520,2,232.0599365234375,252.59063720703125,58616.1672366783,456073.722076416,3634922.762145996,456305.78201293945,3635175.352783203,,
C3855,R0781,0.100786879658699,1,38SMB_00384_r2160_c1440,6,534.9205017089844,514.7210693359375,275334.8526493646,415080.72479248047,3676347.984008789,415615.64529418945,3676862.705078125,,
C3856,R2520,0.1007503345608711,1,38SMB_01078_r6000_c6720,5,267.2129821777344,312.7290344238281,83565.25790195446,467212.24910736084,3639115.650024414,467479.4620895386,3639428.379058838,,
C3857,R3496,0.1007170677185058,1,38SMB_01357_r7680_c3120,5,655.902099609375,383.0115509033203,251218.0804121308,432497.8207397461,3622816.9884490967,433153.72283935547,3623200.0,,
C3858,R4532,0.1007076576352119,1,38SMB_01608_r9120_c2880,17,564.2962646484375,157.65625,88964.83297348022,430840.6164550781,3605600.305786133,431404.91271972656,3605757.962036133,,
C3859,R3601,0.100699670612812,1,38SMB_01372_r7680_c6720,9,230.003662109375,209.97589111328125,48295.22391073406,468845.37170410156,3622101.522216797,469075.37536621094,3622311.49810791,,
C3860,R4421,0.1006831750273704,1,38SMB_01573_r8880_c4560,6,496.04393005371094,400.108642578125,198471.46351290867,445601.3442993164,3608000.903930664,446097.3882293701,3608401.012573242,,
C3861,R1703,0.1006603389978408,1,38SMB_00728_r4080_c3360,8,174.79366302490234,553.5397338867188,96755.23771588923,433600.99937438965,3657937.9608154297,433775.79303741455,3658491.5005493164,,
C3862,R3987,0.1006570532917976,1,38SMB_01459_r8160_c7440,2,131.83138847351074,508.36151123046875,67018.00387200492,474400.4091644287,3616105.3311157227,474532.2405529022,3616613.692626953,,
C3863,R0945,0.1006280407309532,1,38SMB_00438_r2400_c4320,10,196.5450668334961,222.65289306640625,43761.327748408075,443206.8922615051,3673466.909637451,443403.4373283386,3673689.5625305176,,
C3864,R1111,0.1005976721644401,1,38SMB_00507_r2880_c720,2,1455.9817504882812,1502.8382873535156,2188105.1203217823,407200.0,3669555.4232788086,408655.9817504883,3671058.261566162,,
C3865,R4668,0.1005488038063049,1,38SMB_01648_r9360_c2400,5,945.3660583496094,841.0194396972656,795071.232702001,424127.3983001709,3603202.5610351562,425072.7643585205,3604043.5804748535,,
C3866,R4978,0.1005144342780113,1,38SMB_01734_r9680_c2880,8,837.1383666992188,545.1788330078125,456390.1178231463,430938.65020751953,3602654.821166992,431775.78857421875,3603200.0,,
C3867,R1846,0.1004862487316131,1,38SMB_00772_r4320_c3840,10,218.2107925415039,648.4434509277344,141497.3593452887,438400.88272094727,3653755.985107422,438619.09351348877,3654404.4285583496,,
C3868,R2333,0.100471593439579,1,38SMB_01016_r5760_c1920,7,833.8172912597656,869.1987609863281,724752.9564519646,421531.043548584,3641010.8625793457,422364.86083984375,3641880.061340332,,
C3869,R2806,0.1004616394639015,1,38SMB_01188_r6720_c2880,1,561.2976837158203,665.799560546875,373711.751153972,430043.402633667,3629842.3071289062,430604.7003173828,3630508.106689453,,
C3870,R2945,0.1004040762782096,1,38SMB_01229_r6960_c2640,4,530.6878662109375,551.5985107421875,292726.6366709024,429069.31213378906,3627200.0,429600.0,3627751.598510742,,
C3871,R0784,0.1004012003540992,1,38SMB_00385_r2160_c1680,2,92.2906494140625,302.8459167480469,27949.846329074353,419907.70935058594,3677309.990005493,420000.0,3677612.835922241,,
C3872,R1423,0.1003860309720039,1,38SMB_00641_r3600_c2640,4,154.09602165222168,445.57830810546875,68661.84461358062,426400.5119037628,3661364.805908203,426554.60792541504,3661810.3842163086,,
C3873,R1262,0.1003712266683578,1,38SMB_00563_r3120_c4080,6,451.17919921875,394.4207763671875,177954.45003658533,442446.5234375,3667091.9018554688,442897.70263671875,3667486.322631836,,
C3874,R1013,0.1003658846020698,1,38SMB_00467_r2640_c1200,6,163.388671875,197.420654296875,32256.29850625992,413670.75775146484,3672469.518814087,413834.14642333984,3672666.939468384,,
C3875,R1016,0.1003437563776969,1,38SMB_00468_r2640_c1440,2,746.4405822753906,724.0866851806641,540487.6869041123,414948.6437988281,3672755.342025757,415695.0843811035,3673479.4287109375,,
C3876,R1495,0.1003424599766731,1,38SMB_00655_r3600_c6000,1,512.7178955078125,185.4730224609375,95095.33774964511,462686.40411376953,3660800.0537109375,463199.12200927734,3660985.5267333984,,
C3877,R3489,0.100289449095726,1,38SMB_01355_r7680_c2640,9,167.261962890625,296.1812973022461,49539.86515826546,429432.12463378906,3622269.7373962402,429599.3865966797,3622565.9186935425,,
C3878,R3229,0.1002775728702545,1,38SMB_01297_r7200_c8880,5,644.1961669921875,247.1339225769043,159202.72565778578,489744.0492248535,3627752.866077423,490388.2453918457,3628000.0,,
C3879,R2926,0.1002490520477294,1,38SMB_01215_r6720_c9360,3,201.9366455078125,853.5693359375,172366.92840754986,496597.9235839844,3630848.2012939453,496799.8602294922,3631701.770629883,,
C3880,R0984,0.1002258360385894,1,38SMB_00463_r2640_c240,7,663.6878967285156,731.0469055175781,485186.9831328513,404645.4978942871,3672706.670150757,405309.1857910156,3673437.7170562744,,
C3881,R1193,0.1002140492200851,1,38SMB_00530_r2880_c6240,0,564.4097900390625,528.7374877929688,298424.61447101086,462878.56552124023,3669498.8496398926,463442.9753112793,3670027.5871276855,,
C3882,R2244,0.1001837402582168,1,38SMB_00959_r5280_c8400,2,402.0947265625,535.7865905761719,215436.96263357997,486324.5455932617,3646339.3698120117,486726.6403198242,3646875.156402588,,
C3883,R2188,0.1001504808664321,1,38SMB_00934_r5280_c2400,2,198.7738037109375,414.3614196777344,82364.19550040737,427000.4653930664,3644262.3120117188,427199.23919677734,3644676.6734313965,,
C3884,R2612,0.1001484990119934,1,38SMB_01112_r6240_c4800,7,546.5211486816406,217.5958251953125,118920.72033407167,448347.032623291,3634400.0,448893.55377197266,3634617.5958251953,,
C3885,R4482,0.1000789031386375,1,38SMB_01604_r9120_c1920,8,547.2515869140625,117.7178955078125,64421.30512483418,419853.1188964844,3605600.0,420400.37048339844,3605717.717895508,,
C3886,R2686,0.1000763699412345,1,38SMB_01144_r6480_c2400,8,467.6171875,292.8327941894531,136933.6476266384,425823.25286865234,3634907.1672058105,426290.87005615234,3635200.0,,
C3887,R2992,0.1000431701540947,1,38SMB_01238_r6960_c4800,4,527.0758056640625,484.20387268066406,255212.14629882015,450382.7053833008,3629915.7961273193,450909.78118896484,3630400.0,,
C3888,R0245,0.100006952881813,1,38SMB_00091_r480_c1680,5,435.8349609375,105.09488105773926,45804.023380531,419553.6413574219,3695094.9051189423,419989.4763183594,3695200.0,,
