tile_name,row_start,col_start,left,bottom,right,top
38SMB_00000_r0_c0,0,0,400000.0,3696800.0,403200.0,3700000.0
38SMB_00001_r0_c240,0,240,402400.0,3696800.0,405600.0,3700000.0
38SMB_00002_r0_c480,0,480,404800.0,3696800.0,408000.0,3700000.0
38SMB_00003_r0_c720,0,720,407200.0,3696800.0,410400.0,3700000.0
38SMB_00004_r0_c960,0,960,409600.0,3696800.0,412800.0,3700000.0
38SMB_00005_r0_c1200,0,1200,412000.0,3696800.0,415200.0,3700000.0
38SMB_00006_r0_c1440,0,1440,414400.0,3696800.0,417600.0,3700000.0
38SMB_00007_r0_c1680,0,1680,416800.0,3696800.0,420000.0,3700000.0
38SMB_00008_r0_c1920,0,1920,419200.0,3696800.0,422400.0,3700000.0
38SMB_00009_r0_c2160,0,2160,421600.0,3696800.0,424800.0,3700000.0
38SMB_00010_r0_c2400,0,2400,424000.0,3696800.0,427200.0,3700000.0
38SMB_00011_r0_c2640,0,2640,426400.0,3696800.0,429600.0,3700000.0
38SMB_00012_r0_c2880,0,2880,428800.0,3696800.0,432000.0,3700000.0
38SMB_00013_r0_c3120,0,3120,431200.0,3696800.0,434400.0,3700000.0
38SMB_00014_r0_c3360,0,3360,433600.0,3696800.0,436800.0,3700000.0
38SMB_00015_r0_c3600,0,3600,436000.0,3696800.0,439200.0,3700000.0
38SMB_00016_r0_c3840,0,3840,438400.0,3696800.0,441600.0,3700000.0
38SMB_00017_r0_c4080,0,4080,440800.0,3696800.0,444000.0,3700000.0
38SMB_00018_r0_c4320,0,4320,443200.0,3696800.0,446400.0,3700000.0
38SMB_00019_r0_c4560,0,4560,445600.0,3696800.0,448800.0,3700000.0
38SMB_00020_r0_c4800,0,4800,448000.0,3696800.0,451200.0,3700000.0
38SMB_00021_r0_c5040,0,5040,450400.0,3696800.0,453600.0,3700000.0
38SMB_00022_r0_c5280,0,5280,452800.0,3696800.0,456000.0,3700000.0
38SMB_00023_r0_c5520,0,5520,455200.0,3696800.0,458400.0,3700000.0
38SMB_00024_r0_c5760,0,5760,457600.0,3696800.0,460800.0,3700000.0
38SMB_00025_r0_c6000,0,6000,460000.0,3696800.0,463200.0,3700000.0
38SMB_00026_r0_c6240,0,6240,462400.0,3696800.0,465600.0,3700000.0
38SMB_00027_r0_c6480,0,6480,464800.0,3696800.0,468000.0,3700000.0
38SMB_00028_r0_c6720,0,6720,467200.0,3696800.0,470400.0,3700000.0
38SMB_00029_r0_c6960,0,6960,469600.0,3696800.0,472800.0,3700000.0
38SMB_00030_r0_c7200,0,7200,472000.0,3696800.0,475200.0,3700000.0
38SMB_00031_r0_c7440,0,7440,474400.0,3696800.0,477600.0,3700000.0
38SMB_00032_r0_c7680,0,7680,476800.0,3696800.0,480000.0,3700000.0
38SMB_00033_r0_c7920,0,7920,479200.0,3696800.0,482400.0,3700000.0
38SMB_00034_r0_c8160,0,8160,481600.0,3696800.0,484800.0,3700000.0
38SMB_00035_r0_c8400,0,8400,484000.0,3696800.0,487200.0,3700000.0
38SMB_00036_r0_c8640,0,8640,486400.0,3696800.0,489600.0,3700000.0
38SMB_00037_r0_c8880,0,8880,488800.0,3696800.0,492000.0,3700000.0
38SMB_00038_r0_c9120,0,9120,491200.0,3696800.0,494400.0,3700000.0
38SMB_00039_r0_c9360,0,9360,493600.0,3696800.0,496800.0,3700000.0
38SMB_00040_r0_c9600,0,9600,496000.0,3696800.0,499200.0,3700000.0
38SMB_00041_r0_c9680,0,9680,496800.0,3696800.0,500000.0,3700000.0
38SMB_00042_r240_c0,240,0,400000.0,3694400.0,403200.0,3697600.0
38SMB_00043_r240_c240,240,240,402400.0,3694400.0,405600.0,3697600.0
38SMB_00044_r240_c480,240,480,404800.0,3694400.0,408000.0,3697600.0
38SMB_00045_r240_c720,240,720,407200.0,3694400.0,410400.0,3697600.0
38SMB_00046_r240_c960,240,960,409600.0,3694400.0,412800.0,3697600.0
38SMB_00047_r240_c1200,240,1200,412000.0,3694400.0,415200.0,3697600.0
38SMB_00048_r240_c1440,240,1440,414400.0,3694400.0,417600.0,3697600.0
38SMB_00049_r240_c1680,240,1680,416800.0,3694400.0,420000.0,3697600.0
38SMB_00050_r240_c1920,240,1920,419200.0,3694400.0,422400.0,3697600.0
38SMB_00051_r240_c2160,240,2160,421600.0,3694400.0,424800.0,3697600.0
38SMB_00052_r240_c2400,240,2400,424000.0,3694400.0,427200.0,3697600.0
38SMB_00053_r240_c2640,240,2640,426400.0,3694400.0,429600.0,3697600.0
38SMB_00054_r240_c2880,240,2880,428800.0,3694400.0,432000.0,3697600.0
38SMB_00055_r240_c3120,240,3120,431200.0,3694400.0,434400.0,3697600.0
38SMB_00056_r240_c3360,240,3360,433600.0,3694400.0,436800.0,3697600.0
38SMB_00057_r240_c3600,240,3600,436000.0,3694400.0,439200.0,3697600.0
38SMB_00058_r240_c3840,240,3840,438400.0,3694400.0,441600.0,3697600.0
38SMB_00059_r240_c4080,240,4080,440800.0,3694400.0,444000.0,3697600.0
38SMB_00060_r240_c4320,240,4320,443200.0,3694400.0,446400.0,3697600.0
38SMB_00061_r240_c4560,240,4560,445600.0,3694400.0,448800.0,3697600.0
38SMB_00062_r240_c4800,240,4800,448000.0,3694400.0,451200.0,3697600.0
38SMB_00063_r240_c5040,240,5040,450400.0,3694400.0,453600.0,3697600.0
38SMB_00064_r240_c5280,240,5280,452800.0,3694400.0,456000.0,3697600.0
38SMB_00065_r240_c5520,240,5520,455200.0,3694400.0,458400.0,3697600.0
38SMB_00066_r240_c5760,240,5760,457600.0,3694400.0,460800.0,3697600.0
38SMB_00067_r240_c6000,240,6000,460000.0,3694400.0,463200.0,3697600.0
38SMB_00068_r240_c6240,240,6240,462400.0,3694400.0,465600.0,3697600.0
38SMB_00069_r240_c6480,240,6480,464800.0,3694400.0,468000.0,3697600.0
38SMB_00070_r240_c6720,240,6720,467200.0,3694400.0,470400.0,3697600.0
38SMB_00071_r240_c6960,240,6960,469600.0,3694400.0,472800.0,3697600.0
38SMB_00072_r240_c7200,240,7200,472000.0,3694400.0,475200.0,3697600.0
38SMB_00073_r240_c7440,240,7440,474400.0,3694400.0,477600.0,3697600.0
38SMB_00074_r240_c7680,240,7680,476800.0,3694400.0,480000.0,3697600.0
38SMB_00075_r240_c7920,240,7920,479200.0,3694400.0,482400.0,3697600.0
38SMB_00076_r240_c8160,240,8160,481600.0,3694400.0,484800.0,3697600.0
38SMB_00077_r240_c8400,240,8400,484000.0,3694400.0,487200.0,3697600.0
38SMB_00078_r240_c8640,240,8640,486400.0,3694400.0,489600.0,3697600.0
38SMB_00079_r240_c8880,240,8880,488800.0,3694400.0,492000.0,3697600.0
38SMB_00080_r240_c9120,240,9120,491200.0,3694400.0,494400.0,3697600.0
38SMB_00081_r240_c9360,240,9360,493600.0,3694400.0,496800.0,3697600.0
38SMB_00082_r240_c9600,240,9600,496000.0,3694400.0,499200.0,3697600.0
38SMB_00083_r240_c9680,240,9680,496800.0,3694400.0,500000.0,3697600.0
38SMB_00084_r480_c0,480,0,400000.0,3692000.0,403200.0,3695200.0
38SMB_00085_r480_c240,480,240,402400.0,3692000.0,405600.0,3695200.0
38SMB_00086_r480_c480,480,480,404800.0,3692000.0,408000.0,3695200.0
38SMB_00087_r480_c720,480,720,407200.0,3692000.0,410400.0,3695200.0
38SMB_00088_r480_c960,480,960,409600.0,3692000.0,412800.0,3695200.0
38SMB_00089_r480_c1200,480,1200,412000.0,3692000.0,415200.0,3695200.0
38SMB_00090_r480_c1440,480,1440,414400.0,3692000.0,417600.0,3695200.0
38SMB_00091_r480_c1680,480,1680,416800.0,3692000.0,420000.0,3695200.0
38SMB_00092_r480_c1920,480,1920,419200.0,3692000.0,422400.0,3695200.0
38SMB_00093_r480_c2160,480,2160,421600.0,3692000.0,424800.0,3695200.0
38SMB_00094_r480_c2400,480,2400,424000.0,3692000.0,427200.0,3695200.0
38SMB_00095_r480_c2640,480,2640,426400.0,3692000.0,429600.0,3695200.0
38SMB_00096_r480_c2880,480,2880,428800.0,3692000.0,432000.0,3695200.0
38SMB_00097_r480_c3120,480,3120,431200.0,3692000.0,434400.0,3695200.0
38SMB_00098_r480_c3360,480,3360,433600.0,3692000.0,436800.0,3695200.0
38SMB_00099_r480_c3600,480,3600,436000.0,3692000.0,439200.0,3695200.0
38SMB_00100_r480_c3840,480,3840,438400.0,3692000.0,441600.0,3695200.0
38SMB_00101_r480_c4080,480,4080,440800.0,3692000.0,444000.0,3695200.0
38SMB_00102_r480_c4320,480,4320,443200.0,3692000.0,446400.0,3695200.0
38SMB_00103_r480_c4560,480,4560,445600.0,3692000.0,448800.0,3695200.0
38SMB_00104_r480_c4800,480,4800,448000.0,3692000.0,451200.0,3695200.0
38SMB_00105_r480_c5040,480,5040,450400.0,3692000.0,453600.0,3695200.0
38SMB_00106_r480_c5280,480,5280,452800.0,3692000.0,456000.0,3695200.0
38SMB_00107_r480_c5520,480,5520,455200.0,3692000.0,458400.0,3695200.0
38SMB_00108_r480_c5760,480,5760,457600.0,3692000.0,460800.0,3695200.0
38SMB_00109_r480_c6000,480,6000,460000.0,3692000.0,463200.0,3695200.0
38SMB_00110_r480_c6240,480,6240,462400.0,3692000.0,465600.0,3695200.0
38SMB_00111_r480_c6480,480,6480,464800.0,3692000.0,468000.0,3695200.0
38SMB_00112_r480_c6720,480,6720,467200.0,3692000.0,470400.0,3695200.0
38SMB_00113_r480_c6960,480,6960,469600.0,3692000.0,472800.0,3695200.0
38SMB_00114_r480_c7200,480,7200,472000.0,3692000.0,475200.0,3695200.0
38SMB_00115_r480_c7440,480,7440,474400.0,3692000.0,477600.0,3695200.0
38SMB_00116_r480_c7680,480,7680,476800.0,3692000.0,480000.0,3695200.0
38SMB_00117_r480_c7920,480,7920,479200.0,3692000.0,482400.0,3695200.0
38SMB_00118_r480_c8160,480,8160,481600.0,3692000.0,484800.0,3695200.0
38SMB_00119_r480_c8400,480,8400,484000.0,3692000.0,487200.0,3695200.0
38SMB_00120_r480_c8640,480,8640,486400.0,3692000.0,489600.0,3695200.0
38SMB_00121_r480_c8880,480,8880,488800.0,3692000.0,492000.0,3695200.0
38SMB_00122_r480_c9120,480,9120,491200.0,3692000.0,494400.0,3695200.0
38SMB_00123_r480_c9360,480,9360,493600.0,3692000.0,496800.0,3695200.0
38SMB_00124_r480_c9600,480,9600,496000.0,3692000.0,499200.0,3695200.0
38SMB_00125_r480_c9680,480,9680,496800.0,3692000.0,500000.0,3695200.0
38SMB_00126_r720_c0,720,0,400000.0,3689600.0,403200.0,3692800.0
38SMB_00127_r720_c240,720,240,402400.0,3689600.0,405600.0,3692800.0
38SMB_00128_r720_c480,720,480,404800.0,3689600.0,408000.0,3692800.0
38SMB_00129_r720_c720,720,720,407200.0,3689600.0,410400.0,3692800.0
38SMB_00130_r720_c960,720,960,409600.0,3689600.0,412800.0,3692800.0
38SMB_00131_r720_c1200,720,1200,412000.0,3689600.0,415200.0,3692800.0
38SMB_00132_r720_c1440,720,1440,414400.0,3689600.0,417600.0,3692800.0
38SMB_00133_r720_c1680,720,1680,416800.0,3689600.0,420000.0,3692800.0
38SMB_00134_r720_c1920,720,1920,419200.0,3689600.0,422400.0,3692800.0
38SMB_00135_r720_c2160,720,2160,421600.0,3689600.0,424800.0,3692800.0
38SMB_00136_r720_c2400,720,2400,424000.0,3689600.0,427200.0,3692800.0
38SMB_00137_r720_c2640,720,2640,426400.0,3689600.0,429600.0,3692800.0
38SMB_00138_r720_c2880,720,2880,428800.0,3689600.0,432000.0,3692800.0
38SMB_00139_r720_c3120,720,3120,431200.0,3689600.0,434400.0,3692800.0
38SMB_00140_r720_c3360,720,3360,433600.0,3689600.0,436800.0,3692800.0
38SMB_00141_r720_c3600,720,3600,436000.0,3689600.0,439200.0,3692800.0
38SMB_00142_r720_c3840,720,3840,438400.0,3689600.0,441600.0,3692800.0
38SMB_00143_r720_c4080,720,4080,440800.0,3689600.0,444000.0,3692800.0
38SMB_00144_r720_c4320,720,4320,443200.0,3689600.0,446400.0,3692800.0
38SMB_00145_r720_c4560,720,4560,445600.0,3689600.0,448800.0,3692800.0
38SMB_00146_r720_c4800,720,4800,448000.0,3689600.0,451200.0,3692800.0
38SMB_00147_r720_c5040,720,5040,450400.0,3689600.0,453600.0,3692800.0
38SMB_00148_r720_c5280,720,5280,452800.0,3689600.0,456000.0,3692800.0
38SMB_00149_r720_c5520,720,5520,455200.0,3689600.0,458400.0,3692800.0
38SMB_00150_r720_c5760,720,5760,457600.0,3689600.0,460800.0,3692800.0
38SMB_00151_r720_c6000,720,6000,460000.0,3689600.0,463200.0,3692800.0
38SMB_00152_r720_c6240,720,6240,462400.0,3689600.0,465600.0,3692800.0
38SMB_00153_r720_c6480,720,6480,464800.0,3689600.0,468000.0,3692800.0
38SMB_00154_r720_c6720,720,6720,467200.0,3689600.0,470400.0,3692800.0
38SMB_00155_r720_c6960,720,6960,469600.0,3689600.0,472800.0,3692800.0
38SMB_00156_r720_c7200,720,7200,472000.0,3689600.0,475200.0,3692800.0
38SMB_00157_r720_c7440,720,7440,474400.0,3689600.0,477600.0,3692800.0
38SMB_00158_r720_c7680,720,7680,476800.0,3689600.0,480000.0,3692800.0
38SMB_00159_r720_c7920,720,7920,479200.0,3689600.0,482400.0,3692800.0
38SMB_00160_r720_c8160,720,8160,481600.0,3689600.0,484800.0,3692800.0
38SMB_00161_r720_c8400,720,8400,484000.0,3689600.0,487200.0,3692800.0
38SMB_00162_r720_c8640,720,8640,486400.0,3689600.0,489600.0,3692800.0
38SMB_00163_r720_c8880,720,8880,488800.0,3689600.0,492000.0,3692800.0
38SMB_00164_r720_c9120,720,9120,491200.0,3689600.0,494400.0,3692800.0
38SMB_00165_r720_c9360,720,9360,493600.0,3689600.0,496800.0,3692800.0
38SMB_00166_r720_c9600,720,9600,496000.0,3689600.0,499200.0,3692800.0
38SMB_00167_r720_c9680,720,9680,496800.0,3689600.0,500000.0,3692800.0
38SMB_00168_r960_c0,960,0,400000.0,3687200.0,403200.0,3690400.0
38SMB_00169_r960_c240,960,240,402400.0,3687200.0,405600.0,3690400.0
38SMB_00170_r960_c480,960,480,404800.0,3687200.0,408000.0,3690400.0
38SMB_00171_r960_c720,960,720,407200.0,3687200.0,410400.0,3690400.0
38SMB_00172_r960_c960,960,960,409600.0,3687200.0,412800.0,3690400.0
38SMB_00173_r960_c1200,960,1200,412000.0,3687200.0,415200.0,3690400.0
38SMB_00174_r960_c1440,960,1440,414400.0,3687200.0,417600.0,3690400.0
38SMB_00175_r960_c1680,960,1680,416800.0,3687200.0,420000.0,3690400.0
38SMB_00176_r960_c1920,960,1920,419200.0,3687200.0,422400.0,3690400.0
38SMB_00177_r960_c2160,960,2160,421600.0,3687200.0,424800.0,3690400.0
38SMB_00178_r960_c2400,960,2400,424000.0,3687200.0,427200.0,3690400.0
38SMB_00179_r960_c2640,960,2640,426400.0,3687200.0,429600.0,3690400.0
38SMB_00180_r960_c2880,960,2880,428800.0,3687200.0,432000.0,3690400.0
38SMB_00181_r960_c3120,960,3120,431200.0,3687200.0,434400.0,3690400.0
38SMB_00182_r960_c3360,960,3360,433600.0,3687200.0,436800.0,3690400.0
38SMB_00183_r960_c3600,960,3600,436000.0,3687200.0,439200.0,3690400.0
38SMB_00184_r960_c3840,960,3840,438400.0,3687200.0,441600.0,3690400.0
38SMB_00185_r960_c4080,960,4080,440800.0,3687200.0,444000.0,3690400.0
38SMB_00186_r960_c4320,960,4320,443200.0,3687200.0,446400.0,3690400.0
38SMB_00187_r960_c4560,960,4560,445600.0,3687200.0,448800.0,3690400.0
38SMB_00188_r960_c4800,960,4800,448000.0,3687200.0,451200.0,3690400.0
38SMB_00189_r960_c5040,960,5040,450400.0,3687200.0,453600.0,3690400.0
38SMB_00190_r960_c5280,960,5280,452800.0,3687200.0,456000.0,3690400.0
38SMB_00191_r960_c5520,960,5520,455200.0,3687200.0,458400.0,3690400.0
38SMB_00192_r960_c5760,960,5760,457600.0,3687200.0,460800.0,3690400.0
38SMB_00193_r960_c6000,960,6000,460000.0,3687200.0,463200.0,3690400.0
38SMB_00194_r960_c6240,960,6240,462400.0,3687200.0,465600.0,3690400.0
38SMB_00195_r960_c6480,960,6480,464800.0,3687200.0,468000.0,3690400.0
38SMB_00196_r960_c6720,960,6720,467200.0,3687200.0,470400.0,3690400.0
38SMB_00197_r960_c6960,960,6960,469600.0,3687200.0,472800.0,3690400.0
38SMB_00198_r960_c7200,960,7200,472000.0,3687200.0,475200.0,3690400.0
38SMB_00199_r960_c7440,960,7440,474400.0,3687200.0,477600.0,3690400.0
38SMB_00200_r960_c7680,960,7680,476800.0,3687200.0,480000.0,3690400.0
38SMB_00201_r960_c7920,960,7920,479200.0,3687200.0,482400.0,3690400.0
38SMB_00202_r960_c8160,960,8160,481600.0,3687200.0,484800.0,3690400.0
38SMB_00203_r960_c8400,960,8400,484000.0,3687200.0,487200.0,3690400.0
38SMB_00204_r960_c8640,960,8640,486400.0,3687200.0,489600.0,3690400.0
38SMB_00205_r960_c8880,960,8880,488800.0,3687200.0,492000.0,3690400.0
38SMB_00206_r960_c9120,960,9120,491200.0,3687200.0,494400.0,3690400.0
38SMB_00207_r960_c9360,960,9360,493600.0,3687200.0,496800.0,3690400.0
38SMB_00208_r960_c9600,960,9600,496000.0,3687200.0,499200.0,3690400.0
38SMB_00209_r960_c9680,960,9680,496800.0,3687200.0,500000.0,3690400.0
38SMB_00210_r1200_c0,1200,0,400000.0,3684800.0,403200.0,3688000.0
38SMB_00211_r1200_c240,1200,240,402400.0,3684800.0,405600.0,3688000.0
38SMB_00212_r1200_c480,1200,480,404800.0,3684800.0,408000.0,3688000.0
38SMB_00213_r1200_c720,1200,720,407200.0,3684800.0,410400.0,3688000.0
38SMB_00214_r1200_c960,1200,960,409600.0,3684800.0,412800.0,3688000.0
38SMB_00215_r1200_c1200,1200,1200,412000.0,3684800.0,415200.0,3688000.0
38SMB_00216_r1200_c1440,1200,1440,414400.0,3684800.0,417600.0,3688000.0
38SMB_00217_r1200_c1680,1200,1680,416800.0,3684800.0,420000.0,3688000.0
38SMB_00218_r1200_c1920,1200,1920,419200.0,3684800.0,422400.0,3688000.0
38SMB_00219_r1200_c2160,1200,2160,421600.0,3684800.0,424800.0,3688000.0
38SMB_00220_r1200_c2400,1200,2400,424000.0,3684800.0,427200.0,3688000.0
38SMB_00221_r1200_c2640,1200,2640,426400.0,3684800.0,429600.0,3688000.0
38SMB_00222_r1200_c2880,1200,2880,428800.0,3684800.0,432000.0,3688000.0
38SMB_00223_r1200_c3120,1200,3120,431200.0,3684800.0,434400.0,3688000.0
38SMB_00224_r1200_c3360,1200,3360,433600.0,3684800.0,436800.0,3688000.0
38SMB_00225_r1200_c3600,1200,3600,436000.0,3684800.0,439200.0,3688000.0
38SMB_00226_r1200_c3840,1200,3840,438400.0,3684800.0,441600.0,3688000.0
38SMB_00227_r1200_c4080,1200,4080,440800.0,3684800.0,444000.0,3688000.0
38SMB_00228_r1200_c4320,1200,4320,443200.0,3684800.0,446400.0,3688000.0
38SMB_00229_r1200_c4560,1200,4560,445600.0,3684800.0,448800.0,3688000.0
38SMB_00230_r1200_c4800,1200,4800,448000.0,3684800.0,451200.0,3688000.0
38SMB_00231_r1200_c5040,1200,5040,450400.0,3684800.0,453600.0,3688000.0
38SMB_00232_r1200_c5280,1200,5280,452800.0,3684800.0,456000.0,3688000.0
38SMB_00233_r1200_c5520,1200,5520,455200.0,3684800.0,458400.0,3688000.0
38SMB_00234_r1200_c5760,1200,5760,457600.0,3684800.0,460800.0,3688000.0
38SMB_00235_r1200_c6000,1200,6000,460000.0,3684800.0,463200.0,3688000.0
38SMB_00236_r1200_c6240,1200,6240,462400.0,3684800.0,465600.0,3688000.0
38SMB_00237_r1200_c6480,1200,6480,464800.0,3684800.0,468000.0,3688000.0
38SMB_00238_r1200_c6720,1200,6720,467200.0,3684800.0,470400.0,3688000.0
38SMB_00239_r1200_c6960,1200,6960,469600.0,3684800.0,472800.0,3688000.0
38SMB_00240_r1200_c7200,1200,7200,472000.0,3684800.0,475200.0,3688000.0
38SMB_00241_r1200_c7440,1200,7440,474400.0,3684800.0,477600.0,3688000.0
38SMB_00242_r1200_c7680,1200,7680,476800.0,3684800.0,480000.0,3688000.0
38SMB_00243_r1200_c7920,1200,7920,479200.0,3684800.0,482400.0,3688000.0
38SMB_00244_r1200_c8160,1200,8160,481600.0,3684800.0,484800.0,3688000.0
38SMB_00245_r1200_c8400,1200,8400,484000.0,3684800.0,487200.0,3688000.0
38SMB_00246_r1200_c8640,1200,8640,486400.0,3684800.0,489600.0,3688000.0
38SMB_00247_r1200_c8880,1200,8880,488800.0,3684800.0,492000.0,3688000.0
38SMB_00248_r1200_c9120,1200,9120,491200.0,3684800.0,494400.0,3688000.0
38SMB_00249_r1200_c9360,1200,9360,493600.0,3684800.0,496800.0,3688000.0
38SMB_00250_r1200_c9600,1200,9600,496000.0,3684800.0,499200.0,3688000.0
38SMB_00251_r1200_c9680,1200,9680,496800.0,3684800.0,500000.0,3688000.0
38SMB_00252_r1440_c0,1440,0,400000.0,3682400.0,403200.0,3685600.0
38SMB_00253_r1440_c240,1440,240,402400.0,3682400.0,405600.0,3685600.0
38SMB_00254_r1440_c480,1440,480,404800.0,3682400.0,408000.0,3685600.0
38SMB_00255_r1440_c720,1440,720,407200.0,3682400.0,410400.0,3685600.0
38SMB_00256_r1440_c960,1440,960,409600.0,3682400.0,412800.0,3685600.0
38SMB_00257_r1440_c1200,1440,1200,412000.0,3682400.0,415200.0,3685600.0
38SMB_00258_r1440_c1440,1440,1440,414400.0,3682400.0,417600.0,3685600.0
38SMB_00259_r1440_c1680,1440,1680,416800.0,3682400.0,420000.0,3685600.0
38SMB_00260_r1440_c1920,1440,1920,419200.0,3682400.0,422400.0,3685600.0
38SMB_00261_r1440_c2160,1440,2160,421600.0,3682400.0,424800.0,3685600.0
38SMB_00262_r1440_c2400,1440,2400,424000.0,3682400.0,427200.0,3685600.0
38SMB_00263_r1440_c2640,1440,2640,426400.0,3682400.0,429600.0,3685600.0
38SMB_00264_r1440_c2880,1440,2880,428800.0,3682400.0,432000.0,3685600.0
38SMB_00265_r1440_c3120,1440,3120,431200.0,3682400.0,434400.0,3685600.0
38SMB_00266_r1440_c3360,1440,3360,433600.0,3682400.0,436800.0,3685600.0
38SMB_00267_r1440_c3600,1440,3600,436000.0,3682400.0,439200.0,3685600.0
38SMB_00268_r1440_c3840,1440,3840,438400.0,3682400.0,441600.0,3685600.0
38SMB_00269_r1440_c4080,1440,4080,440800.0,3682400.0,444000.0,3685600.0
38SMB_00270_r1440_c4320,1440,4320,443200.0,3682400.0,446400.0,3685600.0
38SMB_00271_r1440_c4560,1440,4560,445600.0,3682400.0,448800.0,3685600.0
38SMB_00272_r1440_c4800,1440,4800,448000.0,3682400.0,451200.0,3685600.0
38SMB_00273_r1440_c5040,1440,5040,450400.0,3682400.0,453600.0,3685600.0
38SMB_00274_r1440_c5280,1440,5280,452800.0,3682400.0,456000.0,3685600.0
38SMB_00275_r1440_c5520,1440,5520,455200.0,3682400.0,458400.0,3685600.0
38SMB_00276_r1440_c5760,1440,5760,457600.0,3682400.0,460800.0,3685600.0
38SMB_00277_r1440_c6000,1440,6000,460000.0,3682400.0,463200.0,3685600.0
38SMB_00278_r1440_c6240,1440,6240,462400.0,3682400.0,465600.0,3685600.0
38SMB_00279_r1440_c6480,1440,6480,464800.0,3682400.0,468000.0,3685600.0
38SMB_00280_r1440_c6720,1440,6720,467200.0,3682400.0,470400.0,3685600.0
38SMB_00281_r1440_c6960,1440,6960,469600.0,3682400.0,472800.0,3685600.0
38SMB_00282_r1440_c7200,1440,7200,472000.0,3682400.0,475200.0,3685600.0
38SMB_00283_r1440_c7440,1440,7440,474400.0,3682400.0,477600.0,3685600.0
38SMB_00284_r1440_c7680,1440,7680,476800.0,3682400.0,480000.0,3685600.0
38SMB_00285_r1440_c7920,1440,7920,479200.0,3682400.0,482400.0,3685600.0
38SMB_00286_r1440_c8160,1440,8160,481600.0,3682400.0,484800.0,3685600.0
38SMB_00287_r1440_c8400,1440,8400,484000.0,3682400.0,487200.0,3685600.0
38SMB_00288_r1440_c8640,1440,8640,486400.0,3682400.0,489600.0,3685600.0
38SMB_00289_r1440_c8880,1440,8880,488800.0,3682400.0,492000.0,3685600.0
38SMB_00290_r1440_c9120,1440,9120,491200.0,3682400.0,494400.0,3685600.0
38SMB_00291_r1440_c9360,1440,9360,493600.0,3682400.0,496800.0,3685600.0
38SMB_00292_r1440_c9600,1440,9600,496000.0,3682400.0,499200.0,3685600.0
38SMB_00293_r1440_c9680,1440,9680,496800.0,3682400.0,500000.0,3685600.0
38SMB_00294_r1680_c0,1680,0,400000.0,3680000.0,403200.0,3683200.0
38SMB_00295_r1680_c240,1680,240,402400.0,3680000.0,405600.0,3683200.0
38SMB_00296_r1680_c480,1680,480,404800.0,3680000.0,408000.0,3683200.0
38SMB_00297_r1680_c720,1680,720,407200.0,3680000.0,410400.0,3683200.0
38SMB_00298_r1680_c960,1680,960,409600.0,3680000.0,412800.0,3683200.0
38SMB_00299_r1680_c1200,1680,1200,412000.0,3680000.0,415200.0,3683200.0
38SMB_00300_r1680_c1440,1680,1440,414400.0,3680000.0,417600.0,3683200.0
38SMB_00301_r1680_c1680,1680,1680,416800.0,3680000.0,420000.0,3683200.0
38SMB_00302_r1680_c1920,1680,1920,419200.0,3680000.0,422400.0,3683200.0
38SMB_00303_r1680_c2160,1680,2160,421600.0,3680000.0,424800.0,3683200.0
38SMB_00304_r1680_c2400,1680,2400,424000.0,3680000.0,427200.0,3683200.0
38SMB_00305_r1680_c2640,1680,2640,426400.0,3680000.0,429600.0,3683200.0
38SMB_00306_r1680_c2880,1680,2880,428800.0,3680000.0,432000.0,3683200.0
38SMB_00307_r1680_c3120,1680,3120,431200.0,3680000.0,434400.0,3683200.0
38SMB_00308_r1680_c3360,1680,3360,433600.0,3680000.0,436800.0,3683200.0
38SMB_00309_r1680_c3600,1680,3600,436000.0,3680000.0,439200.0,3683200.0
38SMB_00310_r1680_c3840,1680,3840,438400.0,3680000.0,441600.0,3683200.0
38SMB_00311_r1680_c4080,1680,4080,440800.0,3680000.0,444000.0,3683200.0
38SMB_00312_r1680_c4320,1680,4320,443200.0,3680000.0,446400.0,3683200.0
38SMB_00313_r1680_c4560,1680,4560,445600.0,3680000.0,448800.0,3683200.0
38SMB_00314_r1680_c4800,1680,4800,448000.0,3680000.0,451200.0,3683200.0
38SMB_00315_r1680_c5040,1680,5040,450400.0,3680000.0,453600.0,3683200.0
38SMB_00316_r1680_c5280,1680,5280,452800.0,3680000.0,456000.0,3683200.0
38SMB_00317_r1680_c5520,1680,5520,455200.0,3680000.0,458400.0,3683200.0
38SMB_00318_r1680_c5760,1680,5760,457600.0,3680000.0,460800.0,3683200.0
38SMB_00319_r1680_c6000,1680,6000,460000.0,3680000.0,463200.0,3683200.0
38SMB_00320_r1680_c6240,1680,6240,462400.0,3680000.0,465600.0,3683200.0
38SMB_00321_r1680_c6480,1680,6480,464800.0,3680000.0,468000.0,3683200.0
38SMB_00322_r1680_c6720,1680,6720,467200.0,3680000.0,470400.0,3683200.0
38SMB_00323_r1680_c6960,1680,6960,469600.0,3680000.0,472800.0,3683200.0
38SMB_00324_r1680_c7200,1680,7200,472000.0,3680000.0,475200.0,3683200.0
38SMB_00325_r1680_c7440,1680,7440,474400.0,3680000.0,477600.0,3683200.0
38SMB_00326_r1680_c7680,1680,7680,476800.0,3680000.0,480000.0,3683200.0
38SMB_00327_r1680_c7920,1680,7920,479200.0,3680000.0,482400.0,3683200.0
38SMB_00328_r1680_c8160,1680,8160,481600.0,3680000.0,484800.0,3683200.0
38SMB_00329_r1680_c8400,1680,8400,484000.0,3680000.0,487200.0,3683200.0
38SMB_00330_r1680_c8640,1680,8640,486400.0,3680000.0,489600.0,3683200.0
38SMB_00331_r1680_c8880,1680,8880,488800.0,3680000.0,492000.0,3683200.0
38SMB_00332_r1680_c9120,1680,9120,491200.0,3680000.0,494400.0,3683200.0
38SMB_00333_r1680_c9360,1680,9360,493600.0,3680000.0,496800.0,3683200.0
38SMB_00334_r1680_c9600,1680,9600,496000.0,3680000.0,499200.0,3683200.0
38SMB_00335_r1680_c9680,1680,9680,496800.0,3680000.0,500000.0,3683200.0
38SMB_00336_r1920_c0,1920,0,400000.0,3677600.0,403200.0,3680800.0
38SMB_00337_r1920_c240,1920,240,402400.0,3677600.0,405600.0,3680800.0
38SMB_00338_r1920_c480,1920,480,404800.0,3677600.0,408000.0,3680800.0
38SMB_00339_r1920_c720,1920,720,407200.0,3677600.0,410400.0,3680800.0
38SMB_00340_r1920_c960,1920,960,409600.0,3677600.0,412800.0,3680800.0
38SMB_00341_r1920_c1200,1920,1200,412000.0,3677600.0,415200.0,3680800.0
38SMB_00342_r1920_c1440,1920,1440,414400.0,3677600.0,417600.0,3680800.0
38SMB_00343_r1920_c1680,1920,1680,416800.0,3677600.0,420000.0,3680800.0
38SMB_00344_r1920_c1920,1920,1920,419200.0,3677600.0,422400.0,3680800.0
38SMB_00345_r1920_c2160,1920,2160,421600.0,3677600.0,424800.0,3680800.0
38SMB_00346_r1920_c2400,1920,2400,424000.0,3677600.0,427200.0,3680800.0
38SMB_00347_r1920_c2640,1920,2640,426400.0,3677600.0,429600.0,3680800.0
38SMB_00348_r1920_c2880,1920,2880,428800.0,3677600.0,432000.0,3680800.0
38SMB_00349_r1920_c3120,1920,3120,431200.0,3677600.0,434400.0,3680800.0
38SMB_00350_r1920_c3360,1920,3360,433600.0,3677600.0,436800.0,3680800.0
38SMB_00351_r1920_c3600,1920,3600,436000.0,3677600.0,439200.0,3680800.0
38SMB_00352_r1920_c3840,1920,3840,438400.0,3677600.0,441600.0,3680800.0
38SMB_00353_r1920_c4080,1920,4080,440800.0,3677600.0,444000.0,3680800.0
38SMB_00354_r1920_c4320,1920,4320,443200.0,3677600.0,446400.0,3680800.0
38SMB_00355_r1920_c4560,1920,4560,445600.0,3677600.0,448800.0,3680800.0
38SMB_00356_r1920_c4800,1920,4800,448000.0,3677600.0,451200.0,3680800.0
38SMB_00357_r1920_c5040,1920,5040,450400.0,3677600.0,453600.0,3680800.0
38SMB_00358_r1920_c5280,1920,5280,452800.0,3677600.0,456000.0,3680800.0
38SMB_00359_r1920_c5520,1920,5520,455200.0,3677600.0,458400.0,3680800.0
38SMB_00360_r1920_c5760,1920,5760,457600.0,3677600.0,460800.0,3680800.0
38SMB_00361_r1920_c6000,1920,6000,460000.0,3677600.0,463200.0,3680800.0
38SMB_00362_r1920_c6240,1920,6240,462400.0,3677600.0,465600.0,3680800.0
38SMB_00363_r1920_c6480,1920,6480,464800.0,3677600.0,468000.0,3680800.0
38SMB_00364_r1920_c6720,1920,6720,467200.0,3677600.0,470400.0,3680800.0
38SMB_00365_r1920_c6960,1920,6960,469600.0,3677600.0,472800.0,3680800.0
38SMB_00366_r1920_c7200,1920,7200,472000.0,3677600.0,475200.0,3680800.0
38SMB_00367_r1920_c7440,1920,7440,474400.0,3677600.0,477600.0,3680800.0
38SMB_00368_r1920_c7680,1920,7680,476800.0,3677600.0,480000.0,3680800.0
38SMB_00369_r1920_c7920,1920,7920,479200.0,3677600.0,482400.0,3680800.0
38SMB_00370_r1920_c8160,1920,8160,481600.0,3677600.0,484800.0,3680800.0
38SMB_00371_r1920_c8400,1920,8400,484000.0,3677600.0,487200.0,3680800.0
38SMB_00372_r1920_c8640,1920,8640,486400.0,3677600.0,489600.0,3680800.0
38SMB_00373_r1920_c8880,1920,8880,488800.0,3677600.0,492000.0,3680800.0
38SMB_00374_r1920_c9120,1920,9120,491200.0,3677600.0,494400.0,3680800.0
38SMB_00375_r1920_c9360,1920,9360,493600.0,3677600.0,496800.0,3680800.0
38SMB_00376_r1920_c9600,1920,9600,496000.0,3677600.0,499200.0,3680800.0
38SMB_00377_r1920_c9680,1920,9680,496800.0,3677600.0,500000.0,3680800.0
38SMB_00378_r2160_c0,2160,0,400000.0,3675200.0,403200.0,3678400.0
38SMB_00379_r2160_c240,2160,240,402400.0,3675200.0,405600.0,3678400.0
38SMB_00380_r2160_c480,2160,480,404800.0,3675200.0,408000.0,3678400.0
38SMB_00381_r2160_c720,2160,720,407200.0,3675200.0,410400.0,3678400.0
38SMB_00382_r2160_c960,2160,960,409600.0,3675200.0,412800.0,3678400.0
38SMB_00383_r2160_c1200,2160,1200,412000.0,3675200.0,415200.0,3678400.0
38SMB_00384_r2160_c1440,2160,1440,414400.0,3675200.0,417600.0,3678400.0
38SMB_00385_r2160_c1680,2160,1680,416800.0,3675200.0,420000.0,3678400.0
38SMB_00386_r2160_c1920,2160,1920,419200.0,3675200.0,422400.0,3678400.0
38SMB_00387_r2160_c2160,2160,2160,421600.0,3675200.0,424800.0,3678400.0
38SMB_00388_r2160_c2400,2160,2400,424000.0,3675200.0,427200.0,3678400.0
38SMB_00389_r2160_c2640,2160,2640,426400.0,3675200.0,429600.0,3678400.0
38SMB_00390_r2160_c2880,2160,2880,428800.0,3675200.0,432000.0,3678400.0
38SMB_00391_r2160_c3120,2160,3120,431200.0,3675200.0,434400.0,3678400.0
38SMB_00392_r2160_c3360,2160,3360,433600.0,3675200.0,436800.0,3678400.0
38SMB_00393_r2160_c3600,2160,3600,436000.0,3675200.0,439200.0,3678400.0
38SMB_00394_r2160_c3840,2160,3840,438400.0,3675200.0,441600.0,3678400.0
38SMB_00395_r2160_c4080,2160,4080,440800.0,3675200.0,444000.0,3678400.0
38SMB_00396_r2160_c4320,2160,4320,443200.0,3675200.0,446400.0,3678400.0
38SMB_00397_r2160_c4560,2160,4560,445600.0,3675200.0,448800.0,3678400.0
38SMB_00398_r2160_c4800,2160,4800,448000.0,3675200.0,451200.0,3678400.0
38SMB_00399_r2160_c5040,2160,5040,450400.0,3675200.0,453600.0,3678400.0
38SMB_00400_r2160_c5280,2160,5280,452800.0,3675200.0,456000.0,3678400.0
38SMB_00401_r2160_c5520,2160,5520,455200.0,3675200.0,458400.0,3678400.0
38SMB_00402_r2160_c5760,2160,5760,457600.0,3675200.0,460800.0,3678400.0
38SMB_00403_r2160_c6000,2160,6000,460000.0,3675200.0,463200.0,3678400.0
38SMB_00404_r2160_c6240,2160,6240,462400.0,3675200.0,465600.0,3678400.0
38SMB_00405_r2160_c6480,2160,6480,464800.0,3675200.0,468000.0,3678400.0
38SMB_00406_r2160_c6720,2160,6720,467200.0,3675200.0,470400.0,3678400.0
38SMB_00407_r2160_c6960,2160,6960,469600.0,3675200.0,472800.0,3678400.0
38SMB_00408_r2160_c7200,2160,7200,472000.0,3675200.0,475200.0,3678400.0
38SMB_00409_r2160_c7440,2160,7440,474400.0,3675200.0,477600.0,3678400.0
38SMB_00410_r2160_c7680,2160,7680,476800.0,3675200.0,480000.0,3678400.0
38SMB_00411_r2160_c7920,2160,7920,479200.0,3675200.0,482400.0,3678400.0
38SMB_00412_r2160_c8160,2160,8160,481600.0,3675200.0,484800.0,3678400.0
38SMB_00413_r2160_c8400,2160,8400,484000.0,3675200.0,487200.0,3678400.0
38SMB_00414_r2160_c8640,2160,8640,486400.0,3675200.0,489600.0,3678400.0
38SMB_00415_r2160_c8880,2160,8880,488800.0,3675200.0,492000.0,3678400.0
38SMB_00416_r2160_c9120,2160,9120,491200.0,3675200.0,494400.0,3678400.0
38SMB_00417_r2160_c9360,2160,9360,493600.0,3675200.0,496800.0,3678400.0
38SMB_00418_r2160_c9600,2160,9600,496000.0,3675200.0,499200.0,3678400.0
38SMB_00419_r2160_c9680,2160,9680,496800.0,3675200.0,500000.0,3678400.0
38SMB_00420_r2400_c0,2400,0,400000.0,3672800.0,403200.0,3676000.0
38SMB_00421_r2400_c240,2400,240,402400.0,3672800.0,405600.0,3676000.0
38SMB_00422_r2400_c480,2400,480,404800.0,3672800.0,408000.0,3676000.0
38SMB_00423_r2400_c720,2400,720,407200.0,3672800.0,410400.0,3676000.0
38SMB_00424_r2400_c960,2400,960,409600.0,3672800.0,412800.0,3676000.0
38SMB_00425_r2400_c1200,2400,1200,412000.0,3672800.0,415200.0,3676000.0
38SMB_00426_r2400_c1440,2400,1440,414400.0,3672800.0,417600.0,3676000.0
38SMB_00427_r2400_c1680,2400,1680,416800.0,3672800.0,420000.0,3676000.0
38SMB_00428_r2400_c1920,2400,1920,419200.0,3672800.0,422400.0,3676000.0
38SMB_00429_r2400_c2160,2400,2160,421600.0,3672800.0,424800.0,3676000.0
38SMB_00430_r2400_c2400,2400,2400,424000.0,3672800.0,427200.0,3676000.0
38SMB_00431_r2400_c2640,2400,2640,426400.0,3672800.0,429600.0,3676000.0
38SMB_00432_r2400_c2880,2400,2880,428800.0,3672800.0,432000.0,3676000.0
38SMB_00433_r2400_c3120,2400,3120,431200.0,3672800.0,434400.0,3676000.0
38SMB_00434_r2400_c3360,2400,3360,433600.0,3672800.0,436800.0,3676000.0
38SMB_00435_r2400_c3600,2400,3600,436000.0,3672800.0,439200.0,3676000.0
38SMB_00436_r2400_c3840,2400,3840,438400.0,3672800.0,441600.0,3676000.0
38SMB_00437_r2400_c4080,2400,4080,440800.0,3672800.0,444000.0,3676000.0
38SMB_00438_r2400_c4320,2400,4320,443200.0,3672800.0,446400.0,3676000.0
38SMB_00439_r2400_c4560,2400,4560,445600.0,3672800.0,448800.0,3676000.0
38SMB_00440_r2400_c4800,2400,4800,448000.0,3672800.0,451200.0,3676000.0
38SMB_00441_r2400_c5040,2400,5040,450400.0,3672800.0,453600.0,3676000.0
38SMB_00442_r2400_c5280,2400,5280,452800.0,3672800.0,456000.0,3676000.0
38SMB_00443_r2400_c5520,2400,5520,455200.0,3672800.0,458400.0,3676000.0
38SMB_00444_r2400_c5760,2400,5760,457600.0,3672800.0,460800.0,3676000.0
38SMB_00445_r2400_c6000,2400,6000,460000.0,3672800.0,463200.0,3676000.0
38SMB_00446_r2400_c6240,2400,6240,462400.0,3672800.0,465600.0,3676000.0
38SMB_00447_r2400_c6480,2400,6480,464800.0,3672800.0,468000.0,3676000.0
38SMB_00448_r2400_c6720,2400,6720,467200.0,3672800.0,470400.0,3676000.0
38SMB_00449_r2400_c6960,2400,6960,469600.0,3672800.0,472800.0,3676000.0
38SMB_00450_r2400_c7200,2400,7200,472000.0,3672800.0,475200.0,3676000.0
38SMB_00451_r2400_c7440,2400,7440,474400.0,3672800.0,477600.0,3676000.0
38SMB_00452_r2400_c7680,2400,7680,476800.0,3672800.0,480000.0,3676000.0
38SMB_00453_r2400_c7920,2400,7920,479200.0,3672800.0,482400.0,3676000.0
38SMB_00454_r2400_c8160,2400,8160,481600.0,3672800.0,484800.0,3676000.0
38SMB_00455_r2400_c8400,2400,8400,484000.0,3672800.0,487200.0,3676000.0
38SMB_00456_r2400_c8640,2400,8640,486400.0,3672800.0,489600.0,3676000.0
38SMB_00457_r2400_c8880,2400,8880,488800.0,3672800.0,492000.0,3676000.0
38SMB_00458_r2400_c9120,2400,9120,491200.0,3672800.0,494400.0,3676000.0
38SMB_00459_r2400_c9360,2400,9360,493600.0,3672800.0,496800.0,3676000.0
38SMB_00460_r2400_c9600,2400,9600,496000.0,3672800.0,499200.0,3676000.0
38SMB_00461_r2400_c9680,2400,9680,496800.0,3672800.0,500000.0,3676000.0
38SMB_00462_r2640_c0,2640,0,400000.0,3670400.0,403200.0,3673600.0
38SMB_00463_r2640_c240,2640,240,402400.0,3670400.0,405600.0,3673600.0
38SMB_00464_r2640_c480,2640,480,404800.0,3670400.0,408000.0,3673600.0
38SMB_00465_r2640_c720,2640,720,407200.0,3670400.0,410400.0,3673600.0
38SMB_00466_r2640_c960,2640,960,409600.0,3670400.0,412800.0,3673600.0
38SMB_00467_r2640_c1200,2640,1200,412000.0,3670400.0,415200.0,3673600.0
38SMB_00468_r2640_c1440,2640,1440,414400.0,3670400.0,417600.0,3673600.0
38SMB_00469_r2640_c1680,2640,1680,416800.0,3670400.0,420000.0,3673600.0
38SMB_00470_r2640_c1920,2640,1920,419200.0,3670400.0,422400.0,3673600.0
38SMB_00471_r2640_c2160,2640,2160,421600.0,3670400.0,424800.0,3673600.0
38SMB_00472_r2640_c2400,2640,2400,424000.0,3670400.0,427200.0,3673600.0
38SMB_00473_r2640_c2640,2640,2640,426400.0,3670400.0,429600.0,3673600.0
38SMB_00474_r2640_c2880,2640,2880,428800.0,3670400.0,432000.0,3673600.0
38SMB_00475_r2640_c3120,2640,3120,431200.0,3670400.0,434400.0,3673600.0
38SMB_00476_r2640_c3360,2640,3360,433600.0,3670400.0,436800.0,3673600.0
38SMB_00477_r2640_c3600,2640,3600,436000.0,3670400.0,439200.0,3673600.0
38SMB_00478_r2640_c3840,2640,3840,438400.0,3670400.0,441600.0,3673600.0
38SMB_00479_r2640_c4080,2640,4080,440800.0,3670400.0,444000.0,3673600.0
38SMB_00480_r2640_c4320,2640,4320,443200.0,3670400.0,446400.0,3673600.0
38SMB_00481_r2640_c4560,2640,4560,445600.0,3670400.0,448800.0,3673600.0
38SMB_00482_r2640_c4800,2640,4800,448000.0,3670400.0,451200.0,3673600.0
38SMB_00483_r2640_c5040,2640,5040,450400.0,3670400.0,453600.0,3673600.0
38SMB_00484_r2640_c5280,2640,5280,452800.0,3670400.0,456000.0,3673600.0
38SMB_00485_r2640_c5520,2640,5520,455200.0,3670400.0,458400.0,3673600.0
38SMB_00486_r2640_c5760,2640,5760,457600.0,3670400.0,460800.0,3673600.0
38SMB_00487_r2640_c6000,2640,6000,460000.0,3670400.0,463200.0,3673600.0
38SMB_00488_r2640_c6240,2640,6240,462400.0,3670400.0,465600.0,3673600.0
38SMB_00489_r2640_c6480,2640,6480,464800.0,3670400.0,468000.0,3673600.0
38SMB_00490_r2640_c6720,2640,6720,467200.0,3670400.0,470400.0,3673600.0
38SMB_00491_r2640_c6960,2640,6960,469600.0,3670400.0,472800.0,3673600.0
38SMB_00492_r2640_c7200,2640,7200,472000.0,3670400.0,475200.0,3673600.0
38SMB_00493_r2640_c7440,2640,7440,474400.0,3670400.0,477600.0,3673600.0
38SMB_00494_r2640_c7680,2640,7680,476800.0,3670400.0,480000.0,3673600.0
38SMB_00495_r2640_c7920,2640,7920,479200.0,3670400.0,482400.0,3673600.0
38SMB_00496_r2640_c8160,2640,8160,481600.0,3670400.0,484800.0,3673600.0
38SMB_00497_r2640_c8400,2640,8400,484000.0,3670400.0,487200.0,3673600.0
38SMB_00498_r2640_c8640,2640,8640,486400.0,3670400.0,489600.0,3673600.0
38SMB_00499_r2640_c8880,2640,8880,488800.0,3670400.0,492000.0,3673600.0
38SMB_00500_r2640_c9120,2640,9120,491200.0,3670400.0,494400.0,3673600.0
38SMB_00501_r2640_c9360,2640,9360,493600.0,3670400.0,496800.0,3673600.0
38SMB_00502_r2640_c9600,2640,9600,496000.0,3670400.0,499200.0,3673600.0
38SMB_00503_r2640_c9680,2640,9680,496800.0,3670400.0,500000.0,3673600.0
38SMB_00504_r2880_c0,2880,0,400000.0,3668000.0,403200.0,3671200.0
38SMB_00505_r2880_c240,2880,240,402400.0,3668000.0,405600.0,3671200.0
38SMB_00506_r2880_c480,2880,480,404800.0,3668000.0,408000.0,3671200.0
38SMB_00507_r2880_c720,2880,720,407200.0,3668000.0,410400.0,3671200.0
38SMB_00508_r2880_c960,2880,960,409600.0,3668000.0,412800.0,3671200.0
38SMB_00509_r2880_c1200,2880,1200,412000.0,3668000.0,415200.0,3671200.0
38SMB_00510_r2880_c1440,2880,1440,414400.0,3668000.0,417600.0,3671200.0
38SMB_00511_r2880_c1680,2880,1680,416800.0,3668000.0,420000.0,3671200.0
38SMB_00512_r2880_c1920,2880,1920,419200.0,3668000.0,422400.0,3671200.0
38SMB_00513_r2880_c2160,2880,2160,421600.0,3668000.0,424800.0,3671200.0
38SMB_00514_r2880_c2400,2880,2400,424000.0,3668000.0,427200.0,3671200.0
38SMB_00515_r2880_c2640,2880,2640,426400.0,3668000.0,429600.0,3671200.0
38SMB_00516_r2880_c2880,2880,2880,428800.0,3668000.0,432000.0,3671200.0
38SMB_00517_r2880_c3120,2880,3120,431200.0,3668000.0,434400.0,3671200.0
38SMB_00518_r2880_c3360,2880,3360,433600.0,3668000.0,436800.0,3671200.0
38SMB_00519_r2880_c3600,2880,3600,436000.0,3668000.0,439200.0,3671200.0
38SMB_00520_r2880_c3840,2880,3840,438400.0,3668000.0,441600.0,3671200.0
38SMB_00521_r2880_c4080,2880,4080,440800.0,3668000.0,444000.0,3671200.0
38SMB_00522_r2880_c4320,2880,4320,443200.0,3668000.0,446400.0,3671200.0
38SMB_00523_r2880_c4560,2880,4560,445600.0,3668000.0,448800.0,3671200.0
38SMB_00524_r2880_c4800,2880,4800,448000.0,3668000.0,451200.0,3671200.0
38SMB_00525_r2880_c5040,2880,5040,450400.0,3668000.0,453600.0,3671200.0
38SMB_00526_r2880_c5280,2880,5280,452800.0,3668000.0,456000.0,3671200.0
38SMB_00527_r2880_c5520,2880,5520,455200.0,3668000.0,458400.0,3671200.0
38SMB_00528_r2880_c5760,2880,5760,457600.0,3668000.0,460800.0,3671200.0
38SMB_00529_r2880_c6000,2880,6000,460000.0,3668000.0,463200.0,3671200.0
38SMB_00530_r2880_c6240,2880,6240,462400.0,3668000.0,465600.0,3671200.0
38SMB_00531_r2880_c6480,2880,6480,464800.0,3668000.0,468000.0,3671200.0
38SMB_00532_r2880_c6720,2880,6720,467200.0,3668000.0,470400.0,3671200.0
38SMB_00533_r2880_c6960,2880,6960,469600.0,3668000.0,472800.0,3671200.0
38SMB_00534_r2880_c7200,2880,7200,472000.0,3668000.0,475200.0,3671200.0
38SMB_00535_r2880_c7440,2880,7440,474400.0,3668000.0,477600.0,3671200.0
38SMB_00536_r2880_c7680,2880,7680,476800.0,3668000.0,480000.0,3671200.0
38SMB_00537_r2880_c7920,2880,7920,479200.0,3668000.0,482400.0,3671200.0
38SMB_00538_r2880_c8160,2880,8160,481600.0,3668000.0,484800.0,3671200.0
38SMB_00539_r2880_c8400,2880,8400,484000.0,3668000.0,487200.0,3671200.0
38SMB_00540_r2880_c8640,2880,8640,486400.0,3668000.0,489600.0,3671200.0
38SMB_00541_r2880_c8880,2880,8880,488800.0,3668000.0,492000.0,3671200.0
38SMB_00542_r2880_c9120,2880,9120,491200.0,3668000.0,494400.0,3671200.0
38SMB_00543_r2880_c9360,2880,9360,493600.0,3668000.0,496800.0,3671200.0
38SMB_00544_r2880_c9600,2880,9600,496000.0,3668000.0,499200.0,3671200.0
38SMB_00545_r2880_c9680,2880,9680,496800.0,3668000.0,500000.0,3671200.0
38SMB_00546_r3120_c0,3120,0,400000.0,3665600.0,403200.0,3668800.0
38SMB_00547_r3120_c240,3120,240,402400.0,3665600.0,405600.0,3668800.0
38SMB_00548_r3120_c480,3120,480,404800.0,3665600.0,408000.0,3668800.0
38SMB_00549_r3120_c720,3120,720,407200.0,3665600.0,410400.0,3668800.0
38SMB_00550_r3120_c960,3120,960,409600.0,3665600.0,412800.0,3668800.0
38SMB_00551_r3120_c1200,3120,1200,412000.0,3665600.0,415200.0,3668800.0
38SMB_00552_r3120_c1440,3120,1440,414400.0,3665600.0,417600.0,3668800.0
38SMB_00553_r3120_c1680,3120,1680,416800.0,3665600.0,420000.0,3668800.0
38SMB_00554_r3120_c1920,3120,1920,419200.0,3665600.0,422400.0,3668800.0
38SMB_00555_r3120_c2160,3120,2160,421600.0,3665600.0,424800.0,3668800.0
38SMB_00556_r3120_c2400,3120,2400,424000.0,3665600.0,427200.0,3668800.0
38SMB_00557_r3120_c2640,3120,2640,426400.0,3665600.0,429600.0,3668800.0
38SMB_00558_r3120_c2880,3120,2880,428800.0,3665600.0,432000.0,3668800.0
38SMB_00559_r3120_c3120,3120,3120,431200.0,3665600.0,434400.0,3668800.0
38SMB_00560_r3120_c3360,3120,3360,433600.0,3665600.0,436800.0,3668800.0
38SMB_00561_r3120_c3600,3120,3600,436000.0,3665600.0,439200.0,3668800.0
38SMB_00562_r3120_c3840,3120,3840,438400.0,3665600.0,441600.0,3668800.0
38SMB_00563_r3120_c4080,3120,4080,440800.0,3665600.0,444000.0,3668800.0
38SMB_00564_r3120_c4320,3120,4320,443200.0,3665600.0,446400.0,3668800.0
38SMB_00565_r3120_c4560,3120,4560,445600.0,3665600.0,448800.0,3668800.0
38SMB_00566_r3120_c4800,3120,4800,448000.0,3665600.0,451200.0,3668800.0
38SMB_00567_r3120_c5040,3120,5040,450400.0,3665600.0,453600.0,3668800.0
38SMB_00568_r3120_c5280,3120,5280,452800.0,3665600.0,456000.0,3668800.0
38SMB_00569_r3120_c5520,3120,5520,455200.0,3665600.0,458400.0,3668800.0
38SMB_00570_r3120_c5760,3120,5760,457600.0,3665600.0,460800.0,3668800.0
38SMB_00571_r3120_c6000,3120,6000,460000.0,3665600.0,463200.0,3668800.0
38SMB_00572_r3120_c6240,3120,6240,462400.0,3665600.0,465600.0,3668800.0
38SMB_00573_r3120_c6480,3120,6480,464800.0,3665600.0,468000.0,3668800.0
38SMB_00574_r3120_c6720,3120,6720,467200.0,3665600.0,470400.0,3668800.0
38SMB_00575_r3120_c6960,3120,6960,469600.0,3665600.0,472800.0,3668800.0
38SMB_00576_r3120_c7200,3120,7200,472000.0,3665600.0,475200.0,3668800.0
38SMB_00577_r3120_c7440,3120,7440,474400.0,3665600.0,477600.0,3668800.0
38SMB_00578_r3120_c7680,3120,7680,476800.0,3665600.0,480000.0,3668800.0
38SMB_00579_r3120_c7920,3120,7920,479200.0,3665600.0,482400.0,3668800.0
38SMB_00580_r3120_c8160,3120,8160,481600.0,3665600.0,484800.0,3668800.0
38SMB_00581_r3120_c8400,3120,8400,484000.0,3665600.0,487200.0,3668800.0
38SMB_00582_r3120_c8640,3120,8640,486400.0,3665600.0,489600.0,3668800.0
38SMB_00583_r3120_c8880,3120,8880,488800.0,3665600.0,492000.0,3668800.0
38SMB_00584_r3120_c9120,3120,9120,491200.0,3665600.0,494400.0,3668800.0
38SMB_00585_r3120_c9360,3120,9360,493600.0,3665600.0,496800.0,3668800.0
38SMB_00586_r3120_c9600,3120,9600,496000.0,3665600.0,499200.0,3668800.0
38SMB_00587_r3120_c9680,3120,9680,496800.0,3665600.0,500000.0,3668800.0
38SMB_00588_r3360_c0,3360,0,400000.0,3663200.0,403200.0,3666400.0
38SMB_00589_r3360_c240,3360,240,402400.0,3663200.0,405600.0,3666400.0
38SMB_00590_r3360_c480,3360,480,404800.0,3663200.0,408000.0,3666400.0
38SMB_00591_r3360_c720,3360,720,407200.0,3663200.0,410400.0,3666400.0
38SMB_00592_r3360_c960,3360,960,409600.0,3663200.0,412800.0,3666400.0
38SMB_00593_r3360_c1200,3360,1200,412000.0,3663200.0,415200.0,3666400.0
38SMB_00594_r3360_c1440,3360,1440,414400.0,3663200.0,417600.0,3666400.0
38SMB_00595_r3360_c1680,3360,1680,416800.0,3663200.0,420000.0,3666400.0
38SMB_00596_r3360_c1920,3360,1920,419200.0,3663200.0,422400.0,3666400.0
38SMB_00597_r3360_c2160,3360,2160,421600.0,3663200.0,424800.0,3666400.0
38SMB_00598_r3360_c2400,3360,2400,424000.0,3663200.0,427200.0,3666400.0
38SMB_00599_r3360_c2640,3360,2640,426400.0,3663200.0,429600.0,3666400.0
38SMB_00600_r3360_c2880,3360,2880,428800.0,3663200.0,432000.0,3666400.0
38SMB_00601_r3360_c3120,3360,3120,431200.0,3663200.0,434400.0,3666400.0
38SMB_00602_r3360_c3360,3360,3360,433600.0,3663200.0,436800.0,3666400.0
38SMB_00603_r3360_c3600,3360,3600,436000.0,3663200.0,439200.0,3666400.0
38SMB_00604_r3360_c3840,3360,3840,438400.0,3663200.0,441600.0,3666400.0
38SMB_00605_r3360_c4080,3360,4080,440800.0,3663200.0,444000.0,3666400.0
38SMB_00606_r3360_c4320,3360,4320,443200.0,3663200.0,446400.0,3666400.0
38SMB_00607_r3360_c4560,3360,4560,445600.0,3663200.0,448800.0,3666400.0
38SMB_00608_r3360_c4800,3360,4800,448000.0,3663200.0,451200.0,3666400.0
38SMB_00609_r3360_c5040,3360,5040,450400.0,3663200.0,453600.0,3666400.0
38SMB_00610_r3360_c5280,3360,5280,452800.0,3663200.0,456000.0,3666400.0
38SMB_00611_r3360_c5520,3360,5520,455200.0,3663200.0,458400.0,3666400.0
38SMB_00612_r3360_c5760,3360,5760,457600.0,3663200.0,460800.0,3666400.0
38SMB_00613_r3360_c6000,3360,6000,460000.0,3663200.0,463200.0,3666400.0
38SMB_00614_r3360_c6240,3360,6240,462400.0,3663200.0,465600.0,3666400.0
38SMB_00615_r3360_c6480,3360,6480,464800.0,3663200.0,468000.0,3666400.0
38SMB_00616_r3360_c6720,3360,6720,467200.0,3663200.0,470400.0,3666400.0
38SMB_00617_r3360_c6960,3360,6960,469600.0,3663200.0,472800.0,3666400.0
38SMB_00618_r3360_c7200,3360,7200,472000.0,3663200.0,475200.0,3666400.0
38SMB_00619_r3360_c7440,3360,7440,474400.0,3663200.0,477600.0,3666400.0
38SMB_00620_r3360_c7680,3360,7680,476800.0,3663200.0,480000.0,3666400.0
38SMB_00621_r3360_c7920,3360,7920,479200.0,3663200.0,482400.0,3666400.0
38SMB_00622_r3360_c8160,3360,8160,481600.0,3663200.0,484800.0,3666400.0
38SMB_00623_r3360_c8400,3360,8400,484000.0,3663200.0,487200.0,3666400.0
38SMB_00624_r3360_c8640,3360,8640,486400.0,3663200.0,489600.0,3666400.0
38SMB_00625_r3360_c8880,3360,8880,488800.0,3663200.0,492000.0,3666400.0
38SMB_00626_r3360_c9120,3360,9120,491200.0,3663200.0,494400.0,3666400.0
38SMB_00627_r3360_c9360,3360,9360,493600.0,3663200.0,496800.0,3666400.0
38SMB_00628_r3360_c9600,3360,9600,496000.0,3663200.0,499200.0,3666400.0
38SMB_00629_r3360_c9680,3360,9680,496800.0,3663200.0,500000.0,3666400.0
38SMB_00630_r3600_c0,3600,0,400000.0,3660800.0,403200.0,3664000.0
38SMB_00631_r3600_c240,3600,240,402400.0,3660800.0,405600.0,3664000.0
38SMB_00632_r3600_c480,3600,480,404800.0,3660800.0,408000.0,3664000.0
38SMB_00633_r3600_c720,3600,720,407200.0,3660800.0,410400.0,3664000.0
38SMB_00634_r3600_c960,3600,960,409600.0,3660800.0,412800.0,3664000.0
38SMB_00635_r3600_c1200,3600,1200,412000.0,3660800.0,415200.0,3664000.0
38SMB_00636_r3600_c1440,3600,1440,414400.0,3660800.0,417600.0,3664000.0
38SMB_00637_r3600_c1680,3600,1680,416800.0,3660800.0,420000.0,3664000.0
38SMB_00638_r3600_c1920,3600,1920,419200.0,3660800.0,422400.0,3664000.0
38SMB_00639_r3600_c2160,3600,2160,421600.0,3660800.0,424800.0,3664000.0
38SMB_00640_r3600_c2400,3600,2400,424000.0,3660800.0,427200.0,3664000.0
38SMB_00641_r3600_c2640,3600,2640,426400.0,3660800.0,429600.0,3664000.0
38SMB_00642_r3600_c2880,3600,2880,428800.0,3660800.0,432000.0,3664000.0
38SMB_00643_r3600_c3120,3600,3120,431200.0,3660800.0,434400.0,3664000.0
38SMB_00644_r3600_c3360,3600,3360,433600.0,3660800.0,436800.0,3664000.0
38SMB_00645_r3600_c3600,3600,3600,436000.0,3660800.0,439200.0,3664000.0
38SMB_00646_r3600_c3840,3600,3840,438400.0,3660800.0,441600.0,3664000.0
38SMB_00647_r3600_c4080,3600,4080,440800.0,3660800.0,444000.0,3664000.0
38SMB_00648_r3600_c4320,3600,4320,443200.0,3660800.0,446400.0,3664000.0
38SMB_00649_r3600_c4560,3600,4560,445600.0,3660800.0,448800.0,3664000.0
38SMB_00650_r3600_c4800,3600,4800,448000.0,3660800.0,451200.0,3664000.0
38SMB_00651_r3600_c5040,3600,5040,450400.0,3660800.0,453600.0,3664000.0
38SMB_00652_r3600_c5280,3600,5280,452800.0,3660800.0,456000.0,3664000.0
38SMB_00653_r3600_c5520,3600,5520,455200.0,3660800.0,458400.0,3664000.0
38SMB_00654_r3600_c5760,3600,5760,457600.0,3660800.0,460800.0,3664000.0
38SMB_00655_r3600_c6000,3600,6000,460000.0,3660800.0,463200.0,3664000.0
38SMB_00656_r3600_c6240,3600,6240,462400.0,3660800.0,465600.0,3664000.0
38SMB_00657_r3600_c6480,3600,6480,464800.0,3660800.0,468000.0,3664000.0
38SMB_00658_r3600_c6720,3600,6720,467200.0,3660800.0,470400.0,3664000.0
38SMB_00659_r3600_c6960,3600,6960,469600.0,3660800.0,472800.0,3664000.0
38SMB_00660_r3600_c7200,3600,7200,472000.0,3660800.0,475200.0,3664000.0
38SMB_00661_r3600_c7440,3600,7440,474400.0,3660800.0,477600.0,3664000.0
38SMB_00662_r3600_c7680,3600,7680,476800.0,3660800.0,480000.0,3664000.0
38SMB_00663_r3600_c7920,3600,7920,479200.0,3660800.0,482400.0,3664000.0
38SMB_00664_r3600_c8160,3600,8160,481600.0,3660800.0,484800.0,3664000.0
38SMB_00665_r3600_c8400,3600,8400,484000.0,3660800.0,487200.0,3664000.0
38SMB_00666_r3600_c8640,3600,8640,486400.0,3660800.0,489600.0,3664000.0
38SMB_00667_r3600_c8880,3600,8880,488800.0,3660800.0,492000.0,3664000.0
38SMB_00668_r3600_c9120,3600,9120,491200.0,3660800.0,494400.0,3664000.0
38SMB_00669_r3600_c9360,3600,9360,493600.0,3660800.0,496800.0,3664000.0
38SMB_00670_r3600_c9600,3600,9600,496000.0,3660800.0,499200.0,3664000.0
38SMB_00671_r3600_c9680,3600,9680,496800.0,3660800.0,500000.0,3664000.0
38SMB_00672_r3840_c0,3840,0,400000.0,3658400.0,403200.0,3661600.0
38SMB_00673_r3840_c240,3840,240,402400.0,3658400.0,405600.0,3661600.0
38SMB_00674_r3840_c480,3840,480,404800.0,3658400.0,408000.0,3661600.0
38SMB_00675_r3840_c720,3840,720,407200.0,3658400.0,410400.0,3661600.0
38SMB_00676_r3840_c960,3840,960,409600.0,3658400.0,412800.0,3661600.0
38SMB_00677_r3840_c1200,3840,1200,412000.0,3658400.0,415200.0,3661600.0
38SMB_00678_r3840_c1440,3840,1440,414400.0,3658400.0,417600.0,3661600.0
38SMB_00679_r3840_c1680,3840,1680,416800.0,3658400.0,420000.0,3661600.0
38SMB_00680_r3840_c1920,3840,1920,419200.0,3658400.0,422400.0,3661600.0
38SMB_00681_r3840_c2160,3840,2160,421600.0,3658400.0,424800.0,3661600.0
38SMB_00682_r3840_c2400,3840,2400,424000.0,3658400.0,427200.0,3661600.0
38SMB_00683_r3840_c2640,3840,2640,426400.0,3658400.0,429600.0,3661600.0
38SMB_00684_r3840_c2880,3840,2880,428800.0,3658400.0,432000.0,3661600.0
38SMB_00685_r3840_c3120,3840,3120,431200.0,3658400.0,434400.0,3661600.0
38SMB_00686_r3840_c3360,3840,3360,433600.0,3658400.0,436800.0,3661600.0
38SMB_00687_r3840_c3600,3840,3600,436000.0,3658400.0,439200.0,3661600.0
38SMB_00688_r3840_c3840,3840,3840,438400.0,3658400.0,441600.0,3661600.0
38SMB_00689_r3840_c4080,3840,4080,440800.0,3658400.0,444000.0,3661600.0
38SMB_00690_r3840_c4320,3840,4320,443200.0,3658400.0,446400.0,3661600.0
38SMB_00691_r3840_c4560,3840,4560,445600.0,3658400.0,448800.0,3661600.0
38SMB_00692_r3840_c4800,3840,4800,448000.0,3658400.0,451200.0,3661600.0
38SMB_00693_r3840_c5040,3840,5040,450400.0,3658400.0,453600.0,3661600.0
38SMB_00694_r3840_c5280,3840,5280,452800.0,3658400.0,456000.0,3661600.0
38SMB_00695_r3840_c5520,3840,5520,455200.0,3658400.0,458400.0,3661600.0
38SMB_00696_r3840_c5760,3840,5760,457600.0,3658400.0,460800.0,3661600.0
38SMB_00697_r3840_c6000,3840,6000,460000.0,3658400.0,463200.0,3661600.0
38SMB_00698_r3840_c6240,3840,6240,462400.0,3658400.0,465600.0,3661600.0
38SMB_00699_r3840_c6480,3840,6480,464800.0,3658400.0,468000.0,3661600.0
38SMB_00700_r3840_c6720,3840,6720,467200.0,3658400.0,470400.0,3661600.0
38SMB_00701_r3840_c6960,3840,6960,469600.0,3658400.0,472800.0,3661600.0
38SMB_00702_r3840_c7200,3840,7200,472000.0,3658400.0,475200.0,3661600.0
38SMB_00703_r3840_c7440,3840,7440,474400.0,3658400.0,477600.0,3661600.0
38SMB_00704_r3840_c7680,3840,7680,476800.0,3658400.0,480000.0,3661600.0
38SMB_00705_r3840_c7920,3840,7920,479200.0,3658400.0,482400.0,3661600.0
38SMB_00706_r3840_c8160,3840,8160,481600.0,3658400.0,484800.0,3661600.0
38SMB_00707_r3840_c8400,3840,8400,484000.0,3658400.0,487200.0,3661600.0
38SMB_00708_r3840_c8640,3840,8640,486400.0,3658400.0,489600.0,3661600.0
38SMB_00709_r3840_c8880,3840,8880,488800.0,3658400.0,492000.0,3661600.0
38SMB_00710_r3840_c9120,3840,9120,491200.0,3658400.0,494400.0,3661600.0
38SMB_00711_r3840_c9360,3840,9360,493600.0,3658400.0,496800.0,3661600.0
38SMB_00712_r3840_c9600,3840,9600,496000.0,3658400.0,499200.0,3661600.0
38SMB_00713_r3840_c9680,3840,9680,496800.0,3658400.0,500000.0,3661600.0
38SMB_00714_r4080_c0,4080,0,400000.0,3656000.0,403200.0,3659200.0
38SMB_00715_r4080_c240,4080,240,402400.0,3656000.0,405600.0,3659200.0
38SMB_00716_r4080_c480,4080,480,404800.0,3656000.0,408000.0,3659200.0
38SMB_00717_r4080_c720,4080,720,407200.0,3656000.0,410400.0,3659200.0
38SMB_00718_r4080_c960,4080,960,409600.0,3656000.0,412800.0,3659200.0
38SMB_00719_r4080_c1200,4080,1200,412000.0,3656000.0,415200.0,3659200.0
38SMB_00720_r4080_c1440,4080,1440,414400.0,3656000.0,417600.0,3659200.0
38SMB_00721_r4080_c1680,4080,1680,416800.0,3656000.0,420000.0,3659200.0
38SMB_00722_r4080_c1920,4080,1920,419200.0,3656000.0,422400.0,3659200.0
38SMB_00723_r4080_c2160,4080,2160,421600.0,3656000.0,424800.0,3659200.0
38SMB_00724_r4080_c2400,4080,2400,424000.0,3656000.0,427200.0,3659200.0
38SMB_00725_r4080_c2640,4080,2640,426400.0,3656000.0,429600.0,3659200.0
38SMB_00726_r4080_c2880,4080,2880,428800.0,3656000.0,432000.0,3659200.0
38SMB_00727_r4080_c3120,4080,3120,431200.0,3656000.0,434400.0,3659200.0
38SMB_00728_r4080_c3360,4080,3360,433600.0,3656000.0,436800.0,3659200.0
38SMB_00729_r4080_c3600,4080,3600,436000.0,3656000.0,439200.0,3659200.0
38SMB_00730_r4080_c3840,4080,3840,438400.0,3656000.0,441600.0,3659200.0
38SMB_00731_r4080_c4080,4080,4080,440800.0,3656000.0,444000.0,3659200.0
38SMB_00732_r4080_c4320,4080,4320,443200.0,3656000.0,446400.0,3659200.0
38SMB_00733_r4080_c4560,4080,4560,445600.0,3656000.0,448800.0,3659200.0
38SMB_00734_r4080_c4800,4080,4800,448000.0,3656000.0,451200.0,3659200.0
38SMB_00735_r4080_c5040,4080,5040,450400.0,3656000.0,453600.0,3659200.0
38SMB_00736_r4080_c5280,4080,5280,452800.0,3656000.0,456000.0,3659200.0
38SMB_00737_r4080_c5520,4080,5520,455200.0,3656000.0,458400.0,3659200.0
38SMB_00738_r4080_c5760,4080,5760,457600.0,3656000.0,460800.0,3659200.0
38SMB_00739_r4080_c6000,4080,6000,460000.0,3656000.0,463200.0,3659200.0
38SMB_00740_r4080_c6240,4080,6240,462400.0,3656000.0,465600.0,3659200.0
38SMB_00741_r4080_c6480,4080,6480,464800.0,3656000.0,468000.0,3659200.0
38SMB_00742_r4080_c6720,4080,6720,467200.0,3656000.0,470400.0,3659200.0
38SMB_00743_r4080_c6960,4080,6960,469600.0,3656000.0,472800.0,3659200.0
38SMB_00744_r4080_c7200,4080,7200,472000.0,3656000.0,475200.0,3659200.0
38SMB_00745_r4080_c7440,4080,7440,474400.0,3656000.0,477600.0,3659200.0
38SMB_00746_r4080_c7680,4080,7680,476800.0,3656000.0,480000.0,3659200.0
38SMB_00747_r4080_c7920,4080,7920,479200.0,3656000.0,482400.0,3659200.0
38SMB_00748_r4080_c8160,4080,8160,481600.0,3656000.0,484800.0,3659200.0
38SMB_00749_r4080_c8400,4080,8400,484000.0,3656000.0,487200.0,3659200.0
38SMB_00750_r4080_c8640,4080,8640,486400.0,3656000.0,489600.0,3659200.0
38SMB_00751_r4080_c8880,4080,8880,488800.0,3656000.0,492000.0,3659200.0
38SMB_00752_r4080_c9120,4080,9120,491200.0,3656000.0,494400.0,3659200.0
38SMB_00753_r4080_c9360,4080,9360,493600.0,3656000.0,496800.0,3659200.0
38SMB_00754_r4080_c9600,4080,9600,496000.0,3656000.0,499200.0,3659200.0
38SMB_00755_r4080_c9680,4080,9680,496800.0,3656000.0,500000.0,3659200.0
38SMB_00756_r4320_c0,4320,0,400000.0,3653600.0,403200.0,3656800.0
38SMB_00757_r4320_c240,4320,240,402400.0,3653600.0,405600.0,3656800.0
38SMB_00758_r4320_c480,4320,480,404800.0,3653600.0,408000.0,3656800.0
38SMB_00759_r4320_c720,4320,720,407200.0,3653600.0,410400.0,3656800.0
38SMB_00760_r4320_c960,4320,960,409600.0,3653600.0,412800.0,3656800.0
38SMB_00761_r4320_c1200,4320,1200,412000.0,3653600.0,415200.0,3656800.0
38SMB_00762_r4320_c1440,4320,1440,414400.0,3653600.0,417600.0,3656800.0
38SMB_00763_r4320_c1680,4320,1680,416800.0,3653600.0,420000.0,3656800.0
38SMB_00764_r4320_c1920,4320,1920,419200.0,3653600.0,422400.0,3656800.0
38SMB_00765_r4320_c2160,4320,2160,421600.0,3653600.0,424800.0,3656800.0
38SMB_00766_r4320_c2400,4320,2400,424000.0,3653600.0,427200.0,3656800.0
38SMB_00767_r4320_c2640,4320,2640,426400.0,3653600.0,429600.0,3656800.0
38SMB_00768_r4320_c2880,4320,2880,428800.0,3653600.0,432000.0,3656800.0
38SMB_00769_r4320_c3120,4320,3120,431200.0,3653600.0,434400.0,3656800.0
38SMB_00770_r4320_c3360,4320,3360,433600.0,3653600.0,436800.0,3656800.0
38SMB_00771_r4320_c3600,4320,3600,436000.0,3653600.0,439200.0,3656800.0
38SMB_00772_r4320_c3840,4320,3840,438400.0,3653600.0,441600.0,3656800.0
38SMB_00773_r4320_c4080,4320,4080,440800.0,3653600.0,444000.0,3656800.0
38SMB_00774_r4320_c4320,4320,4320,443200.0,3653600.0,446400.0,3656800.0
38SMB_00775_r4320_c4560,4320,4560,445600.0,3653600.0,448800.0,3656800.0
38SMB_00776_r4320_c4800,4320,4800,448000.0,3653600.0,451200.0,3656800.0
38SMB_00777_r4320_c5040,4320,5040,450400.0,3653600.0,453600.0,3656800.0
38SMB_00778_r4320_c5280,4320,5280,452800.0,3653600.0,456000.0,3656800.0
38SMB_00779_r4320_c5520,4320,5520,455200.0,3653600.0,458400.0,3656800.0
38SMB_00780_r4320_c5760,4320,5760,457600.0,3653600.0,460800.0,3656800.0
38SMB_00781_r4320_c6000,4320,6000,460000.0,3653600.0,463200.0,3656800.0
38SMB_00782_r4320_c6240,4320,6240,462400.0,3653600.0,465600.0,3656800.0
38SMB_00783_r4320_c6480,4320,6480,464800.0,3653600.0,468000.0,3656800.0
38SMB_00784_r4320_c6720,4320,6720,467200.0,3653600.0,470400.0,3656800.0
38SMB_00785_r4320_c6960,4320,6960,469600.0,3653600.0,472800.0,3656800.0
38SMB_00786_r4320_c7200,4320,7200,472000.0,3653600.0,475200.0,3656800.0
38SMB_00787_r4320_c7440,4320,7440,474400.0,3653600.0,477600.0,3656800.0
38SMB_00788_r4320_c7680,4320,7680,476800.0,3653600.0,480000.0,3656800.0
38SMB_00789_r4320_c7920,4320,7920,479200.0,3653600.0,482400.0,3656800.0
38SMB_00790_r4320_c8160,4320,8160,481600.0,3653600.0,484800.0,3656800.0
38SMB_00791_r4320_c8400,4320,8400,484000.0,3653600.0,487200.0,3656800.0
38SMB_00792_r4320_c8640,4320,8640,486400.0,3653600.0,489600.0,3656800.0
38SMB_00793_r4320_c8880,4320,8880,488800.0,3653600.0,492000.0,3656800.0
38SMB_00794_r4320_c9120,4320,9120,491200.0,3653600.0,494400.0,3656800.0
38SMB_00795_r4320_c9360,4320,9360,493600.0,3653600.0,496800.0,3656800.0
38SMB_00796_r4320_c9600,4320,9600,496000.0,3653600.0,499200.0,3656800.0
38SMB_00797_r4320_c9680,4320,9680,496800.0,3653600.0,500000.0,3656800.0
38SMB_00798_r4560_c0,4560,0,400000.0,3651200.0,403200.0,3654400.0
38SMB_00799_r4560_c240,4560,240,402400.0,3651200.0,405600.0,3654400.0
38SMB_00800_r4560_c480,4560,480,404800.0,3651200.0,408000.0,3654400.0
38SMB_00801_r4560_c720,4560,720,407200.0,3651200.0,410400.0,3654400.0
38SMB_00802_r4560_c960,4560,960,409600.0,3651200.0,412800.0,3654400.0
38SMB_00803_r4560_c1200,4560,1200,412000.0,3651200.0,415200.0,3654400.0
38SMB_00804_r4560_c1440,4560,1440,414400.0,3651200.0,417600.0,3654400.0
38SMB_00805_r4560_c1680,4560,1680,416800.0,3651200.0,420000.0,3654400.0
38SMB_00806_r4560_c1920,4560,1920,419200.0,3651200.0,422400.0,3654400.0
38SMB_00807_r4560_c2160,4560,2160,421600.0,3651200.0,424800.0,3654400.0
38SMB_00808_r4560_c2400,4560,2400,424000.0,3651200.0,427200.0,3654400.0
38SMB_00809_r4560_c2640,4560,2640,426400.0,3651200.0,429600.0,3654400.0
38SMB_00810_r4560_c2880,4560,2880,428800.0,3651200.0,432000.0,3654400.0
38SMB_00811_r4560_c3120,4560,3120,431200.0,3651200.0,434400.0,3654400.0
38SMB_00812_r4560_c3360,4560,3360,433600.0,3651200.0,436800.0,3654400.0
38SMB_00813_r4560_c3600,4560,3600,436000.0,3651200.0,439200.0,3654400.0
38SMB_00814_r4560_c3840,4560,3840,438400.0,3651200.0,441600.0,3654400.0
38SMB_00815_r4560_c4080,4560,4080,440800.0,3651200.0,444000.0,3654400.0
38SMB_00816_r4560_c4320,4560,4320,443200.0,3651200.0,446400.0,3654400.0
38SMB_00817_r4560_c4560,4560,4560,445600.0,3651200.0,448800.0,3654400.0
38SMB_00818_r4560_c4800,4560,4800,448000.0,3651200.0,451200.0,3654400.0
38SMB_00819_r4560_c5040,4560,5040,450400.0,3651200.0,453600.0,3654400.0
38SMB_00820_r4560_c5280,4560,5280,452800.0,3651200.0,456000.0,3654400.0
38SMB_00821_r4560_c5520,4560,5520,455200.0,3651200.0,458400.0,3654400.0
38SMB_00822_r4560_c5760,4560,5760,457600.0,3651200.0,460800.0,3654400.0
38SMB_00823_r4560_c6000,4560,6000,460000.0,3651200.0,463200.0,3654400.0
38SMB_00824_r4560_c6240,4560,6240,462400.0,3651200.0,465600.0,3654400.0
38SMB_00825_r4560_c6480,4560,6480,464800.0,3651200.0,468000.0,3654400.0
38SMB_00826_r4560_c6720,4560,6720,467200.0,3651200.0,470400.0,3654400.0
38SMB_00827_r4560_c6960,4560,6960,469600.0,3651200.0,472800.0,3654400.0
38SMB_00828_r4560_c7200,4560,7200,472000.0,3651200.0,475200.0,3654400.0
38SMB_00829_r4560_c7440,4560,7440,474400.0,3651200.0,477600.0,3654400.0
38SMB_00830_r4560_c7680,4560,7680,476800.0,3651200.0,480000.0,3654400.0
38SMB_00831_r4560_c7920,4560,7920,479200.0,3651200.0,482400.0,3654400.0
38SMB_00832_r4560_c8160,4560,8160,481600.0,3651200.0,484800.0,3654400.0
38SMB_00833_r4560_c8400,4560,8400,484000.0,3651200.0,487200.0,3654400.0
38SMB_00834_r4560_c8640,4560,8640,486400.0,3651200.0,489600.0,3654400.0
38SMB_00835_r4560_c8880,4560,8880,488800.0,3651200.0,492000.0,3654400.0
38SMB_00836_r4560_c9120,4560,9120,491200.0,3651200.0,494400.0,3654400.0
38SMB_00837_r4560_c9360,4560,9360,493600.0,3651200.0,496800.0,3654400.0
38SMB_00838_r4560_c9600,4560,9600,496000.0,3651200.0,499200.0,3654400.0
38SMB_00839_r4560_c9680,4560,9680,496800.0,3651200.0,500000.0,3654400.0
38SMB_00840_r4800_c0,4800,0,400000.0,3648800.0,403200.0,3652000.0
38SMB_00841_r4800_c240,4800,240,402400.0,3648800.0,405600.0,3652000.0
38SMB_00842_r4800_c480,4800,480,404800.0,3648800.0,408000.0,3652000.0
38SMB_00843_r4800_c720,4800,720,407200.0,3648800.0,410400.0,3652000.0
38SMB_00844_r4800_c960,4800,960,409600.0,3648800.0,412800.0,3652000.0
38SMB_00845_r4800_c1200,4800,1200,412000.0,3648800.0,415200.0,3652000.0
38SMB_00846_r4800_c1440,4800,1440,414400.0,3648800.0,417600.0,3652000.0
38SMB_00847_r4800_c1680,4800,1680,416800.0,3648800.0,420000.0,3652000.0
38SMB_00848_r4800_c1920,4800,1920,419200.0,3648800.0,422400.0,3652000.0
38SMB_00849_r4800_c2160,4800,2160,421600.0,3648800.0,424800.0,3652000.0
38SMB_00850_r4800_c2400,4800,2400,424000.0,3648800.0,427200.0,3652000.0
38SMB_00851_r4800_c2640,4800,2640,426400.0,3648800.0,429600.0,3652000.0
38SMB_00852_r4800_c2880,4800,2880,428800.0,3648800.0,432000.0,3652000.0
38SMB_00853_r4800_c3120,4800,3120,431200.0,3648800.0,434400.0,3652000.0
38SMB_00854_r4800_c3360,4800,3360,433600.0,3648800.0,436800.0,3652000.0
38SMB_00855_r4800_c3600,4800,3600,436000.0,3648800.0,439200.0,3652000.0
38SMB_00856_r4800_c3840,4800,3840,438400.0,3648800.0,441600.0,3652000.0
38SMB_00857_r4800_c4080,4800,4080,440800.0,3648800.0,444000.0,3652000.0
38SMB_00858_r4800_c4320,4800,4320,443200.0,3648800.0,446400.0,3652000.0
38SMB_00859_r4800_c4560,4800,4560,445600.0,3648800.0,448800.0,3652000.0
38SMB_00860_r4800_c4800,4800,4800,448000.0,3648800.0,451200.0,3652000.0
38SMB_00861_r4800_c5040,4800,5040,450400.0,3648800.0,453600.0,3652000.0
38SMB_00862_r4800_c5280,4800,5280,452800.0,3648800.0,456000.0,3652000.0
38SMB_00863_r4800_c5520,4800,5520,455200.0,3648800.0,458400.0,3652000.0
38SMB_00864_r4800_c5760,4800,5760,457600.0,3648800.0,460800.0,3652000.0
38SMB_00865_r4800_c6000,4800,6000,460000.0,3648800.0,463200.0,3652000.0
38SMB_00866_r4800_c6240,4800,6240,462400.0,3648800.0,465600.0,3652000.0
38SMB_00867_r4800_c6480,4800,6480,464800.0,3648800.0,468000.0,3652000.0
38SMB_00868_r4800_c6720,4800,6720,467200.0,3648800.0,470400.0,3652000.0
38SMB_00869_r4800_c6960,4800,6960,469600.0,3648800.0,472800.0,3652000.0
38SMB_00870_r4800_c7200,4800,7200,472000.0,3648800.0,475200.0,3652000.0
38SMB_00871_r4800_c7440,4800,7440,474400.0,3648800.0,477600.0,3652000.0
38SMB_00872_r4800_c7680,4800,7680,476800.0,3648800.0,480000.0,3652000.0
38SMB_00873_r4800_c7920,4800,7920,479200.0,3648800.0,482400.0,3652000.0
38SMB_00874_r4800_c8160,4800,8160,481600.0,3648800.0,484800.0,3652000.0
38SMB_00875_r4800_c8400,4800,8400,484000.0,3648800.0,487200.0,3652000.0
38SMB_00876_r4800_c8640,4800,8640,486400.0,3648800.0,489600.0,3652000.0
38SMB_00877_r4800_c8880,4800,8880,488800.0,3648800.0,492000.0,3652000.0
38SMB_00878_r4800_c9120,4800,9120,491200.0,3648800.0,494400.0,3652000.0
38SMB_00879_r4800_c9360,4800,9360,493600.0,3648800.0,496800.0,3652000.0
38SMB_00880_r4800_c9600,4800,9600,496000.0,3648800.0,499200.0,3652000.0
38SMB_00881_r4800_c9680,4800,9680,496800.0,3648800.0,500000.0,3652000.0
38SMB_00882_r5040_c0,5040,0,400000.0,3646400.0,403200.0,3649600.0
38SMB_00883_r5040_c240,5040,240,402400.0,3646400.0,405600.0,3649600.0
38SMB_00884_r5040_c480,5040,480,404800.0,3646400.0,408000.0,3649600.0
38SMB_00885_r5040_c720,5040,720,407200.0,3646400.0,410400.0,3649600.0
38SMB_00886_r5040_c960,5040,960,409600.0,3646400.0,412800.0,3649600.0
38SMB_00887_r5040_c1200,5040,1200,412000.0,3646400.0,415200.0,3649600.0
38SMB_00888_r5040_c1440,5040,1440,414400.0,3646400.0,417600.0,3649600.0
38SMB_00889_r5040_c1680,5040,1680,416800.0,3646400.0,420000.0,3649600.0
38SMB_00890_r5040_c1920,5040,1920,419200.0,3646400.0,422400.0,3649600.0
38SMB_00891_r5040_c2160,5040,2160,421600.0,3646400.0,424800.0,3649600.0
38SMB_00892_r5040_c2400,5040,2400,424000.0,3646400.0,427200.0,3649600.0
38SMB_00893_r5040_c2640,5040,2640,426400.0,3646400.0,429600.0,3649600.0
38SMB_00894_r5040_c2880,5040,2880,428800.0,3646400.0,432000.0,3649600.0
38SMB_00895_r5040_c3120,5040,3120,431200.0,3646400.0,434400.0,3649600.0
38SMB_00896_r5040_c3360,5040,3360,433600.0,3646400.0,436800.0,3649600.0
38SMB_00897_r5040_c3600,5040,3600,436000.0,3646400.0,439200.0,3649600.0
38SMB_00898_r5040_c3840,5040,3840,438400.0,3646400.0,441600.0,3649600.0
38SMB_00899_r5040_c4080,5040,4080,440800.0,3646400.0,444000.0,3649600.0
38SMB_00900_r5040_c4320,5040,4320,443200.0,3646400.0,446400.0,3649600.0
38SMB_00901_r5040_c4560,5040,4560,445600.0,3646400.0,448800.0,3649600.0
38SMB_00902_r5040_c4800,5040,4800,448000.0,3646400.0,451200.0,3649600.0
38SMB_00903_r5040_c5040,5040,5040,450400.0,3646400.0,453600.0,3649600.0
38SMB_00904_r5040_c5280,5040,5280,452800.0,3646400.0,456000.0,3649600.0
38SMB_00905_r5040_c5520,5040,5520,455200.0,3646400.0,458400.0,3649600.0
38SMB_00906_r5040_c5760,5040,5760,457600.0,3646400.0,460800.0,3649600.0
38SMB_00907_r5040_c6000,5040,6000,460000.0,3646400.0,463200.0,3649600.0
38SMB_00908_r5040_c6240,5040,6240,462400.0,3646400.0,465600.0,3649600.0
38SMB_00909_r5040_c6480,5040,6480,464800.0,3646400.0,468000.0,3649600.0
38SMB_00910_r5040_c6720,5040,6720,467200.0,3646400.0,470400.0,3649600.0
38SMB_00911_r5040_c6960,5040,6960,469600.0,3646400.0,472800.0,3649600.0
38SMB_00912_r5040_c7200,5040,7200,472000.0,3646400.0,475200.0,3649600.0
38SMB_00913_r5040_c7440,5040,7440,474400.0,3646400.0,477600.0,3649600.0
38SMB_00914_r5040_c7680,5040,7680,476800.0,3646400.0,480000.0,3649600.0
38SMB_00915_r5040_c7920,5040,7920,479200.0,3646400.0,482400.0,3649600.0
38SMB_00916_r5040_c8160,5040,8160,481600.0,3646400.0,484800.0,3649600.0
38SMB_00917_r5040_c8400,5040,8400,484000.0,3646400.0,487200.0,3649600.0
38SMB_00918_r5040_c8640,5040,8640,486400.0,3646400.0,489600.0,3649600.0
38SMB_00919_r5040_c8880,5040,8880,488800.0,3646400.0,492000.0,3649600.0
38SMB_00920_r5040_c9120,5040,9120,491200.0,3646400.0,494400.0,3649600.0
38SMB_00921_r5040_c9360,5040,9360,493600.0,3646400.0,496800.0,3649600.0
38SMB_00922_r5040_c9600,5040,9600,496000.0,3646400.0,499200.0,3649600.0
38SMB_00923_r5040_c9680,5040,9680,496800.0,3646400.0,500000.0,3649600.0
38SMB_00924_r5280_c0,5280,0,400000.0,3644000.0,403200.0,3647200.0
38SMB_00925_r5280_c240,5280,240,402400.0,3644000.0,405600.0,3647200.0
38SMB_00926_r5280_c480,5280,480,404800.0,3644000.0,408000.0,3647200.0
38SMB_00927_r5280_c720,5280,720,407200.0,3644000.0,410400.0,3647200.0
38SMB_00928_r5280_c960,5280,960,409600.0,3644000.0,412800.0,3647200.0
38SMB_00929_r5280_c1200,5280,1200,412000.0,3644000.0,415200.0,3647200.0
38SMB_00930_r5280_c1440,5280,1440,414400.0,3644000.0,417600.0,3647200.0
38SMB_00931_r5280_c1680,5280,1680,416800.0,3644000.0,420000.0,3647200.0
38SMB_00932_r5280_c1920,5280,1920,419200.0,3644000.0,422400.0,3647200.0
38SMB_00933_r5280_c2160,5280,2160,421600.0,3644000.0,424800.0,3647200.0
38SMB_00934_r5280_c2400,5280,2400,424000.0,3644000.0,427200.0,3647200.0
38SMB_00935_r5280_c2640,5280,2640,426400.0,3644000.0,429600.0,3647200.0
38SMB_00936_r5280_c2880,5280,2880,428800.0,3644000.0,432000.0,3647200.0
38SMB_00937_r5280_c3120,5280,3120,431200.0,3644000.0,434400.0,3647200.0
38SMB_00938_r5280_c3360,5280,3360,433600.0,3644000.0,436800.0,3647200.0
38SMB_00939_r5280_c3600,5280,3600,436000.0,3644000.0,439200.0,3647200.0
38SMB_00940_r5280_c3840,5280,3840,438400.0,3644000.0,441600.0,3647200.0
38SMB_00941_r5280_c4080,5280,4080,440800.0,3644000.0,444000.0,3647200.0
38SMB_00942_r5280_c4320,5280,4320,443200.0,3644000.0,446400.0,3647200.0
38SMB_00943_r5280_c4560,5280,4560,445600.0,3644000.0,448800.0,3647200.0
38SMB_00944_r5280_c4800,5280,4800,448000.0,3644000.0,451200.0,3647200.0
38SMB_00945_r5280_c5040,5280,5040,450400.0,3644000.0,453600.0,3647200.0
38SMB_00946_r5280_c5280,5280,5280,452800.0,3644000.0,456000.0,3647200.0
38SMB_00947_r5280_c5520,5280,5520,455200.0,3644000.0,458400.0,3647200.0
38SMB_00948_r5280_c5760,5280,5760,457600.0,3644000.0,460800.0,3647200.0
38SMB_00949_r5280_c6000,5280,6000,460000.0,3644000.0,463200.0,3647200.0
38SMB_00950_r5280_c6240,5280,6240,462400.0,3644000.0,465600.0,3647200.0
38SMB_00951_r5280_c6480,5280,6480,464800.0,3644000.0,468000.0,3647200.0
38SMB_00952_r5280_c6720,5280,6720,467200.0,3644000.0,470400.0,3647200.0
38SMB_00953_r5280_c6960,5280,6960,469600.0,3644000.0,472800.0,3647200.0
38SMB_00954_r5280_c7200,5280,7200,472000.0,3644000.0,475200.0,3647200.0
38SMB_00955_r5280_c7440,5280,7440,474400.0,3644000.0,477600.0,3647200.0
38SMB_00956_r5280_c7680,5280,7680,476800.0,3644000.0,480000.0,3647200.0
38SMB_00957_r5280_c7920,5280,7920,479200.0,3644000.0,482400.0,3647200.0
38SMB_00958_r5280_c8160,5280,8160,481600.0,3644000.0,484800.0,3647200.0
38SMB_00959_r5280_c8400,5280,8400,484000.0,3644000.0,487200.0,3647200.0
38SMB_00960_r5280_c8640,5280,8640,486400.0,3644000.0,489600.0,3647200.0
38SMB_00961_r5280_c8880,5280,8880,488800.0,3644000.0,492000.0,3647200.0
38SMB_00962_r5280_c9120,5280,9120,491200.0,3644000.0,494400.0,3647200.0
38SMB_00963_r5280_c9360,5280,9360,493600.0,3644000.0,496800.0,3647200.0
38SMB_00964_r5280_c9600,5280,9600,496000.0,3644000.0,499200.0,3647200.0
38SMB_00965_r5280_c9680,5280,9680,496800.0,3644000.0,500000.0,3647200.0
38SMB_00966_r5520_c0,5520,0,400000.0,3641600.0,403200.0,3644800.0
38SMB_00967_r5520_c240,5520,240,402400.0,3641600.0,405600.0,3644800.0
38SMB_00968_r5520_c480,5520,480,404800.0,3641600.0,408000.0,3644800.0
38SMB_00969_r5520_c720,5520,720,407200.0,3641600.0,410400.0,3644800.0
38SMB_00970_r5520_c960,5520,960,409600.0,3641600.0,412800.0,3644800.0
38SMB_00971_r5520_c1200,5520,1200,412000.0,3641600.0,415200.0,3644800.0
38SMB_00972_r5520_c1440,5520,1440,414400.0,3641600.0,417600.0,3644800.0
38SMB_00973_r5520_c1680,5520,1680,416800.0,3641600.0,420000.0,3644800.0
38SMB_00974_r5520_c1920,5520,1920,419200.0,3641600.0,422400.0,3644800.0
38SMB_00975_r5520_c2160,5520,2160,421600.0,3641600.0,424800.0,3644800.0
38SMB_00976_r5520_c2400,5520,2400,424000.0,3641600.0,427200.0,3644800.0
38SMB_00977_r5520_c2640,5520,2640,426400.0,3641600.0,429600.0,3644800.0
38SMB_00978_r5520_c2880,5520,2880,428800.0,3641600.0,432000.0,3644800.0
38SMB_00979_r5520_c3120,5520,3120,431200.0,3641600.0,434400.0,3644800.0
38SMB_00980_r5520_c3360,5520,3360,433600.0,3641600.0,436800.0,3644800.0
38SMB_00981_r5520_c3600,5520,3600,436000.0,3641600.0,439200.0,3644800.0
38SMB_00982_r5520_c3840,5520,3840,438400.0,3641600.0,441600.0,3644800.0
38SMB_00983_r5520_c4080,5520,4080,440800.0,3641600.0,444000.0,3644800.0
38SMB_00984_r5520_c4320,5520,4320,443200.0,3641600.0,446400.0,3644800.0
38SMB_00985_r5520_c4560,5520,4560,445600.0,3641600.0,448800.0,3644800.0
38SMB_00986_r5520_c4800,5520,4800,448000.0,3641600.0,451200.0,3644800.0
38SMB_00987_r5520_c5040,5520,5040,450400.0,3641600.0,453600.0,3644800.0
38SMB_00988_r5520_c5280,5520,5280,452800.0,3641600.0,456000.0,3644800.0
38SMB_00989_r5520_c5520,5520,5520,455200.0,3641600.0,458400.0,3644800.0
38SMB_00990_r5520_c5760,5520,5760,457600.0,3641600.0,460800.0,3644800.0
38SMB_00991_r5520_c6000,5520,6000,460000.0,3641600.0,463200.0,3644800.0
38SMB_00992_r5520_c6240,5520,6240,462400.0,3641600.0,465600.0,3644800.0
38SMB_00993_r5520_c6480,5520,6480,464800.0,3641600.0,468000.0,3644800.0
38SMB_00994_r5520_c6720,5520,6720,467200.0,3641600.0,470400.0,3644800.0
38SMB_00995_r5520_c6960,5520,6960,469600.0,3641600.0,472800.0,3644800.0
38SMB_00996_r5520_c7200,5520,7200,472000.0,3641600.0,475200.0,3644800.0
38SMB_00997_r5520_c7440,5520,7440,474400.0,3641600.0,477600.0,3644800.0
38SMB_00998_r5520_c7680,5520,7680,476800.0,3641600.0,480000.0,3644800.0
38SMB_00999_r5520_c7920,5520,7920,479200.0,3641600.0,482400.0,3644800.0
38SMB_01000_r5520_c8160,5520,8160,481600.0,3641600.0,484800.0,3644800.0
38SMB_01001_r5520_c8400,5520,8400,484000.0,3641600.0,487200.0,3644800.0
38SMB_01002_r5520_c8640,5520,8640,486400.0,3641600.0,489600.0,3644800.0
38SMB_01003_r5520_c8880,5520,8880,488800.0,3641600.0,492000.0,3644800.0
38SMB_01004_r5520_c9120,5520,9120,491200.0,3641600.0,494400.0,3644800.0
38SMB_01005_r5520_c9360,5520,9360,493600.0,3641600.0,496800.0,3644800.0
38SMB_01006_r5520_c9600,5520,9600,496000.0,3641600.0,499200.0,3644800.0
38SMB_01007_r5520_c9680,5520,9680,496800.0,3641600.0,500000.0,3644800.0
38SMB_01008_r5760_c0,5760,0,400000.0,3639200.0,403200.0,3642400.0
38SMB_01009_r5760_c240,5760,240,402400.0,3639200.0,405600.0,3642400.0
38SMB_01010_r5760_c480,5760,480,404800.0,3639200.0,408000.0,3642400.0
38SMB_01011_r5760_c720,5760,720,407200.0,3639200.0,410400.0,3642400.0
38SMB_01012_r5760_c960,5760,960,409600.0,3639200.0,412800.0,3642400.0
38SMB_01013_r5760_c1200,5760,1200,412000.0,3639200.0,415200.0,3642400.0
38SMB_01014_r5760_c1440,5760,1440,414400.0,3639200.0,417600.0,3642400.0
38SMB_01015_r5760_c1680,5760,1680,416800.0,3639200.0,420000.0,3642400.0
38SMB_01016_r5760_c1920,5760,1920,419200.0,3639200.0,422400.0,3642400.0
38SMB_01017_r5760_c2160,5760,2160,421600.0,3639200.0,424800.0,3642400.0
38SMB_01018_r5760_c2400,5760,2400,424000.0,3639200.0,427200.0,3642400.0
38SMB_01019_r5760_c2640,5760,2640,426400.0,3639200.0,429600.0,3642400.0
38SMB_01020_r5760_c2880,5760,2880,428800.0,3639200.0,432000.0,3642400.0
38SMB_01021_r5760_c3120,5760,3120,431200.0,3639200.0,434400.0,3642400.0
38SMB_01022_r5760_c3360,5760,3360,433600.0,3639200.0,436800.0,3642400.0
38SMB_01023_r5760_c3600,5760,3600,436000.0,3639200.0,439200.0,3642400.0
38SMB_01024_r5760_c3840,5760,3840,438400.0,3639200.0,441600.0,3642400.0
38SMB_01025_r5760_c4080,5760,4080,440800.0,3639200.0,444000.0,3642400.0
38SMB_01026_r5760_c4320,5760,4320,443200.0,3639200.0,446400.0,3642400.0
38SMB_01027_r5760_c4560,5760,4560,445600.0,3639200.0,448800.0,3642400.0
38SMB_01028_r5760_c4800,5760,4800,448000.0,3639200.0,451200.0,3642400.0
38SMB_01029_r5760_c5040,5760,5040,450400.0,3639200.0,453600.0,3642400.0
38SMB_01030_r5760_c5280,5760,5280,452800.0,3639200.0,456000.0,3642400.0
38SMB_01031_r5760_c5520,5760,5520,455200.0,3639200.0,458400.0,3642400.0
38SMB_01032_r5760_c5760,5760,5760,457600.0,3639200.0,460800.0,3642400.0
38SMB_01033_r5760_c6000,5760,6000,460000.0,3639200.0,463200.0,3642400.0
38SMB_01034_r5760_c6240,5760,6240,462400.0,3639200.0,465600.0,3642400.0
38SMB_01035_r5760_c6480,5760,6480,464800.0,3639200.0,468000.0,3642400.0
38SMB_01036_r5760_c6720,5760,6720,467200.0,3639200.0,470400.0,3642400.0
38SMB_01037_r5760_c6960,5760,6960,469600.0,3639200.0,472800.0,3642400.0
38SMB_01038_r5760_c7200,5760,7200,472000.0,3639200.0,475200.0,3642400.0
38SMB_01039_r5760_c7440,5760,7440,474400.0,3639200.0,477600.0,3642400.0
38SMB_01040_r5760_c7680,5760,7680,476800.0,3639200.0,480000.0,3642400.0
38SMB_01041_r5760_c7920,5760,7920,479200.0,3639200.0,482400.0,3642400.0
38SMB_01042_r5760_c8160,5760,8160,481600.0,3639200.0,484800.0,3642400.0
38SMB_01043_r5760_c8400,5760,8400,484000.0,3639200.0,487200.0,3642400.0
38SMB_01044_r5760_c8640,5760,8640,486400.0,3639200.0,489600.0,3642400.0
38SMB_01045_r5760_c8880,5760,8880,488800.0,3639200.0,492000.0,3642400.0
38SMB_01046_r5760_c9120,5760,9120,491200.0,3639200.0,494400.0,3642400.0
38SMB_01047_r5760_c9360,5760,9360,493600.0,3639200.0,496800.0,3642400.0
38SMB_01048_r5760_c9600,5760,9600,496000.0,3639200.0,499200.0,3642400.0
38SMB_01049_r5760_c9680,5760,9680,496800.0,3639200.0,500000.0,3642400.0
38SMB_01050_r6000_c0,6000,0,400000.0,3636800.0,403200.0,3640000.0
38SMB_01051_r6000_c240,6000,240,402400.0,3636800.0,405600.0,3640000.0
38SMB_01052_r6000_c480,6000,480,404800.0,3636800.0,408000.0,3640000.0
38SMB_01053_r6000_c720,6000,720,407200.0,3636800.0,410400.0,3640000.0
38SMB_01054_r6000_c960,6000,960,409600.0,3636800.0,412800.0,3640000.0
38SMB_01055_r6000_c1200,6000,1200,412000.0,3636800.0,415200.0,3640000.0
38SMB_01056_r6000_c1440,6000,1440,414400.0,3636800.0,417600.0,3640000.0
38SMB_01057_r6000_c1680,6000,1680,416800.0,3636800.0,420000.0,3640000.0
38SMB_01058_r6000_c1920,6000,1920,419200.0,3636800.0,422400.0,3640000.0
38SMB_01059_r6000_c2160,6000,2160,421600.0,3636800.0,424800.0,3640000.0
38SMB_01060_r6000_c2400,6000,2400,424000.0,3636800.0,427200.0,3640000.0
38SMB_01061_r6000_c2640,6000,2640,426400.0,3636800.0,429600.0,3640000.0
38SMB_01062_r6000_c2880,6000,2880,428800.0,3636800.0,432000.0,3640000.0
38SMB_01063_r6000_c3120,6000,3120,431200.0,3636800.0,434400.0,3640000.0
38SMB_01064_r6000_c3360,6000,3360,433600.0,3636800.0,436800.0,3640000.0
38SMB_01065_r6000_c3600,6000,3600,436000.0,3636800.0,439200.0,3640000.0
38SMB_01066_r6000_c3840,6000,3840,438400.0,3636800.0,441600.0,3640000.0
38SMB_01067_r6000_c4080,6000,4080,440800.0,3636800.0,444000.0,3640000.0
38SMB_01068_r6000_c4320,6000,4320,443200.0,3636800.0,446400.0,3640000.0
38SMB_01069_r6000_c4560,6000,4560,445600.0,3636800.0,448800.0,3640000.0
38SMB_01070_r6000_c4800,6000,4800,448000.0,3636800.0,451200.0,3640000.0
38SMB_01071_r6000_c5040,6000,5040,450400.0,3636800.0,453600.0,3640000.0
38SMB_01072_r6000_c5280,6000,5280,452800.0,3636800.0,456000.0,3640000.0
38SMB_01073_r6000_c5520,6000,5520,455200.0,3636800.0,458400.0,3640000.0
38SMB_01074_r6000_c5760,6000,5760,457600.0,3636800.0,460800.0,3640000.0
38SMB_01075_r6000_c6000,6000,6000,460000.0,3636800.0,463200.0,3640000.0
38SMB_01076_r6000_c6240,6000,6240,462400.0,3636800.0,465600.0,3640000.0
38SMB_01077_r6000_c6480,6000,6480,464800.0,3636800.0,468000.0,3640000.0
38SMB_01078_r6000_c6720,6000,6720,467200.0,3636800.0,470400.0,3640000.0
38SMB_01079_r6000_c6960,6000,6960,469600.0,3636800.0,472800.0,3640000.0
38SMB_01080_r6000_c7200,6000,7200,472000.0,3636800.0,475200.0,3640000.0
38SMB_01081_r6000_c7440,6000,7440,474400.0,3636800.0,477600.0,3640000.0
38SMB_01082_r6000_c7680,6000,7680,476800.0,3636800.0,480000.0,3640000.0
38SMB_01083_r6000_c7920,6000,7920,479200.0,3636800.0,482400.0,3640000.0
38SMB_01084_r6000_c8160,6000,8160,481600.0,3636800.0,484800.0,3640000.0
38SMB_01085_r6000_c8400,6000,8400,484000.0,3636800.0,487200.0,3640000.0
38SMB_01086_r6000_c8640,6000,8640,486400.0,3636800.0,489600.0,3640000.0
38SMB_01087_r6000_c8880,6000,8880,488800.0,3636800.0,492000.0,3640000.0
38SMB_01088_r6000_c9120,6000,9120,491200.0,3636800.0,494400.0,3640000.0
38SMB_01089_r6000_c9360,6000,9360,493600.0,3636800.0,496800.0,3640000.0
38SMB_01090_r6000_c9600,6000,9600,496000.0,3636800.0,499200.0,3640000.0
38SMB_01091_r6000_c9680,6000,9680,496800.0,3636800.0,500000.0,3640000.0
38SMB_01092_r6240_c0,6240,0,400000.0,3634400.0,403200.0,3637600.0
38SMB_01093_r6240_c240,6240,240,402400.0,3634400.0,405600.0,3637600.0
38SMB_01094_r6240_c480,6240,480,404800.0,3634400.0,408000.0,3637600.0
38SMB_01095_r6240_c720,6240,720,407200.0,3634400.0,410400.0,3637600.0
38SMB_01096_r6240_c960,6240,960,409600.0,3634400.0,412800.0,3637600.0
38SMB_01097_r6240_c1200,6240,1200,412000.0,3634400.0,415200.0,3637600.0
38SMB_01098_r6240_c1440,6240,1440,414400.0,3634400.0,417600.0,3637600.0
38SMB_01099_r6240_c1680,6240,1680,416800.0,3634400.0,420000.0,3637600.0
38SMB_01100_r6240_c1920,6240,1920,419200.0,3634400.0,422400.0,3637600.0
38SMB_01101_r6240_c2160,6240,2160,421600.0,3634400.0,424800.0,3637600.0
38SMB_01102_r6240_c2400,6240,2400,424000.0,3634400.0,427200.0,3637600.0
38SMB_01103_r6240_c2640,6240,2640,426400.0,3634400.0,429600.0,3637600.0
38SMB_01104_r6240_c2880,6240,2880,428800.0,3634400.0,432000.0,3637600.0
38SMB_01105_r6240_c3120,6240,3120,431200.0,3634400.0,434400.0,3637600.0
38SMB_01106_r6240_c3360,6240,3360,433600.0,3634400.0,436800.0,3637600.0
38SMB_01107_r6240_c3600,6240,3600,436000.0,3634400.0,439200.0,3637600.0
38SMB_01108_r6240_c3840,6240,3840,438400.0,3634400.0,441600.0,3637600.0
38SMB_01109_r6240_c4080,6240,4080,440800.0,3634400.0,444000.0,3637600.0
38SMB_01110_r6240_c4320,6240,4320,443200.0,3634400.0,446400.0,3637600.0
38SMB_01111_r6240_c4560,6240,4560,445600.0,3634400.0,448800.0,3637600.0
38SMB_01112_r6240_c4800,6240,4800,448000.0,3634400.0,451200.0,3637600.0
38SMB_01113_r6240_c5040,6240,5040,450400.0,3634400.0,453600.0,3637600.0
38SMB_01114_r6240_c5280,6240,5280,452800.0,3634400.0,456000.0,3637600.0
38SMB_01115_r6240_c5520,6240,5520,455200.0,3634400.0,458400.0,3637600.0
38SMB_01116_r6240_c5760,6240,5760,457600.0,3634400.0,460800.0,3637600.0
38SMB_01117_r6240_c6000,6240,6000,460000.0,3634400.0,463200.0,3637600.0
38SMB_01118_r6240_c6240,6240,6240,462400.0,3634400.0,465600.0,3637600.0
38SMB_01119_r6240_c6480,6240,6480,464800.0,3634400.0,468000.0,3637600.0
38SMB_01120_r6240_c6720,6240,6720,467200.0,3634400.0,470400.0,3637600.0
38SMB_01121_r6240_c6960,6240,6960,469600.0,3634400.0,472800.0,3637600.0
38SMB_01122_r6240_c7200,6240,7200,472000.0,3634400.0,475200.0,3637600.0
38SMB_01123_r6240_c7440,6240,7440,474400.0,3634400.0,477600.0,3637600.0
38SMB_01124_r6240_c7680,6240,7680,476800.0,3634400.0,480000.0,3637600.0
38SMB_01125_r6240_c7920,6240,7920,479200.0,3634400.0,482400.0,3637600.0
38SMB_01126_r6240_c8160,6240,8160,481600.0,3634400.0,484800.0,3637600.0
38SMB_01127_r6240_c8400,6240,8400,484000.0,3634400.0,487200.0,3637600.0
38SMB_01128_r6240_c8640,6240,8640,486400.0,3634400.0,489600.0,3637600.0
38SMB_01129_r6240_c8880,6240,8880,488800.0,3634400.0,492000.0,3637600.0
38SMB_01130_r6240_c9120,6240,9120,491200.0,3634400.0,494400.0,3637600.0
38SMB_01131_r6240_c9360,6240,9360,493600.0,3634400.0,496800.0,3637600.0
38SMB_01132_r6240_c9600,6240,9600,496000.0,3634400.0,499200.0,3637600.0
38SMB_01133_r6240_c9680,6240,9680,496800.0,3634400.0,500000.0,3637600.0
38SMB_01134_r6480_c0,6480,0,400000.0,3632000.0,403200.0,3635200.0
38SMB_01135_r6480_c240,6480,240,402400.0,3632000.0,405600.0,3635200.0
38SMB_01136_r6480_c480,6480,480,404800.0,3632000.0,408000.0,3635200.0
38SMB_01137_r6480_c720,6480,720,407200.0,3632000.0,410400.0,3635200.0
38SMB_01138_r6480_c960,6480,960,409600.0,3632000.0,412800.0,3635200.0
38SMB_01139_r6480_c1200,6480,1200,412000.0,3632000.0,415200.0,3635200.0
38SMB_01140_r6480_c1440,6480,1440,414400.0,3632000.0,417600.0,3635200.0
38SMB_01141_r6480_c1680,6480,1680,416800.0,3632000.0,420000.0,3635200.0
38SMB_01142_r6480_c1920,6480,1920,419200.0,3632000.0,422400.0,3635200.0
38SMB_01143_r6480_c2160,6480,2160,421600.0,3632000.0,424800.0,3635200.0
38SMB_01144_r6480_c2400,6480,2400,424000.0,3632000.0,427200.0,3635200.0
38SMB_01145_r6480_c2640,6480,2640,426400.0,3632000.0,429600.0,3635200.0
38SMB_01146_r6480_c2880,6480,2880,428800.0,3632000.0,432000.0,3635200.0
38SMB_01147_r6480_c3120,6480,3120,431200.0,3632000.0,434400.0,3635200.0
38SMB_01148_r6480_c3360,6480,3360,433600.0,3632000.0,436800.0,3635200.0
38SMB_01149_r6480_c3600,6480,3600,436000.0,3632000.0,439200.0,3635200.0
38SMB_01150_r6480_c3840,6480,3840,438400.0,3632000.0,441600.0,3635200.0
38SMB_01151_r6480_c4080,6480,4080,440800.0,3632000.0,444000.0,3635200.0
38SMB_01152_r6480_c4320,6480,4320,443200.0,3632000.0,446400.0,3635200.0
38SMB_01153_r6480_c4560,6480,4560,445600.0,3632000.0,448800.0,3635200.0
38SMB_01154_r6480_c4800,6480,4800,448000.0,3632000.0,451200.0,3635200.0
38SMB_01155_r6480_c5040,6480,5040,450400.0,3632000.0,453600.0,3635200.0
38SMB_01156_r6480_c5280,6480,5280,452800.0,3632000.0,456000.0,3635200.0
38SMB_01157_r6480_c5520,6480,5520,455200.0,3632000.0,458400.0,3635200.0
38SMB_01158_r6480_c5760,6480,5760,457600.0,3632000.0,460800.0,3635200.0
38SMB_01159_r6480_c6000,6480,6000,460000.0,3632000.0,463200.0,3635200.0
38SMB_01160_r6480_c6240,6480,6240,462400.0,3632000.0,465600.0,3635200.0
38SMB_01161_r6480_c6480,6480,6480,464800.0,3632000.0,468000.0,3635200.0
38SMB_01162_r6480_c6720,6480,6720,467200.0,3632000.0,470400.0,3635200.0
38SMB_01163_r6480_c6960,6480,6960,469600.0,3632000.0,472800.0,3635200.0
38SMB_01164_r6480_c7200,6480,7200,472000.0,3632000.0,475200.0,3635200.0
38SMB_01165_r6480_c7440,6480,7440,474400.0,3632000.0,477600.0,3635200.0
38SMB_01166_r6480_c7680,6480,7680,476800.0,3632000.0,480000.0,3635200.0
38SMB_01167_r6480_c7920,6480,7920,479200.0,3632000.0,482400.0,3635200.0
38SMB_01168_r6480_c8160,6480,8160,481600.0,3632000.0,484800.0,3635200.0
38SMB_01169_r6480_c8400,6480,8400,484000.0,3632000.0,487200.0,3635200.0
38SMB_01170_r6480_c8640,6480,8640,486400.0,3632000.0,489600.0,3635200.0
38SMB_01171_r6480_c8880,6480,8880,488800.0,3632000.0,492000.0,3635200.0
38SMB_01172_r6480_c9120,6480,9120,491200.0,3632000.0,494400.0,3635200.0
38SMB_01173_r6480_c9360,6480,9360,493600.0,3632000.0,496800.0,3635200.0
38SMB_01174_r6480_c9600,6480,9600,496000.0,3632000.0,499200.0,3635200.0
38SMB_01175_r6480_c9680,6480,9680,496800.0,3632000.0,500000.0,3635200.0
38SMB_01176_r6720_c0,6720,0,400000.0,3629600.0,403200.0,3632800.0
38SMB_01177_r6720_c240,6720,240,402400.0,3629600.0,405600.0,3632800.0
38SMB_01178_r6720_c480,6720,480,404800.0,3629600.0,408000.0,3632800.0
38SMB_01179_r6720_c720,6720,720,407200.0,3629600.0,410400.0,3632800.0
38SMB_01180_r6720_c960,6720,960,409600.0,3629600.0,412800.0,3632800.0
38SMB_01181_r6720_c1200,6720,1200,412000.0,3629600.0,415200.0,3632800.0
38SMB_01182_r6720_c1440,6720,1440,414400.0,3629600.0,417600.0,3632800.0
38SMB_01183_r6720_c1680,6720,1680,416800.0,3629600.0,420000.0,3632800.0
38SMB_01184_r6720_c1920,6720,1920,419200.0,3629600.0,422400.0,3632800.0
38SMB_01185_r6720_c2160,6720,2160,421600.0,3629600.0,424800.0,3632800.0
38SMB_01186_r6720_c2400,6720,2400,424000.0,3629600.0,427200.0,3632800.0
38SMB_01187_r6720_c2640,6720,2640,426400.0,3629600.0,429600.0,3632800.0
38SMB_01188_r6720_c2880,6720,2880,428800.0,3629600.0,432000.0,3632800.0
38SMB_01189_r6720_c3120,6720,3120,431200.0,3629600.0,434400.0,3632800.0
38SMB_01190_r6720_c3360,6720,3360,433600.0,3629600.0,436800.0,3632800.0
38SMB_01191_r6720_c3600,6720,3600,436000.0,3629600.0,439200.0,3632800.0
38SMB_01192_r6720_c3840,6720,3840,438400.0,3629600.0,441600.0,3632800.0
38SMB_01193_r6720_c4080,6720,4080,440800.0,3629600.0,444000.0,3632800.0
38SMB_01194_r6720_c4320,6720,4320,443200.0,3629600.0,446400.0,3632800.0
38SMB_01195_r6720_c4560,6720,4560,445600.0,3629600.0,448800.0,3632800.0
38SMB_01196_r6720_c4800,6720,4800,448000.0,3629600.0,451200.0,3632800.0
38SMB_01197_r6720_c5040,6720,5040,450400.0,3629600.0,453600.0,3632800.0
38SMB_01198_r6720_c5280,6720,5280,452800.0,3629600.0,456000.0,3632800.0
38SMB_01199_r6720_c5520,6720,5520,455200.0,3629600.0,458400.0,3632800.0
38SMB_01200_r6720_c5760,6720,5760,457600.0,3629600.0,460800.0,3632800.0
38SMB_01201_r6720_c6000,6720,6000,460000.0,3629600.0,463200.0,3632800.0
38SMB_01202_r6720_c6240,6720,6240,462400.0,3629600.0,465600.0,3632800.0
38SMB_01203_r6720_c6480,6720,6480,464800.0,3629600.0,468000.0,3632800.0
38SMB_01204_r6720_c6720,6720,6720,467200.0,3629600.0,470400.0,3632800.0
38SMB_01205_r6720_c6960,6720,6960,469600.0,3629600.0,472800.0,3632800.0
38SMB_01206_r6720_c7200,6720,7200,472000.0,3629600.0,475200.0,3632800.0
38SMB_01207_r6720_c7440,6720,7440,474400.0,3629600.0,477600.0,3632800.0
38SMB_01208_r6720_c7680,6720,7680,476800.0,3629600.0,480000.0,3632800.0
38SMB_01209_r6720_c7920,6720,7920,479200.0,3629600.0,482400.0,3632800.0
38SMB_01210_r6720_c8160,6720,8160,481600.0,3629600.0,484800.0,3632800.0
38SMB_01211_r6720_c8400,6720,8400,484000.0,3629600.0,487200.0,3632800.0
38SMB_01212_r6720_c8640,6720,8640,486400.0,3629600.0,489600.0,3632800.0
38SMB_01213_r6720_c8880,6720,8880,488800.0,3629600.0,492000.0,3632800.0
38SMB_01214_r6720_c9120,6720,9120,491200.0,3629600.0,494400.0,3632800.0
38SMB_01215_r6720_c9360,6720,9360,493600.0,3629600.0,496800.0,3632800.0
38SMB_01216_r6720_c9600,6720,9600,496000.0,3629600.0,499200.0,3632800.0
38SMB_01217_r6720_c9680,6720,9680,496800.0,3629600.0,500000.0,3632800.0
38SMB_01218_r6960_c0,6960,0,400000.0,3627200.0,403200.0,3630400.0
38SMB_01219_r6960_c240,6960,240,402400.0,3627200.0,405600.0,3630400.0
38SMB_01220_r6960_c480,6960,480,404800.0,3627200.0,408000.0,3630400.0
38SMB_01221_r6960_c720,6960,720,407200.0,3627200.0,410400.0,3630400.0
38SMB_01222_r6960_c960,6960,960,409600.0,3627200.0,412800.0,3630400.0
38SMB_01223_r6960_c1200,6960,1200,412000.0,3627200.0,415200.0,3630400.0
38SMB_01224_r6960_c1440,6960,1440,414400.0,3627200.0,417600.0,3630400.0
38SMB_01225_r6960_c1680,6960,1680,416800.0,3627200.0,420000.0,3630400.0
38SMB_01226_r6960_c1920,6960,1920,419200.0,3627200.0,422400.0,3630400.0
38SMB_01227_r6960_c2160,6960,2160,421600.0,3627200.0,424800.0,3630400.0
38SMB_01228_r6960_c2400,6960,2400,424000.0,3627200.0,427200.0,3630400.0
38SMB_01229_r6960_c2640,6960,2640,426400.0,3627200.0,429600.0,3630400.0
38SMB_01230_r6960_c2880,6960,2880,428800.0,3627200.0,432000.0,3630400.0
38SMB_01231_r6960_c3120,6960,3120,431200.0,3627200.0,434400.0,3630400.0
38SMB_01232_r6960_c3360,6960,3360,433600.0,3627200.0,436800.0,3630400.0
38SMB_01233_r6960_c3600,6960,3600,436000.0,3627200.0,439200.0,3630400.0
38SMB_01234_r6960_c3840,6960,3840,438400.0,3627200.0,441600.0,3630400.0
38SMB_01235_r6960_c4080,6960,4080,440800.0,3627200.0,444000.0,3630400.0
38SMB_01236_r6960_c4320,6960,4320,443200.0,3627200.0,446400.0,3630400.0
38SMB_01237_r6960_c4560,6960,4560,445600.0,3627200.0,448800.0,3630400.0
38SMB_01238_r6960_c4800,6960,4800,448000.0,3627200.0,451200.0,3630400.0
38SMB_01239_r6960_c5040,6960,5040,450400.0,3627200.0,453600.0,3630400.0
38SMB_01240_r6960_c5280,6960,5280,452800.0,3627200.0,456000.0,3630400.0
38SMB_01241_r6960_c5520,6960,5520,455200.0,3627200.0,458400.0,3630400.0
38SMB_01242_r6960_c5760,6960,5760,457600.0,3627200.0,460800.0,3630400.0
38SMB_01243_r6960_c6000,6960,6000,460000.0,3627200.0,463200.0,3630400.0
38SMB_01244_r6960_c6240,6960,6240,462400.0,3627200.0,465600.0,3630400.0
38SMB_01245_r6960_c6480,6960,6480,464800.0,3627200.0,468000.0,3630400.0
38SMB_01246_r6960_c6720,6960,6720,467200.0,3627200.0,470400.0,3630400.0
38SMB_01247_r6960_c6960,6960,6960,469600.0,3627200.0,472800.0,3630400.0
38SMB_01248_r6960_c7200,6960,7200,472000.0,3627200.0,475200.0,3630400.0
38SMB_01249_r6960_c7440,6960,7440,474400.0,3627200.0,477600.0,3630400.0
38SMB_01250_r6960_c7680,6960,7680,476800.0,3627200.0,480000.0,3630400.0
38SMB_01251_r6960_c7920,6960,7920,479200.0,3627200.0,482400.0,3630400.0
38SMB_01252_r6960_c8160,6960,8160,481600.0,3627200.0,484800.0,3630400.0
38SMB_01253_r6960_c8400,6960,8400,484000.0,3627200.0,487200.0,3630400.0
38SMB_01254_r6960_c8640,6960,8640,486400.0,3627200.0,489600.0,3630400.0
38SMB_01255_r6960_c8880,6960,8880,488800.0,3627200.0,492000.0,3630400.0
38SMB_01256_r6960_c9120,6960,9120,491200.0,3627200.0,494400.0,3630400.0
38SMB_01257_r6960_c9360,6960,9360,493600.0,3627200.0,496800.0,3630400.0
38SMB_01258_r6960_c9600,6960,9600,496000.0,3627200.0,499200.0,3630400.0
38SMB_01259_r6960_c9680,6960,9680,496800.0,3627200.0,500000.0,3630400.0
38SMB_01260_r7200_c0,7200,0,400000.0,3624800.0,403200.0,3628000.0
38SMB_01261_r7200_c240,7200,240,402400.0,3624800.0,405600.0,3628000.0
38SMB_01262_r7200_c480,7200,480,404800.0,3624800.0,408000.0,3628000.0
38SMB_01263_r7200_c720,7200,720,407200.0,3624800.0,410400.0,3628000.0
38SMB_01264_r7200_c960,7200,960,409600.0,3624800.0,412800.0,3628000.0
38SMB_01265_r7200_c1200,7200,1200,412000.0,3624800.0,415200.0,3628000.0
38SMB_01266_r7200_c1440,7200,1440,414400.0,3624800.0,417600.0,3628000.0
38SMB_01267_r7200_c1680,7200,1680,416800.0,3624800.0,420000.0,3628000.0
38SMB_01268_r7200_c1920,7200,1920,419200.0,3624800.0,422400.0,3628000.0
38SMB_01269_r7200_c2160,7200,2160,421600.0,3624800.0,424800.0,3628000.0
38SMB_01270_r7200_c2400,7200,2400,424000.0,3624800.0,427200.0,3628000.0
38SMB_01271_r7200_c2640,7200,2640,426400.0,3624800.0,429600.0,3628000.0
38SMB_01272_r7200_c2880,7200,2880,428800.0,3624800.0,432000.0,3628000.0
38SMB_01273_r7200_c3120,7200,3120,431200.0,3624800.0,434400.0,3628000.0
38SMB_01274_r7200_c3360,7200,3360,433600.0,3624800.0,436800.0,3628000.0
38SMB_01275_r7200_c3600,7200,3600,436000.0,3624800.0,439200.0,3628000.0
38SMB_01276_r7200_c3840,7200,3840,438400.0,3624800.0,441600.0,3628000.0
38SMB_01277_r7200_c4080,7200,4080,440800.0,3624800.0,444000.0,3628000.0
38SMB_01278_r7200_c4320,7200,4320,443200.0,3624800.0,446400.0,3628000.0
38SMB_01279_r7200_c4560,7200,4560,445600.0,3624800.0,448800.0,3628000.0
38SMB_01280_r7200_c4800,7200,4800,448000.0,3624800.0,451200.0,3628000.0
38SMB_01281_r7200_c5040,7200,5040,450400.0,3624800.0,453600.0,3628000.0
38SMB_01282_r7200_c5280,7200,5280,452800.0,3624800.0,456000.0,3628000.0
38SMB_01283_r7200_c5520,7200,5520,455200.0,3624800.0,458400.0,3628000.0
38SMB_01284_r7200_c5760,7200,5760,457600.0,3624800.0,460800.0,3628000.0
38SMB_01285_r7200_c6000,7200,6000,460000.0,3624800.0,463200.0,3628000.0
38SMB_01286_r7200_c6240,7200,6240,462400.0,3624800.0,465600.0,3628000.0
38SMB_01287_r7200_c6480,7200,6480,464800.0,3624800.0,468000.0,3628000.0
38SMB_01288_r7200_c6720,7200,6720,467200.0,3624800.0,470400.0,3628000.0
38SMB_01289_r7200_c6960,7200,6960,469600.0,3624800.0,472800.0,3628000.0
38SMB_01290_r7200_c7200,7200,7200,472000.0,3624800.0,475200.0,3628000.0
38SMB_01291_r7200_c7440,7200,7440,474400.0,3624800.0,477600.0,3628000.0
38SMB_01292_r7200_c7680,7200,7680,476800.0,3624800.0,480000.0,3628000.0
38SMB_01293_r7200_c7920,7200,7920,479200.0,3624800.0,482400.0,3628000.0
38SMB_01294_r7200_c8160,7200,8160,481600.0,3624800.0,484800.0,3628000.0
38SMB_01295_r7200_c8400,7200,8400,484000.0,3624800.0,487200.0,3628000.0
38SMB_01296_r7200_c8640,7200,8640,486400.0,3624800.0,489600.0,3628000.0
38SMB_01297_r7200_c8880,7200,8880,488800.0,3624800.0,492000.0,3628000.0
38SMB_01298_r7200_c9120,7200,9120,491200.0,3624800.0,494400.0,3628000.0
38SMB_01299_r7200_c9360,7200,9360,493600.0,3624800.0,496800.0,3628000.0
38SMB_01300_r7200_c9600,7200,9600,496000.0,3624800.0,499200.0,3628000.0
38SMB_01301_r7200_c9680,7200,9680,496800.0,3624800.0,500000.0,3628000.0
38SMB_01302_r7440_c0,7440,0,400000.0,3622400.0,403200.0,3625600.0
38SMB_01303_r7440_c240,7440,240,402400.0,3622400.0,405600.0,3625600.0
38SMB_01304_r7440_c480,7440,480,404800.0,3622400.0,408000.0,3625600.0
38SMB_01305_r7440_c720,7440,720,407200.0,3622400.0,410400.0,3625600.0
38SMB_01306_r7440_c960,7440,960,409600.0,3622400.0,412800.0,3625600.0
38SMB_01307_r7440_c1200,7440,1200,412000.0,3622400.0,415200.0,3625600.0
38SMB_01308_r7440_c1440,7440,1440,414400.0,3622400.0,417600.0,3625600.0
38SMB_01309_r7440_c1680,7440,1680,416800.0,3622400.0,420000.0,3625600.0
38SMB_01310_r7440_c1920,7440,1920,419200.0,3622400.0,422400.0,3625600.0
38SMB_01311_r7440_c2160,7440,2160,421600.0,3622400.0,424800.0,3625600.0
38SMB_01312_r7440_c2400,7440,2400,424000.0,3622400.0,427200.0,3625600.0
38SMB_01313_r7440_c2640,7440,2640,426400.0,3622400.0,429600.0,3625600.0
38SMB_01314_r7440_c2880,7440,2880,428800.0,3622400.0,432000.0,3625600.0
38SMB_01315_r7440_c3120,7440,3120,431200.0,3622400.0,434400.0,3625600.0
38SMB_01316_r7440_c3360,7440,3360,433600.0,3622400.0,436800.0,3625600.0
38SMB_01317_r7440_c3600,7440,3600,436000.0,3622400.0,439200.0,3625600.0
38SMB_01318_r7440_c3840,7440,3840,438400.0,3622400.0,441600.0,3625600.0
38SMB_01319_r7440_c4080,7440,4080,440800.0,3622400.0,444000.0,3625600.0
38SMB_01320_r7440_c4320,7440,4320,443200.0,3622400.0,446400.0,3625600.0
38SMB_01321_r7440_c4560,7440,4560,445600.0,3622400.0,448800.0,3625600.0
38SMB_01322_r7440_c4800,7440,4800,448000.0,3622400.0,451200.0,3625600.0
38SMB_01323_r7440_c5040,7440,5040,450400.0,3622400.0,453600.0,3625600.0
38SMB_01324_r7440_c5280,7440,5280,452800.0,3622400.0,456000.0,3625600.0
38SMB_01325_r7440_c5520,7440,5520,455200.0,3622400.0,458400.0,3625600.0
38SMB_01326_r7440_c5760,7440,5760,457600.0,3622400.0,460800.0,3625600.0
38SMB_01327_r7440_c6000,7440,6000,460000.0,3622400.0,463200.0,3625600.0
38SMB_01328_r7440_c6240,7440,6240,462400.0,3622400.0,465600.0,3625600.0
38SMB_01329_r7440_c6480,7440,6480,464800.0,3622400.0,468000.0,3625600.0
38SMB_01330_r7440_c6720,7440,6720,467200.0,3622400.0,470400.0,3625600.0
38SMB_01331_r7440_c6960,7440,6960,469600.0,3622400.0,472800.0,3625600.0
38SMB_01332_r7440_c7200,7440,7200,472000.0,3622400.0,475200.0,3625600.0
38SMB_01333_r7440_c7440,7440,7440,474400.0,3622400.0,477600.0,3625600.0
38SMB_01334_r7440_c7680,7440,7680,476800.0,3622400.0,480000.0,3625600.0
38SMB_01335_r7440_c7920,7440,7920,479200.0,3622400.0,482400.0,3625600.0
38SMB_01336_r7440_c8160,7440,8160,481600.0,3622400.0,484800.0,3625600.0
38SMB_01337_r7440_c8400,7440,8400,484000.0,3622400.0,487200.0,3625600.0
38SMB_01338_r7440_c8640,7440,8640,486400.0,3622400.0,489600.0,3625600.0
38SMB_01339_r7440_c8880,7440,8880,488800.0,3622400.0,492000.0,3625600.0
38SMB_01340_r7440_c9120,7440,9120,491200.0,3622400.0,494400.0,3625600.0
38SMB_01341_r7440_c9360,7440,9360,493600.0,3622400.0,496800.0,3625600.0
38SMB_01342_r7440_c9600,7440,9600,496000.0,3622400.0,499200.0,3625600.0
38SMB_01343_r7440_c9680,7440,9680,496800.0,3622400.0,500000.0,3625600.0
38SMB_01344_r7680_c0,7680,0,400000.0,3620000.0,403200.0,3623200.0
38SMB_01345_r7680_c240,7680,240,402400.0,3620000.0,405600.0,3623200.0
38SMB_01346_r7680_c480,7680,480,404800.0,3620000.0,408000.0,3623200.0
38SMB_01347_r7680_c720,7680,720,407200.0,3620000.0,410400.0,3623200.0
38SMB_01348_r7680_c960,7680,960,409600.0,3620000.0,412800.0,3623200.0
38SMB_01349_r7680_c1200,7680,1200,412000.0,3620000.0,415200.0,3623200.0
38SMB_01350_r7680_c1440,7680,1440,414400.0,3620000.0,417600.0,3623200.0
38SMB_01351_r7680_c1680,7680,1680,416800.0,3620000.0,420000.0,3623200.0
38SMB_01352_r7680_c1920,7680,1920,419200.0,3620000.0,422400.0,3623200.0
38SMB_01353_r7680_c2160,7680,2160,421600.0,3620000.0,424800.0,3623200.0
38SMB_01354_r7680_c2400,7680,2400,424000.0,3620000.0,427200.0,3623200.0
38SMB_01355_r7680_c2640,7680,2640,426400.0,3620000.0,429600.0,3623200.0
38SMB_01356_r7680_c2880,7680,2880,428800.0,3620000.0,432000.0,3623200.0
38SMB_01357_r7680_c3120,7680,3120,431200.0,3620000.0,434400.0,3623200.0
38SMB_01358_r7680_c3360,7680,3360,433600.0,3620000.0,436800.0,3623200.0
38SMB_01359_r7680_c3600,7680,3600,436000.0,3620000.0,439200.0,3623200.0
38SMB_01360_r7680_c3840,7680,3840,438400.0,3620000.0,441600.0,3623200.0
38SMB_01361_r7680_c4080,7680,4080,440800.0,3620000.0,444000.0,3623200.0
38SMB_01362_r7680_c4320,7680,4320,443200.0,3620000.0,446400.0,3623200.0
38SMB_01363_r7680_c4560,7680,4560,445600.0,3620000.0,448800.0,3623200.0
38SMB_01364_r7680_c4800,7680,4800,448000.0,3620000.0,451200.0,3623200.0
38SMB_01365_r7680_c5040,7680,5040,450400.0,3620000.0,453600.0,3623200.0
38SMB_01366_r7680_c5280,7680,5280,452800.0,3620000.0,456000.0,3623200.0
38SMB_01367_r7680_c5520,7680,5520,455200.0,3620000.0,458400.0,3623200.0
38SMB_01368_r7680_c5760,7680,5760,457600.0,3620000.0,460800.0,3623200.0
38SMB_01369_r7680_c6000,7680,6000,460000.0,3620000.0,463200.0,3623200.0
38SMB_01370_r7680_c6240,7680,6240,462400.0,3620000.0,465600.0,3623200.0
38SMB_01371_r7680_c6480,7680,6480,464800.0,3620000.0,468000.0,3623200.0
38SMB_01372_r7680_c6720,7680,6720,467200.0,3620000.0,470400.0,3623200.0
38SMB_01373_r7680_c6960,7680,6960,469600.0,3620000.0,472800.0,3623200.0
38SMB_01374_r7680_c7200,7680,7200,472000.0,3620000.0,475200.0,3623200.0
38SMB_01375_r7680_c7440,7680,7440,474400.0,3620000.0,477600.0,3623200.0
38SMB_01376_r7680_c7680,7680,7680,476800.0,3620000.0,480000.0,3623200.0
38SMB_01377_r7680_c7920,7680,7920,479200.0,3620000.0,482400.0,3623200.0
38SMB_01378_r7680_c8160,7680,8160,481600.0,3620000.0,484800.0,3623200.0
38SMB_01379_r7680_c8400,7680,8400,484000.0,3620000.0,487200.0,3623200.0
38SMB_01380_r7680_c8640,7680,8640,486400.0,3620000.0,489600.0,3623200.0
38SMB_01381_r7680_c8880,7680,8880,488800.0,3620000.0,492000.0,3623200.0
38SMB_01382_r7680_c9120,7680,9120,491200.0,3620000.0,494400.0,3623200.0
38SMB_01383_r7680_c9360,7680,9360,493600.0,3620000.0,496800.0,3623200.0
38SMB_01384_r7680_c9600,7680,9600,496000.0,3620000.0,499200.0,3623200.0
38SMB_01385_r7680_c9680,7680,9680,496800.0,3620000.0,500000.0,3623200.0
38SMB_01386_r7920_c0,7920,0,400000.0,3617600.0,403200.0,3620800.0
38SMB_01387_r7920_c240,7920,240,402400.0,3617600.0,405600.0,3620800.0
38SMB_01388_r7920_c480,7920,480,404800.0,3617600.0,408000.0,3620800.0
38SMB_01389_r7920_c720,7920,720,407200.0,3617600.0,410400.0,3620800.0
38SMB_01390_r7920_c960,7920,960,409600.0,3617600.0,412800.0,3620800.0
38SMB_01391_r7920_c1200,7920,1200,412000.0,3617600.0,415200.0,3620800.0
38SMB_01392_r7920_c1440,7920,1440,414400.0,3617600.0,417600.0,3620800.0
38SMB_01393_r7920_c1680,7920,1680,416800.0,3617600.0,420000.0,3620800.0
38SMB_01394_r7920_c1920,7920,1920,419200.0,3617600.0,422400.0,3620800.0
38SMB_01395_r7920_c2160,7920,2160,421600.0,3617600.0,424800.0,3620800.0
38SMB_01396_r7920_c2400,7920,2400,424000.0,3617600.0,427200.0,3620800.0
38SMB_01397_r7920_c2640,7920,2640,426400.0,3617600.0,429600.0,3620800.0
38SMB_01398_r7920_c2880,7920,2880,428800.0,3617600.0,432000.0,3620800.0
38SMB_01399_r7920_c3120,7920,3120,431200.0,3617600.0,434400.0,3620800.0
38SMB_01400_r7920_c3360,7920,3360,433600.0,3617600.0,436800.0,3620800.0
38SMB_01401_r7920_c3600,7920,3600,436000.0,3617600.0,439200.0,3620800.0
38SMB_01402_r7920_c3840,7920,3840,438400.0,3617600.0,441600.0,3620800.0
38SMB_01403_r7920_c4080,7920,4080,440800.0,3617600.0,444000.0,3620800.0
38SMB_01404_r7920_c4320,7920,4320,443200.0,3617600.0,446400.0,3620800.0
38SMB_01405_r7920_c4560,7920,4560,445600.0,3617600.0,448800.0,3620800.0
38SMB_01406_r7920_c4800,7920,4800,448000.0,3617600.0,451200.0,3620800.0
38SMB_01407_r7920_c5040,7920,5040,450400.0,3617600.0,453600.0,3620800.0
38SMB_01408_r7920_c5280,7920,5280,452800.0,3617600.0,456000.0,3620800.0
38SMB_01409_r7920_c5520,7920,5520,455200.0,3617600.0,458400.0,3620800.0
38SMB_01410_r7920_c5760,7920,5760,457600.0,3617600.0,460800.0,3620800.0
38SMB_01411_r7920_c6000,7920,6000,460000.0,3617600.0,463200.0,3620800.0
38SMB_01412_r7920_c6240,7920,6240,462400.0,3617600.0,465600.0,3620800.0
38SMB_01413_r7920_c6480,7920,6480,464800.0,3617600.0,468000.0,3620800.0
38SMB_01414_r7920_c6720,7920,6720,467200.0,3617600.0,470400.0,3620800.0
38SMB_01415_r7920_c6960,7920,6960,469600.0,3617600.0,472800.0,3620800.0
38SMB_01416_r7920_c7200,7920,7200,472000.0,3617600.0,475200.0,3620800.0
38SMB_01417_r7920_c7440,7920,7440,474400.0,3617600.0,477600.0,3620800.0
38SMB_01418_r7920_c7680,7920,7680,476800.0,3617600.0,480000.0,3620800.0
38SMB_01419_r7920_c7920,7920,7920,479200.0,3617600.0,482400.0,3620800.0
38SMB_01420_r7920_c8160,7920,8160,481600.0,3617600.0,484800.0,3620800.0
38SMB_01421_r7920_c8400,7920,8400,484000.0,3617600.0,487200.0,3620800.0
38SMB_01422_r7920_c8640,7920,8640,486400.0,3617600.0,489600.0,3620800.0
38SMB_01423_r7920_c8880,7920,8880,488800.0,3617600.0,492000.0,3620800.0
38SMB_01424_r7920_c9120,7920,9120,491200.0,3617600.0,494400.0,3620800.0
38SMB_01425_r7920_c9360,7920,9360,493600.0,3617600.0,496800.0,3620800.0
38SMB_01426_r7920_c9600,7920,9600,496000.0,3617600.0,499200.0,3620800.0
38SMB_01427_r7920_c9680,7920,9680,496800.0,3617600.0,500000.0,3620800.0
38SMB_01428_r8160_c0,8160,0,400000.0,3615200.0,403200.0,3618400.0
38SMB_01429_r8160_c240,8160,240,402400.0,3615200.0,405600.0,3618400.0
38SMB_01430_r8160_c480,8160,480,404800.0,3615200.0,408000.0,3618400.0
38SMB_01431_r8160_c720,8160,720,407200.0,3615200.0,410400.0,3618400.0
38SMB_01432_r8160_c960,8160,960,409600.0,3615200.0,412800.0,3618400.0
38SMB_01433_r8160_c1200,8160,1200,412000.0,3615200.0,415200.0,3618400.0
38SMB_01434_r8160_c1440,8160,1440,414400.0,3615200.0,417600.0,3618400.0
38SMB_01435_r8160_c1680,8160,1680,416800.0,3615200.0,420000.0,3618400.0
38SMB_01436_r8160_c1920,8160,1920,419200.0,3615200.0,422400.0,3618400.0
38SMB_01437_r8160_c2160,8160,2160,421600.0,3615200.0,424800.0,3618400.0
38SMB_01438_r8160_c2400,8160,2400,424000.0,3615200.0,427200.0,3618400.0
38SMB_01439_r8160_c2640,8160,2640,426400.0,3615200.0,429600.0,3618400.0
38SMB_01440_r8160_c2880,8160,2880,428800.0,3615200.0,432000.0,3618400.0
38SMB_01441_r8160_c3120,8160,3120,431200.0,3615200.0,434400.0,3618400.0
38SMB_01442_r8160_c3360,8160,3360,433600.0,3615200.0,436800.0,3618400.0
38SMB_01443_r8160_c3600,8160,3600,436000.0,3615200.0,439200.0,3618400.0
38SMB_01444_r8160_c3840,8160,3840,438400.0,3615200.0,441600.0,3618400.0
38SMB_01445_r8160_c4080,8160,4080,440800.0,3615200.0,444000.0,3618400.0
38SMB_01446_r8160_c4320,8160,4320,443200.0,3615200.0,446400.0,3618400.0
38SMB_01447_r8160_c4560,8160,4560,445600.0,3615200.0,448800.0,3618400.0
38SMB_01448_r8160_c4800,8160,4800,448000.0,3615200.0,451200.0,3618400.0
38SMB_01449_r8160_c5040,8160,5040,450400.0,3615200.0,453600.0,3618400.0
38SMB_01450_r8160_c5280,8160,5280,452800.0,3615200.0,456000.0,3618400.0
38SMB_01451_r8160_c5520,8160,5520,455200.0,3615200.0,458400.0,3618400.0
38SMB_01452_r8160_c5760,8160,5760,457600.0,3615200.0,460800.0,3618400.0
38SMB_01453_r8160_c6000,8160,6000,460000.0,3615200.0,463200.0,3618400.0
38SMB_01454_r8160_c6240,8160,6240,462400.0,3615200.0,465600.0,3618400.0
38SMB_01455_r8160_c6480,8160,6480,464800.0,3615200.0,468000.0,3618400.0
38SMB_01456_r8160_c6720,8160,6720,467200.0,3615200.0,470400.0,3618400.0
38SMB_01457_r8160_c6960,8160,6960,469600.0,3615200.0,472800.0,3618400.0
38SMB_01458_r8160_c7200,8160,7200,472000.0,3615200.0,475200.0,3618400.0
38SMB_01459_r8160_c7440,8160,7440,474400.0,3615200.0,477600.0,3618400.0
38SMB_01460_r8160_c7680,8160,7680,476800.0,3615200.0,480000.0,3618400.0
38SMB_01461_r8160_c7920,8160,7920,479200.0,3615200.0,482400.0,3618400.0
38SMB_01462_r8160_c8160,8160,8160,481600.0,3615200.0,484800.0,3618400.0
38SMB_01463_r8160_c8400,8160,8400,484000.0,3615200.0,487200.0,3618400.0
38SMB_01464_r8160_c8640,8160,8640,486400.0,3615200.0,489600.0,3618400.0
38SMB_01465_r8160_c8880,8160,8880,488800.0,3615200.0,492000.0,3618400.0
38SMB_01466_r8160_c9120,8160,9120,491200.0,3615200.0,494400.0,3618400.0
38SMB_01467_r8160_c9360,8160,9360,493600.0,3615200.0,496800.0,3618400.0
38SMB_01468_r8160_c9600,8160,9600,496000.0,3615200.0,499200.0,3618400.0
38SMB_01469_r8160_c9680,8160,9680,496800.0,3615200.0,500000.0,3618400.0
38SMB_01470_r8400_c0,8400,0,400000.0,3612800.0,403200.0,3616000.0
38SMB_01471_r8400_c240,8400,240,402400.0,3612800.0,405600.0,3616000.0
38SMB_01472_r8400_c480,8400,480,404800.0,3612800.0,408000.0,3616000.0
38SMB_01473_r8400_c720,8400,720,407200.0,3612800.0,410400.0,3616000.0
38SMB_01474_r8400_c960,8400,960,409600.0,3612800.0,412800.0,3616000.0
38SMB_01475_r8400_c1200,8400,1200,412000.0,3612800.0,415200.0,3616000.0
38SMB_01476_r8400_c1440,8400,1440,414400.0,3612800.0,417600.0,3616000.0
38SMB_01477_r8400_c1680,8400,1680,416800.0,3612800.0,420000.0,3616000.0
38SMB_01478_r8400_c1920,8400,1920,419200.0,3612800.0,422400.0,3616000.0
38SMB_01479_r8400_c2160,8400,2160,421600.0,3612800.0,424800.0,3616000.0
38SMB_01480_r8400_c2400,8400,2400,424000.0,3612800.0,427200.0,3616000.0
38SMB_01481_r8400_c2640,8400,2640,426400.0,3612800.0,429600.0,3616000.0
38SMB_01482_r8400_c2880,8400,2880,428800.0,3612800.0,432000.0,3616000.0
38SMB_01483_r8400_c3120,8400,3120,431200.0,3612800.0,434400.0,3616000.0
38SMB_01484_r8400_c3360,8400,3360,433600.0,3612800.0,436800.0,3616000.0
38SMB_01485_r8400_c3600,8400,3600,436000.0,3612800.0,439200.0,3616000.0
38SMB_01486_r8400_c3840,8400,3840,438400.0,3612800.0,441600.0,3616000.0
38SMB_01487_r8400_c4080,8400,4080,440800.0,3612800.0,444000.0,3616000.0
38SMB_01488_r8400_c4320,8400,4320,443200.0,3612800.0,446400.0,3616000.0
38SMB_01489_r8400_c4560,8400,4560,445600.0,3612800.0,448800.0,3616000.0
38SMB_01490_r8400_c4800,8400,4800,448000.0,3612800.0,451200.0,3616000.0
38SMB_01491_r8400_c5040,8400,5040,450400.0,3612800.0,453600.0,3616000.0
38SMB_01492_r8400_c5280,8400,5280,452800.0,3612800.0,456000.0,3616000.0
38SMB_01493_r8400_c5520,8400,5520,455200.0,3612800.0,458400.0,3616000.0
38SMB_01494_r8400_c5760,8400,5760,457600.0,3612800.0,460800.0,3616000.0
38SMB_01495_r8400_c6000,8400,6000,460000.0,3612800.0,463200.0,3616000.0
38SMB_01496_r8400_c6240,8400,6240,462400.0,3612800.0,465600.0,3616000.0
38SMB_01497_r8400_c6480,8400,6480,464800.0,3612800.0,468000.0,3616000.0
38SMB_01498_r8400_c6720,8400,6720,467200.0,3612800.0,470400.0,3616000.0
38SMB_01499_r8400_c6960,8400,6960,469600.0,3612800.0,472800.0,3616000.0
38SMB_01500_r8400_c7200,8400,7200,472000.0,3612800.0,475200.0,3616000.0
38SMB_01501_r8400_c7440,8400,7440,474400.0,3612800.0,477600.0,3616000.0
38SMB_01502_r8400_c7680,8400,7680,476800.0,3612800.0,480000.0,3616000.0
38SMB_01503_r8400_c7920,8400,7920,479200.0,3612800.0,482400.0,3616000.0
38SMB_01504_r8400_c8160,8400,8160,481600.0,3612800.0,484800.0,3616000.0
38SMB_01505_r8400_c8400,8400,8400,484000.0,3612800.0,487200.0,3616000.0
38SMB_01506_r8400_c8640,8400,8640,486400.0,3612800.0,489600.0,3616000.0
38SMB_01507_r8400_c8880,8400,8880,488800.0,3612800.0,492000.0,3616000.0
38SMB_01508_r8400_c9120,8400,9120,491200.0,3612800.0,494400.0,3616000.0
38SMB_01509_r8400_c9360,8400,9360,493600.0,3612800.0,496800.0,3616000.0
38SMB_01510_r8400_c9600,8400,9600,496000.0,3612800.0,499200.0,3616000.0
38SMB_01511_r8400_c9680,8400,9680,496800.0,3612800.0,500000.0,3616000.0
38SMB_01512_r8640_c0,8640,0,400000.0,3610400.0,403200.0,3613600.0
38SMB_01513_r8640_c240,8640,240,402400.0,3610400.0,405600.0,3613600.0
38SMB_01514_r8640_c480,8640,480,404800.0,3610400.0,408000.0,3613600.0
38SMB_01515_r8640_c720,8640,720,407200.0,3610400.0,410400.0,3613600.0
38SMB_01516_r8640_c960,8640,960,409600.0,3610400.0,412800.0,3613600.0
38SMB_01517_r8640_c1200,8640,1200,412000.0,3610400.0,415200.0,3613600.0
38SMB_01518_r8640_c1440,8640,1440,414400.0,3610400.0,417600.0,3613600.0
38SMB_01519_r8640_c1680,8640,1680,416800.0,3610400.0,420000.0,3613600.0
38SMB_01520_r8640_c1920,8640,1920,419200.0,3610400.0,422400.0,3613600.0
38SMB_01521_r8640_c2160,8640,2160,421600.0,3610400.0,424800.0,3613600.0
38SMB_01522_r8640_c2400,8640,2400,424000.0,3610400.0,427200.0,3613600.0
38SMB_01523_r8640_c2640,8640,2640,426400.0,3610400.0,429600.0,3613600.0
38SMB_01524_r8640_c2880,8640,2880,428800.0,3610400.0,432000.0,3613600.0
38SMB_01525_r8640_c3120,8640,3120,431200.0,3610400.0,434400.0,3613600.0
38SMB_01526_r8640_c3360,8640,3360,433600.0,3610400.0,436800.0,3613600.0
38SMB_01527_r8640_c3600,8640,3600,436000.0,3610400.0,439200.0,3613600.0
38SMB_01528_r8640_c3840,8640,3840,438400.0,3610400.0,441600.0,3613600.0
38SMB_01529_r8640_c4080,8640,4080,440800.0,3610400.0,444000.0,3613600.0
38SMB_01530_r8640_c4320,8640,4320,443200.0,3610400.0,446400.0,3613600.0
38SMB_01531_r8640_c4560,8640,4560,445600.0,3610400.0,448800.0,3613600.0
38SMB_01532_r8640_c4800,8640,4800,448000.0,3610400.0,451200.0,3613600.0
38SMB_01533_r8640_c5040,8640,5040,450400.0,3610400.0,453600.0,3613600.0
38SMB_01534_r8640_c5280,8640,5280,452800.0,3610400.0,456000.0,3613600.0
38SMB_01535_r8640_c5520,8640,5520,455200.0,3610400.0,458400.0,3613600.0
38SMB_01536_r8640_c5760,8640,5760,457600.0,3610400.0,460800.0,3613600.0
38SMB_01537_r8640_c6000,8640,6000,460000.0,3610400.0,463200.0,3613600.0
38SMB_01538_r8640_c6240,8640,6240,462400.0,3610400.0,465600.0,3613600.0
38SMB_01539_r8640_c6480,8640,6480,464800.0,3610400.0,468000.0,3613600.0
38SMB_01540_r8640_c6720,8640,6720,467200.0,3610400.0,470400.0,3613600.0
38SMB_01541_r8640_c6960,8640,6960,469600.0,3610400.0,472800.0,3613600.0
38SMB_01542_r8640_c7200,8640,7200,472000.0,3610400.0,475200.0,3613600.0
38SMB_01543_r8640_c7440,8640,7440,474400.0,3610400.0,477600.0,3613600.0
38SMB_01544_r8640_c7680,8640,7680,476800.0,3610400.0,480000.0,3613600.0
38SMB_01545_r8640_c7920,8640,7920,479200.0,3610400.0,482400.0,3613600.0
38SMB_01546_r8640_c8160,8640,8160,481600.0,3610400.0,484800.0,3613600.0
38SMB_01547_r8640_c8400,8640,8400,484000.0,3610400.0,487200.0,3613600.0
38SMB_01548_r8640_c8640,8640,8640,486400.0,3610400.0,489600.0,3613600.0
38SMB_01549_r8640_c8880,8640,8880,488800.0,3610400.0,492000.0,3613600.0
38SMB_01550_r8640_c9120,8640,9120,491200.0,3610400.0,494400.0,3613600.0
38SMB_01551_r8640_c9360,8640,9360,493600.0,3610400.0,496800.0,3613600.0
38SMB_01552_r8640_c9600,8640,9600,496000.0,3610400.0,499200.0,3613600.0
38SMB_01553_r8640_c9680,8640,9680,496800.0,3610400.0,500000.0,3613600.0
38SMB_01554_r8880_c0,8880,0,400000.0,3608000.0,403200.0,3611200.0
38SMB_01555_r8880_c240,8880,240,402400.0,3608000.0,405600.0,3611200.0
38SMB_01556_r8880_c480,8880,480,404800.0,3608000.0,408000.0,3611200.0
38SMB_01557_r8880_c720,8880,720,407200.0,3608000.0,410400.0,3611200.0
38SMB_01558_r8880_c960,8880,960,409600.0,3608000.0,412800.0,3611200.0
38SMB_01559_r8880_c1200,8880,1200,412000.0,3608000.0,415200.0,3611200.0
38SMB_01560_r8880_c1440,8880,1440,414400.0,3608000.0,417600.0,3611200.0
38SMB_01561_r8880_c1680,8880,1680,416800.0,3608000.0,420000.0,3611200.0
38SMB_01562_r8880_c1920,8880,1920,419200.0,3608000.0,422400.0,3611200.0
38SMB_01563_r8880_c2160,8880,2160,421600.0,3608000.0,424800.0,3611200.0
38SMB_01564_r8880_c2400,8880,2400,424000.0,3608000.0,427200.0,3611200.0
38SMB_01565_r8880_c2640,8880,2640,426400.0,3608000.0,429600.0,3611200.0
38SMB_01566_r8880_c2880,8880,2880,428800.0,3608000.0,432000.0,3611200.0
38SMB_01567_r8880_c3120,8880,3120,431200.0,3608000.0,434400.0,3611200.0
38SMB_01568_r8880_c3360,8880,3360,433600.0,3608000.0,436800.0,3611200.0
38SMB_01569_r8880_c3600,8880,3600,436000.0,3608000.0,439200.0,3611200.0
38SMB_01570_r8880_c3840,8880,3840,438400.0,3608000.0,441600.0,3611200.0
38SMB_01571_r8880_c4080,8880,4080,440800.0,3608000.0,444000.0,3611200.0
38SMB_01572_r8880_c4320,8880,4320,443200.0,3608000.0,446400.0,3611200.0
38SMB_01573_r8880_c4560,8880,4560,445600.0,3608000.0,448800.0,3611200.0
38SMB_01574_r8880_c4800,8880,4800,448000.0,3608000.0,451200.0,3611200.0
38SMB_01575_r8880_c5040,8880,5040,450400.0,3608000.0,453600.0,3611200.0
38SMB_01576_r8880_c5280,8880,5280,452800.0,3608000.0,456000.0,3611200.0
38SMB_01577_r8880_c5520,8880,5520,455200.0,3608000.0,458400.0,3611200.0
38SMB_01578_r8880_c5760,8880,5760,457600.0,3608000.0,460800.0,3611200.0
38SMB_01579_r8880_c6000,8880,6000,460000.0,3608000.0,463200.0,3611200.0
38SMB_01580_r8880_c6240,8880,6240,462400.0,3608000.0,465600.0,3611200.0
38SMB_01581_r8880_c6480,8880,6480,464800.0,3608000.0,468000.0,3611200.0
38SMB_01582_r8880_c6720,8880,6720,467200.0,3608000.0,470400.0,3611200.0
38SMB_01583_r8880_c6960,8880,6960,469600.0,3608000.0,472800.0,3611200.0
38SMB_01584_r8880_c7200,8880,7200,472000.0,3608000.0,475200.0,3611200.0
38SMB_01585_r8880_c7440,8880,7440,474400.0,3608000.0,477600.0,3611200.0
38SMB_01586_r8880_c7680,8880,7680,476800.0,3608000.0,480000.0,3611200.0
38SMB_01587_r8880_c7920,8880,7920,479200.0,3608000.0,482400.0,3611200.0
38SMB_01588_r8880_c8160,8880,8160,481600.0,3608000.0,484800.0,3611200.0
38SMB_01589_r8880_c8400,8880,8400,484000.0,3608000.0,487200.0,3611200.0
38SMB_01590_r8880_c8640,8880,8640,486400.0,3608000.0,489600.0,3611200.0
38SMB_01591_r8880_c8880,8880,8880,488800.0,3608000.0,492000.0,3611200.0
38SMB_01592_r8880_c9120,8880,9120,491200.0,3608000.0,494400.0,3611200.0
38SMB_01593_r8880_c9360,8880,9360,493600.0,3608000.0,496800.0,3611200.0
38SMB_01594_r8880_c9600,8880,9600,496000.0,3608000.0,499200.0,3611200.0
38SMB_01595_r8880_c9680,8880,9680,496800.0,3608000.0,500000.0,3611200.0
38SMB_01596_r9120_c0,9120,0,400000.0,3605600.0,403200.0,3608800.0
38SMB_01597_r9120_c240,9120,240,402400.0,3605600.0,405600.0,3608800.0
38SMB_01598_r9120_c480,9120,480,404800.0,3605600.0,408000.0,3608800.0
38SMB_01599_r9120_c720,9120,720,407200.0,3605600.0,410400.0,3608800.0
38SMB_01600_r9120_c960,9120,960,409600.0,3605600.0,412800.0,3608800.0
38SMB_01601_r9120_c1200,9120,1200,412000.0,3605600.0,415200.0,3608800.0
38SMB_01602_r9120_c1440,9120,1440,414400.0,3605600.0,417600.0,3608800.0
38SMB_01603_r9120_c1680,9120,1680,416800.0,3605600.0,420000.0,3608800.0
38SMB_01604_r9120_c1920,9120,1920,419200.0,3605600.0,422400.0,3608800.0
38SMB_01605_r9120_c2160,9120,2160,421600.0,3605600.0,424800.0,3608800.0
38SMB_01606_r9120_c2400,9120,2400,424000.0,3605600.0,427200.0,3608800.0
38SMB_01607_r9120_c2640,9120,2640,426400.0,3605600.0,429600.0,3608800.0
38SMB_01608_r9120_c2880,9120,2880,428800.0,3605600.0,432000.0,3608800.0
38SMB_01609_r9120_c3120,9120,3120,431200.0,3605600.0,434400.0,3608800.0
38SMB_01610_r9120_c3360,9120,3360,433600.0,3605600.0,436800.0,3608800.0
38SMB_01611_r9120_c3600,9120,3600,436000.0,3605600.0,439200.0,3608800.0
38SMB_01612_r9120_c3840,9120,3840,438400.0,3605600.0,441600.0,3608800.0
38SMB_01613_r9120_c4080,9120,4080,440800.0,3605600.0,444000.0,3608800.0
38SMB_01614_r9120_c4320,9120,4320,443200.0,3605600.0,446400.0,3608800.0
38SMB_01615_r9120_c4560,9120,4560,445600.0,3605600.0,448800.0,3608800.0
38SMB_01616_r9120_c4800,9120,4800,448000.0,3605600.0,451200.0,3608800.0
38SMB_01617_r9120_c5040,9120,5040,450400.0,3605600.0,453600.0,3608800.0
38SMB_01618_r9120_c5280,9120,5280,452800.0,3605600.0,456000.0,3608800.0
38SMB_01619_r9120_c5520,9120,5520,455200.0,3605600.0,458400.0,3608800.0
38SMB_01620_r9120_c5760,9120,5760,457600.0,3605600.0,460800.0,3608800.0
38SMB_01621_r9120_c6000,9120,6000,460000.0,3605600.0,463200.0,3608800.0
38SMB_01622_r9120_c6240,9120,6240,462400.0,3605600.0,465600.0,3608800.0
38SMB_01623_r9120_c6480,9120,6480,464800.0,3605600.0,468000.0,3608800.0
38SMB_01624_r9120_c6720,9120,6720,467200.0,3605600.0,470400.0,3608800.0
38SMB_01625_r9120_c6960,9120,6960,469600.0,3605600.0,472800.0,3608800.0
38SMB_01626_r9120_c7200,9120,7200,472000.0,3605600.0,475200.0,3608800.0
38SMB_01627_r9120_c7440,9120,7440,474400.0,3605600.0,477600.0,3608800.0
38SMB_01628_r9120_c7680,9120,7680,476800.0,3605600.0,480000.0,3608800.0
38SMB_01629_r9120_c7920,9120,7920,479200.0,3605600.0,482400.0,3608800.0
38SMB_01630_r9120_c8160,9120,8160,481600.0,3605600.0,484800.0,3608800.0
38SMB_01631_r9120_c8400,9120,8400,484000.0,3605600.0,487200.0,3608800.0
38SMB_01632_r9120_c8640,9120,8640,486400.0,3605600.0,489600.0,3608800.0
38SMB_01633_r9120_c8880,9120,8880,488800.0,3605600.0,492000.0,3608800.0
38SMB_01634_r9120_c9120,9120,9120,491200.0,3605600.0,494400.0,3608800.0
38SMB_01635_r9120_c9360,9120,9360,493600.0,3605600.0,496800.0,3608800.0
38SMB_01636_r9120_c9600,9120,9600,496000.0,3605600.0,499200.0,3608800.0
38SMB_01637_r9120_c9680,9120,9680,496800.0,3605600.0,500000.0,3608800.0
38SMB_01638_r9360_c0,9360,0,400000.0,3603200.0,403200.0,3606400.0
38SMB_01639_r9360_c240,9360,240,402400.0,3603200.0,405600.0,3606400.0
38SMB_01640_r9360_c480,9360,480,404800.0,3603200.0,408000.0,3606400.0
38SMB_01641_r9360_c720,9360,720,407200.0,3603200.0,410400.0,3606400.0
38SMB_01642_r9360_c960,9360,960,409600.0,3603200.0,412800.0,3606400.0
38SMB_01643_r9360_c1200,9360,1200,412000.0,3603200.0,415200.0,3606400.0
38SMB_01644_r9360_c1440,9360,1440,414400.0,3603200.0,417600.0,3606400.0
38SMB_01645_r9360_c1680,9360,1680,416800.0,3603200.0,420000.0,3606400.0
38SMB_01646_r9360_c1920,9360,1920,419200.0,3603200.0,422400.0,3606400.0
38SMB_01647_r9360_c2160,9360,2160,421600.0,3603200.0,424800.0,3606400.0
38SMB_01648_r9360_c2400,9360,2400,424000.0,3603200.0,427200.0,3606400.0
38SMB_01649_r9360_c2640,9360,2640,426400.0,3603200.0,429600.0,3606400.0
38SMB_01650_r9360_c2880,9360,2880,428800.0,3603200.0,432000.0,3606400.0
38SMB_01651_r9360_c3120,9360,3120,431200.0,3603200.0,434400.0,3606400.0
38SMB_01652_r9360_c3360,9360,3360,433600.0,3603200.0,436800.0,3606400.0
38SMB_01653_r9360_c3600,9360,3600,436000.0,3603200.0,439200.0,3606400.0
38SMB_01654_r9360_c3840,9360,3840,438400.0,3603200.0,441600.0,3606400.0
38SMB_01655_r9360_c4080,9360,4080,440800.0,3603200.0,444000.0,3606400.0
38SMB_01656_r9360_c4320,9360,4320,443200.0,3603200.0,446400.0,3606400.0
38SMB_01657_r9360_c4560,9360,4560,445600.0,3603200.0,448800.0,3606400.0
38SMB_01658_r9360_c4800,9360,4800,448000.0,3603200.0,451200.0,3606400.0
38SMB_01659_r9360_c5040,9360,5040,450400.0,3603200.0,453600.0,3606400.0
38SMB_01660_r9360_c5280,9360,5280,452800.0,3603200.0,456000.0,3606400.0
38SMB_01661_r9360_c5520,9360,5520,455200.0,3603200.0,458400.0,3606400.0
38SMB_01662_r9360_c5760,9360,5760,457600.0,3603200.0,460800.0,3606400.0
38SMB_01663_r9360_c6000,9360,6000,460000.0,3603200.0,463200.0,3606400.0
38SMB_01664_r9360_c6240,9360,6240,462400.0,3603200.0,465600.0,3606400.0
38SMB_01665_r9360_c6480,9360,6480,464800.0,3603200.0,468000.0,3606400.0
38SMB_01666_r9360_c6720,9360,6720,467200.0,3603200.0,470400.0,3606400.0
38SMB_01667_r9360_c6960,9360,6960,469600.0,3603200.0,472800.0,3606400.0
38SMB_01668_r9360_c7200,9360,7200,472000.0,3603200.0,475200.0,3606400.0
38SMB_01669_r9360_c7440,9360,7440,474400.0,3603200.0,477600.0,3606400.0
38SMB_01670_r9360_c7680,9360,7680,476800.0,3603200.0,480000.0,3606400.0
38SMB_01671_r9360_c7920,9360,7920,479200.0,3603200.0,482400.0,3606400.0
38SMB_01672_r9360_c8160,9360,8160,481600.0,3603200.0,484800.0,3606400.0
38SMB_01673_r9360_c8400,9360,8400,484000.0,3603200.0,487200.0,3606400.0
38SMB_01674_r9360_c8640,9360,8640,486400.0,3603200.0,489600.0,3606400.0
38SMB_01675_r9360_c8880,9360,8880,488800.0,3603200.0,492000.0,3606400.0
38SMB_01676_r9360_c9120,9360,9120,491200.0,3603200.0,494400.0,3606400.0
38SMB_01677_r9360_c9360,9360,9360,493600.0,3603200.0,496800.0,3606400.0
38SMB_01678_r9360_c9600,9360,9600,496000.0,3603200.0,499200.0,3606400.0
38SMB_01679_r9360_c9680,9360,9680,496800.0,3603200.0,500000.0,3606400.0
38SMB_01680_r9600_c0,9600,0,400000.0,3600800.0,403200.0,3604000.0
38SMB_01681_r9600_c240,9600,240,402400.0,3600800.0,405600.0,3604000.0
38SMB_01682_r9600_c480,9600,480,404800.0,3600800.0,408000.0,3604000.0
38SMB_01683_r9600_c720,9600,720,407200.0,3600800.0,410400.0,3604000.0
38SMB_01684_r9600_c960,9600,960,409600.0,3600800.0,412800.0,3604000.0
38SMB_01685_r9600_c1200,9600,1200,412000.0,3600800.0,415200.0,3604000.0
38SMB_01686_r9600_c1440,9600,1440,414400.0,3600800.0,417600.0,3604000.0
38SMB_01687_r9600_c1680,9600,1680,416800.0,3600800.0,420000.0,3604000.0
38SMB_01688_r9600_c1920,9600,1920,419200.0,3600800.0,422400.0,3604000.0
38SMB_01689_r9600_c2160,9600,2160,421600.0,3600800.0,424800.0,3604000.0
38SMB_01690_r9600_c2400,9600,2400,424000.0,3600800.0,427200.0,3604000.0
38SMB_01691_r9600_c2640,9600,2640,426400.0,3600800.0,429600.0,3604000.0
38SMB_01692_r9600_c2880,9600,2880,428800.0,3600800.0,432000.0,3604000.0
38SMB_01693_r9600_c3120,9600,3120,431200.0,3600800.0,434400.0,3604000.0
38SMB_01694_r9600_c3360,9600,3360,433600.0,3600800.0,436800.0,3604000.0
38SMB_01695_r9600_c3600,9600,3600,436000.0,3600800.0,439200.0,3604000.0
38SMB_01696_r9600_c3840,9600,3840,438400.0,3600800.0,441600.0,3604000.0
38SMB_01697_r9600_c4080,9600,4080,440800.0,3600800.0,444000.0,3604000.0
38SMB_01698_r9600_c4320,9600,4320,443200.0,3600800.0,446400.0,3604000.0
38SMB_01699_r9600_c4560,9600,4560,445600.0,3600800.0,448800.0,3604000.0
38SMB_01700_r9600_c4800,9600,4800,448000.0,3600800.0,451200.0,3604000.0
38SMB_01701_r9600_c5040,9600,5040,450400.0,3600800.0,453600.0,3604000.0
38SMB_01702_r9600_c5280,9600,5280,452800.0,3600800.0,456000.0,3604000.0
38SMB_01703_r9600_c5520,9600,5520,455200.0,3600800.0,458400.0,3604000.0
38SMB_01704_r9600_c5760,9600,5760,457600.0,3600800.0,460800.0,3604000.0
38SMB_01705_r9600_c6000,9600,6000,460000.0,3600800.0,463200.0,3604000.0
38SMB_01706_r9600_c6240,9600,6240,462400.0,3600800.0,465600.0,3604000.0
38SMB_01707_r9600_c6480,9600,6480,464800.0,3600800.0,468000.0,3604000.0
38SMB_01708_r9600_c6720,9600,6720,467200.0,3600800.0,470400.0,3604000.0
38SMB_01709_r9600_c6960,9600,6960,469600.0,3600800.0,472800.0,3604000.0
38SMB_01710_r9600_c7200,9600,7200,472000.0,3600800.0,475200.0,3604000.0
38SMB_01711_r9600_c7440,9600,7440,474400.0,3600800.0,477600.0,3604000.0
38SMB_01712_r9600_c7680,9600,7680,476800.0,3600800.0,480000.0,3604000.0
38SMB_01713_r9600_c7920,9600,7920,479200.0,3600800.0,482400.0,3604000.0
38SMB_01714_r9600_c8160,9600,8160,481600.0,3600800.0,484800.0,3604000.0
38SMB_01715_r9600_c8400,9600,8400,484000.0,3600800.0,487200.0,3604000.0
38SMB_01716_r9600_c8640,9600,8640,486400.0,3600800.0,489600.0,3604000.0
38SMB_01717_r9600_c8880,9600,8880,488800.0,3600800.0,492000.0,3604000.0
38SMB_01718_r9600_c9120,9600,9120,491200.0,3600800.0,494400.0,3604000.0
38SMB_01719_r9600_c9360,9600,9360,493600.0,3600800.0,496800.0,3604000.0
38SMB_01720_r9600_c9600,9600,9600,496000.0,3600800.0,499200.0,3604000.0
38SMB_01721_r9600_c9680,9600,9680,496800.0,3600800.0,500000.0,3604000.0
38SMB_01722_r9680_c0,9680,0,400000.0,3600000.0,403200.0,3603200.0
38SMB_01723_r9680_c240,9680,240,402400.0,3600000.0,405600.0,3603200.0
38SMB_01724_r9680_c480,9680,480,404800.0,3600000.0,408000.0,3603200.0
38SMB_01725_r9680_c720,9680,720,407200.0,3600000.0,410400.0,3603200.0
38SMB_01726_r9680_c960,9680,960,409600.0,3600000.0,412800.0,3603200.0
38SMB_01727_r9680_c1200,9680,1200,412000.0,3600000.0,415200.0,3603200.0
38SMB_01728_r9680_c1440,9680,1440,414400.0,3600000.0,417600.0,3603200.0
38SMB_01729_r9680_c1680,9680,1680,416800.0,3600000.0,420000.0,3603200.0
38SMB_01730_r9680_c1920,9680,1920,419200.0,3600000.0,422400.0,3603200.0
38SMB_01731_r9680_c2160,9680,2160,421600.0,3600000.0,424800.0,3603200.0
38SMB_01732_r9680_c2400,9680,2400,424000.0,3600000.0,427200.0,3603200.0
38SMB_01733_r9680_c2640,9680,2640,426400.0,3600000.0,429600.0,3603200.0
38SMB_01734_r9680_c2880,9680,2880,428800.0,3600000.0,432000.0,3603200.0
38SMB_01735_r9680_c3120,9680,3120,431200.0,3600000.0,434400.0,3603200.0
38SMB_01736_r9680_c3360,9680,3360,433600.0,3600000.0,436800.0,3603200.0
38SMB_01737_r9680_c3600,9680,3600,436000.0,3600000.0,439200.0,3603200.0
38SMB_01738_r9680_c3840,9680,3840,438400.0,3600000.0,441600.0,3603200.0
38SMB_01739_r9680_c4080,9680,4080,440800.0,3600000.0,444000.0,3603200.0
38SMB_01740_r9680_c4320,9680,4320,443200.0,3600000.0,446400.0,3603200.0
38SMB_01741_r9680_c4560,9680,4560,445600.0,3600000.0,448800.0,3603200.0
38SMB_01742_r9680_c4800,9680,4800,448000.0,3600000.0,451200.0,3603200.0
38SMB_01743_r9680_c5040,9680,5040,450400.0,3600000.0,453600.0,3603200.0
38SMB_01744_r9680_c5280,9680,5280,452800.0,3600000.0,456000.0,3603200.0
38SMB_01745_r9680_c5520,9680,5520,455200.0,3600000.0,458400.0,3603200.0
38SMB_01746_r9680_c5760,9680,5760,457600.0,3600000.0,460800.0,3603200.0
38SMB_01747_r9680_c6000,9680,6000,460000.0,3600000.0,463200.0,3603200.0
38SMB_01748_r9680_c6240,9680,6240,462400.0,3600000.0,465600.0,3603200.0
38SMB_01749_r9680_c6480,9680,6480,464800.0,3600000.0,468000.0,3603200.0
38SMB_01750_r9680_c6720,9680,6720,467200.0,3600000.0,470400.0,3603200.0
38SMB_01751_r9680_c6960,9680,6960,469600.0,3600000.0,472800.0,3603200.0
38SMB_01752_r9680_c7200,9680,7200,472000.0,3600000.0,475200.0,3603200.0
38SMB_01753_r9680_c7440,9680,7440,474400.0,3600000.0,477600.0,3603200.0
38SMB_01754_r9680_c7680,9680,7680,476800.0,3600000.0,480000.0,3603200.0
38SMB_01755_r9680_c7920,9680,7920,479200.0,3600000.0,482400.0,3603200.0
38SMB_01756_r9680_c8160,9680,8160,481600.0,3600000.0,484800.0,3603200.0
38SMB_01757_r9680_c8400,9680,8400,484000.0,3600000.0,487200.0,3603200.0
38SMB_01758_r9680_c8640,9680,8640,486400.0,3600000.0,489600.0,3603200.0
38SMB_01759_r9680_c8880,9680,8880,488800.0,3600000.0,492000.0,3603200.0
38SMB_01760_r9680_c9120,9680,9120,491200.0,3600000.0,494400.0,3603200.0
38SMB_01761_r9680_c9360,9680,9360,493600.0,3600000.0,496800.0,3603200.0
38SMB_01762_r9680_c9600,9680,9600,496000.0,3600000.0,499200.0,3603200.0
38SMB_01763_r9680_c9680,9680,9680,496800.0,3600000.0,500000.0,3603200.0
